# MagicaVoxel @ Ephtracy

# group
o 

# material
mtllib mapa1.mtl
usemtl palette

# normals
vn -1 0 0
vn 1 0 0
vn 0 0 1
vn 0 0 -1
vn 0 -1 0
vn 0 1 0

# texcoords
vt 0.177734 0.5
vt 0.212891 0.5
vt 0.236328 0.5
vt 0.244141 0.5
vt 0.287109 0.5
vt 0.310547 0.5
vt 0.771484 0.5
vt 0.775391 0.5
vt 0.990234 0.5

# verts
v -2 0 2
v -2 0 -1.9
v -2 0 -2
v -2 0.1 2
v -2 0.1 -1.9
v -2 4 2
v -2 4 -2
v -1.8 2.2 2
v -1.8 2.2 1.9
v -1.8 2.4 2
v -1.8 2.4 1.9
v -1.6 3.8 2
v -1.6 3.8 1.9
v -1.6 3.8 1.8
v -1.6 3.8 1.3
v -1.6 3.8 1
v -1.6 3.8 0.9
v -1.6 3.8 0.7
v -1.6 3.8 -0.7
v -1.6 3.8 -0.9
v -1.6 3.8 -1
v -1.6 3.8 -1.2
v -1.6 3.8 -1.9
v -1.6 3.9 1.9
v -1.6 3.9 1.8
v -1.6 3.9 1.5
v -1.6 3.9 1.3
v -1.6 3.9 0.3
v -1.6 3.9 0.2
v -1.6 3.9 -0.7
v -1.6 3.9 -0.9
v -1.6 4 2
v -1.6 4 1.5
v -1.6 4 1
v -1.6 4 0.9
v -1.6 4 0.7
v -1.6 4 0.3
v -1.6 4 0.2
v -1.6 4 -1
v -1.6 4 -1.2
v -1.6 4 -1.9
v -1.5 2.2 2
v -1.5 2.2 1.9
v -1.5 2.4 2
v -1.5 2.4 1.9
v -1.3 0.1 1.8
v -1.3 0.1 1.7
v -1.3 0.1 0.8
v -1.3 0.1 0.7
v -1.3 0.1 0.5
v -1.3 0.1 0.4
v -1.3 0.1 -0.5
v -1.3 0.1 -0.6
v -1.3 0.1 -0.8
v -1.3 0.1 -0.9
v -1.3 0.1 -1.6
v -1.3 0.1 -1.7
v -1.3 1.5 1.7
v -1.3 1.5 1.6
v -1.3 1.5 0.9
v -1.3 1.5 0.8
v -1.3 1.5 0.7
v -1.3 1.5 0.5
v -1.3 1.5 0.4
v -1.3 1.5 0.3
v -1.3 1.5 -0.4
v -1.3 1.5 -0.5
v -1.3 1.5 -0.6
v -1.3 1.5 -0.8
v -1.3 1.5 -1.7
v -1.3 1.5 -1.9
v -1.3 1.6 1.8
v -1.3 1.6 1.7
v -1.3 1.6 1.6
v -1.3 1.6 1.5
v -1.3 1.6 1
v -1.3 1.6 0.9
v -1.3 1.6 0.8
v -1.3 1.6 0.4
v -1.3 1.6 0.3
v -1.3 1.6 0.2
v -1.3 1.6 -0.3
v -1.3 1.6 -0.4
v -1.3 1.6 -0.5
v -1.3 1.6 -0.8
v -1.3 1.6 -0.9
v -1.3 1.6 -1
v -1.3 1.6 -1.5
v -1.3 1.6 -1.6
v -1.3 1.6 -1.7
v -1.3 1.6 -1.9
v -1.3 1.7 1.7
v -1.3 1.7 1.6
v -1.3 1.7 1.5
v -1.3 1.7 1.4
v -1.3 1.7 1.1
v -1.3 1.7 1
v -1.3 1.7 0.9
v -1.3 1.7 0.8
v -1.3 1.7 0.4
v -1.3 1.7 0.3
v -1.3 1.7 0.2
v -1.3 1.7 0.0999999
v -1.3 1.7 -0.2
v -1.3 1.7 -0.3
v -1.3 1.7 -0.4
v -1.3 1.7 -0.5
v -1.3 1.7 -0.8
v -1.3 1.7 -0.9
v -1.3 1.7 -1
v -1.3 1.7 -1.1
v -1.3 1.7 -1.4
v -1.3 1.7 -1.5
v -1.3 1.7 -1.6
v -1.3 1.7 -1.7
v -1.3 1.8 1.6
v -1.3 1.8 1.5
v -1.3 1.8 1.4
v -1.3 1.8 1.1
v -1.3 1.8 1
v -1.3 1.8 0.9
v -1.3 1.8 0.3
v -1.3 1.8 0.2
v -1.3 1.8 0.0999999
v -1.3 1.8 -0.2
v -1.3 1.8 -0.3
v -1.3 1.8 -0.4
v -1.3 1.8 -0.9
v -1.3 1.8 -1
v -1.3 1.8 -1.1
v -1.3 1.8 -1.4
v -1.3 1.8 -1.5
v -1.3 1.8 -1.6
v -1.3 1.9 1.5
v -1.3 1.9 1
v -1.3 1.9 0.2
v -1.3 1.9 -0.3
v -1.3 1.9 -1
v -1.3 1.9 -1.5
v -1.2 0.1 2
v -1.2 0.1 1.8
v -1.2 0.1 0.7
v -1.2 0.1 0.5
v -1.2 0.1 -0.6
v -1.2 0.1 -0.8
v -1.2 0.1 -1.7
v -1.2 0.1 -1.9
v -1.2 1.5 0.7
v -1.2 1.5 0.5
v -1.2 1.5 -0.6
v -1.2 1.5 -0.8
v -1.2 1.5 -1.7
v -1.2 1.5 -1.9
v -1.2 1.6 1.8
v -1.2 1.6 1.7
v -1.2 1.6 0.8
v -1.2 1.6 0.4
v -1.2 1.6 -0.5
v -1.2 1.6 -0.8
v -1.2 1.6 -1.7
v -1.2 1.6 -1.9
v -1.2 1.7 1.7
v -1.2 1.7 1.6
v -1.2 1.7 0.9
v -1.2 1.7 0.8
v -1.2 1.7 0.4
v -1.2 1.7 0.3
v -1.2 1.7 -0.4
v -1.2 1.7 -0.5
v -1.2 1.7 -0.8
v -1.2 1.7 -0.9
v -1.2 1.7 -1.6
v -1.2 1.7 -1.7
v -1.2 1.8 1.6
v -1.2 1.8 1.5
v -1.2 1.8 1
v -1.2 1.8 0.9
v -1.2 1.8 0.3
v -1.2 1.8 0.2
v -1.2 1.8 -0.3
v -1.2 1.8 -0.4
v -1.2 1.8 -0.9
v -1.2 1.8 -1
v -1.2 1.8 -1.5
v -1.2 1.8 -1.6
v -1.2 1.9 1.5
v -1.2 1.9 1
v -1.2 1.9 0.2
v -1.2 1.9 -0.3
v -1.2 1.9 -1
v -1.2 1.9 -1.5
v -1.2 2 2
v -1.2 2 -1.9
v -1.2 2.1 1.9
v -1.2 2.1 -1.4
v -1.2 2.2 2
v -1.2 2.2 1.9
v -1.2 2.2 1.7
v -1.2 2.2 1.6
v -1.2 2.2 1.4
v -1.2 2.2 1.3
v -1.2 2.2 1.1
v -1.2 2.2 1
v -1.2 2.2 0.8
v -1.2 2.2 0.7
v -1.2 2.2 0.5
v -1.2 2.2 0.4
v -1.2 2.2 0.2
v -1.2 2.2 0.0999999
v -1.2 2.2 -0.1
v -1.2 2.2 -0.2
v -1.2 2.2 -0.4
v -1.2 2.2 -0.5
v -1.2 2.2 -0.7
v -1.2 2.2 -0.8
v -1.2 2.2 -1
v -1.2 2.2 -1.1
v -1.2 2.2 -1.3
v -1.2 2.2 -1.4
v -1.2 2.4 2
v -1.2 2.4 1.9
v -1.2 2.4 1.7
v -1.2 2.4 1.6
v -1.2 2.4 1.4
v -1.2 2.4 1.3
v -1.2 2.4 1.1
v -1.2 2.4 1
v -1.2 2.4 0.8
v -1.2 2.4 0.7
v -1.2 2.4 0.5
v -1.2 2.4 0.4
v -1.2 2.4 0.2
v -1.2 2.4 0.0999999
v -1.2 2.4 -0.1
v -1.2 2.4 -0.2
v -1.2 2.4 -0.4
v -1.2 2.4 -0.5
v -1.2 2.4 -0.7
v -1.2 2.4 -0.8
v -1.2 2.4 -1
v -1.2 2.4 -1.1
v -1.2 2.4 -1.3
v -1.2 2.5 1.9
v -1.2 2.5 -1.4
v -0.9 2.2 -1.3
v -0.9 2.2 -1.4
v -0.9 2.4 -1.3
v -0.9 2.4 -1.4
v -0.6 2.2 -1.3
v -0.6 2.2 -1.4
v -0.6 2.4 -1.3
v -0.6 2.4 -1.4
v -0.3 2.2 -1.3
v -0.3 2.2 -1.4
v -0.3 2.4 -1.3
v -0.3 2.4 -1.4
v 2.38419e-07 2.2 -1.3
v 2.38419e-07 2.2 -1.4
v 2.38419e-07 2.4 -1.3
v 2.38419e-07 2.4 -1.4
v 2.38419e-07 3.8 2
v 2.38419e-07 3.8 1.3
v 2.38419e-07 3.8 1.2
v 2.38419e-07 3.8 0.4
v 2.38419e-07 3.8 0.2
v 2.38419e-07 3.8 -0.3
v 2.38419e-07 3.8 -0.5
v 2.38419e-07 3.8 -1.5
v 2.38419e-07 3.8 -1.6
v 2.38419e-07 3.8 -1.7
v 2.38419e-07 3.8 -1.9
v 2.38419e-07 3.9 -2.38419e-07
v 2.38419e-07 3.9 -0.1
v 2.38419e-07 3.9 -0.3
v 2.38419e-07 3.9 -0.5
v 2.38419e-07 3.9 -0.9
v 2.38419e-07 3.9 -1.1
v 2.38419e-07 3.9 -1.5
v 2.38419e-07 3.9 -1.6
v 2.38419e-07 4 2
v 2.38419e-07 4 1.3
v 2.38419e-07 4 1.2
v 2.38419e-07 4 0.4
v 2.38419e-07 4 0.2
v 2.38419e-07 4 -2.38419e-07
v 2.38419e-07 4 -0.1
v 2.38419e-07 4 -0.9
v 2.38419e-07 4 -1.1
v 2.38419e-07 4 -1.7
v 2.38419e-07 4 -1.9
v 0.3 2.2 -1.3
v 0.3 2.2 -1.4
v 0.3 2.4 -1.3
v 0.3 2.4 -1.4
v 0.6 2.2 -1.3
v 0.6 2.2 -1.4
v 0.6 2.4 -1.3
v 0.6 2.4 -1.4
v 0.9 2.2 -1.3
v 0.9 2.2 -1.4
v 0.9 2.4 -1.3
v 0.9 2.4 -1.4
v 1.2 0.1 1.8
v 1.2 0.1 1.7
v 1.2 0.1 -0.2
v 1.2 0.3 1.7
v 1.2 0.3 1.5
v 1.2 0.4 1.7
v 1.2 0.4 1.6
v 1.2 0.5 1.5
v 1.2 0.5 1.3
v 1.2 0.6 1.6
v 1.2 0.6 1.5
v 1.2 0.6 1.4
v 1.2 0.7 1.7
v 1.2 0.7 1.6
v 1.2 0.7 1.3
v 1.2 0.7 1.1
v 1.2 0.8 1.8
v 1.2 0.8 1.6
v 1.2 0.8 1.4
v 1.2 0.8 1.3
v 1.2 0.8 1.2
v 1.2 0.9 1.5
v 1.2 0.9 1.4
v 1.2 0.9 1.1
v 1.2 0.9 0.9
v 1.2 1 1.6
v 1.2 1 1.4
v 1.2 1 1.2
v 1.2 1 1.1
v 1.2 1 1
v 1.2 1.1 1.3
v 1.2 1.1 1.2
v 1.2 1.1 0.9
v 1.2 1.1 0.7
v 1.2 1.2 1.4
v 1.2 1.2 1.2
v 1.2 1.2 1
v 1.2 1.2 0.9
v 1.2 1.2 0.8
v 1.2 1.3 1.1
v 1.2 1.3 1
v 1.2 1.3 0.7
v 1.2 1.3 0.5
v 1.2 1.4 1.2
v 1.2 1.4 1
v 1.2 1.4 0.8
v 1.2 1.4 0.7
v 1.2 1.4 0.6
v 1.2 1.5 0.9
v 1.2 1.5 0.8
v 1.2 1.5 0.5
v 1.2 1.5 0.3
v 1.2 1.6 1
v 1.2 1.6 0.8
v 1.2 1.6 0.6
v 1.2 1.6 0.5
v 1.2 1.6 0.4
v 1.2 1.7 0.7
v 1.2 1.7 0.6
v 1.2 1.7 0.3
v 1.2 1.7 0.0999999
v 1.2 1.8 0.8
v 1.2 1.8 0.6
v 1.2 1.8 0.4
v 1.2 1.8 0.3
v 1.2 1.8 0.2
v 1.2 1.9 0.5
v 1.2 1.9 0.4
v 1.2 1.9 0.0999999
v 1.2 1.9 -0.1
v 1.2 2 0.6
v 1.2 2 0.4
v 1.2 2 0.2
v 1.2 2 0.0999999
v 1.2 2 -2.38419e-07
v 1.2 2 -0.2
v 1.2 2 -1.4
v 1.2 2.1 0.3
v 1.2 2.1 0.2
v 1.2 2.1 -0.1
v 1.2 2.1 -1.3
v 1.2 2.1 -1.4
v 1.2 2.2 0.4
v 1.2 2.2 0.2
v 1.2 2.2 -2.38419e-07
v 1.2 2.2 -0.1
v 1.2 2.2 -0.2
v 1.2 2.2 -0.4
v 1.2 2.2 -0.5
v 1.2 2.2 -0.7
v 1.2 2.2 -0.8
v 1.2 2.2 -1
v 1.2 2.2 -1.1
v 1.2 2.2 -1.3
v 1.2 2.2 -1.4
v 1.2 2.3 0.0999999
v 1.2 2.3 -0.1
v 1.2 2.4 0.2
v 1.2 2.4 -0.1
v 1.2 2.4 -0.2
v 1.2 2.4 -0.4
v 1.2 2.4 -0.5
v 1.2 2.4 -0.7
v 1.2 2.4 -0.8
v 1.2 2.4 -1
v 1.2 2.4 -1.1
v 1.2 2.4 -1.3
v 1.2 2.4 -1.4
v 1.2 2.5 -0.1
v 1.2 2.5 -1.3
v 1.5 3.8 2
v 1.5 3.8 1.9
v 1.5 3.8 1.5
v 1.5 3.8 1.3
v 1.5 3.8 0.0999999
v 1.5 3.8 -2.38419e-07
v 1.5 3.8 -1
v 1.5 3.8 -1.2
v 1.5 3.8 -1.9
v 1.5 3.9 2
v 1.5 3.9 1.9
v 1.5 3.9 1.1
v 1.5 3.9 1
v 1.5 3.9 0.5
v 1.5 3.9 0.3
v 1.5 3.9 0.0999999
v 1.5 3.9 -2.38419e-07
v 1.5 3.9 -0.6
v 1.5 3.9 -0.8
v 1.5 3.9 -1.5
v 1.5 3.9 -1.6
v 1.5 4 2
v 1.5 4 1.5
v 1.5 4 1.3
v 1.5 4 1.1
v 1.5 4 1
v 1.5 4 0.5
v 1.5 4 0.3
v 1.5 4 -0.6
v 1.5 4 -0.8
v 1.5 4 -1
v 1.5 4 -1.2
v 1.5 4 -1.5
v 1.5 4 -1.6
v 1.5 4 -1.9
v 1.8 3.1 1.9
v 1.8 3.1 -1.8
v 1.8 3.2 1.9
v 1.8 3.2 -1.8
v 1.8 3.3 1.9
v 1.8 3.3 -1.8
v 1.8 3.4 1.9
v 1.8 3.4 -1.8
v 1.9 0.1 2
v 1.9 0.1 1.7
v 1.9 0.3 1.7
v 1.9 0.3 1.5
v 1.9 0.5 1.5
v 1.9 0.5 1.3
v 1.9 0.7 1.3
v 1.9 0.7 1.1
v 1.9 0.9 1.1
v 1.9 0.9 0.9
v 1.9 1.1 0.9
v 1.9 1.1 0.7
v 1.9 1.3 0.7
v 1.9 1.3 0.5
v 1.9 1.5 0.5
v 1.9 1.5 0.3
v 1.9 1.7 0.3
v 1.9 1.7 0.0999999
v 1.9 1.9 0.0999999
v 1.9 1.9 -0.1
v 1.9 2.1 -0.1
v 1.9 2.1 -1.9
v 1.9 3.1 1.9
v 1.9 3.1 -1.9
v 1.9 3.2 1.9
v 1.9 3.3 1.9
v 1.9 3.4 1.9
v 1.9 3.4 -1.9
v 1.9 4 2
v 1.9 4 -1.9
v -1.9 0.1 2
v -1.9 0.1 -1.9
v -1.9 0.9 2
v -1.9 0.9 -1.9
v -1.9 1.1 2
v -1.9 1.1 -1.9
v -1.9 2 2
v -1.9 2 -1.9
v -1.9 2.1 1.9
v -1.9 2.1 -1.9
v -1.9 2.2 2
v -1.9 2.2 1.9
v -1.9 2.4 2
v -1.9 2.4 1.9
v -1.9 2.5 2
v -1.9 2.5 1.9
v -1.9 3.1 2
v -1.9 3.1 -1.9
v -1.9 3.4 2
v -1.9 3.4 -1.9
v -1.9 3.7 -1.9
v -1.9 3.8 -1.9
v -1.9 4 2
v -1.9 4 -1.9
v -1.8 0.9 2
v -1.8 0.9 -1.9
v -1.8 1.1 2
v -1.8 1.1 -1.9
v -1.8 3.1 2
v -1.8 3.1 -1.8
v -1.8 3.2 2
v -1.8 3.2 -1.8
v -1.8 3.3 2
v -1.8 3.3 -1.8
v -1.8 3.4 2
v -1.8 3.4 -1.8
v -1.7 2.2 2
v -1.7 2.2 1.9
v -1.7 2.4 2
v -1.7 2.4 1.9
v -1.4 2.2 2
v -1.4 2.2 1.9
v -1.4 2.4 2
v -1.4 2.4 1.9
v -1.4 3.8 2
v -1.4 3.8 1.7
v -1.4 3.8 1.6
v -1.4 3.8 0.9
v -1.4 3.8 0.7
v -1.4 3.8 0.6
v -1.4 3.8 0.5
v -1.4 3.8 -2.38419e-07
v -1.4 3.8 -0.4
v -1.4 3.8 -1
v -1.4 3.8 -1.2
v -1.4 3.8 -1.9
v -1.4 3.9 1.9
v -1.4 3.9 1.8
v -1.4 3.9 1.7
v -1.4 3.9 1.6
v -1.4 3.9 0.6
v -1.4 3.9 0.5
v -1.4 3.9 -2.38419e-07
v -1.4 3.9 -0.2
v -1.4 3.9 -1.6
v -1.4 3.9 -1.7
v -1.4 4 2
v -1.4 4 1.9
v -1.4 4 1.8
v -1.4 4 0.9
v -1.4 4 0.7
v -1.4 4 -0.2
v -1.4 4 -0.4
v -1.4 4 -1
v -1.4 4 -1.2
v -1.4 4 -1.6
v -1.4 4 -1.7
v -1.4 4 -1.9
v -1.1 0.1 2
v -1.1 0.1 1.8
v -1.1 0.1 0.7
v -1.1 0.1 0.5
v -1.1 0.1 -0.6
v -1.1 0.1 -0.8
v -1.1 0.1 -1.7
v -1.1 0.1 -1.8
v -1.1 1.5 2
v -1.1 1.5 1.8
v -1.1 1.5 0.7
v -1.1 1.5 0.5
v -1.1 1.5 -0.6
v -1.1 1.5 -0.8
v -1.1 1.5 -1.7
v -1.1 1.5 -1.8
v -1.1 1.6 2
v -1.1 1.6 1.7
v -1.1 1.6 0.8
v -1.1 1.6 0.4
v -1.1 1.6 -0.5
v -1.1 1.6 -0.8
v -1.1 1.6 -1.7
v -1.1 1.6 -1.8
v -1.1 1.7 1.7
v -1.1 1.7 1.6
v -1.1 1.7 0.9
v -1.1 1.7 0.8
v -1.1 1.7 0.4
v -1.1 1.7 0.3
v -1.1 1.7 -0.4
v -1.1 1.7 -0.5
v -1.1 1.7 -0.8
v -1.1 1.7 -0.9
v -1.1 1.7 -1.6
v -1.1 1.7 -1.7
v -1.1 1.8 1.6
v -1.1 1.8 1.5
v -1.1 1.8 1
v -1.1 1.8 0.9
v -1.1 1.8 0.3
v -1.1 1.8 0.2
v -1.1 1.8 -0.3
v -1.1 1.8 -0.4
v -1.1 1.8 -0.9
v -1.1 1.8 -1
v -1.1 1.8 -1.5
v -1.1 1.8 -1.6
v -1.1 1.9 1.5
v -1.1 1.9 1
v -1.1 1.9 0.2
v -1.1 1.9 -0.3
v -1.1 1.9 -1
v -1.1 1.9 -1.5
v -1.1 2 -1.4
v -1.1 2 -1.8
v -1.1 2.1 2
v -1.1 2.1 -1.3
v -1.1 2.1 -1.4
v -1.1 2.2 2
v -1.1 2.2 1.9
v -1.1 2.2 1.7
v -1.1 2.2 1.6
v -1.1 2.2 1.4
v -1.1 2.2 1.3
v -1.1 2.2 1.1
v -1.1 2.2 1
v -1.1 2.2 0.8
v -1.1 2.2 0.7
v -1.1 2.2 0.5
v -1.1 2.2 0.4
v -1.1 2.2 0.2
v -1.1 2.2 0.0999999
v -1.1 2.2 -0.1
v -1.1 2.2 -0.2
v -1.1 2.2 -0.4
v -1.1 2.2 -0.5
v -1.1 2.2 -0.7
v -1.1 2.2 -0.8
v -1.1 2.2 -1
v -1.1 2.2 -1.1
v -1.1 2.2 -1.3
v -1.1 2.2 -1.4
v -1.1 2.4 1.9
v -1.1 2.4 1.7
v -1.1 2.4 1.6
v -1.1 2.4 1.4
v -1.1 2.4 1.3
v -1.1 2.4 1.1
v -1.1 2.4 1
v -1.1 2.4 0.8
v -1.1 2.4 0.7
v -1.1 2.4 0.5
v -1.1 2.4 0.4
v -1.1 2.4 0.2
v -1.1 2.4 0.0999999
v -1.1 2.4 -0.1
v -1.1 2.4 -0.2
v -1.1 2.4 -0.4
v -1.1 2.4 -0.5
v -1.1 2.4 -0.7
v -1.1 2.4 -0.8
v -1.1 2.4 -1
v -1.1 2.4 -1.1
v -1.1 2.4 -1.3
v -1.1 2.4 -1.4
v -1.1 2.5 2
v -1.1 2.5 -1.3
v -1 0.1 1.8
v -1 0.1 1.7
v -1 0.1 0.8
v -1 0.1 0.7
v -1 0.1 0.5
v -1 0.1 0.4
v -1 0.1 -0.5
v -1 0.1 -0.6
v -1 0.1 -0.8
v -1 0.1 -0.9
v -1 0.1 -1.6
v -1 0.1 -1.7
v -1 1.5 2
v -1 1.5 1.8
v -1 1.5 1.7
v -1 1.5 1.6
v -1 1.5 0.9
v -1 1.5 0.8
v -1 1.5 0.7
v -1 1.5 0.5
v -1 1.5 0.4
v -1 1.5 0.3
v -1 1.5 -0.4
v -1 1.5 -0.5
v -1 1.5 -0.6
v -1 1.5 -0.8
v -1 1.5 -1.7
v -1 1.5 -1.8
v -1 1.6 2
v -1 1.6 1.7
v -1 1.6 1.6
v -1 1.6 1.5
v -1 1.6 1
v -1 1.6 0.9
v -1 1.6 0.8
v -1 1.6 0.4
v -1 1.6 0.3
v -1 1.6 0.2
v -1 1.6 -0.3
v -1 1.6 -0.4
v -1 1.6 -0.5
v -1 1.6 -0.8
v -1 1.6 -0.9
v -1 1.6 -1
v -1 1.6 -1.5
v -1 1.6 -1.6
v -1 1.6 -1.7
v -1 1.6 -1.8
v -1 1.7 1.7
v -1 1.7 1.6
v -1 1.7 1.5
v -1 1.7 1.4
v -1 1.7 1.1
v -1 1.7 1
v -1 1.7 0.9
v -1 1.7 0.8
v -1 1.7 0.4
v -1 1.7 0.3
v -1 1.7 0.2
v -1 1.7 0.0999999
v -1 1.7 -0.2
v -1 1.7 -0.3
v -1 1.7 -0.4
v -1 1.7 -0.5
v -1 1.7 -0.8
v -1 1.7 -0.9
v -1 1.7 -1
v -1 1.7 -1.1
v -1 1.7 -1.4
v -1 1.7 -1.5
v -1 1.7 -1.6
v -1 1.7 -1.7
v -1 1.8 1.6
v -1 1.8 1.5
v -1 1.8 1.4
v -1 1.8 1.1
v -1 1.8 1
v -1 1.8 0.9
v -1 1.8 0.3
v -1 1.8 0.2
v -1 1.8 0.0999999
v -1 1.8 -0.2
v -1 1.8 -0.3
v -1 1.8 -0.4
v -1 1.8 -0.9
v -1 1.8 -1
v -1 1.8 -1.1
v -1 1.8 -1.4
v -1 1.8 -1.5
v -1 1.8 -1.6
v -1 1.9 1.5
v -1 1.9 1
v -1 1.9 0.2
v -1 1.9 -0.3
v -1 1.9 -1
v -1 1.9 -1.5
v -0.8 2.2 -1.3
v -0.8 2.2 -1.4
v -0.8 2.4 -1.3
v -0.8 2.4 -1.4
v -0.5 2.2 -1.3
v -0.5 2.2 -1.4
v -0.5 2.4 -1.3
v -0.5 2.4 -1.4
v -0.2 2.2 -1.3
v -0.2 2.2 -1.4
v -0.2 2.4 -1.3
v -0.2 2.4 -1.4
v 0.1 2.2 -1.3
v 0.1 2.2 -1.4
v 0.1 2.4 -1.3
v 0.1 2.4 -1.4
v 0.2 3.8 2
v 0.2 3.8 1.8
v 0.2 3.8 1.7
v 0.2 3.8 0.8
v 0.2 3.8 0.7
v 0.2 3.8 0.4
v 0.2 3.8 0.2
v 0.2 3.8 -2.38419e-07
v 0.2 3.8 -0.1
v 0.2 3.8 -1
v 0.2 3.8 -1.3
v 0.2 3.8 -1.7
v 0.2 3.8 -1.9
v 0.2 3.9 1.9
v 0.2 3.9 1.8
v 0.2 3.9 1
v 0.2 3.9 0.9
v 0.2 3.9 0.8
v 0.2 3.9 0.7
v 0.2 3.9 0.6
v 0.2 3.9 0.5
v 0.2 3.9 -2.38419e-07
v 0.2 3.9 -0.1
v 0.2 3.9 -1
v 0.2 3.9 -1.3
v 0.2 3.9 -1.4
v 0.2 3.9 -1.5
v 0.2 4 2
v 0.2 4 1.9
v 0.2 4 1.7
v 0.2 4 1
v 0.2 4 0.9
v 0.2 4 0.6
v 0.2 4 0.5
v 0.2 4 0.4
v 0.2 4 0.2
v 0.2 4 -1.4
v 0.2 4 -1.5
v 0.2 4 -1.7
v 0.2 4 -1.9
v 0.4 2.2 -1.3
v 0.4 2.2 -1.4
v 0.4 2.4 -1.3
v 0.4 2.4 -1.4
v 0.7 2.2 -1.3
v 0.7 2.2 -1.4
v 0.7 2.4 -1.3
v 0.7 2.4 -1.4
v 1 2.2 -1.3
v 1 2.2 -1.4
v 1 2.4 -1.3
v 1 2.4 -1.4
v 1.3 0.1 1.8
v 1.3 0.1 1.7
v 1.3 0.3 1.7
v 1.3 0.3 1.5
v 1.3 0.4 1.7
v 1.3 0.4 1.6
v 1.3 0.5 1.5
v 1.3 0.5 1.3
v 1.3 0.6 1.6
v 1.3 0.6 1.5
v 1.3 0.6 1.4
v 1.3 0.7 1.7
v 1.3 0.7 1.6
v 1.3 0.7 1.3
v 1.3 0.7 1.1
v 1.3 0.8 1.8
v 1.3 0.8 1.6
v 1.3 0.8 1.4
v 1.3 0.8 1.3
v 1.3 0.8 1.2
v 1.3 0.9 1.5
v 1.3 0.9 1.4
v 1.3 0.9 1.1
v 1.3 0.9 0.9
v 1.3 1 1.6
v 1.3 1 1.4
v 1.3 1 1.2
v 1.3 1 1.1
v 1.3 1 1
v 1.3 1.1 1.3
v 1.3 1.1 1.2
v 1.3 1.1 0.9
v 1.3 1.1 0.7
v 1.3 1.2 1.4
v 1.3 1.2 1.2
v 1.3 1.2 1
v 1.3 1.2 0.9
v 1.3 1.2 0.8
v 1.3 1.3 1.1
v 1.3 1.3 1
v 1.3 1.3 0.7
v 1.3 1.3 0.5
v 1.3 1.4 1.2
v 1.3 1.4 1
v 1.3 1.4 0.8
v 1.3 1.4 0.7
v 1.3 1.4 0.6
v 1.3 1.5 0.9
v 1.3 1.5 0.8
v 1.3 1.5 0.5
v 1.3 1.5 0.3
v 1.3 1.6 1
v 1.3 1.6 0.8
v 1.3 1.6 0.6
v 1.3 1.6 0.5
v 1.3 1.6 0.4
v 1.3 1.7 0.7
v 1.3 1.7 0.6
v 1.3 1.7 0.3
v 1.3 1.7 0.0999999
v 1.3 1.8 0.8
v 1.3 1.8 0.6
v 1.3 1.8 0.4
v 1.3 1.8 0.3
v 1.3 1.8 0.2
v 1.3 1.9 0.5
v 1.3 1.9 0.4
v 1.3 1.9 0.0999999
v 1.3 1.9 -0.1
v 1.3 2 0.6
v 1.3 2 0.4
v 1.3 2 0.2
v 1.3 2 0.0999999
v 1.3 2 -2.38419e-07
v 1.3 2.1 0.3
v 1.3 2.1 0.2
v 1.3 2.1 -0.1
v 1.3 2.1 -1.4
v 1.3 2.2 0.4
v 1.3 2.2 0.2
v 1.3 2.2 -2.38419e-07
v 1.3 2.2 -0.1
v 1.3 2.2 -0.2
v 1.3 2.2 -0.4
v 1.3 2.2 -0.5
v 1.3 2.2 -0.7
v 1.3 2.2 -0.8
v 1.3 2.2 -1
v 1.3 2.2 -1.1
v 1.3 2.2 -1.3
v 1.3 2.2 -1.4
v 1.3 2.3 0.0999999
v 1.3 2.3 -0.1
v 1.3 2.4 0.2
v 1.3 2.4 -0.1
v 1.3 2.4 -0.2
v 1.3 2.4 -0.4
v 1.3 2.4 -0.5
v 1.3 2.4 -0.7
v 1.3 2.4 -0.8
v 1.3 2.4 -1
v 1.3 2.4 -1.1
v 1.3 2.4 -1.3
v 1.3 2.5 -0.1
v 1.3 2.5 -1.4
v 1.7 3.8 2
v 1.7 3.8 1.7
v 1.7 3.8 1.6
v 1.7 3.8 1.5
v 1.7 3.8 1.3
v 1.7 3.8 1.2
v 1.7 3.8 1.1
v 1.7 3.8 0.9
v 1.7 3.8 0.8
v 1.7 3.8 -0.3
v 1.7 3.8 -0.4
v 1.7 3.8 -0.8
v 1.7 3.8 -0.9
v 1.7 3.8 -1
v 1.7 3.8 -1.2
v 1.7 3.8 -1.5
v 1.7 3.8 -1.7
v 1.7 3.8 -1.9
v 1.7 3.9 1.7
v 1.7 3.9 1.6
v 1.7 3.9 1.2
v 1.7 3.9 1.1
v 1.7 3.9 -0.2
v 1.7 3.9 -0.3
v 1.7 3.9 -0.4
v 1.7 3.9 -0.8
v 1.7 3.9 -0.9
v 1.7 3.9 -1.3
v 1.7 3.9 -1.4
v 1.7 3.9 -1.5
v 1.7 3.9 -1.7
v 1.7 4 2
v 1.7 4 1.5
v 1.7 4 1.3
v 1.7 4 0.9
v 1.7 4 0.8
v 1.7 4 -0.2
v 1.7 4 -0.3
v 1.7 4 -1
v 1.7 4 -1.2
v 1.7 4 -1.3
v 1.7 4 -1.4
v 1.7 4 -1.9
v 2 0 2
v 2 0 -1.9
v 2 0 -2
v 2 0.1 2
v 2 0.1 -0.2
v 2 0.1 -1.8
v 2 0.1 -1.9
v 2 2 -0.2
v 2 2 -1.8
v 2 4 2
v 2 4 -2
v -2 0 2
v -2 0.1 2
v -2 4 2
v -1.9 0.1 2
v -1.9 0.9 2
v -1.9 1.1 2
v -1.9 2 2
v -1.9 2.1 2
v -1.9 2.2 2
v -1.9 2.4 2
v -1.9 2.5 2
v -1.9 3.1 2
v -1.9 3.2 2
v -1.9 3.3 2
v -1.9 3.4 2
v -1.9 4 2
v -1.8 0.9 2
v -1.8 1.1 2
v -1.8 2.2 2
v -1.8 2.4 2
v -1.8 3.1 2
v -1.8 3.2 2
v -1.8 3.3 2
v -1.8 3.4 2
v -1.7 2.2 2
v -1.7 2.4 2
v -1.6 3.8 2
v -1.6 4 2
v -1.5 2.2 2
v -1.5 2.4 2
v -1.4 2.2 2
v -1.4 2.4 2
v -1.4 3.8 2
v -1.4 4 2
v -1.2 0.1 2
v -1.2 2 2
v -1.2 2.2 2
v -1.2 2.4 2
v -1.1 0.1 2
v -1.1 1.5 2
v -1.1 1.6 2
v -1.1 2.1 2
v -1.1 2.2 2
v -1.1 2.5 2
v -1 1.5 2
v -1 1.6 2
v 2.38419e-07 3.8 2
v 2.38419e-07 4 2
v 0.2 3.8 2
v 0.2 4 2
v 1.5 3.8 2
v 1.5 3.9 2
v 1.5 4 2
v 1.6 3.8 2
v 1.6 3.9 2
v 1.7 3.8 2
v 1.7 4 2
v 1.9 0.1 2
v 1.9 4 2
v 2 0 2
v 2 0.1 2
v 2 4 2
v 1.8 3.1 1.9
v 1.8 3.2 1.9
v 1.8 3.3 1.9
v 1.8 3.4 1.9
v 1.9 3.1 1.9
v 1.9 3.2 1.9
v 1.9 3.3 1.9
v 1.9 3.4 1.9
v -1.3 0.1 1.8
v -1.3 1.6 1.8
v -1.2 0.1 1.8
v -1.2 1.6 1.8
v -1.1 0.1 1.8
v -1.1 1.5 1.8
v -1 0.1 1.8
v -1 1.5 1.8
v 1.2 0.1 1.8
v 1.2 0.8 1.8
v 1.3 0.1 1.8
v 1.3 0.8 1.8
v -1.3 1.6 1.7
v -1.3 1.7 1.7
v -1.2 1.6 1.7
v -1.2 1.7 1.7
v -1.2 2.2 1.7
v -1.2 2.4 1.7
v -1.1 1.6 1.7
v -1.1 1.7 1.7
v -1.1 2.2 1.7
v -1.1 2.4 1.7
v -1 1.6 1.7
v -1 1.7 1.7
v 1.3 0.1 1.7
v 1.3 0.3 1.7
v 1.9 0.1 1.7
v 1.9 0.3 1.7
v -1.3 1.7 1.6
v -1.3 1.8 1.6
v -1.2 1.7 1.6
v -1.2 1.8 1.6
v -1.1 1.7 1.6
v -1.1 1.8 1.6
v -1 1.7 1.6
v -1 1.8 1.6
v 1.2 0.4 1.6
v 1.2 0.6 1.6
v 1.2 0.7 1.6
v 1.2 0.8 1.6
v 1.2 1 1.6
v 1.3 0.4 1.6
v 1.3 0.6 1.6
v 1.3 0.7 1.6
v 1.3 0.8 1.6
v 1.3 1 1.6
v -1.3 1.8 1.5
v -1.3 1.9 1.5
v -1.2 1.8 1.5
v -1.2 1.9 1.5
v -1.1 1.8 1.5
v -1.1 1.9 1.5
v -1 1.8 1.5
v -1 1.9 1.5
v 1.3 0.3 1.5
v 1.3 0.5 1.5
v 1.9 0.3 1.5
v 1.9 0.5 1.5
v -1.2 2.2 1.4
v -1.2 2.4 1.4
v -1.1 2.2 1.4
v -1.1 2.4 1.4
v 1.2 0.6 1.4
v 1.2 0.8 1.4
v 1.2 0.9 1.4
v 1.2 1 1.4
v 1.2 1.2 1.4
v 1.3 0.6 1.4
v 1.3 0.8 1.4
v 1.3 0.9 1.4
v 1.3 1 1.4
v 1.3 1.2 1.4
v 1.3 0.5 1.3
v 1.3 0.7 1.3
v 1.9 0.5 1.3
v 1.9 0.7 1.3
v 1.2 0.8 1.2
v 1.2 1 1.2
v 1.2 1.1 1.2
v 1.2 1.2 1.2
v 1.2 1.4 1.2
v 1.3 0.8 1.2
v 1.3 1 1.2
v 1.3 1.1 1.2
v 1.3 1.2 1.2
v 1.3 1.4 1.2
v -1.3 1.7 1.1
v -1.3 1.8 1.1
v -1.2 2.2 1.1
v -1.2 2.4 1.1
v -1.1 2.2 1.1
v -1.1 2.4 1.1
v -1 1.7 1.1
v -1 1.8 1.1
v 1.3 0.7 1.1
v 1.3 0.9 1.1
v 1.9 0.7 1.1
v 1.9 0.9 1.1
v -1.3 1.6 1
v -1.3 1.7 1
v -1 1.6 1
v -1 1.7 1
v 1.2 1 1
v 1.2 1.2 1
v 1.2 1.3 1
v 1.2 1.4 1
v 1.2 1.6 1
v 1.3 1 1
v 1.3 1.2 1
v 1.3 1.3 1
v 1.3 1.4 1
v 1.3 1.6 1
v -1.3 1.5 0.9
v -1.3 1.6 0.9
v -1 1.5 0.9
v -1 1.6 0.9
v 1.3 0.9 0.9
v 1.3 1.1 0.9
v 1.9 0.9 0.9
v 1.9 1.1 0.9
v -1.3 0.1 0.8
v -1.3 1.5 0.8
v -1.2 2.2 0.8
v -1.2 2.4 0.8
v -1.1 2.2 0.8
v -1.1 2.4 0.8
v -1 0.1 0.8
v -1 1.5 0.8
v 1.2 1.2 0.8
v 1.2 1.4 0.8
v 1.2 1.5 0.8
v 1.2 1.6 0.8
v 1.2 1.8 0.8
v 1.3 1.2 0.8
v 1.3 1.4 0.8
v 1.3 1.5 0.8
v 1.3 1.6 0.8
v 1.3 1.8 0.8
v 1.3 1.1 0.7
v 1.3 1.3 0.7
v 1.9 1.1 0.7
v 1.9 1.3 0.7
v 1.2 1.4 0.6
v 1.2 1.6 0.6
v 1.2 1.7 0.6
v 1.2 1.8 0.6
v 1.2 2 0.6
v 1.3 1.4 0.6
v 1.3 1.6 0.6
v 1.3 1.7 0.6
v 1.3 1.8 0.6
v 1.3 2 0.6
v -1.3 0.1 0.5
v -1.3 1.5 0.5
v -1.2 0.1 0.5
v -1.2 1.5 0.5
v -1.2 2.2 0.5
v -1.2 2.4 0.5
v -1.1 0.1 0.5
v -1.1 1.5 0.5
v -1.1 2.2 0.5
v -1.1 2.4 0.5
v -1 0.1 0.5
v -1 1.5 0.5
v 1.3 1.3 0.5
v 1.3 1.5 0.5
v 1.9 1.3 0.5
v 1.9 1.5 0.5
v -1.3 1.6 0.4
v -1.3 1.7 0.4
v -1.2 1.6 0.4
v -1.2 1.7 0.4
v -1.1 1.6 0.4
v -1.1 1.7 0.4
v -1 1.6 0.4
v -1 1.7 0.4
v 1.2 1.6 0.4
v 1.2 1.8 0.4
v 1.2 1.9 0.4
v 1.2 2 0.4
v 1.2 2.2 0.4
v 1.3 1.6 0.4
v 1.3 1.8 0.4
v 1.3 1.9 0.4
v 1.3 2 0.4
v 1.3 2.2 0.4
v -1.3 1.7 0.3
v -1.3 1.8 0.3
v -1.2 1.7 0.3
v -1.2 1.8 0.3
v -1.1 1.7 0.3
v -1.1 1.8 0.3
v -1 1.7 0.3
v -1 1.8 0.3
v 1.3 1.5 0.3
v 1.3 1.7 0.3
v 1.9 1.5 0.3
v 1.9 1.7 0.3
v -1.3 1.8 0.2
v -1.3 1.9 0.2
v -1.2 1.8 0.2
v -1.2 1.9 0.2
v -1.2 2.2 0.2
v -1.2 2.4 0.2
v -1.1 1.8 0.2
v -1.1 1.9 0.2
v -1.1 2.2 0.2
v -1.1 2.4 0.2
v -1 1.8 0.2
v -1 1.9 0.2
v 1.2 1.8 0.2
v 1.2 2 0.2
v 1.2 2.1 0.2
v 1.2 2.2 0.2
v 1.2 2.4 0.2
v 1.3 1.8 0.2
v 1.3 2 0.2
v 1.3 2.1 0.2
v 1.3 2.2 0.2
v 1.3 2.4 0.2
v 1.3 1.7 0.0999999
v 1.3 1.9 0.0999999
v 1.9 1.7 0.0999999
v 1.9 1.9 0.0999999
v 1.2 2 -2.38419e-07
v 1.2 2.2 -2.38419e-07
v 1.3 2 -2.38419e-07
v 1.3 2.2 -2.38419e-07
v -1.2 2.2 -0.1
v -1.2 2.4 -0.1
v -1.1 2.2 -0.1
v -1.1 2.4 -0.1
v 1.2 2.2 -0.1
v 1.2 2.3 -0.1
v 1.2 2.4 -0.1
v 1.2 2.5 -0.1
v 1.3 1.9 -0.1
v 1.3 2.1 -0.1
v 1.3 2.2 -0.1
v 1.3 2.3 -0.1
v 1.3 2.4 -0.1
v 1.3 2.5 -0.1
v 1.9 1.9 -0.1
v 1.9 2.1 -0.1
v -1.3 1.7 -0.2
v -1.3 1.8 -0.2
v -1 1.7 -0.2
v -1 1.8 -0.2
v -1.3 1.6 -0.3
v -1.3 1.7 -0.3
v -1 1.6 -0.3
v -1 1.7 -0.3
v -1.3 1.5 -0.4
v -1.3 1.6 -0.4
v -1.2 2.2 -0.4
v -1.2 2.4 -0.4
v -1.1 2.2 -0.4
v -1.1 2.4 -0.4
v -1 1.5 -0.4
v -1 1.6 -0.4
v 1.2 2.2 -0.4
v 1.2 2.4 -0.4
v 1.3 2.2 -0.4
v 1.3 2.4 -0.4
v -1.3 0.1 -0.5
v -1.3 1.5 -0.5
v -1 0.1 -0.5
v -1 1.5 -0.5
v -1.2 2.2 -0.7
v -1.2 2.4 -0.7
v -1.1 2.2 -0.7
v -1.1 2.4 -0.7
v 1.2 2.2 -0.7
v 1.2 2.4 -0.7
v 1.3 2.2 -0.7
v 1.3 2.4 -0.7
v -1.3 0.1 -0.8
v -1.3 1.5 -0.8
v -1.3 1.6 -0.8
v -1.3 1.7 -0.8
v -1.2 0.1 -0.8
v -1.2 1.5 -0.8
v -1.2 1.6 -0.8
v -1.2 1.7 -0.8
v -1.1 0.1 -0.8
v -1.1 1.5 -0.8
v -1.1 1.6 -0.8
v -1.1 1.7 -0.8
v -1 0.1 -0.8
v -1 1.5 -0.8
v -1 1.6 -0.8
v -1 1.7 -0.8
v -1.3 1.7 -0.9
v -1.3 1.8 -0.9
v -1.2 1.7 -0.9
v -1.2 1.8 -0.9
v -1.1 1.7 -0.9
v -1.1 1.8 -0.9
v -1 1.7 -0.9
v -1 1.8 -0.9
v -1.3 1.8 -1
v -1.3 1.9 -1
v -1.2 1.8 -1
v -1.2 1.9 -1
v -1.2 2.2 -1
v -1.2 2.4 -1
v -1.1 1.8 -1
v -1.1 1.9 -1
v -1.1 2.2 -1
v -1.1 2.4 -1
v -1 1.8 -1
v -1 1.9 -1
v 1.2 2.2 -1
v 1.2 2.4 -1
v 1.3 2.2 -1
v 1.3 2.4 -1
v -1.2 2.2 -1.3
v -1.2 2.4 -1.3
v -1.1 2.1 -1.3
v -1.1 2.2 -1.3
v -1.1 2.4 -1.3
v -1.1 2.5 -1.3
v -0.9 2.2 -1.3
v -0.9 2.4 -1.3
v -0.8 2.2 -1.3
v -0.8 2.4 -1.3
v -0.6 2.2 -1.3
v -0.6 2.4 -1.3
v -0.5 2.2 -1.3
v -0.5 2.4 -1.3
v -0.3 2.2 -1.3
v -0.3 2.4 -1.3
v -0.2 2.2 -1.3
v -0.2 2.4 -1.3
v 2.38419e-07 2.2 -1.3
v 2.38419e-07 2.4 -1.3
v 0.1 2.2 -1.3
v 0.1 2.4 -1.3
v 0.3 2.2 -1.3
v 0.3 2.4 -1.3
v 0.4 2.2 -1.3
v 0.4 2.4 -1.3
v 0.6 2.2 -1.3
v 0.6 2.4 -1.3
v 0.7 2.2 -1.3
v 0.7 2.4 -1.3
v 0.9 2.2 -1.3
v 0.9 2.4 -1.3
v 1 2.2 -1.3
v 1 2.4 -1.3
v 1.2 2.1 -1.3
v 1.2 2.2 -1.3
v 1.2 2.4 -1.3
v 1.2 2.5 -1.3
v 1.3 2.2 -1.3
v 1.3 2.4 -1.3
v -1.3 1.7 -1.4
v -1.3 1.8 -1.4
v -1.1 2 -1.4
v -1.1 2.1 -1.4
v -1 1.7 -1.4
v -1 1.8 -1.4
v 1.2 2 -1.4
v 1.2 2.1 -1.4
v -1.3 1.6 -1.5
v -1.3 1.7 -1.5
v -1 1.6 -1.5
v -1 1.7 -1.5
v -1.3 0.1 -1.6
v -1.3 1.6 -1.6
v -1 0.1 -1.6
v -1 1.6 -1.6
v -1.8 3.1 -1.8
v -1.8 3.2 -1.8
v -1.8 3.3 -1.8
v -1.8 3.4 -1.8
v -1.1 0.1 -1.8
v -1.1 1.5 -1.8
v -1.1 1.6 -1.8
v -1.1 2 -1.8
v -1 1.5 -1.8
v -1 1.6 -1.8
v 1.8 3.1 -1.8
v 1.8 3.2 -1.8
v 1.8 3.3 -1.8
v 1.8 3.4 -1.8
v 2 0.1 -1.8
v 2 2 -1.8
v -1.9 0.1 -1.9
v -1.9 0.9 -1.9
v -1.9 1.1 -1.9
v -1.9 2 -1.9
v -1.9 2.1 -1.9
v -1.9 3.1 -1.9
v -1.9 3.4 -1.9
v -1.9 3.7 -1.9
v -1.9 3.8 -1.9
v -1.9 4 -1.9
v -1.8 0.9 -1.9
v -1.8 1.1 -1.9
v -1.8 3.4 -1.9
v -1.8 3.5 -1.9
v -1.8 3.7 -1.9
v -1.8 3.8 -1.9
v -1.7 3.4 -1.9
v -1.7 3.5 -1.9
v -1.7 3.6 -1.9
v -1.7 3.8 -1.9
v -1.6 3.5 -1.9
v -1.6 3.6 -1.9
v -1.6 3.8 -1.9
v -1.6 4 -1.9
v -1.5 2.9 -1.9
v -1.5 3 -1.9
v -1.5 3.4 -1.9
v -1.5 3.5 -1.9
v -1.5 3.6 -1.9
v -1.4 2.9 -1.9
v -1.4 3 -1.9
v -1.4 3.1 -1.9
v -1.4 3.4 -1.9
v -1.4 3.5 -1.9
v -1.4 3.8 -1.9
v -1.4 4 -1.9
v -1.3 1.5 -1.9
v -1.3 1.6 -1.9
v -1.3 3 -1.9
v -1.3 3.1 -1.9
v -1.3 3.5 -1.9
v -1.3 3.6 -1.9
v -1.3 3.9 -1.9
v -1.3 4 -1.9
v -1.2 0.1 -1.9
v -1.2 1.5 -1.9
v -1.2 1.6 -1.9
v -1.2 2 -1.9
v -1.2 3 -1.9
v -1.2 3.1 -1.9
v -1.2 3.4 -1.9
v -1.2 3.5 -1.9
v -1.2 3.6 -1.9
v -1.2 3.7 -1.9
v -1.2 3.8 -1.9
v -1.2 3.9 -1.9
v -1.1 3 -1.9
v -1.1 3.1 -1.9
v -1.1 3.4 -1.9
v -1.1 3.6 -1.9
v -1.1 3.7 -1.9
v -1.1 3.8 -1.9
v -1.1 3.9 -1.9
v -1 3.8 -1.9
v -1 3.9 -1.9
v 2.38419e-07 3.8 -1.9
v 2.38419e-07 4 -1.9
v 0.2 3.8 -1.9
v 0.2 4 -1.9
v 1.5 3.8 -1.9
v 1.5 4 -1.9
v 1.7 3.8 -1.9
v 1.7 4 -1.9
v 1.9 2.1 -1.9
v 1.9 3.1 -1.9
v 1.9 3.4 -1.9
v 1.9 4 -1.9
v -1.9 2.1 1.9
v -1.9 2.2 1.9
v -1.9 2.4 1.9
v -1.9 2.5 1.9
v -1.8 2.2 1.9
v -1.8 2.4 1.9
v -1.7 2.2 1.9
v -1.7 2.4 1.9
v -1.5 2.2 1.9
v -1.5 2.4 1.9
v -1.4 2.2 1.9
v -1.4 2.4 1.9
v -1.2 2.1 1.9
v -1.2 2.2 1.9
v -1.2 2.4 1.9
v -1.2 2.5 1.9
v -1.1 2.2 1.9
v -1.1 2.4 1.9
v -1.3 0.1 1.7
v -1.3 1.5 1.7
v -1 0.1 1.7
v -1 1.5 1.7
v 1.2 0.4 1.7
v 1.2 0.7 1.7
v 1.3 0.4 1.7
v 1.3 0.7 1.7
v -1.3 1.5 1.6
v -1.3 1.6 1.6
v -1.2 2.2 1.6
v -1.2 2.4 1.6
v -1.1 2.2 1.6
v -1.1 2.4 1.6
v -1 1.5 1.6
v -1 1.6 1.6
v -1.3 1.6 1.5
v -1.3 1.7 1.5
v -1 1.6 1.5
v -1 1.7 1.5
v 1.2 0.6 1.5
v 1.2 0.9 1.5
v 1.3 0.6 1.5
v 1.3 0.9 1.5
v -1.3 1.7 1.4
v -1.3 1.8 1.4
v -1 1.7 1.4
v -1 1.8 1.4
v -1.2 2.2 1.3
v -1.2 2.4 1.3
v -1.1 2.2 1.3
v -1.1 2.4 1.3
v 1.2 0.8 1.3
v 1.2 1.1 1.3
v 1.3 0.8 1.3
v 1.3 1.1 1.3
v 1.2 1 1.1
v 1.2 1.3 1.1
v 1.3 1 1.1
v 1.3 1.3 1.1
v -1.3 1.8 1
v -1.3 1.9 1
v -1.2 1.8 1
v -1.2 1.9 1
v -1.2 2.2 1
v -1.2 2.4 1
v -1.1 1.8 1
v -1.1 1.9 1
v -1.1 2.2 1
v -1.1 2.4 1
v -1 1.8 1
v -1 1.9 1
v -1.3 1.7 0.9
v -1.3 1.8 0.9
v -1.2 1.7 0.9
v -1.2 1.8 0.9
v -1.1 1.7 0.9
v -1.1 1.8 0.9
v -1 1.7 0.9
v -1 1.8 0.9
v 1.2 1.2 0.9
v 1.2 1.5 0.9
v 1.3 1.2 0.9
v 1.3 1.5 0.9
v -1.3 1.6 0.8
v -1.3 1.7 0.8
v -1.2 1.6 0.8
v -1.2 1.7 0.8
v -1.1 1.6 0.8
v -1.1 1.7 0.8
v -1 1.6 0.8
v -1 1.7 0.8
v -1.3 0.1 0.7
v -1.3 1.5 0.7
v -1.2 0.1 0.7
v -1.2 1.5 0.7
v -1.2 2.2 0.7
v -1.2 2.4 0.7
v -1.1 0.1 0.7
v -1.1 1.5 0.7
v -1.1 2.2 0.7
v -1.1 2.4 0.7
v -1 0.1 0.7
v -1 1.5 0.7
v 1.2 1.4 0.7
v 1.2 1.7 0.7
v 1.3 1.4 0.7
v 1.3 1.7 0.7
v 1.2 1.6 0.5
v 1.2 1.9 0.5
v 1.3 1.6 0.5
v 1.3 1.9 0.5
v -1.3 0.1 0.4
v -1.3 1.5 0.4
v -1.2 2.2 0.4
v -1.2 2.4 0.4
v -1.1 2.2 0.4
v -1.1 2.4 0.4
v -1 0.1 0.4
v -1 1.5 0.4
v -1.3 1.5 0.3
v -1.3 1.6 0.3
v -1 1.5 0.3
v -1 1.6 0.3
v 1.2 1.8 0.3
v 1.2 2.1 0.3
v 1.3 1.8 0.3
v 1.3 2.1 0.3
v -1.3 1.6 0.2
v -1.3 1.7 0.2
v -1 1.6 0.2
v -1 1.7 0.2
v -1.3 1.7 0.0999999
v -1.3 1.8 0.0999999
v -1.2 2.2 0.0999999
v -1.2 2.4 0.0999999
v -1.1 2.2 0.0999999
v -1.1 2.4 0.0999999
v -1 1.7 0.0999999
v -1 1.8 0.0999999
v 1.2 2 0.0999999
v 1.2 2.3 0.0999999
v 1.3 2 0.0999999
v 1.3 2.3 0.0999999
v -1.2 2.2 -0.2
v -1.2 2.4 -0.2
v -1.1 2.2 -0.2
v -1.1 2.4 -0.2
v 1.2 0.1 -0.2
v 1.2 2 -0.2
v 1.2 2.2 -0.2
v 1.2 2.4 -0.2
v 1.3 2.2 -0.2
v 1.3 2.4 -0.2
v 2 0.1 -0.2
v 2 2 -0.2
v -1.3 1.8 -0.3
v -1.3 1.9 -0.3
v -1.2 1.8 -0.3
v -1.2 1.9 -0.3
v -1.1 1.8 -0.3
v -1.1 1.9 -0.3
v -1 1.8 -0.3
v -1 1.9 -0.3
v -1.3 1.7 -0.4
v -1.3 1.8 -0.4
v -1.2 1.7 -0.4
v -1.2 1.8 -0.4
v -1.1 1.7 -0.4
v -1.1 1.8 -0.4
v -1 1.7 -0.4
v -1 1.8 -0.4
v -1.3 1.6 -0.5
v -1.3 1.7 -0.5
v -1.2 1.6 -0.5
v -1.2 1.7 -0.5
v -1.2 2.2 -0.5
v -1.2 2.4 -0.5
v -1.1 1.6 -0.5
v -1.1 1.7 -0.5
v -1.1 2.2 -0.5
v -1.1 2.4 -0.5
v -1 1.6 -0.5
v -1 1.7 -0.5
v 1.2 2.2 -0.5
v 1.2 2.4 -0.5
v 1.3 2.2 -0.5
v 1.3 2.4 -0.5
v -1.3 0.1 -0.6
v -1.3 1.5 -0.6
v -1.2 0.1 -0.6
v -1.2 1.5 -0.6
v -1.1 0.1 -0.6
v -1.1 1.5 -0.6
v -1 0.1 -0.6
v -1 1.5 -0.6
v -1.2 2.2 -0.8
v -1.2 2.4 -0.8
v -1.1 2.2 -0.8
v -1.1 2.4 -0.8
v 1.2 2.2 -0.8
v 1.2 2.4 -0.8
v 1.3 2.2 -0.8
v 1.3 2.4 -0.8
v -1.3 0.1 -0.9
v -1.3 1.6 -0.9
v -1 0.1 -0.9
v -1 1.6 -0.9
v -1.3 1.6 -1
v -1.3 1.7 -1
v -1 1.6 -1
v -1 1.7 -1
v -1.3 1.7 -1.1
v -1.3 1.8 -1.1
v -1.2 2.2 -1.1
v -1.2 2.4 -1.1
v -1.1 2.2 -1.1
v -1.1 2.4 -1.1
v -1 1.7 -1.1
v -1 1.8 -1.1
v 1.2 2.2 -1.1
v 1.2 2.4 -1.1
v 1.3 2.2 -1.1
v 1.3 2.4 -1.1
v -1.2 2.1 -1.4
v -1.2 2.2 -1.4
v -1.2 2.5 -1.4
v -1.1 2.2 -1.4
v -1.1 2.4 -1.4
v -0.9 2.2 -1.4
v -0.9 2.4 -1.4
v -0.8 2.2 -1.4
v -0.8 2.4 -1.4
v -0.6 2.2 -1.4
v -0.6 2.4 -1.4
v -0.5 2.2 -1.4
v -0.5 2.4 -1.4
v -0.3 2.2 -1.4
v -0.3 2.4 -1.4
v -0.2 2.2 -1.4
v -0.2 2.4 -1.4
v 2.38419e-07 2.2 -1.4
v 2.38419e-07 2.4 -1.4
v 0.1 2.2 -1.4
v 0.1 2.4 -1.4
v 0.3 2.2 -1.4
v 0.3 2.4 -1.4
v 0.4 2.2 -1.4
v 0.4 2.4 -1.4
v 0.6 2.2 -1.4
v 0.6 2.4 -1.4
v 0.7 2.2 -1.4
v 0.7 2.4 -1.4
v 0.9 2.2 -1.4
v 0.9 2.4 -1.4
v 1 2.2 -1.4
v 1 2.4 -1.4
v 1.2 2.2 -1.4
v 1.2 2.4 -1.4
v 1.3 2.1 -1.4
v 1.3 2.2 -1.4
v 1.3 2.5 -1.4
v -1.3 1.8 -1.5
v -1.3 1.9 -1.5
v -1.2 1.8 -1.5
v -1.2 1.9 -1.5
v -1.1 1.8 -1.5
v -1.1 1.9 -1.5
v -1 1.8 -1.5
v -1 1.9 -1.5
v -1.3 1.7 -1.6
v -1.3 1.8 -1.6
v -1.2 1.7 -1.6
v -1.2 1.8 -1.6
v -1.1 1.7 -1.6
v -1.1 1.8 -1.6
v -1 1.7 -1.6
v -1 1.8 -1.6
v -1.3 0.1 -1.7
v -1.3 1.5 -1.7
v -1.3 1.6 -1.7
v -1.3 1.7 -1.7
v -1.2 0.1 -1.7
v -1.2 1.5 -1.7
v -1.2 1.6 -1.7
v -1.2 1.7 -1.7
v -1.1 0.1 -1.7
v -1.1 1.5 -1.7
v -1.1 1.6 -1.7
v -1.1 1.7 -1.7
v -1 0.1 -1.7
v -1 1.5 -1.7
v -1 1.6 -1.7
v -1 1.7 -1.7
v -2 0 -2
v -2 4 -2
v -1.9 3.7 -2
v -1.9 3.8 -2
v -1.8 3.4 -2
v -1.8 3.5 -2
v -1.8 3.7 -2
v -1.8 3.8 -2
v -1.7 3.4 -2
v -1.7 3.5 -2
v -1.7 3.6 -2
v -1.7 3.8 -2
v -1.6 3.5 -2
v -1.6 3.6 -2
v -1.5 2.9 -2
v -1.5 3 -2
v -1.5 3.4 -2
v -1.5 3.5 -2
v -1.5 3.6 -2
v -1.4 2.9 -2
v -1.4 3 -2
v -1.4 3.1 -2
v -1.4 3.4 -2
v -1.4 3.5 -2
v -1.4 3.8 -2
v -1.4 4 -2
v -1.3 3 -2
v -1.3 3.1 -2
v -1.3 3.5 -2
v -1.3 3.6 -2
v -1.3 3.9 -2
v -1.3 4 -2
v -1.2 3 -2
v -1.2 3.1 -2
v -1.2 3.4 -2
v -1.2 3.5 -2
v -1.2 3.6 -2
v -1.2 3.7 -2
v -1.2 3.8 -2
v -1.2 3.9 -2
v -1.1 3 -2
v -1.1 3.1 -2
v -1.1 3.4 -2
v -1.1 3.6 -2
v -1.1 3.7 -2
v -1.1 3.8 -2
v -1.1 3.9 -2
v -1 3.8 -2
v -1 3.9 -2
v 2 0 -2
v 2 4 -2
v -2 0 2
v 2 0 2
v -2 0 -1.9
v 2 0 -1.9
v -2 0 -2
v 2 0 -2
v 1.2 0.7 1.7
v 1.3 0.7 1.7
v 1.2 0.7 1.6
v 1.3 0.7 1.6
v -1.9 0.9 2
v -1.8 0.9 2
v 1.2 0.9 1.5
v 1.3 0.9 1.5
v 1.2 0.9 1.4
v 1.3 0.9 1.4
v -1.9 0.9 -1.9
v -1.8 0.9 -1.9
v 1.2 1.1 1.3
v 1.3 1.1 1.3
v 1.2 1.1 1.2
v 1.3 1.1 1.2
v 1.2 1.3 1.1
v 1.3 1.3 1.1
v 1.2 1.3 1
v 1.3 1.3 1
v -1.1 1.5 2
v -1 1.5 2
v -1.1 1.5 1.8
v -1 1.5 1.8
v -1.3 1.5 1.7
v -1 1.5 1.7
v -1.3 1.5 1.6
v -1 1.5 1.6
v -1.3 1.5 0.9
v -1 1.5 0.9
v 1.2 1.5 0.9
v 1.3 1.5 0.9
v -1.3 1.5 0.8
v -1 1.5 0.8
v 1.2 1.5 0.8
v 1.3 1.5 0.8
v -1.3 1.5 0.7
v -1.2 1.5 0.7
v -1.1 1.5 0.7
v -1 1.5 0.7
v -1.3 1.5 0.5
v -1.2 1.5 0.5
v -1.1 1.5 0.5
v -1 1.5 0.5
v -1.3 1.5 0.4
v -1 1.5 0.4
v -1.3 1.5 0.3
v -1 1.5 0.3
v -1.3 1.5 -0.4
v -1 1.5 -0.4
v -1.3 1.5 -0.5
v -1 1.5 -0.5
v -1.3 1.5 -0.6
v -1.2 1.5 -0.6
v -1.1 1.5 -0.6
v -1 1.5 -0.6
v -1.3 1.5 -0.8
v -1.2 1.5 -0.8
v -1.1 1.5 -0.8
v -1 1.5 -0.8
v -1.3 1.5 -1.7
v -1.2 1.5 -1.7
v -1.1 1.5 -1.7
v -1 1.5 -1.7
v -1.1 1.5 -1.8
v -1 1.5 -1.8
v -1.3 1.5 -1.9
v -1.2 1.5 -1.9
v -1.3 1.6 1.6
v -1 1.6 1.6
v -1.3 1.6 1.5
v -1 1.6 1.5
v -1.3 1.6 1
v -1 1.6 1
v -1.3 1.6 0.9
v -1 1.6 0.9
v -1.3 1.6 0.3
v -1 1.6 0.3
v -1.3 1.6 0.2
v -1 1.6 0.2
v -1.3 1.6 -0.3
v -1 1.6 -0.3
v -1.3 1.6 -0.4
v -1 1.6 -0.4
v -1.3 1.6 -0.9
v -1 1.6 -0.9
v -1.3 1.6 -1
v -1 1.6 -1
v -1.3 1.6 -1.5
v -1 1.6 -1.5
v -1.3 1.6 -1.6
v -1 1.6 -1.6
v -1.3 1.7 1.5
v -1 1.7 1.5
v -1.3 1.7 1.4
v -1 1.7 1.4
v -1.3 1.7 1.1
v -1 1.7 1.1
v -1.3 1.7 1
v -1 1.7 1
v 1.2 1.7 0.7
v 1.3 1.7 0.7
v 1.2 1.7 0.6
v 1.3 1.7 0.6
v -1.3 1.7 0.2
v -1 1.7 0.2
v -1.3 1.7 0.0999999
v -1 1.7 0.0999999
v -1.3 1.7 -0.2
v -1 1.7 -0.2
v -1.3 1.7 -0.3
v -1 1.7 -0.3
v -1.3 1.7 -1
v -1 1.7 -1
v -1.3 1.7 -1.1
v -1 1.7 -1.1
v -1.3 1.7 -1.4
v -1 1.7 -1.4
v -1.3 1.7 -1.5
v -1 1.7 -1.5
v -1.3 1.8 1.4
v -1 1.8 1.4
v -1.3 1.8 1.1
v -1 1.8 1.1
v -1.3 1.8 0.0999999
v -1 1.8 0.0999999
v -1.3 1.8 -0.2
v -1 1.8 -0.2
v -1.3 1.8 -1.1
v -1 1.8 -1.1
v -1.3 1.8 -1.4
v -1 1.8 -1.4
v 1.2 1.9 0.5
v 1.3 1.9 0.5
v 1.2 1.9 0.4
v 1.3 1.9 0.4
v -1.9 2 2
v -1.2 2 2
v 1.2 2 -0.2
v 2 2 -0.2
v -1.1 2 -1.4
v 1.2 2 -1.4
v -1.1 2 -1.8
v 2 2 -1.8
v -1.9 2 -1.9
v -1.2 2 -1.9
v 1.2 2.1 0.3
v 1.3 2.1 0.3
v 1.2 2.1 0.2
v 1.3 2.1 0.2
v -1.1 2.1 -1.3
v 1.2 2.1 -1.3
v -1.1 2.1 -1.4
v 1.2 2.1 -1.4
v 1.2 2.3 0.0999999
v 1.3 2.3 0.0999999
v 1.2 2.3 -0.1
v 1.3 2.3 -0.1
v -1.9 2.4 2
v -1.8 2.4 2
v -1.7 2.4 2
v -1.5 2.4 2
v -1.4 2.4 2
v -1.2 2.4 2
v -1.9 2.4 1.9
v -1.8 2.4 1.9
v -1.7 2.4 1.9
v -1.5 2.4 1.9
v -1.4 2.4 1.9
v -1.2 2.4 1.9
v -1.1 2.4 1.9
v -1.2 2.4 1.7
v -1.1 2.4 1.7
v -1.2 2.4 1.6
v -1.1 2.4 1.6
v -1.2 2.4 1.4
v -1.1 2.4 1.4
v -1.2 2.4 1.3
v -1.1 2.4 1.3
v -1.2 2.4 1.1
v -1.1 2.4 1.1
v -1.2 2.4 1
v -1.1 2.4 1
v -1.2 2.4 0.8
v -1.1 2.4 0.8
v -1.2 2.4 0.7
v -1.1 2.4 0.7
v -1.2 2.4 0.5
v -1.1 2.4 0.5
v -1.2 2.4 0.4
v -1.1 2.4 0.4
v -1.2 2.4 0.2
v -1.1 2.4 0.2
v -1.2 2.4 0.0999999
v -1.1 2.4 0.0999999
v -1.2 2.4 -0.1
v -1.1 2.4 -0.1
v -1.2 2.4 -0.2
v -1.1 2.4 -0.2
v 1.2 2.4 -0.2
v 1.3 2.4 -0.2
v -1.2 2.4 -0.4
v -1.1 2.4 -0.4
v 1.2 2.4 -0.4
v 1.3 2.4 -0.4
v -1.2 2.4 -0.5
v -1.1 2.4 -0.5
v 1.2 2.4 -0.5
v 1.3 2.4 -0.5
v -1.2 2.4 -0.7
v -1.1 2.4 -0.7
v 1.2 2.4 -0.7
v 1.3 2.4 -0.7
v -1.2 2.4 -0.8
v -1.1 2.4 -0.8
v 1.2 2.4 -0.8
v 1.3 2.4 -0.8
v -1.2 2.4 -1
v -1.1 2.4 -1
v 1.2 2.4 -1
v 1.3 2.4 -1
v -1.2 2.4 -1.1
v -1.1 2.4 -1.1
v 1.2 2.4 -1.1
v 1.3 2.4 -1.1
v -1.2 2.4 -1.3
v -1.1 2.4 -1.3
v -0.9 2.4 -1.3
v -0.8 2.4 -1.3
v -0.6 2.4 -1.3
v -0.5 2.4 -1.3
v -0.3 2.4 -1.3
v -0.2 2.4 -1.3
v 2.38419e-07 2.4 -1.3
v 0.1 2.4 -1.3
v 0.3 2.4 -1.3
v 0.4 2.4 -1.3
v 0.6 2.4 -1.3
v 0.7 2.4 -1.3
v 0.9 2.4 -1.3
v 1 2.4 -1.3
v 1.2 2.4 -1.3
v 1.3 2.4 -1.3
v -1.1 2.4 -1.4
v -0.9 2.4 -1.4
v -0.8 2.4 -1.4
v -0.6 2.4 -1.4
v -0.5 2.4 -1.4
v -0.3 2.4 -1.4
v -0.2 2.4 -1.4
v 2.38419e-07 2.4 -1.4
v 0.1 2.4 -1.4
v 0.3 2.4 -1.4
v 0.4 2.4 -1.4
v 0.6 2.4 -1.4
v 0.7 2.4 -1.4
v 0.9 2.4 -1.4
v 1 2.4 -1.4
v 1.2 2.4 -1.4
v -1.9 3.1 2
v -1.8 3.1 2
v 1.8 3.1 1.9
v 1.9 3.1 1.9
v -1.8 3.1 -1.8
v 1.8 3.1 -1.8
v -1.9 3.1 -1.9
v -1.4 3.1 -1.9
v -1.3 3.1 -1.9
v -1.2 3.1 -1.9
v -1.1 3.1 -1.9
v 1.9 3.1 -1.9
v -1.6 3.8 2
v -1.4 3.8 2
v 2.38419e-07 3.8 2
v 0.2 3.8 2
v 1.5 3.8 2
v 1.6 3.8 2
v 1.7 3.8 2
v -1.6 3.8 1.9
v -1.5 3.8 1.9
v 1.5 3.8 1.9
v 1.6 3.8 1.9
v -1.6 3.8 1.8
v -1.5 3.8 1.8
v 0.1 3.8 1.8
v 0.2 3.8 1.8
v -1.5 3.8 1.7
v -1.4 3.8 1.7
v 0.1 3.8 1.7
v 0.2 3.8 1.7
v 1.6 3.8 1.7
v 1.7 3.8 1.7
v -1.5 3.8 1.6
v -1.4 3.8 1.6
v 1.6 3.8 1.6
v 1.7 3.8 1.6
v 1.5 3.8 1.5
v 1.7 3.8 1.5
v -1.6 3.8 1.3
v -1.5 3.8 1.3
v 2.38419e-07 3.8 1.3
v 0.1 3.8 1.3
v 1.5 3.8 1.3
v 1.7 3.8 1.3
v 2.38419e-07 3.8 1.2
v 0.1 3.8 1.2
v 1.6 3.8 1.2
v 1.7 3.8 1.2
v 1.6 3.8 1.1
v 1.7 3.8 1.1
v -1.6 3.8 1
v -1.5 3.8 1
v -1.6 3.8 0.9
v -1.4 3.8 0.9
v 1.6 3.8 0.9
v 1.7 3.8 0.9
v 0.1 3.8 0.8
v 0.2 3.8 0.8
v 1.6 3.8 0.8
v 1.7 3.8 0.8
v -1.6 3.8 0.7
v -1.4 3.8 0.7
v 0.1 3.8 0.7
v 0.2 3.8 0.7
v -1.5 3.8 0.6
v -1.4 3.8 0.6
v -1.5 3.8 0.5
v -1.4 3.8 0.5
v 2.38419e-07 3.8 0.4
v 0.2 3.8 0.4
v 2.38419e-07 3.8 0.2
v 0.2 3.8 0.2
v 1.5 3.8 0.0999999
v 1.6 3.8 0.0999999
v -1.5 3.8 -2.38419e-07
v -1.4 3.8 -2.38419e-07
v 0.1 3.8 -2.38419e-07
v 0.2 3.8 -2.38419e-07
v 1.5 3.8 -2.38419e-07
v 1.6 3.8 -2.38419e-07
v 0.1 3.8 -0.1
v 0.2 3.8 -0.1
v 2.38419e-07 3.8 -0.3
v 0.1 3.8 -0.3
v 1.6 3.8 -0.3
v 1.7 3.8 -0.3
v -1.5 3.8 -0.4
v -1.4 3.8 -0.4
v 1.6 3.8 -0.4
v 1.7 3.8 -0.4
v 2.38419e-07 3.8 -0.5
v 0.1 3.8 -0.5
v -1.6 3.8 -0.7
v -1.5 3.8 -0.7
v 1.6 3.8 -0.8
v 1.7 3.8 -0.8
v -1.6 3.8 -0.9
v -1.5 3.8 -0.9
v 1.6 3.8 -0.9
v 1.7 3.8 -0.9
v -1.6 3.8 -1
v -1.4 3.8 -1
v 0.1 3.8 -1
v 0.2 3.8 -1
v 1.5 3.8 -1
v 1.7 3.8 -1
v -1.6 3.8 -1.2
v -1.4 3.8 -1.2
v 1.5 3.8 -1.2
v 1.7 3.8 -1.2
v 0.1 3.8 -1.3
v 0.2 3.8 -1.3
v 2.38419e-07 3.8 -1.5
v 0.1 3.8 -1.5
v 1.6 3.8 -1.5
v 1.7 3.8 -1.5
v 2.38419e-07 3.8 -1.6
v 0.1 3.8 -1.6
v 2.38419e-07 3.8 -1.7
v 0.2 3.8 -1.7
v 1.6 3.8 -1.7
v 1.7 3.8 -1.7
v -1.6 3.8 -1.9
v -1.4 3.8 -1.9
v 2.38419e-07 3.8 -1.9
v 0.2 3.8 -1.9
v 1.5 3.8 -1.9
v 1.7 3.8 -1.9
v -1.9 0.1 2
v -1.2 0.1 2
v -1.1 0.1 2
v 1.9 0.1 2
v -1.3 0.1 1.8
v -1.2 0.1 1.8
v -1.1 0.1 1.8
v -1 0.1 1.8
v 1.2 0.1 1.8
v 1.3 0.1 1.8
v -1.3 0.1 1.7
v -1 0.1 1.7
v 1.2 0.1 1.7
v 1.3 0.1 1.7
v 1.9 0.1 1.7
v -1.3 0.1 0.8
v -1 0.1 0.8
v -1.3 0.1 0.7
v -1.2 0.1 0.7
v -1.1 0.1 0.7
v -1 0.1 0.7
v -1.3 0.1 0.5
v -1.2 0.1 0.5
v -1.1 0.1 0.5
v -1 0.1 0.5
v -1.3 0.1 0.4
v -1 0.1 0.4
v 1.2 0.1 -0.2
v 2 0.1 -0.2
v -1.3 0.1 -0.5
v -1 0.1 -0.5
v -1.3 0.1 -0.6
v -1.2 0.1 -0.6
v -1.1 0.1 -0.6
v -1 0.1 -0.6
v -1.3 0.1 -0.8
v -1.2 0.1 -0.8
v -1.1 0.1 -0.8
v -1 0.1 -0.8
v -1.3 0.1 -0.9
v -1 0.1 -0.9
v -1.3 0.1 -1.6
v -1 0.1 -1.6
v -1.3 0.1 -1.7
v -1.2 0.1 -1.7
v -1.1 0.1 -1.7
v -1 0.1 -1.7
v -1.1 0.1 -1.8
v 2 0.1 -1.8
v -1.9 0.1 -1.9
v -1.2 0.1 -1.9
v 1.3 0.3 1.7
v 1.9 0.3 1.7
v 1.3 0.3 1.5
v 1.9 0.3 1.5
v 1.2 0.4 1.7
v 1.3 0.4 1.7
v 1.2 0.4 1.6
v 1.3 0.4 1.6
v 1.3 0.5 1.5
v 1.9 0.5 1.5
v 1.3 0.5 1.3
v 1.9 0.5 1.3
v 1.2 0.6 1.5
v 1.3 0.6 1.5
v 1.2 0.6 1.4
v 1.3 0.6 1.4
v 1.3 0.7 1.3
v 1.9 0.7 1.3
v 1.3 0.7 1.1
v 1.9 0.7 1.1
v 1.2 0.8 1.8
v 1.3 0.8 1.8
v 1.2 0.8 1.6
v 1.3 0.8 1.6
v 1.2 0.8 1.3
v 1.3 0.8 1.3
v 1.2 0.8 1.2
v 1.3 0.8 1.2
v 1.3 0.9 1.1
v 1.9 0.9 1.1
v 1.3 0.9 0.9
v 1.9 0.9 0.9
v 1.2 1 1.6
v 1.3 1 1.6
v 1.2 1 1.4
v 1.3 1 1.4
v 1.2 1 1.1
v 1.3 1 1.1
v 1.2 1 1
v 1.3 1 1
v -1.9 1.1 2
v -1.8 1.1 2
v 1.3 1.1 0.9
v 1.9 1.1 0.9
v 1.3 1.1 0.7
v 1.9 1.1 0.7
v -1.9 1.1 -1.9
v -1.8 1.1 -1.9
v 1.2 1.2 1.4
v 1.3 1.2 1.4
v 1.2 1.2 1.2
v 1.3 1.2 1.2
v 1.2 1.2 0.9
v 1.3 1.2 0.9
v 1.2 1.2 0.8
v 1.3 1.2 0.8
v 1.3 1.3 0.7
v 1.9 1.3 0.7
v 1.3 1.3 0.5
v 1.9 1.3 0.5
v 1.2 1.4 1.2
v 1.3 1.4 1.2
v 1.2 1.4 1
v 1.3 1.4 1
v 1.2 1.4 0.7
v 1.3 1.4 0.7
v 1.2 1.4 0.6
v 1.3 1.4 0.6
v 1.3 1.5 0.5
v 1.9 1.5 0.5
v 1.3 1.5 0.3
v 1.9 1.5 0.3
v -1.1 1.6 2
v -1 1.6 2
v -1.3 1.6 1.8
v -1.2 1.6 1.8
v -1.3 1.6 1.7
v -1.2 1.6 1.7
v -1.1 1.6 1.7
v -1 1.6 1.7
v 1.2 1.6 1
v 1.3 1.6 1
v -1.3 1.6 0.8
v -1.2 1.6 0.8
v -1.1 1.6 0.8
v -1 1.6 0.8
v 1.2 1.6 0.8
v 1.3 1.6 0.8
v 1.2 1.6 0.5
v 1.3 1.6 0.5
v -1.3 1.6 0.4
v -1.2 1.6 0.4
v -1.1 1.6 0.4
v -1 1.6 0.4
v 1.2 1.6 0.4
v 1.3 1.6 0.4
v -1.3 1.6 -0.5
v -1.2 1.6 -0.5
v -1.1 1.6 -0.5
v -1 1.6 -0.5
v -1.3 1.6 -0.8
v -1.2 1.6 -0.8
v -1.1 1.6 -0.8
v -1 1.6 -0.8
v -1.3 1.6 -1.7
v -1.2 1.6 -1.7
v -1.1 1.6 -1.7
v -1 1.6 -1.7
v -1.1 1.6 -1.8
v -1 1.6 -1.8
v -1.3 1.6 -1.9
v -1.2 1.6 -1.9
v -1.3 1.7 1.7
v -1.2 1.7 1.7
v -1.1 1.7 1.7
v -1 1.7 1.7
v -1.3 1.7 1.6
v -1.2 1.7 1.6
v -1.1 1.7 1.6
v -1 1.7 1.6
v -1.3 1.7 0.9
v -1.2 1.7 0.9
v -1.1 1.7 0.9
v -1 1.7 0.9
v -1.3 1.7 0.8
v -1.2 1.7 0.8
v -1.1 1.7 0.8
v -1 1.7 0.8
v -1.3 1.7 0.4
v -1.2 1.7 0.4
v -1.1 1.7 0.4
v -1 1.7 0.4
v -1.3 1.7 0.3
v -1.2 1.7 0.3
v -1.1 1.7 0.3
v -1 1.7 0.3
v 1.3 1.7 0.3
v 1.9 1.7 0.3
v 1.3 1.7 0.0999999
v 1.9 1.7 0.0999999
v -1.3 1.7 -0.4
v -1.2 1.7 -0.4
v -1.1 1.7 -0.4
v -1 1.7 -0.4
v -1.3 1.7 -0.5
v -1.2 1.7 -0.5
v -1.1 1.7 -0.5
v -1 1.7 -0.5
v -1.3 1.7 -0.8
v -1.2 1.7 -0.8
v -1.1 1.7 -0.8
v -1 1.7 -0.8
v -1.3 1.7 -0.9
v -1.2 1.7 -0.9
v -1.1 1.7 -0.9
v -1 1.7 -0.9
v -1.3 1.7 -1.6
v -1.2 1.7 -1.6
v -1.1 1.7 -1.6
v -1 1.7 -1.6
v -1.3 1.7 -1.7
v -1.2 1.7 -1.7
v -1.1 1.7 -1.7
v -1 1.7 -1.7
v -1.3 1.8 1.6
v -1.2 1.8 1.6
v -1.1 1.8 1.6
v -1 1.8 1.6
v -1.3 1.8 1.5
v -1.2 1.8 1.5
v -1.1 1.8 1.5
v -1 1.8 1.5
v -1.3 1.8 1
v -1.2 1.8 1
v -1.1 1.8 1
v -1 1.8 1
v -1.3 1.8 0.9
v -1.2 1.8 0.9
v -1.1 1.8 0.9
v -1 1.8 0.9
v 1.2 1.8 0.8
v 1.3 1.8 0.8
v 1.2 1.8 0.6
v 1.3 1.8 0.6
v -1.3 1.8 0.3
v -1.2 1.8 0.3
v -1.1 1.8 0.3
v -1 1.8 0.3
v 1.2 1.8 0.3
v 1.3 1.8 0.3
v -1.3 1.8 0.2
v -1.2 1.8 0.2
v -1.1 1.8 0.2
v -1 1.8 0.2
v 1.2 1.8 0.2
v 1.3 1.8 0.2
v -1.3 1.8 -0.3
v -1.2 1.8 -0.3
v -1.1 1.8 -0.3
v -1 1.8 -0.3
v -1.3 1.8 -0.4
v -1.2 1.8 -0.4
v -1.1 1.8 -0.4
v -1 1.8 -0.4
v -1.3 1.8 -0.9
v -1.2 1.8 -0.9
v -1.1 1.8 -0.9
v -1 1.8 -0.9
v -1.3 1.8 -1
v -1.2 1.8 -1
v -1.1 1.8 -1
v -1 1.8 -1
v -1.3 1.8 -1.5
v -1.2 1.8 -1.5
v -1.1 1.8 -1.5
v -1 1.8 -1.5
v -1.3 1.8 -1.6
v -1.2 1.8 -1.6
v -1.1 1.8 -1.6
v -1 1.8 -1.6
v -1.3 1.9 1.5
v -1.2 1.9 1.5
v -1.1 1.9 1.5
v -1 1.9 1.5
v -1.3 1.9 1
v -1.2 1.9 1
v -1.1 1.9 1
v -1 1.9 1
v -1.3 1.9 0.2
v -1.2 1.9 0.2
v -1.1 1.9 0.2
v -1 1.9 0.2
v 1.3 1.9 0.0999999
v 1.9 1.9 0.0999999
v 1.3 1.9 -0.1
v 1.9 1.9 -0.1
v -1.3 1.9 -0.3
v -1.2 1.9 -0.3
v -1.1 1.9 -0.3
v -1 1.9 -0.3
v -1.3 1.9 -1
v -1.2 1.9 -1
v -1.1 1.9 -1
v -1 1.9 -1
v -1.3 1.9 -1.5
v -1.2 1.9 -1.5
v -1.1 1.9 -1.5
v -1 1.9 -1.5
v 1.2 2 0.6
v 1.3 2 0.6
v 1.2 2 0.4
v 1.3 2 0.4
v 1.2 2 0.0999999
v 1.3 2 0.0999999
v 1.2 2 -2.38419e-07
v 1.3 2 -2.38419e-07
v -1.9 2.1 1.9
v -1.2 2.1 1.9
v 1.3 2.1 -0.1
v 1.9 2.1 -0.1
v -1.2 2.1 -1.4
v 1.3 2.1 -1.4
v -1.9 2.1 -1.9
v 1.9 2.1 -1.9
v -1.9 2.2 2
v -1.8 2.2 2
v -1.7 2.2 2
v -1.5 2.2 2
v -1.4 2.2 2
v -1.2 2.2 2
v -1.9 2.2 1.9
v -1.8 2.2 1.9
v -1.7 2.2 1.9
v -1.5 2.2 1.9
v -1.4 2.2 1.9
v -1.2 2.2 1.9
v -1.1 2.2 1.9
v -1.2 2.2 1.7
v -1.1 2.2 1.7
v -1.2 2.2 1.6
v -1.1 2.2 1.6
v -1.2 2.2 1.4
v -1.1 2.2 1.4
v -1.2 2.2 1.3
v -1.1 2.2 1.3
v -1.2 2.2 1.1
v -1.1 2.2 1.1
v -1.2 2.2 1
v -1.1 2.2 1
v -1.2 2.2 0.8
v -1.1 2.2 0.8
v -1.2 2.2 0.7
v -1.1 2.2 0.7
v -1.2 2.2 0.5
v -1.1 2.2 0.5
v -1.2 2.2 0.4
v -1.1 2.2 0.4
v 1.2 2.2 0.4
v 1.3 2.2 0.4
v -1.2 2.2 0.2
v -1.1 2.2 0.2
v 1.2 2.2 0.2
v 1.3 2.2 0.2
v -1.2 2.2 0.0999999
v -1.1 2.2 0.0999999
v 1.2 2.2 -2.38419e-07
v 1.3 2.2 -2.38419e-07
v -1.2 2.2 -0.1
v -1.1 2.2 -0.1
v 1.2 2.2 -0.1
v 1.3 2.2 -0.1
v -1.2 2.2 -0.2
v -1.1 2.2 -0.2
v 1.2 2.2 -0.2
v 1.3 2.2 -0.2
v -1.2 2.2 -0.4
v -1.1 2.2 -0.4
v 1.2 2.2 -0.4
v 1.3 2.2 -0.4
v -1.2 2.2 -0.5
v -1.1 2.2 -0.5
v 1.2 2.2 -0.5
v 1.3 2.2 -0.5
v -1.2 2.2 -0.7
v -1.1 2.2 -0.7
v 1.2 2.2 -0.7
v 1.3 2.2 -0.7
v -1.2 2.2 -0.8
v -1.1 2.2 -0.8
v 1.2 2.2 -0.8
v 1.3 2.2 -0.8
v -1.2 2.2 -1
v -1.1 2.2 -1
v 1.2 2.2 -1
v 1.3 2.2 -1
v -1.2 2.2 -1.1
v -1.1 2.2 -1.1
v 1.2 2.2 -1.1
v 1.3 2.2 -1.1
v -1.2 2.2 -1.3
v -1.1 2.2 -1.3
v -0.9 2.2 -1.3
v -0.8 2.2 -1.3
v -0.6 2.2 -1.3
v -0.5 2.2 -1.3
v -0.3 2.2 -1.3
v -0.2 2.2 -1.3
v 2.38419e-07 2.2 -1.3
v 0.1 2.2 -1.3
v 0.3 2.2 -1.3
v 0.4 2.2 -1.3
v 0.6 2.2 -1.3
v 0.7 2.2 -1.3
v 0.9 2.2 -1.3
v 1 2.2 -1.3
v 1.2 2.2 -1.3
v 1.3 2.2 -1.3
v -1.1 2.2 -1.4
v -0.9 2.2 -1.4
v -0.8 2.2 -1.4
v -0.6 2.2 -1.4
v -0.5 2.2 -1.4
v -0.3 2.2 -1.4
v -0.2 2.2 -1.4
v 2.38419e-07 2.2 -1.4
v 0.1 2.2 -1.4
v 0.3 2.2 -1.4
v 0.4 2.2 -1.4
v 0.6 2.2 -1.4
v 0.7 2.2 -1.4
v 0.9 2.2 -1.4
v 1 2.2 -1.4
v 1.2 2.2 -1.4
v 1.2 2.4 0.2
v 1.3 2.4 0.2
v 1.2 2.4 -0.1
v 1.3 2.4 -0.1
v -1.9 2.5 2
v -1.1 2.5 2
v -1.9 2.5 1.9
v -1.2 2.5 1.9
v 1.2 2.5 -0.1
v 1.3 2.5 -0.1
v -1.1 2.5 -1.3
v 1.2 2.5 -1.3
v -1.2 2.5 -1.4
v 1.3 2.5 -1.4
v -1.9 3.4 2
v -1.8 3.4 2
v 1.8 3.4 1.9
v 1.9 3.4 1.9
v -1.8 3.4 -1.8
v 1.8 3.4 -1.8
v -1.9 3.4 -1.9
v -1.8 3.4 -1.9
v -1.7 3.4 -1.9
v -1.5 3.4 -1.9
v -1.4 3.4 -1.9
v -1.2 3.4 -1.9
v -1.1 3.4 -1.9
v 1.9 3.4 -1.9
v -2 4 2
v -1.9 4 2
v -1.6 4 2
v -1.4 4 2
v 2.38419e-07 4 2
v 0.2 4 2
v 1.5 4 2
v 1.7 4 2
v 1.9 4 2
v 2 4 2
v -1.5 4 1.9
v -1.4 4 1.9
v 0.1 4 1.9
v 0.2 4 1.9
v -1.5 4 1.8
v -1.4 4 1.8
v 0.1 4 1.7
v 0.2 4 1.7
v -1.6 4 1.5
v -1.5 4 1.5
v 1.5 4 1.5
v 1.7 4 1.5
v 2.38419e-07 4 1.3
v 0.1 4 1.3
v 1.5 4 1.3
v 1.7 4 1.3
v 2.38419e-07 4 1.2
v 0.1 4 1.2
v 1.5 4 1.1
v 1.6 4 1.1
v -1.6 4 1
v -1.5 4 1
v 0.1 4 1
v 0.2 4 1
v 1.5 4 1
v 1.6 4 1
v -1.6 4 0.9
v -1.4 4 0.9
v 0.1 4 0.9
v 0.2 4 0.9
v 1.6 4 0.9
v 1.7 4 0.9
v 1.6 4 0.8
v 1.7 4 0.8
v -1.6 4 0.7
v -1.4 4 0.7
v 0.1 4 0.6
v 0.2 4 0.6
v 0.1 4 0.5
v 0.2 4 0.5
v 1.5 4 0.5
v 1.6 4 0.5
v 2.38419e-07 4 0.4
v 0.2 4 0.4
v -1.6 4 0.3
v -1.5 4 0.3
v 1.5 4 0.3
v 1.6 4 0.3
v -1.6 4 0.2
v -1.5 4 0.2
v 2.38419e-07 4 0.2
v 0.2 4 0.2
v 2.38419e-07 4 -2.38419e-07
v 0.1 4 -2.38419e-07
v 2.38419e-07 4 -0.1
v 0.1 4 -0.1
v -1.5 4 -0.2
v -1.4 4 -0.2
v 1.6 4 -0.2
v 1.7 4 -0.2
v 1.6 4 -0.3
v 1.7 4 -0.3
v -1.5 4 -0.4
v -1.4 4 -0.4
v 1.5 4 -0.6
v 1.6 4 -0.6
v 1.5 4 -0.8
v 1.6 4 -0.8
v 2.38419e-07 4 -0.9
v 0.1 4 -0.9
v -1.6 4 -1
v -1.4 4 -1
v 1.5 4 -1
v 1.7 4 -1
v 2.38419e-07 4 -1.1
v 0.1 4 -1.1
v -1.6 4 -1.2
v -1.4 4 -1.2
v 1.5 4 -1.2
v 1.7 4 -1.2
v 1.6 4 -1.3
v 1.7 4 -1.3
v 0.1 4 -1.4
v 0.2 4 -1.4
v 1.6 4 -1.4
v 1.7 4 -1.4
v 0.1 4 -1.5
v 0.2 4 -1.5
v 1.5 4 -1.5
v 1.6 4 -1.5
v -1.5 4 -1.6
v -1.4 4 -1.6
v 1.5 4 -1.6
v 1.6 4 -1.6
v -1.5 4 -1.7
v -1.4 4 -1.7
v 2.38419e-07 4 -1.7
v 0.2 4 -1.7
v -1.9 4 -1.9
v -1.6 4 -1.9
v -1.4 4 -1.9
v -1.3 4 -1.9
v 2.38419e-07 4 -1.9
v 0.2 4 -1.9
v 1.5 4 -1.9
v 1.7 4 -1.9
v 1.9 4 -1.9
v -2 4 -2
v -1.4 4 -2
v -1.3 4 -2
v 2 4 -2

# faces
f 4/4/1 2/4/1 1/4/1
f 5/3/1 3/3/1 2/3/1
f 5/4/1 2/4/1 4/4/1
f 6/3/1 5/3/1 4/3/1
f 7/3/1 3/3/1 5/3/1
f 7/3/1 5/3/1 6/3/1
f 10/9/1 9/9/1 8/9/1
f 11/9/1 9/9/1 10/9/1
f 24/7/1 13/7/1 12/7/1
f 24/8/1 14/8/1 13/8/1
f 25/7/1 15/7/1 14/7/1
f 25/8/1 14/8/1 24/8/1
f 26/7/1 15/7/1 25/7/1
f 27/8/1 16/8/1 15/8/1
f 27/7/1 15/7/1 26/7/1
f 28/7/1 19/7/1 18/7/1
f 29/7/1 19/7/1 28/7/1
f 30/8/1 20/8/1 19/8/1
f 30/7/1 19/7/1 29/7/1
f 31/7/1 21/7/1 20/7/1
f 31/8/1 20/8/1 30/8/1
f 32/7/1 24/7/1 12/7/1
f 32/7/1 26/7/1 25/7/1
f 32/7/1 25/7/1 24/7/1
f 33/8/1 27/8/1 26/8/1
f 33/7/1 26/7/1 32/7/1
f 34/7/1 17/7/1 16/7/1
f 34/8/1 27/8/1 33/8/1
f 34/8/1 16/8/1 27/8/1
f 35/6/1 18/6/1 17/6/1
f 35/7/1 17/7/1 34/7/1
f 36/7/1 28/7/1 18/7/1
f 36/6/1 18/6/1 35/6/1
f 37/8/1 29/8/1 28/8/1
f 37/7/1 28/7/1 36/7/1
f 38/7/1 31/7/1 30/7/1
f 38/8/1 29/8/1 37/8/1
f 38/7/1 30/7/1 29/7/1
f 39/6/1 22/6/1 21/6/1
f 39/7/1 31/7/1 38/7/1
f 39/7/1 21/7/1 31/7/1
f 40/7/1 23/7/1 22/7/1
f 40/6/1 22/6/1 39/6/1
f 41/7/1 23/7/1 40/7/1
f 44/9/1 43/9/1 42/9/1
f 45/9/1 43/9/1 44/9/1
f 58/1/1 47/1/1 46/1/1
f 61/1/1 49/1/1 48/1/1
f 62/1/1 49/1/1 61/1/1
f 63/1/1 51/1/1 50/1/1
f 64/1/1 51/1/1 63/1/1
f 67/1/1 53/1/1 52/1/1
f 68/1/1 53/1/1 67/1/1
f 69/1/1 55/1/1 54/1/1
f 70/1/1 57/1/1 56/1/1
f 72/1/1 59/1/1 58/1/1
f 72/1/1 58/1/1 46/1/1
f 73/1/1 59/1/1 72/1/1
f 74/1/1 59/1/1 73/1/1
f 77/1/1 62/1/1 61/1/1
f 77/1/1 65/1/1 64/1/1
f 77/1/1 61/1/1 60/1/1
f 77/1/1 63/1/1 62/1/1
f 77/1/1 64/1/1 63/1/1
f 78/1/1 65/1/1 77/1/1
f 79/1/1 65/1/1 78/1/1
f 80/1/1 65/1/1 79/1/1
f 83/1/1 69/1/1 68/1/1
f 83/1/1 68/1/1 67/1/1
f 83/1/1 67/1/1 66/1/1
f 84/1/1 69/1/1 83/1/1
f 85/1/1 55/1/1 69/1/1
f 85/1/1 69/1/1 84/1/1
f 86/1/1 55/1/1 85/1/1
f 89/1/1 71/1/1 70/1/1
f 89/1/1 70/1/1 56/1/1
f 90/1/1 71/1/1 89/1/1
f 91/1/1 71/1/1 90/1/1
f 92/1/1 75/1/1 74/1/1
f 92/1/1 74/1/1 73/1/1
f 93/1/1 75/1/1 92/1/1
f 94/1/1 75/1/1 93/1/1
f 97/1/1 77/1/1 76/1/1
f 97/1/1 78/1/1 77/1/1
f 98/1/1 78/1/1 97/1/1
f 99/1/1 78/1/1 98/1/1
f 100/1/1 81/1/1 80/1/1
f 100/1/1 80/1/1 79/1/1
f 101/1/1 81/1/1 100/1/1
f 102/1/1 81/1/1 101/1/1
f 105/1/1 84/1/1 83/1/1
f 105/1/1 83/1/1 82/1/1
f 106/1/1 84/1/1 105/1/1
f 107/1/1 84/1/1 106/1/1
f 108/1/1 87/1/1 86/1/1
f 108/1/1 86/1/1 85/1/1
f 109/1/1 87/1/1 108/1/1
f 110/1/1 87/1/1 109/1/1
f 113/1/1 90/1/1 89/1/1
f 113/1/1 89/1/1 88/1/1
f 114/1/1 90/1/1 113/1/1
f 115/1/1 90/1/1 114/1/1
f 116/1/1 95/1/1 94/1/1
f 116/1/1 94/1/1 93/1/1
f 117/1/1 95/1/1 116/1/1
f 118/1/1 95/1/1 117/1/1
f 119/1/1 98/1/1 97/1/1
f 119/1/1 97/1/1 96/1/1
f 120/1/1 98/1/1 119/1/1
f 121/1/1 98/1/1 120/1/1
f 122/1/1 103/1/1 102/1/1
f 122/1/1 102/1/1 101/1/1
f 123/1/1 103/1/1 122/1/1
f 124/1/1 103/1/1 123/1/1
f 125/1/1 106/1/1 105/1/1
f 125/1/1 105/1/1 104/1/1
f 126/1/1 106/1/1 125/1/1
f 127/1/1 106/1/1 126/1/1
f 128/1/1 111/1/1 110/1/1
f 128/1/1 110/1/1 109/1/1
f 129/1/1 111/1/1 128/1/1
f 130/1/1 111/1/1 129/1/1
f 131/1/1 114/1/1 113/1/1
f 131/1/1 113/1/1 112/1/1
f 132/1/1 114/1/1 131/1/1
f 133/1/1 114/1/1 132/1/1
f 134/1/1 118/1/1 117/1/1
f 134/1/1 120/1/1 119/1/1
f 134/1/1 119/1/1 118/1/1
f 135/1/1 120/1/1 134/1/1
f 136/1/1 124/1/1 123/1/1
f 136/1/1 126/1/1 125/1/1
f 136/1/1 125/1/1 124/1/1
f 137/1/1 126/1/1 136/1/1
f 138/1/1 130/1/1 129/1/1
f 138/1/1 132/1/1 131/1/1
f 138/1/1 131/1/1 130/1/1
f 139/1/1 132/1/1 138/1/1
f 148/3/1 143/3/1 142/3/1
f 149/3/1 143/3/1 148/3/1
f 150/3/1 145/3/1 144/3/1
f 151/3/1 145/3/1 150/3/1
f 152/2/1 147/2/1 146/2/1
f 153/2/1 147/2/1 152/2/1
f 154/3/1 141/3/1 140/3/1
f 162/3/1 155/3/1 154/3/1
f 165/3/1 157/3/1 156/3/1
f 166/3/1 157/3/1 165/3/1
f 169/3/1 159/3/1 158/3/1
f 170/3/1 159/3/1 169/3/1
f 173/3/1 161/3/1 160/3/1
f 174/3/1 163/3/1 162/3/1
f 177/3/1 167/3/1 166/3/1
f 177/3/1 165/3/1 164/3/1
f 177/3/1 166/3/1 165/3/1
f 178/3/1 167/3/1 177/3/1
f 181/3/1 171/3/1 170/3/1
f 181/3/1 169/3/1 168/3/1
f 181/3/1 170/3/1 169/3/1
f 182/3/1 171/3/1 181/3/1
f 185/3/1 173/3/1 172/3/1
f 186/3/1 175/3/1 174/3/1
f 187/3/1 179/3/1 178/3/1
f 187/3/1 178/3/1 177/3/1
f 187/3/1 177/3/1 176/3/1
f 188/3/1 179/3/1 187/3/1
f 189/3/1 183/3/1 182/3/1
f 189/3/1 181/3/1 180/3/1
f 189/3/1 182/3/1 181/3/1
f 190/3/1 183/3/1 189/3/1
f 191/3/1 185/3/1 184/3/1
f 192/3/1 154/3/1 140/3/1
f 192/3/1 191/3/1 190/3/1
f 192/3/1 186/3/1 174/3/1
f 192/3/1 188/3/1 187/3/1
f 192/3/1 189/3/1 188/3/1
f 192/3/1 190/3/1 189/3/1
f 192/3/1 162/3/1 154/3/1
f 192/3/1 187/3/1 186/3/1
f 192/3/1 174/3/1 162/3/1
f 193/3/1 185/3/1 191/3/1
f 193/3/1 191/3/1 192/3/1
f 193/3/1 161/3/1 173/3/1
f 193/3/1 173/3/1 185/3/1
f 197/1/1 195/1/1 194/1/1
f 198/1/1 195/1/1 197/1/1
f 199/1/1 195/1/1 198/1/1
f 200/1/1 195/1/1 199/1/1
f 201/1/1 195/1/1 200/1/1
f 202/1/1 195/1/1 201/1/1
f 203/1/1 195/1/1 202/1/1
f 204/1/1 195/1/1 203/1/1
f 205/1/1 195/1/1 204/1/1
f 206/1/1 195/1/1 205/1/1
f 207/1/1 195/1/1 206/1/1
f 208/1/1 195/1/1 207/1/1
f 209/1/1 195/1/1 208/1/1
f 210/1/1 195/1/1 209/1/1
f 211/1/1 195/1/1 210/1/1
f 212/1/1 195/1/1 211/1/1
f 213/1/1 195/1/1 212/1/1
f 214/1/1 195/1/1 213/1/1
f 215/1/1 195/1/1 214/1/1
f 216/1/1 195/1/1 215/1/1
f 217/1/1 195/1/1 216/1/1
f 218/1/1 195/1/1 217/1/1
f 219/1/1 195/1/1 218/1/1
f 220/9/1 197/9/1 196/9/1
f 221/9/1 197/9/1 220/9/1
f 222/9/1 199/9/1 198/9/1
f 223/9/1 199/9/1 222/9/1
f 224/9/1 201/9/1 200/9/1
f 225/9/1 201/9/1 224/9/1
f 226/9/1 203/9/1 202/9/1
f 227/9/1 203/9/1 226/9/1
f 228/9/1 205/9/1 204/9/1
f 229/9/1 205/9/1 228/9/1
f 230/9/1 207/9/1 206/9/1
f 231/9/1 207/9/1 230/9/1
f 232/9/1 209/9/1 208/9/1
f 233/9/1 209/9/1 232/9/1
f 234/9/1 211/9/1 210/9/1
f 235/9/1 211/9/1 234/9/1
f 236/9/1 213/9/1 212/9/1
f 237/9/1 213/9/1 236/9/1
f 238/9/1 215/9/1 214/9/1
f 239/9/1 215/9/1 238/9/1
f 240/9/1 217/9/1 216/9/1
f 241/9/1 217/9/1 240/9/1
f 242/9/1 219/9/1 218/9/1
f 243/9/1 241/9/1 240/9/1
f 243/9/1 242/9/1 241/9/1
f 243/9/1 239/9/1 238/9/1
f 243/9/1 240/9/1 239/9/1
f 243/9/1 223/9/1 222/9/1
f 243/9/1 238/9/1 237/9/1
f 243/9/1 237/9/1 236/9/1
f 243/9/1 236/9/1 235/9/1
f 243/9/1 225/9/1 224/9/1
f 243/9/1 234/9/1 233/9/1
f 243/9/1 235/9/1 234/9/1
f 243/9/1 232/9/1 231/9/1
f 243/9/1 227/9/1 226/9/1
f 243/9/1 230/9/1 229/9/1
f 243/9/1 233/9/1 232/9/1
f 243/9/1 228/9/1 227/9/1
f 243/9/1 229/9/1 228/9/1
f 243/9/1 226/9/1 225/9/1
f 243/9/1 231/9/1 230/9/1
f 243/9/1 224/9/1 223/9/1
f 243/9/1 222/9/1 221/9/1
f 244/9/1 219/9/1 242/9/1
f 244/9/1 242/9/1 243/9/1
f 247/9/1 246/9/1 245/9/1
f 248/9/1 246/9/1 247/9/1
f 251/9/1 250/9/1 249/9/1
f 252/9/1 250/9/1 251/9/1
f 255/9/1 254/9/1 253/9/1
f 256/9/1 254/9/1 255/9/1
f 259/9/1 258/9/1 257/9/1
f 260/9/1 258/9/1 259/9/1
f 272/7/1 266/7/1 265/7/1
f 273/7/1 266/7/1 272/7/1
f 274/8/1 267/8/1 266/8/1
f 274/7/1 266/7/1 273/7/1
f 275/7/1 268/7/1 267/7/1
f 275/8/1 267/8/1 274/8/1
f 276/7/1 268/7/1 275/7/1
f 277/7/1 268/7/1 276/7/1
f 278/8/1 269/8/1 268/8/1
f 278/7/1 268/7/1 277/7/1
f 279/7/1 270/7/1 269/7/1
f 279/8/1 269/8/1 278/8/1
f 280/7/1 262/7/1 261/7/1
f 281/8/1 263/8/1 262/8/1
f 281/7/1 262/7/1 280/7/1
f 282/7/1 264/7/1 263/7/1
f 282/8/1 263/8/1 281/8/1
f 283/6/1 265/6/1 264/6/1
f 283/7/1 264/7/1 282/7/1
f 284/7/1 272/7/1 265/7/1
f 284/6/1 265/6/1 283/6/1
f 285/8/1 273/8/1 272/8/1
f 285/7/1 272/7/1 284/7/1
f 286/7/1 274/7/1 273/7/1
f 286/8/1 273/8/1 285/8/1
f 286/7/1 275/7/1 274/7/1
f 286/7/1 276/7/1 275/7/1
f 287/8/1 277/8/1 276/8/1
f 287/7/1 276/7/1 286/7/1
f 288/7/1 278/7/1 277/7/1
f 288/8/1 277/8/1 287/8/1
f 288/7/1 279/7/1 278/7/1
f 289/7/1 270/7/1 279/7/1
f 289/7/1 279/7/1 288/7/1
f 289/6/1 271/6/1 270/6/1
f 290/6/1 271/6/1 289/6/1
f 293/9/1 292/9/1 291/9/1
f 294/9/1 292/9/1 293/9/1
f 297/9/1 296/9/1 295/9/1
f 298/9/1 296/9/1 297/9/1
f 301/9/1 300/9/1 299/9/1
f 302/9/1 300/9/1 301/9/1
f 306/9/1 304/9/1 303/9/1
f 306/3/1 305/3/1 304/3/1
f 307/3/1 305/3/1 306/3/1
f 308/9/1 306/9/1 303/9/1
f 308/1/1 307/1/1 306/1/1
f 309/1/1 307/1/1 308/1/1
f 310/3/1 305/3/1 307/3/1
f 310/1/1 307/1/1 309/1/1
f 311/3/1 305/3/1 310/3/1
f 312/1/1 310/1/1 309/1/1
f 312/1/1 311/1/1 310/1/1
f 313/1/1 311/1/1 312/1/1
f 314/1/1 311/1/1 313/1/1
f 315/9/1 308/9/1 303/9/1
f 316/9/1 313/9/1 312/9/1
f 317/1/1 311/1/1 314/1/1
f 317/3/1 305/3/1 311/3/1
f 318/3/1 305/3/1 317/3/1
f 319/9/1 316/9/1 315/9/1
f 319/9/1 315/9/1 303/9/1
f 320/9/1 313/9/1 316/9/1
f 320/9/1 316/9/1 319/9/1
f 321/1/1 318/1/1 317/1/1
f 321/1/1 317/1/1 314/1/1
f 322/1/1 318/1/1 321/1/1
f 323/1/1 318/1/1 322/1/1
f 324/9/1 313/9/1 320/9/1
f 325/9/1 322/9/1 321/9/1
f 326/3/1 305/3/1 318/3/1
f 326/1/1 318/1/1 323/1/1
f 327/3/1 305/3/1 326/3/1
f 328/9/1 325/9/1 324/9/1
f 328/9/1 324/9/1 320/9/1
f 329/9/1 322/9/1 325/9/1
f 329/9/1 325/9/1 328/9/1
f 330/1/1 327/1/1 326/1/1
f 330/1/1 326/1/1 323/1/1
f 331/1/1 327/1/1 330/1/1
f 332/1/1 327/1/1 331/1/1
f 333/9/1 322/9/1 329/9/1
f 334/9/1 331/9/1 330/9/1
f 335/3/1 305/3/1 327/3/1
f 335/1/1 327/1/1 332/1/1
f 336/3/1 305/3/1 335/3/1
f 337/9/1 334/9/1 333/9/1
f 337/9/1 333/9/1 329/9/1
f 338/9/1 331/9/1 334/9/1
f 338/9/1 334/9/1 337/9/1
f 339/1/1 336/1/1 335/1/1
f 339/1/1 335/1/1 332/1/1
f 340/1/1 336/1/1 339/1/1
f 341/1/1 336/1/1 340/1/1
f 342/9/1 331/9/1 338/9/1
f 343/9/1 340/9/1 339/9/1
f 344/3/1 305/3/1 336/3/1
f 344/1/1 336/1/1 341/1/1
f 345/3/1 305/3/1 344/3/1
f 346/9/1 343/9/1 342/9/1
f 346/9/1 342/9/1 338/9/1
f 347/9/1 340/9/1 343/9/1
f 347/9/1 343/9/1 346/9/1
f 348/1/1 345/1/1 344/1/1
f 348/1/1 344/1/1 341/1/1
f 349/1/1 345/1/1 348/1/1
f 350/1/1 345/1/1 349/1/1
f 351/9/1 340/9/1 347/9/1
f 352/9/1 349/9/1 348/9/1
f 353/3/1 305/3/1 345/3/1
f 353/1/1 345/1/1 350/1/1
f 354/3/1 305/3/1 353/3/1
f 355/9/1 352/9/1 351/9/1
f 355/9/1 351/9/1 347/9/1
f 356/9/1 349/9/1 352/9/1
f 356/9/1 352/9/1 355/9/1
f 357/1/1 354/1/1 353/1/1
f 357/1/1 353/1/1 350/1/1
f 358/1/1 354/1/1 357/1/1
f 359/1/1 354/1/1 358/1/1
f 360/9/1 349/9/1 356/9/1
f 361/9/1 358/9/1 357/9/1
f 362/3/1 305/3/1 354/3/1
f 362/1/1 354/1/1 359/1/1
f 363/3/1 305/3/1 362/3/1
f 364/9/1 361/9/1 360/9/1
f 364/9/1 360/9/1 356/9/1
f 365/9/1 358/9/1 361/9/1
f 365/9/1 361/9/1 364/9/1
f 366/1/1 363/1/1 362/1/1
f 366/1/1 362/1/1 359/1/1
f 367/1/1 363/1/1 366/1/1
f 368/1/1 363/1/1 367/1/1
f 369/9/1 358/9/1 365/9/1
f 370/9/1 367/9/1 366/9/1
f 371/3/1 305/3/1 363/3/1
f 371/1/1 363/1/1 368/1/1
f 372/3/1 305/3/1 371/3/1
f 373/9/1 370/9/1 369/9/1
f 373/9/1 369/9/1 365/9/1
f 374/9/1 367/9/1 370/9/1
f 374/9/1 370/9/1 373/9/1
f 375/1/1 372/1/1 371/1/1
f 375/1/1 371/1/1 368/1/1
f 376/1/1 372/1/1 375/1/1
f 377/1/1 372/1/1 376/1/1
f 378/3/1 305/3/1 372/3/1
f 380/9/1 367/9/1 374/9/1
f 381/9/1 376/9/1 375/9/1
f 382/1/1 372/1/1 377/1/1
f 382/3/1 379/3/1 378/3/1
f 382/3/1 378/3/1 372/3/1
f 383/3/1 379/3/1 382/3/1
f 384/3/1 379/3/1 383/3/1
f 385/9/1 381/9/1 380/9/1
f 385/9/1 380/9/1 374/9/1
f 386/9/1 376/9/1 381/9/1
f 386/9/1 381/9/1 385/9/1
f 387/1/1 383/1/1 382/1/1
f 387/1/1 382/1/1 377/1/1
f 388/1/1 383/1/1 387/1/1
f 389/1/1 383/1/1 388/1/1
f 390/1/1 383/1/1 389/1/1
f 391/1/1 383/1/1 390/1/1
f 392/1/1 383/1/1 391/1/1
f 393/1/1 383/1/1 392/1/1
f 394/1/1 383/1/1 393/1/1
f 395/1/1 383/1/1 394/1/1
f 396/1/1 383/1/1 395/1/1
f 398/9/1 376/9/1 386/9/1
f 399/9/1 389/9/1 388/9/1
f 400/9/1 398/9/1 386/9/1
f 400/9/1 399/9/1 398/9/1
f 401/9/1 389/9/1 399/9/1
f 401/9/1 399/9/1 400/9/1
f 402/9/1 389/9/1 401/9/1
f 403/9/1 391/9/1 390/9/1
f 404/9/1 391/9/1 403/9/1
f 405/9/1 393/9/1 392/9/1
f 406/9/1 393/9/1 405/9/1
f 407/9/1 395/9/1 394/9/1
f 408/9/1 395/9/1 407/9/1
f 409/9/1 397/9/1 396/9/1
f 410/9/1 397/9/1 409/9/1
f 411/9/1 408/9/1 407/9/1
f 411/9/1 406/9/1 405/9/1
f 411/9/1 409/9/1 408/9/1
f 411/9/1 404/9/1 403/9/1
f 411/9/1 407/9/1 406/9/1
f 411/9/1 402/9/1 401/9/1
f 411/9/1 405/9/1 404/9/1
f 411/9/1 403/9/1 402/9/1
f 412/9/1 409/9/1 411/9/1
f 422/8/1 414/8/1 413/8/1
f 423/7/1 415/7/1 414/7/1
f 423/8/1 414/8/1 422/8/1
f 424/7/1 417/7/1 416/7/1
f 425/7/1 417/7/1 424/7/1
f 426/7/1 417/7/1 425/7/1
f 427/7/1 417/7/1 426/7/1
f 428/8/1 418/8/1 417/8/1
f 428/7/1 417/7/1 427/7/1
f 429/7/1 419/7/1 418/7/1
f 429/8/1 418/8/1 428/8/1
f 430/7/1 419/7/1 429/7/1
f 431/7/1 419/7/1 430/7/1
f 432/7/1 421/7/1 420/7/1
f 433/7/1 421/7/1 432/7/1
f 434/7/1 423/7/1 422/7/1
f 435/6/1 416/6/1 415/6/1
f 435/7/1 423/7/1 434/7/1
f 435/7/1 415/7/1 423/7/1
f 436/7/1 424/7/1 416/7/1
f 436/6/1 416/6/1 435/6/1
f 437/8/1 425/8/1 424/8/1
f 437/7/1 424/7/1 436/7/1
f 438/7/1 426/7/1 425/7/1
f 438/8/1 425/8/1 437/8/1
f 439/8/1 427/8/1 426/8/1
f 439/7/1 426/7/1 438/7/1
f 440/7/1 428/7/1 427/7/1
f 440/8/1 427/8/1 439/8/1
f 440/7/1 429/7/1 428/7/1
f 440/7/1 430/7/1 429/7/1
f 441/8/1 431/8/1 430/8/1
f 441/7/1 430/7/1 440/7/1
f 442/7/1 419/7/1 431/7/1
f 442/8/1 431/8/1 441/8/1
f 443/6/1 420/6/1 419/6/1
f 443/7/1 419/7/1 442/7/1
f 444/7/1 432/7/1 420/7/1
f 444/6/1 420/6/1 443/6/1
f 445/8/1 433/8/1 432/8/1
f 445/7/1 432/7/1 444/7/1
f 446/7/1 421/7/1 433/7/1
f 446/8/1 433/8/1 445/8/1
f 447/7/1 421/7/1 446/7/1
f 450/7/1 449/7/1 448/7/1
f 451/7/1 449/7/1 450/7/1
f 452/5/1 451/5/1 450/5/1
f 453/5/1 451/5/1 452/5/1
f 454/7/1 453/7/1 452/7/1
f 455/7/1 453/7/1 454/7/1
f 458/3/1 457/3/1 456/3/1
f 460/3/1 459/3/1 458/3/1
f 462/3/1 461/3/1 460/3/1
f 464/3/1 463/3/1 462/3/1
f 466/3/1 465/3/1 464/3/1
f 468/3/1 467/3/1 466/3/1
f 470/3/1 469/3/1 468/3/1
f 472/3/1 471/3/1 470/3/1
f 474/3/1 473/3/1 472/3/1
f 476/3/1 475/3/1 474/3/1
f 478/3/1 458/3/1 456/3/1
f 478/3/1 477/3/1 476/3/1
f 478/3/1 476/3/1 474/3/1
f 478/3/1 474/3/1 472/3/1
f 478/3/1 472/3/1 470/3/1
f 478/3/1 470/3/1 468/3/1
f 478/3/1 468/3/1 466/3/1
f 478/3/1 466/3/1 464/3/1
f 478/3/1 464/3/1 462/3/1
f 478/3/1 462/3/1 460/3/1
f 478/3/1 460/3/1 458/3/1
f 479/3/1 477/3/1 478/3/1
f 480/3/1 478/3/1 456/3/1
f 481/3/1 480/3/1 456/3/1
f 482/3/1 481/3/1 456/3/1
f 484/3/1 482/3/1 456/3/1
f 484/3/1 483/3/1 482/3/1
f 485/3/1 483/3/1 484/3/1
f 486/3/2 487/3/2 488/3/2
f 488/3/2 487/3/2 489/3/2
f 490/3/2 491/3/2 492/3/2
f 492/3/2 491/3/2 493/3/2
f 494/3/2 495/3/2 497/3/2
f 496/3/2 497/3/2 498/3/2
f 497/3/2 495/3/2 499/3/2
f 498/3/2 497/3/2 499/3/2
f 499/3/2 495/3/2 501/3/2
f 500/3/2 501/3/2 502/3/2
f 501/3/2 495/3/2 503/3/2
f 502/3/2 501/3/2 503/3/2
f 504/3/2 505/3/2 506/3/2
f 504/3/2 506/3/2 507/3/2
f 504/3/2 507/3/2 508/3/2
f 508/3/2 507/3/2 509/3/2
f 510/7/2 511/7/2 512/7/2
f 512/7/2 511/7/2 513/7/2
f 514/7/2 515/7/2 516/7/2
f 516/7/2 515/7/2 517/7/2
f 516/5/2 517/5/2 518/5/2
f 518/5/2 517/5/2 519/5/2
f 518/7/2 519/7/2 520/7/2
f 520/7/2 519/7/2 521/7/2
f 522/9/2 523/9/2 524/9/2
f 524/9/2 523/9/2 525/9/2
f 526/9/2 527/9/2 528/9/2
f 528/9/2 527/9/2 529/9/2
f 530/7/2 531/7/2 542/7/2
f 542/7/2 531/7/2 543/7/2
f 531/8/2 532/8/2 544/8/2
f 543/7/2 531/7/2 544/7/2
f 532/7/2 533/7/2 545/7/2
f 544/8/2 532/8/2 545/8/2
f 534/7/2 535/7/2 546/7/2
f 535/8/2 536/8/2 546/8/2
f 536/7/2 537/7/2 547/7/2
f 546/8/2 536/8/2 547/8/2
f 537/8/2 538/8/2 548/8/2
f 547/7/2 537/7/2 548/7/2
f 548/8/2 538/8/2 549/8/2
f 540/7/2 541/7/2 550/7/2
f 550/7/2 541/7/2 551/7/2
f 530/7/2 542/7/2 552/7/2
f 542/8/2 543/8/2 553/8/2
f 552/7/2 542/7/2 553/7/2
f 543/7/2 544/7/2 554/7/2
f 553/8/2 543/8/2 554/8/2
f 544/7/2 545/7/2 554/7/2
f 533/6/2 534/6/2 555/6/2
f 554/7/2 545/7/2 555/7/2
f 545/7/2 533/7/2 555/7/2
f 534/7/2 546/7/2 556/7/2
f 555/6/2 534/6/2 556/6/2
f 546/7/2 547/7/2 556/7/2
f 548/7/2 549/7/2 556/7/2
f 547/7/2 548/7/2 556/7/2
f 549/8/2 538/8/2 557/8/2
f 556/7/2 549/7/2 557/7/2
f 538/7/2 539/7/2 558/7/2
f 557/8/2 538/8/2 558/8/2
f 539/6/2 540/6/2 559/6/2
f 558/7/2 539/7/2 559/7/2
f 540/7/2 550/7/2 560/7/2
f 559/6/2 540/6/2 560/6/2
f 550/8/2 551/8/2 561/8/2
f 560/7/2 550/7/2 561/7/2
f 551/7/2 541/7/2 562/7/2
f 561/8/2 551/8/2 562/8/2
f 562/7/2 541/7/2 563/7/2
f 564/3/2 565/3/2 572/3/2
f 572/3/2 565/3/2 573/3/2
f 566/3/2 567/3/2 574/3/2
f 574/3/2 567/3/2 575/3/2
f 568/3/2 569/3/2 576/3/2
f 576/3/2 569/3/2 577/3/2
f 570/2/2 571/2/2 578/2/2
f 578/2/2 571/2/2 579/2/2
f 580/3/2 581/3/2 588/3/2
f 582/3/2 583/3/2 591/3/2
f 591/3/2 583/3/2 592/3/2
f 584/3/2 585/3/2 595/3/2
f 595/3/2 585/3/2 596/3/2
f 586/3/2 587/3/2 599/3/2
f 588/3/2 589/3/2 600/3/2
f 592/3/2 593/3/2 603/3/2
f 590/3/2 591/3/2 603/3/2
f 591/3/2 592/3/2 603/3/2
f 603/3/2 593/3/2 604/3/2
f 596/3/2 597/3/2 607/3/2
f 594/3/2 595/3/2 607/3/2
f 595/3/2 596/3/2 607/3/2
f 607/3/2 597/3/2 608/3/2
f 598/3/2 599/3/2 611/3/2
f 600/3/2 601/3/2 612/3/2
f 604/3/2 605/3/2 613/3/2
f 603/3/2 604/3/2 613/3/2
f 602/3/2 603/3/2 613/3/2
f 613/3/2 605/3/2 614/3/2
f 608/3/2 609/3/2 615/3/2
f 606/3/2 607/3/2 615/3/2
f 607/3/2 608/3/2 615/3/2
f 615/3/2 609/3/2 616/3/2
f 610/3/2 611/3/2 617/3/2
f 613/3/2 614/3/2 618/3/2
f 616/3/2 617/3/2 618/3/2
f 615/3/2 616/3/2 618/3/2
f 612/3/2 613/3/2 618/3/2
f 614/3/2 615/3/2 618/3/2
f 617/3/2 611/3/2 619/3/2
f 618/3/2 617/3/2 619/3/2
f 599/3/2 587/3/2 619/3/2
f 611/3/2 599/3/2 619/3/2
f 600/3/2 612/3/2 620/3/2
f 612/3/2 618/3/2 620/3/2
f 580/3/2 588/3/2 620/3/2
f 588/3/2 600/3/2 620/3/2
f 620/3/2 618/3/2 621/3/2
f 621/3/2 618/3/2 622/3/2
f 620/1/2 621/1/2 623/1/2
f 623/1/2 621/1/2 624/1/2
f 624/1/2 621/1/2 625/1/2
f 625/1/2 621/1/2 626/1/2
f 626/1/2 621/1/2 627/1/2
f 627/1/2 621/1/2 628/1/2
f 628/1/2 621/1/2 629/1/2
f 629/1/2 621/1/2 630/1/2
f 630/1/2 621/1/2 631/1/2
f 631/1/2 621/1/2 632/1/2
f 632/1/2 621/1/2 633/1/2
f 633/1/2 621/1/2 634/1/2
f 634/1/2 621/1/2 635/1/2
f 635/1/2 621/1/2 636/1/2
f 636/1/2 621/1/2 637/1/2
f 637/1/2 621/1/2 638/1/2
f 638/1/2 621/1/2 639/1/2
f 639/1/2 621/1/2 640/1/2
f 640/1/2 621/1/2 641/1/2
f 641/1/2 621/1/2 642/1/2
f 642/1/2 621/1/2 643/1/2
f 643/1/2 621/1/2 644/1/2
f 644/1/2 621/1/2 645/1/2
f 623/9/2 624/9/2 647/9/2
f 625/9/2 626/9/2 648/9/2
f 648/9/2 626/9/2 649/9/2
f 627/9/2 628/9/2 650/9/2
f 650/9/2 628/9/2 651/9/2
f 629/9/2 630/9/2 652/9/2
f 652/9/2 630/9/2 653/9/2
f 631/9/2 632/9/2 654/9/2
f 654/9/2 632/9/2 655/9/2
f 633/9/2 634/9/2 656/9/2
f 656/9/2 634/9/2 657/9/2
f 635/9/2 636/9/2 658/9/2
f 658/9/2 636/9/2 659/9/2
f 637/9/2 638/9/2 660/9/2
f 660/9/2 638/9/2 661/9/2
f 639/9/2 640/9/2 662/9/2
f 662/9/2 640/9/2 663/9/2
f 641/9/2 642/9/2 664/9/2
f 664/9/2 642/9/2 665/9/2
f 643/9/2 644/9/2 666/9/2
f 666/9/2 644/9/2 667/9/2
f 645/9/2 646/9/2 668/9/2
f 668/9/2 646/9/2 669/9/2
f 666/9/2 667/9/2 670/9/2
f 664/9/2 665/9/2 670/9/2
f 667/9/2 668/9/2 670/9/2
f 623/9/2 647/9/2 670/9/2
f 665/9/2 666/9/2 670/9/2
f 662/9/2 663/9/2 670/9/2
f 663/9/2 664/9/2 670/9/2
f 648/9/2 649/9/2 670/9/2
f 661/9/2 662/9/2 670/9/2
f 660/9/2 661/9/2 670/9/2
f 659/9/2 660/9/2 670/9/2
f 650/9/2 651/9/2 670/9/2
f 657/9/2 658/9/2 670/9/2
f 658/9/2 659/9/2 670/9/2
f 655/9/2 656/9/2 670/9/2
f 652/9/2 653/9/2 670/9/2
f 653/9/2 654/9/2 670/9/2
f 656/9/2 657/9/2 670/9/2
f 651/9/2 652/9/2 670/9/2
f 654/9/2 655/9/2 670/9/2
f 649/9/2 650/9/2 670/9/2
f 647/9/2 648/9/2 670/9/2
f 670/9/2 668/9/2 671/9/2
f 672/1/2 673/1/2 685/1/2
f 685/1/2 673/1/2 686/1/2
f 674/1/2 675/1/2 689/1/2
f 689/1/2 675/1/2 690/1/2
f 676/1/2 677/1/2 691/1/2
f 691/1/2 677/1/2 692/1/2
f 678/1/2 679/1/2 695/1/2
f 695/1/2 679/1/2 696/1/2
f 680/1/2 681/1/2 697/1/2
f 682/1/2 683/1/2 698/1/2
f 686/1/2 687/1/2 700/1/2
f 684/1/2 685/1/2 700/1/2
f 685/1/2 686/1/2 700/1/2
f 700/1/2 687/1/2 701/1/2
f 701/1/2 687/1/2 702/1/2
f 689/1/2 690/1/2 705/1/2
f 692/1/2 693/1/2 705/1/2
f 688/1/2 689/1/2 705/1/2
f 690/1/2 691/1/2 705/1/2
f 691/1/2 692/1/2 705/1/2
f 705/1/2 693/1/2 706/1/2
f 706/1/2 693/1/2 707/1/2
f 707/1/2 693/1/2 708/1/2
f 696/1/2 697/1/2 711/1/2
f 695/1/2 696/1/2 711/1/2
f 694/1/2 695/1/2 711/1/2
f 711/1/2 697/1/2 712/1/2
f 697/1/2 681/1/2 713/1/2
f 712/1/2 697/1/2 713/1/2
f 713/1/2 681/1/2 714/1/2
f 698/1/2 699/1/2 717/1/2
f 682/1/2 698/1/2 717/1/2
f 717/1/2 699/1/2 718/1/2
f 718/1/2 699/1/2 719/1/2
f 702/1/2 703/1/2 720/1/2
f 701/1/2 702/1/2 720/1/2
f 720/1/2 703/1/2 721/1/2
f 721/1/2 703/1/2 722/1/2
f 704/1/2 705/1/2 725/1/2
f 705/1/2 706/1/2 725/1/2
f 725/1/2 706/1/2 726/1/2
f 726/1/2 706/1/2 727/1/2
f 708/1/2 709/1/2 728/1/2
f 707/1/2 708/1/2 728/1/2
f 728/1/2 709/1/2 729/1/2
f 729/1/2 709/1/2 730/1/2
f 711/1/2 712/1/2 733/1/2
f 710/1/2 711/1/2 733/1/2
f 733/1/2 712/1/2 734/1/2
f 734/1/2 712/1/2 735/1/2
f 714/1/2 715/1/2 736/1/2
f 713/1/2 714/1/2 736/1/2
f 736/1/2 715/1/2 737/1/2
f 737/1/2 715/1/2 738/1/2
f 717/1/2 718/1/2 741/1/2
f 716/1/2 717/1/2 741/1/2
f 741/1/2 718/1/2 742/1/2
f 742/1/2 718/1/2 743/1/2
f 722/1/2 723/1/2 744/1/2
f 721/1/2 722/1/2 744/1/2
f 744/1/2 723/1/2 745/1/2
f 745/1/2 723/1/2 746/1/2
f 725/1/2 726/1/2 747/1/2
f 724/1/2 725/1/2 747/1/2
f 747/1/2 726/1/2 748/1/2
f 748/1/2 726/1/2 749/1/2
f 730/1/2 731/1/2 750/1/2
f 729/1/2 730/1/2 750/1/2
f 750/1/2 731/1/2 751/1/2
f 751/1/2 731/1/2 752/1/2
f 733/1/2 734/1/2 753/1/2
f 732/1/2 733/1/2 753/1/2
f 753/1/2 734/1/2 754/1/2
f 754/1/2 734/1/2 755/1/2
f 738/1/2 739/1/2 756/1/2
f 737/1/2 738/1/2 756/1/2
f 756/1/2 739/1/2 757/1/2
f 757/1/2 739/1/2 758/1/2
f 741/1/2 742/1/2 759/1/2
f 740/1/2 741/1/2 759/1/2
f 759/1/2 742/1/2 760/1/2
f 760/1/2 742/1/2 761/1/2
f 745/1/2 746/1/2 762/1/2
f 747/1/2 748/1/2 762/1/2
f 746/1/2 747/1/2 762/1/2
f 762/1/2 748/1/2 763/1/2
f 751/1/2 752/1/2 764/1/2
f 753/1/2 754/1/2 764/1/2
f 752/1/2 753/1/2 764/1/2
f 764/1/2 754/1/2 765/1/2
f 757/1/2 758/1/2 766/1/2
f 759/1/2 760/1/2 766/1/2
f 758/1/2 759/1/2 766/1/2
f 766/1/2 760/1/2 767/1/2
f 768/9/2 769/9/2 770/9/2
f 770/9/2 769/9/2 771/9/2
f 772/9/2 773/9/2 774/9/2
f 774/9/2 773/9/2 775/9/2
f 776/9/2 777/9/2 778/9/2
f 778/9/2 777/9/2 779/9/2
f 780/9/2 781/9/2 782/9/2
f 782/9/2 781/9/2 783/9/2
f 784/7/2 785/7/2 797/7/2
f 785/8/2 786/8/2 798/8/2
f 797/7/2 785/7/2 798/7/2
f 786/7/2 787/7/2 799/7/2
f 799/7/2 787/7/2 800/7/2
f 787/8/2 788/8/2 801/8/2
f 800/7/2 787/7/2 801/7/2
f 788/7/2 789/7/2 802/7/2
f 801/8/2 788/8/2 802/8/2
f 802/7/2 789/7/2 803/7/2
f 803/7/2 789/7/2 804/7/2
f 790/7/2 791/7/2 805/7/2
f 791/8/2 792/8/2 805/8/2
f 792/7/2 793/7/2 806/7/2
f 805/8/2 792/8/2 806/8/2
f 793/8/2 794/8/2 807/8/2
f 806/7/2 793/7/2 807/7/2
f 794/7/2 795/7/2 808/7/2
f 807/8/2 794/8/2 808/8/2
f 808/7/2 795/7/2 809/7/2
f 809/7/2 795/7/2 810/7/2
f 784/7/2 797/7/2 811/7/2
f 797/8/2 798/8/2 812/8/2
f 811/7/2 797/7/2 812/7/2
f 798/8/2 786/8/2 813/8/2
f 812/8/2 798/8/2 813/8/2
f 786/7/2 799/7/2 813/7/2
f 799/8/2 800/8/2 814/8/2
f 813/7/2 799/7/2 814/7/2
f 800/7/2 801/7/2 815/7/2
f 814/8/2 800/8/2 815/8/2
f 801/7/2 802/7/2 815/7/2
f 802/7/2 803/7/2 815/7/2
f 803/8/2 804/8/2 816/8/2
f 815/7/2 803/7/2 816/7/2
f 804/7/2 789/7/2 817/7/2
f 816/8/2 804/8/2 817/8/2
f 789/6/2 790/6/2 818/6/2
f 817/7/2 789/7/2 818/7/2
f 790/7/2 805/7/2 819/7/2
f 818/6/2 790/6/2 819/6/2
f 805/7/2 806/7/2 819/7/2
f 807/7/2 808/7/2 819/7/2
f 808/7/2 809/7/2 819/7/2
f 806/7/2 807/7/2 819/7/2
f 809/8/2 810/8/2 820/8/2
f 819/7/2 809/7/2 820/7/2
f 810/7/2 795/7/2 821/7/2
f 820/8/2 810/8/2 821/8/2
f 795/6/2 796/6/2 822/6/2
f 821/7/2 795/7/2 822/7/2
f 822/6/2 796/6/2 823/6/2
f 824/9/2 825/9/2 826/9/2
f 826/9/2 825/9/2 827/9/2
f 828/9/2 829/9/2 830/9/2
f 830/9/2 829/9/2 831/9/2
f 832/9/2 833/9/2 834/9/2
f 834/9/2 833/9/2 835/9/2
f 836/9/2 837/9/2 838/9/2
f 836/9/2 838/9/2 840/9/2
f 838/1/2 839/1/2 840/1/2
f 840/1/2 839/1/2 841/1/2
f 841/1/2 839/1/2 842/1/2
f 841/1/2 842/1/2 844/1/2
f 842/1/2 843/1/2 844/1/2
f 844/1/2 843/1/2 845/1/2
f 845/1/2 843/1/2 846/1/2
f 836/9/2 840/9/2 847/9/2
f 844/9/2 845/9/2 848/9/2
f 846/1/2 843/1/2 849/1/2
f 847/9/2 848/9/2 851/9/2
f 836/9/2 847/9/2 851/9/2
f 848/9/2 845/9/2 852/9/2
f 851/9/2 848/9/2 852/9/2
f 849/1/2 850/1/2 853/1/2
f 846/1/2 849/1/2 853/1/2
f 853/1/2 850/1/2 854/1/2
f 854/1/2 850/1/2 855/1/2
f 852/9/2 845/9/2 856/9/2
f 853/9/2 854/9/2 857/9/2
f 855/1/2 850/1/2 858/1/2
f 856/9/2 857/9/2 860/9/2
f 852/9/2 856/9/2 860/9/2
f 857/9/2 854/9/2 861/9/2
f 860/9/2 857/9/2 861/9/2
f 858/1/2 859/1/2 862/1/2
f 855/1/2 858/1/2 862/1/2
f 862/1/2 859/1/2 863/1/2
f 863/1/2 859/1/2 864/1/2
f 861/9/2 854/9/2 865/9/2
f 862/9/2 863/9/2 866/9/2
f 864/1/2 859/1/2 867/1/2
f 865/9/2 866/9/2 869/9/2
f 861/9/2 865/9/2 869/9/2
f 866/9/2 863/9/2 870/9/2
f 869/9/2 866/9/2 870/9/2
f 867/1/2 868/1/2 871/1/2
f 864/1/2 867/1/2 871/1/2
f 871/1/2 868/1/2 872/1/2
f 872/1/2 868/1/2 873/1/2
f 870/9/2 863/9/2 874/9/2
f 871/9/2 872/9/2 875/9/2
f 873/1/2 868/1/2 876/1/2
f 874/9/2 875/9/2 878/9/2
f 870/9/2 874/9/2 878/9/2
f 875/9/2 872/9/2 879/9/2
f 878/9/2 875/9/2 879/9/2
f 876/1/2 877/1/2 880/1/2
f 873/1/2 876/1/2 880/1/2
f 880/1/2 877/1/2 881/1/2
f 881/1/2 877/1/2 882/1/2
f 879/9/2 872/9/2 883/9/2
f 880/9/2 881/9/2 884/9/2
f 882/1/2 877/1/2 885/1/2
f 883/9/2 884/9/2 887/9/2
f 879/9/2 883/9/2 887/9/2
f 884/9/2 881/9/2 888/9/2
f 887/9/2 884/9/2 888/9/2
f 885/1/2 886/1/2 889/1/2
f 882/1/2 885/1/2 889/1/2
f 889/1/2 886/1/2 890/1/2
f 890/1/2 886/1/2 891/1/2
f 888/9/2 881/9/2 892/9/2
f 889/9/2 890/9/2 893/9/2
f 891/1/2 886/1/2 894/1/2
f 892/9/2 893/9/2 896/9/2
f 888/9/2 892/9/2 896/9/2
f 893/9/2 890/9/2 897/9/2
f 896/9/2 893/9/2 897/9/2
f 894/1/2 895/1/2 898/1/2
f 891/1/2 894/1/2 898/1/2
f 898/1/2 895/1/2 899/1/2
f 899/1/2 895/1/2 900/1/2
f 897/9/2 890/9/2 901/9/2
f 898/9/2 899/9/2 902/9/2
f 900/1/2 895/1/2 903/1/2
f 901/9/2 902/9/2 905/9/2
f 897/9/2 901/9/2 905/9/2
f 902/9/2 899/9/2 906/9/2
f 905/9/2 902/9/2 906/9/2
f 903/1/2 904/1/2 907/1/2
f 900/1/2 903/1/2 907/1/2
f 907/1/2 904/1/2 908/1/2
f 908/1/2 904/1/2 909/1/2
f 906/9/2 899/9/2 910/9/2
f 907/9/2 908/9/2 911/9/2
f 909/1/2 904/1/2 912/1/2
f 910/9/2 911/9/2 914/9/2
f 906/9/2 910/9/2 914/9/2
f 911/9/2 908/9/2 915/9/2
f 914/9/2 911/9/2 915/9/2
f 912/1/2 913/1/2 916/1/2
f 909/1/2 912/1/2 916/1/2
f 916/1/2 913/1/2 917/1/2
f 917/1/2 913/1/2 918/1/2
f 918/1/2 913/1/2 919/1/2
f 919/1/2 913/1/2 920/1/2
f 920/1/2 913/1/2 921/1/2
f 921/1/2 913/1/2 922/1/2
f 922/1/2 913/1/2 923/1/2
f 923/1/2 913/1/2 924/1/2
f 924/1/2 913/1/2 925/1/2
f 925/1/2 913/1/2 926/1/2
f 915/9/2 908/9/2 927/9/2
f 917/9/2 918/9/2 928/9/2
f 915/9/2 927/9/2 929/9/2
f 927/9/2 928/9/2 929/9/2
f 928/9/2 918/9/2 930/9/2
f 929/9/2 928/9/2 930/9/2
f 930/9/2 918/9/2 931/9/2
f 919/9/2 920/9/2 932/9/2
f 932/9/2 920/9/2 933/9/2
f 921/9/2 922/9/2 934/9/2
f 934/9/2 922/9/2 935/9/2
f 923/9/2 924/9/2 936/9/2
f 936/9/2 924/9/2 937/9/2
f 925/9/2 926/9/2 938/9/2
f 936/9/2 937/9/2 939/9/2
f 937/9/2 938/9/2 939/9/2
f 934/9/2 935/9/2 939/9/2
f 932/9/2 933/9/2 939/9/2
f 935/9/2 936/9/2 939/9/2
f 930/9/2 931/9/2 939/9/2
f 933/9/2 934/9/2 939/9/2
f 931/9/2 932/9/2 939/9/2
f 938/9/2 926/9/2 940/9/2
f 939/9/2 938/9/2 940/9/2
f 941/7/2 942/7/2 959/7/2
f 942/8/2 943/8/2 959/8/2
f 943/7/2 944/7/2 960/7/2
f 959/8/2 943/8/2 960/8/2
f 945/7/2 946/7/2 961/7/2
f 946/8/2 947/8/2 961/8/2
f 947/7/2 948/7/2 962/7/2
f 961/8/2 947/8/2 962/8/2
f 949/7/2 950/7/2 963/7/2
f 950/8/2 951/8/2 964/8/2
f 963/7/2 950/7/2 964/7/2
f 951/7/2 952/7/2 965/7/2
f 964/8/2 951/8/2 965/8/2
f 952/8/2 953/8/2 966/8/2
f 965/7/2 952/7/2 966/7/2
f 953/7/2 954/7/2 967/7/2
f 966/8/2 953/8/2 967/8/2
f 955/7/2 956/7/2 968/7/2
f 968/7/2 956/7/2 969/7/2
f 956/8/2 957/8/2 970/8/2
f 969/7/2 956/7/2 970/7/2
f 957/7/2 958/7/2 971/7/2
f 970/8/2 957/8/2 971/8/2
f 941/7/2 959/7/2 972/7/2
f 959/7/2 960/7/2 972/7/2
f 944/6/2 945/6/2 973/6/2
f 972/7/2 960/7/2 973/7/2
f 960/7/2 944/7/2 973/7/2
f 945/7/2 961/7/2 974/7/2
f 973/6/2 945/6/2 974/6/2
f 961/7/2 962/7/2 974/7/2
f 948/8/2 949/8/2 975/8/2
f 974/7/2 962/7/2 975/7/2
f 962/7/2 948/7/2 975/7/2
f 949/7/2 963/7/2 976/7/2
f 975/8/2 949/8/2 976/8/2
f 963/8/2 964/8/2 977/8/2
f 976/7/2 963/7/2 977/7/2
f 966/7/2 967/7/2 978/7/2
f 977/8/2 964/8/2 978/8/2
f 964/7/2 965/7/2 978/7/2
f 965/7/2 966/7/2 978/7/2
f 967/7/2 954/7/2 979/7/2
f 978/7/2 967/7/2 979/7/2
f 954/6/2 955/6/2 979/6/2
f 955/7/2 968/7/2 980/7/2
f 979/6/2 955/6/2 980/6/2
f 968/8/2 969/8/2 981/8/2
f 980/7/2 968/7/2 981/7/2
f 969/7/2 970/7/2 982/7/2
f 981/8/2 969/8/2 982/8/2
f 970/7/2 971/7/2 982/7/2
f 971/7/2 958/7/2 983/7/2
f 982/7/2 971/7/2 983/7/2
f 984/4/2 985/4/2 987/4/2
f 987/4/2 985/4/2 988/4/2
f 988/4/2 985/4/2 989/4/2
f 985/3/2 986/3/2 990/3/2
f 989/4/2 985/4/2 990/4/2
f 987/3/2 988/3/2 991/3/2
f 989/3/2 990/3/2 992/3/2
f 987/3/2 991/3/2 993/3/2
f 991/3/2 992/3/2 993/3/2
f 990/3/2 986/3/2 994/3/2
f 993/3/2 992/3/2 994/3/2
f 992/3/2 990/3/2 994/3/2
f 998/4/3 996/4/3 995/4/3
f 998/3/3 997/3/3 996/3/3
f 999/3/3 997/3/3 998/3/3
f 1000/3/3 997/3/3 999/3/3
f 1001/3/3 997/3/3 1000/3/3
f 1002/3/3 997/3/3 1001/3/3
f 1003/3/3 997/3/3 1002/3/3
f 1004/3/3 997/3/3 1003/3/3
f 1005/3/3 997/3/3 1004/3/3
f 1006/3/3 997/3/3 1005/3/3
f 1007/3/3 997/3/3 1006/3/3
f 1008/3/3 997/3/3 1007/3/3
f 1009/3/3 997/3/3 1008/3/3
f 1010/3/3 997/3/3 1009/3/3
f 1011/7/3 1000/7/3 999/7/3
f 1012/7/3 1000/7/3 1011/7/3
f 1013/1/3 1003/1/3 1002/1/3
f 1014/9/3 1005/9/3 1004/9/3
f 1015/7/3 1007/7/3 1006/7/3
f 1016/5/3 1008/5/3 1007/5/3
f 1016/7/3 1007/7/3 1015/7/3
f 1017/7/3 1009/7/3 1008/7/3
f 1017/5/3 1008/5/3 1016/5/3
f 1018/7/3 1009/7/3 1017/7/3
f 1019/9/3 1014/9/3 1013/9/3
f 1019/1/3 1013/1/3 1002/1/3
f 1020/9/3 1005/9/3 1014/9/3
f 1020/9/3 1014/9/3 1019/9/3
f 1023/1/3 1019/1/3 1002/1/3
f 1024/9/3 1005/9/3 1020/9/3
f 1025/1/3 1023/1/3 1002/1/3
f 1025/9/3 1024/9/3 1023/9/3
f 1026/9/3 1005/9/3 1024/9/3
f 1026/9/3 1024/9/3 1025/9/3
f 1027/7/3 1022/7/3 1021/7/3
f 1028/7/3 1022/7/3 1027/7/3
f 1029/4/3 998/4/3 995/4/3
f 1030/3/3 1002/3/3 1001/3/3
f 1031/1/3 1025/1/3 1002/1/3
f 1032/9/3 1005/9/3 1026/9/3
f 1033/3/3 1030/3/3 1029/3/3
f 1033/4/3 1029/4/3 995/4/3
f 1034/3/3 1030/3/3 1033/3/3
f 1035/3/3 1030/3/3 1034/3/3
f 1036/1/3 1031/1/3 1002/1/3
f 1036/3/3 1030/3/3 1035/3/3
f 1036/3/3 1002/3/3 1030/3/3
f 1037/9/3 1032/9/3 1031/9/3
f 1037/1/3 1031/1/3 1036/1/3
f 1038/9/3 1005/9/3 1032/9/3
f 1038/9/3 1032/9/3 1037/9/3
f 1039/1/3 1035/1/3 1034/1/3
f 1040/1/3 1035/1/3 1039/1/3
f 1043/7/3 1042/7/3 1041/7/3
f 1044/7/3 1042/7/3 1043/7/3
f 1048/8/3 1046/8/3 1045/8/3
f 1049/7/3 1047/7/3 1046/7/3
f 1049/8/3 1046/8/3 1048/8/3
f 1050/7/3 1049/7/3 1048/7/3
f 1051/7/3 1047/7/3 1049/7/3
f 1051/7/3 1049/7/3 1050/7/3
f 1052/4/3 1033/4/3 995/4/3
f 1054/4/3 1052/4/3 995/4/3
f 1055/3/3 1053/3/3 1052/3/3
f 1055/4/3 1052/4/3 1054/4/3
f 1056/3/3 1053/3/3 1055/3/3
f 1061/7/3 1058/7/3 1057/7/3
f 1062/5/3 1059/5/3 1058/5/3
f 1062/7/3 1058/7/3 1061/7/3
f 1063/7/3 1060/7/3 1059/7/3
f 1063/5/3 1059/5/3 1062/5/3
f 1064/7/3 1060/7/3 1063/7/3
f 1067/1/3 1066/1/3 1065/1/3
f 1068/1/3 1066/1/3 1067/1/3
f 1071/1/3 1070/1/3 1069/1/3
f 1072/1/3 1070/1/3 1071/1/3
f 1075/9/3 1074/9/3 1073/9/3
f 1076/9/3 1074/9/3 1075/9/3
f 1079/1/3 1078/1/3 1077/1/3
f 1080/1/3 1078/1/3 1079/1/3
f 1085/9/3 1082/9/3 1081/9/3
f 1086/9/3 1082/9/3 1085/9/3
f 1087/1/3 1084/1/3 1083/1/3
f 1088/1/3 1084/1/3 1087/1/3
f 1091/3/3 1090/3/3 1089/3/3
f 1092/3/3 1090/3/3 1091/3/3
f 1095/1/3 1094/1/3 1093/1/3
f 1096/1/3 1094/1/3 1095/1/3
f 1099/1/3 1098/1/3 1097/1/3
f 1100/1/3 1098/1/3 1099/1/3
f 1106/1/3 1102/1/3 1101/1/3
f 1107/9/3 1103/9/3 1102/9/3
f 1107/1/3 1102/1/3 1106/1/3
f 1108/9/3 1103/9/3 1107/9/3
f 1109/9/3 1105/9/3 1104/9/3
f 1110/9/3 1105/9/3 1109/9/3
f 1113/1/3 1112/1/3 1111/1/3
f 1114/1/3 1112/1/3 1113/1/3
f 1117/1/3 1116/1/3 1115/1/3
f 1118/1/3 1116/1/3 1117/1/3
f 1121/3/3 1120/3/3 1119/3/3
f 1122/3/3 1120/3/3 1121/3/3
f 1125/9/3 1124/9/3 1123/9/3
f 1126/9/3 1124/9/3 1125/9/3
f 1132/1/3 1128/1/3 1127/1/3
f 1133/9/3 1129/9/3 1128/9/3
f 1133/1/3 1128/1/3 1132/1/3
f 1134/9/3 1129/9/3 1133/9/3
f 1135/9/3 1131/9/3 1130/9/3
f 1136/9/3 1131/9/3 1135/9/3
f 1139/3/3 1138/3/3 1137/3/3
f 1140/3/3 1138/3/3 1139/3/3
f 1146/1/3 1142/1/3 1141/1/3
f 1147/9/3 1143/9/3 1142/9/3
f 1147/1/3 1142/1/3 1146/1/3
f 1148/9/3 1143/9/3 1147/9/3
f 1149/9/3 1145/9/3 1144/9/3
f 1150/9/3 1145/9/3 1149/9/3
f 1155/9/3 1154/9/3 1153/9/3
f 1156/9/3 1154/9/3 1155/9/3
f 1157/1/3 1152/1/3 1151/1/3
f 1158/1/3 1152/1/3 1157/1/3
f 1161/3/3 1160/3/3 1159/3/3
f 1162/3/3 1160/3/3 1161/3/3
f 1165/1/3 1164/1/3 1163/1/3
f 1166/1/3 1164/1/3 1165/1/3
f 1172/1/3 1168/1/3 1167/1/3
f 1173/9/3 1169/9/3 1168/9/3
f 1173/1/3 1168/1/3 1172/1/3
f 1174/9/3 1169/9/3 1173/9/3
f 1175/9/3 1171/9/3 1170/9/3
f 1176/9/3 1171/9/3 1175/9/3
f 1179/1/3 1178/1/3 1177/1/3
f 1180/1/3 1178/1/3 1179/1/3
f 1183/3/3 1182/3/3 1181/3/3
f 1184/3/3 1182/3/3 1183/3/3
f 1189/9/3 1188/9/3 1187/9/3
f 1190/9/3 1188/9/3 1189/9/3
f 1191/1/3 1186/1/3 1185/1/3
f 1192/1/3 1186/1/3 1191/1/3
f 1198/1/3 1194/1/3 1193/1/3
f 1199/9/3 1195/9/3 1194/9/3
f 1199/1/3 1194/1/3 1198/1/3
f 1200/9/3 1195/9/3 1199/9/3
f 1201/9/3 1197/9/3 1196/9/3
f 1202/9/3 1197/9/3 1201/9/3
f 1205/3/3 1204/3/3 1203/3/3
f 1206/3/3 1204/3/3 1205/3/3
f 1212/1/3 1208/1/3 1207/1/3
f 1213/9/3 1209/9/3 1208/9/3
f 1213/1/3 1208/1/3 1212/1/3
f 1214/9/3 1209/9/3 1213/9/3
f 1215/9/3 1211/9/3 1210/9/3
f 1216/9/3 1211/9/3 1215/9/3
f 1219/1/3 1218/1/3 1217/1/3
f 1220/1/3 1218/1/3 1219/1/3
f 1225/9/3 1222/9/3 1221/9/3
f 1226/9/3 1222/9/3 1225/9/3
f 1227/1/3 1224/1/3 1223/1/3
f 1228/1/3 1224/1/3 1227/1/3
f 1231/3/3 1230/3/3 1229/3/3
f 1232/3/3 1230/3/3 1231/3/3
f 1235/1/3 1234/1/3 1233/1/3
f 1236/1/3 1234/1/3 1235/1/3
f 1239/1/3 1238/1/3 1237/1/3
f 1240/1/3 1238/1/3 1239/1/3
f 1246/1/3 1242/1/3 1241/1/3
f 1247/9/3 1243/9/3 1242/9/3
f 1247/1/3 1242/1/3 1246/1/3
f 1248/9/3 1243/9/3 1247/9/3
f 1249/9/3 1245/9/3 1244/9/3
f 1250/9/3 1245/9/3 1249/9/3
f 1253/1/3 1252/1/3 1251/1/3
f 1254/1/3 1252/1/3 1253/1/3
f 1257/1/3 1256/1/3 1255/1/3
f 1258/1/3 1256/1/3 1257/1/3
f 1261/3/3 1260/3/3 1259/3/3
f 1262/3/3 1260/3/3 1261/3/3
f 1265/1/3 1264/1/3 1263/1/3
f 1266/1/3 1264/1/3 1265/1/3
f 1271/9/3 1268/9/3 1267/9/3
f 1272/9/3 1268/9/3 1271/9/3
f 1273/1/3 1270/1/3 1269/1/3
f 1274/1/3 1270/1/3 1273/1/3
f 1280/1/3 1276/1/3 1275/1/3
f 1281/9/3 1277/9/3 1276/9/3
f 1281/1/3 1276/1/3 1280/1/3
f 1282/9/3 1277/9/3 1281/9/3
f 1283/9/3 1279/9/3 1278/9/3
f 1284/9/3 1279/9/3 1283/9/3
f 1287/3/3 1286/3/3 1285/3/3
f 1288/3/3 1286/3/3 1287/3/3
f 1291/1/3 1290/1/3 1289/1/3
f 1292/1/3 1290/1/3 1291/1/3
f 1295/9/3 1294/9/3 1293/9/3
f 1296/9/3 1294/9/3 1295/9/3
f 1303/9/3 1298/9/3 1297/9/3
f 1304/9/3 1298/9/3 1303/9/3
f 1305/9/3 1300/9/3 1299/9/3
f 1306/9/3 1300/9/3 1305/9/3
f 1307/3/3 1302/3/3 1301/3/3
f 1308/3/3 1302/3/3 1307/3/3
f 1311/1/3 1310/1/3 1309/1/3
f 1312/1/3 1310/1/3 1311/1/3
f 1315/1/3 1314/1/3 1313/1/3
f 1316/1/3 1314/1/3 1315/1/3
f 1321/9/3 1320/9/3 1319/9/3
f 1322/9/3 1320/9/3 1321/9/3
f 1323/1/3 1318/1/3 1317/1/3
f 1324/1/3 1318/1/3 1323/1/3
f 1327/9/3 1326/9/3 1325/9/3
f 1328/9/3 1326/9/3 1327/9/3
f 1331/1/3 1330/1/3 1329/1/3
f 1332/1/3 1330/1/3 1331/1/3
f 1335/9/3 1334/9/3 1333/9/3
f 1336/9/3 1334/9/3 1335/9/3
f 1339/9/3 1338/9/3 1337/9/3
f 1340/9/3 1338/9/3 1339/9/3
f 1345/1/3 1342/1/3 1341/1/3
f 1346/1/3 1342/1/3 1345/1/3
f 1347/1/3 1344/1/3 1343/1/3
f 1348/1/3 1344/1/3 1347/1/3
f 1353/1/3 1350/1/3 1349/1/3
f 1354/1/3 1350/1/3 1353/1/3
f 1355/1/3 1352/1/3 1351/1/3
f 1356/1/3 1352/1/3 1355/1/3
f 1359/1/3 1358/1/3 1357/1/3
f 1360/1/3 1358/1/3 1359/1/3
f 1363/1/3 1362/1/3 1361/1/3
f 1364/1/3 1362/1/3 1363/1/3
f 1367/1/3 1366/1/3 1365/1/3
f 1368/1/3 1366/1/3 1367/1/3
f 1373/9/3 1370/9/3 1369/9/3
f 1374/9/3 1370/9/3 1373/9/3
f 1375/1/3 1372/1/3 1371/1/3
f 1376/1/3 1372/1/3 1375/1/3
f 1379/9/3 1378/9/3 1377/9/3
f 1380/9/3 1378/9/3 1379/9/3
f 1384/9/3 1382/9/3 1381/9/3
f 1385/9/3 1382/9/3 1384/9/3
f 1387/1/3 1384/1/3 1383/1/3
f 1388/9/3 1386/9/3 1385/9/3
f 1389/1/3 1387/1/3 1383/1/3
f 1389/9/3 1388/9/3 1387/9/3
f 1390/9/3 1386/9/3 1388/9/3
f 1390/9/3 1388/9/3 1389/9/3
f 1391/1/3 1389/1/3 1383/1/3
f 1392/9/3 1386/9/3 1390/9/3
f 1393/1/3 1391/1/3 1383/1/3
f 1393/9/3 1392/9/3 1391/9/3
f 1394/9/3 1386/9/3 1392/9/3
f 1394/9/3 1392/9/3 1393/9/3
f 1395/1/3 1393/1/3 1383/1/3
f 1396/9/3 1386/9/3 1394/9/3
f 1397/1/3 1395/1/3 1383/1/3
f 1397/9/3 1396/9/3 1395/9/3
f 1398/9/3 1386/9/3 1396/9/3
f 1398/9/3 1396/9/3 1397/9/3
f 1399/1/3 1397/1/3 1383/1/3
f 1400/9/3 1386/9/3 1398/9/3
f 1401/1/3 1399/1/3 1383/1/3
f 1401/9/3 1400/9/3 1399/9/3
f 1402/9/3 1386/9/3 1400/9/3
f 1402/9/3 1400/9/3 1401/9/3
f 1403/1/3 1401/1/3 1383/1/3
f 1404/9/3 1386/9/3 1402/9/3
f 1405/1/3 1403/1/3 1383/1/3
f 1405/9/3 1404/9/3 1403/9/3
f 1406/9/3 1386/9/3 1404/9/3
f 1406/9/3 1404/9/3 1405/9/3
f 1407/1/3 1405/1/3 1383/1/3
f 1408/9/3 1386/9/3 1406/9/3
f 1409/1/3 1407/1/3 1383/1/3
f 1409/9/3 1408/9/3 1407/9/3
f 1410/9/3 1386/9/3 1408/9/3
f 1410/9/3 1408/9/3 1409/9/3
f 1411/1/3 1409/1/3 1383/1/3
f 1412/9/3 1386/9/3 1410/9/3
f 1413/1/3 1411/1/3 1383/1/3
f 1413/9/3 1412/9/3 1411/9/3
f 1414/9/3 1386/9/3 1412/9/3
f 1414/9/3 1412/9/3 1413/9/3
f 1415/1/3 1413/1/3 1383/1/3
f 1416/1/3 1413/1/3 1415/1/3
f 1417/9/3 1386/9/3 1414/9/3
f 1418/9/3 1386/9/3 1417/9/3
f 1419/9/3 1417/9/3 1416/9/3
f 1420/9/3 1417/9/3 1419/9/3
f 1425/1/3 1422/1/3 1421/1/3
f 1426/1/3 1422/1/3 1425/1/3
f 1427/3/3 1424/3/3 1423/3/3
f 1428/3/3 1424/3/3 1427/3/3
f 1431/1/3 1430/1/3 1429/1/3
f 1432/1/3 1430/1/3 1431/1/3
f 1435/1/3 1434/1/3 1433/1/3
f 1436/1/3 1434/1/3 1435/1/3
f 1445/3/3 1442/3/3 1441/3/3
f 1446/3/3 1444/3/3 1443/3/3
f 1447/7/3 1438/7/3 1437/7/3
f 1448/5/3 1439/5/3 1438/5/3
f 1448/7/3 1438/7/3 1447/7/3
f 1449/7/3 1440/7/3 1439/7/3
f 1449/5/3 1439/5/3 1448/5/3
f 1450/7/3 1440/7/3 1449/7/3
f 1451/3/3 1446/3/3 1445/3/3
f 1451/3/3 1445/3/3 1441/3/3
f 1452/3/3 1444/3/3 1446/3/3
f 1452/3/3 1446/3/3 1451/3/3
f 1463/3/3 1454/3/3 1453/3/3
f 1464/3/3 1456/3/3 1455/3/3
f 1465/3/3 1460/3/3 1459/3/3
f 1466/3/3 1460/3/3 1465/3/3
f 1467/7/3 1461/7/3 1460/7/3
f 1467/3/3 1460/3/3 1466/3/3
f 1468/3/3 1462/3/3 1461/3/3
f 1468/7/3 1461/7/3 1467/7/3
f 1469/7/3 1466/7/3 1465/7/3
f 1470/3/3 1467/3/3 1466/3/3
f 1470/7/3 1466/7/3 1469/7/3
f 1470/3/3 1468/3/3 1467/3/3
f 1471/3/3 1468/3/3 1470/3/3
f 1472/3/3 1462/3/3 1468/3/3
f 1472/3/3 1468/3/3 1471/3/3
f 1473/3/3 1471/3/3 1470/3/3
f 1473/3/3 1470/3/3 1469/3/3
f 1474/7/3 1472/7/3 1471/7/3
f 1474/3/3 1471/3/3 1473/3/3
f 1475/3/3 1462/3/3 1472/3/3
f 1475/7/3 1472/7/3 1474/7/3
f 1476/3/3 1462/3/3 1475/3/3
f 1477/3/3 1458/3/3 1457/3/3
f 1478/3/3 1458/3/3 1477/3/3
f 1479/3/3 1473/3/3 1469/3/3
f 1480/7/3 1474/7/3 1473/7/3
f 1480/3/3 1473/3/3 1479/3/3
f 1480/7/3 1475/7/3 1474/7/3
f 1481/7/3 1475/7/3 1480/7/3
f 1482/7/3 1478/7/3 1477/7/3
f 1482/3/3 1477/3/3 1457/3/3
f 1483/3/3 1458/3/3 1478/3/3
f 1483/7/3 1478/7/3 1482/7/3
f 1484/3/3 1458/3/3 1483/3/3
f 1485/7/3 1480/7/3 1479/7/3
f 1486/3/3 1481/3/3 1480/3/3
f 1486/7/3 1480/7/3 1485/7/3
f 1487/7/3 1475/7/3 1481/7/3
f 1489/3/3 1464/3/3 1463/3/3
f 1489/3/3 1456/3/3 1464/3/3
f 1490/3/3 1456/3/3 1489/3/3
f 1491/7/3 1484/7/3 1483/7/3
f 1491/3/3 1483/3/3 1482/3/3
f 1492/7/3 1484/7/3 1491/7/3
f 1493/3/3 1481/3/3 1486/3/3
f 1493/3/3 1486/3/3 1485/3/3
f 1494/7/3 1488/7/3 1487/7/3
f 1494/3/3 1481/3/3 1493/3/3
f 1494/7/3 1487/7/3 1481/7/3
f 1495/7/3 1488/7/3 1494/7/3
f 1496/7/3 1488/7/3 1495/7/3
f 1497/3/3 1463/3/3 1453/3/3
f 1497/3/3 1489/3/3 1463/3/3
f 1498/3/3 1489/3/3 1497/3/3
f 1499/3/3 1456/3/3 1490/3/3
f 1500/3/3 1456/3/3 1499/3/3
f 1501/3/3 1492/3/3 1491/3/3
f 1501/3/3 1491/3/3 1482/3/3
f 1502/3/3 1492/3/3 1501/3/3
f 1503/3/3 1493/3/3 1485/3/3
f 1504/7/3 1495/7/3 1494/7/3
f 1504/3/3 1493/3/3 1503/3/3
f 1504/7/3 1494/7/3 1493/7/3
f 1505/7/3 1495/7/3 1504/7/3
f 1506/7/3 1495/7/3 1505/7/3
f 1507/7/3 1495/7/3 1506/7/3
f 1508/3/3 1496/3/3 1495/3/3
f 1508/7/3 1495/7/3 1507/7/3
f 1509/7/3 1502/7/3 1501/7/3
f 1509/3/3 1501/3/3 1482/3/3
f 1510/7/3 1502/7/3 1509/7/3
f 1511/7/3 1505/7/3 1504/7/3
f 1511/7/3 1504/7/3 1503/7/3
f 1512/3/3 1506/3/3 1505/3/3
f 1512/7/3 1505/7/3 1511/7/3
f 1513/7/3 1507/7/3 1506/7/3
f 1513/3/3 1506/3/3 1512/3/3
f 1514/3/3 1508/3/3 1507/3/3
f 1514/7/3 1507/7/3 1513/7/3
f 1515/3/3 1496/3/3 1508/3/3
f 1515/3/3 1508/3/3 1514/3/3
f 1516/3/3 1514/3/3 1513/3/3
f 1516/3/3 1512/3/3 1511/3/3
f 1516/7/3 1515/7/3 1514/7/3
f 1516/3/3 1513/3/3 1512/3/3
f 1517/3/3 1496/3/3 1515/3/3
f 1517/7/3 1515/7/3 1516/7/3
f 1518/3/3 1516/3/3 1511/3/3
f 1518/3/3 1517/3/3 1516/3/3
f 1519/3/3 1496/3/3 1517/3/3
f 1519/3/3 1517/3/3 1518/3/3
f 1520/3/3 1518/3/3 1511/3/3
f 1522/3/3 1520/3/3 1511/3/3
f 1522/3/3 1521/3/3 1520/3/3
f 1523/3/3 1521/3/3 1522/3/3
f 1524/3/3 1522/3/3 1511/3/3
f 1526/3/3 1509/3/3 1482/3/3
f 1526/3/3 1482/3/3 1457/3/3
f 1526/3/3 1510/3/3 1509/3/3
f 1527/3/3 1510/3/3 1526/3/3
f 1528/3/3 1525/3/3 1524/3/3
f 1528/3/3 1524/3/3 1511/3/3
f 1529/3/3 1525/3/3 1528/3/3
f 1530/1/4 1531/1/4 1534/1/4
f 1532/9/4 1533/9/4 1535/9/4
f 1530/1/4 1534/1/4 1536/1/4
f 1534/9/4 1535/9/4 1536/9/4
f 1535/9/4 1533/9/4 1537/9/4
f 1536/9/4 1535/9/4 1537/9/4
f 1530/1/4 1536/1/4 1538/1/4
f 1537/9/4 1533/9/4 1539/9/4
f 1530/1/4 1538/1/4 1540/1/4
f 1538/9/4 1539/9/4 1540/9/4
f 1539/9/4 1533/9/4 1541/9/4
f 1540/9/4 1539/9/4 1541/9/4
f 1530/1/4 1540/1/4 1542/1/4
f 1542/1/4 1540/1/4 1543/1/4
f 1541/9/4 1533/9/4 1544/9/4
f 1544/9/4 1533/9/4 1545/9/4
f 1543/9/4 1544/9/4 1546/9/4
f 1546/9/4 1544/9/4 1547/9/4
f 1548/1/4 1549/1/4 1550/1/4
f 1550/1/4 1549/1/4 1551/1/4
f 1552/9/4 1553/9/4 1554/9/4
f 1554/9/4 1553/9/4 1555/9/4
f 1558/9/4 1559/9/4 1560/9/4
f 1560/9/4 1559/9/4 1561/9/4
f 1556/1/4 1557/1/4 1562/1/4
f 1562/1/4 1557/1/4 1563/1/4
f 1564/1/4 1565/1/4 1566/1/4
f 1566/1/4 1565/1/4 1567/1/4
f 1568/9/4 1569/9/4 1570/9/4
f 1570/9/4 1569/9/4 1571/9/4
f 1572/1/4 1573/1/4 1574/1/4
f 1574/1/4 1573/1/4 1575/1/4
f 1576/9/4 1577/9/4 1578/9/4
f 1578/9/4 1577/9/4 1579/9/4
f 1580/9/4 1581/9/4 1582/9/4
f 1582/9/4 1581/9/4 1583/9/4
f 1584/9/4 1585/9/4 1586/9/4
f 1586/9/4 1585/9/4 1587/9/4
f 1588/1/4 1589/1/4 1590/1/4
f 1590/1/4 1589/1/4 1591/1/4
f 1592/9/4 1593/9/4 1596/9/4
f 1596/9/4 1593/9/4 1597/9/4
f 1594/1/4 1595/1/4 1598/1/4
f 1598/1/4 1595/1/4 1599/1/4
f 1600/1/4 1601/1/4 1602/1/4
f 1602/1/4 1601/1/4 1603/1/4
f 1604/1/4 1605/1/4 1606/1/4
f 1606/1/4 1605/1/4 1607/1/4
f 1608/9/4 1609/9/4 1610/9/4
f 1610/9/4 1609/9/4 1611/9/4
f 1612/1/4 1613/1/4 1614/1/4
f 1614/1/4 1613/1/4 1615/1/4
f 1616/1/4 1617/1/4 1618/1/4
f 1618/1/4 1617/1/4 1619/1/4
f 1620/1/4 1621/1/4 1622/1/4
f 1622/1/4 1621/1/4 1623/1/4
f 1624/9/4 1625/9/4 1628/9/4
f 1628/9/4 1625/9/4 1629/9/4
f 1626/1/4 1627/1/4 1630/1/4
f 1630/1/4 1627/1/4 1631/1/4
f 1632/9/4 1633/9/4 1634/9/4
f 1634/9/4 1633/9/4 1635/9/4
f 1636/9/4 1637/9/4 1638/9/4
f 1638/9/4 1637/9/4 1639/9/4
f 1642/9/4 1643/9/4 1644/9/4
f 1644/9/4 1643/9/4 1645/9/4
f 1640/1/4 1641/1/4 1646/1/4
f 1646/1/4 1641/1/4 1647/1/4
f 1648/1/4 1649/1/4 1650/1/4
f 1650/1/4 1649/1/4 1651/1/4
f 1652/9/4 1653/9/4 1654/9/4
f 1654/9/4 1653/9/4 1655/9/4
f 1656/1/4 1657/1/4 1658/1/4
f 1658/1/4 1657/1/4 1659/1/4
f 1662/9/4 1663/9/4 1664/9/4
f 1664/9/4 1663/9/4 1665/9/4
f 1660/1/4 1661/1/4 1666/1/4
f 1666/1/4 1661/1/4 1667/1/4
f 1668/9/4 1669/9/4 1670/9/4
f 1670/9/4 1669/9/4 1671/9/4
f 1672/9/4 1673/9/4 1674/9/4
f 1674/9/4 1673/9/4 1675/9/4
f 1678/9/4 1679/9/4 1680/9/4
f 1680/9/4 1679/9/4 1681/9/4
f 1676/3/4 1677/3/4 1682/3/4
f 1682/3/4 1677/3/4 1683/3/4
f 1684/1/4 1685/1/4 1686/1/4
f 1686/1/4 1685/1/4 1687/1/4
f 1688/1/4 1689/1/4 1690/1/4
f 1690/1/4 1689/1/4 1691/1/4
f 1692/1/4 1693/1/4 1694/1/4
f 1694/1/4 1693/1/4 1695/1/4
f 1696/1/4 1697/1/4 1698/1/4
f 1698/1/4 1697/1/4 1699/1/4
f 1700/1/4 1701/1/4 1702/1/4
f 1702/1/4 1701/1/4 1703/1/4
f 1704/9/4 1705/9/4 1708/9/4
f 1708/9/4 1705/9/4 1709/9/4
f 1706/1/4 1707/1/4 1710/1/4
f 1710/1/4 1707/1/4 1711/1/4
f 1712/9/4 1713/9/4 1714/9/4
f 1714/9/4 1713/9/4 1715/9/4
f 1716/1/4 1717/1/4 1718/1/4
f 1718/1/4 1717/1/4 1719/1/4
f 1720/1/4 1721/1/4 1722/1/4
f 1722/1/4 1721/1/4 1723/1/4
f 1724/9/4 1725/9/4 1726/9/4
f 1726/9/4 1725/9/4 1727/9/4
f 1728/9/4 1729/9/4 1730/9/4
f 1730/9/4 1729/9/4 1731/9/4
f 1732/1/4 1733/1/4 1734/1/4
f 1734/1/4 1733/1/4 1735/1/4
f 1736/1/4 1737/1/4 1738/1/4
f 1738/1/4 1737/1/4 1739/1/4
f 1742/9/4 1743/9/4 1744/9/4
f 1744/9/4 1743/9/4 1745/9/4
f 1740/1/4 1741/1/4 1746/1/4
f 1746/1/4 1741/1/4 1747/1/4
f 1748/9/4 1749/9/4 1750/9/4
f 1750/9/4 1749/9/4 1751/9/4
f 1752/1/4 1753/1/4 1755/1/4
f 1753/9/4 1754/9/4 1755/9/4
f 1755/9/4 1754/9/4 1756/9/4
f 1752/1/4 1755/1/4 1757/1/4
f 1756/9/4 1754/9/4 1758/9/4
f 1752/1/4 1757/1/4 1759/1/4
f 1757/9/4 1758/9/4 1759/9/4
f 1758/9/4 1754/9/4 1760/9/4
f 1759/9/4 1758/9/4 1760/9/4
f 1752/1/4 1759/1/4 1761/1/4
f 1760/9/4 1754/9/4 1762/9/4
f 1752/1/4 1761/1/4 1763/1/4
f 1761/9/4 1762/9/4 1763/9/4
f 1762/9/4 1754/9/4 1764/9/4
f 1763/9/4 1762/9/4 1764/9/4
f 1752/1/4 1763/1/4 1765/1/4
f 1764/9/4 1754/9/4 1766/9/4
f 1752/1/4 1765/1/4 1767/1/4
f 1765/9/4 1766/9/4 1767/9/4
f 1766/9/4 1754/9/4 1768/9/4
f 1767/9/4 1766/9/4 1768/9/4
f 1752/1/4 1767/1/4 1769/1/4
f 1768/9/4 1754/9/4 1770/9/4
f 1752/1/4 1769/1/4 1771/1/4
f 1769/9/4 1770/9/4 1771/9/4
f 1770/9/4 1754/9/4 1772/9/4
f 1771/9/4 1770/9/4 1772/9/4
f 1752/1/4 1771/1/4 1773/1/4
f 1772/9/4 1754/9/4 1774/9/4
f 1752/1/4 1773/1/4 1775/1/4
f 1773/9/4 1774/9/4 1775/9/4
f 1774/9/4 1754/9/4 1776/9/4
f 1775/9/4 1774/9/4 1776/9/4
f 1752/1/4 1775/1/4 1777/1/4
f 1776/9/4 1754/9/4 1778/9/4
f 1752/1/4 1777/1/4 1779/1/4
f 1777/9/4 1778/9/4 1779/9/4
f 1778/9/4 1754/9/4 1780/9/4
f 1779/9/4 1778/9/4 1780/9/4
f 1752/1/4 1779/1/4 1781/1/4
f 1780/9/4 1754/9/4 1782/9/4
f 1752/1/4 1781/1/4 1783/1/4
f 1781/9/4 1782/9/4 1783/9/4
f 1782/9/4 1754/9/4 1784/9/4
f 1783/9/4 1782/9/4 1784/9/4
f 1752/1/4 1783/1/4 1785/1/4
f 1784/9/4 1754/9/4 1786/9/4
f 1752/1/4 1785/1/4 1787/1/4
f 1785/9/4 1786/9/4 1788/9/4
f 1787/1/4 1785/1/4 1788/1/4
f 1786/9/4 1754/9/4 1789/9/4
f 1788/9/4 1786/9/4 1789/9/4
f 1790/1/4 1791/1/4 1792/1/4
f 1792/1/4 1791/1/4 1793/1/4
f 1794/1/4 1795/1/4 1796/1/4
f 1796/1/4 1795/1/4 1797/1/4
f 1798/1/4 1799/1/4 1800/1/4
f 1800/1/4 1799/1/4 1801/1/4
f 1802/1/4 1803/1/4 1804/1/4
f 1804/1/4 1803/1/4 1805/1/4
f 1806/1/4 1807/1/4 1810/1/4
f 1810/1/4 1807/1/4 1811/1/4
f 1808/1/4 1809/1/4 1812/1/4
f 1812/1/4 1809/1/4 1813/1/4
f 1814/1/4 1815/1/4 1818/1/4
f 1818/1/4 1815/1/4 1819/1/4
f 1816/1/4 1817/1/4 1820/1/4
f 1820/1/4 1817/1/4 1821/1/4
f 1822/3/4 1823/3/4 1824/3/4
f 1824/3/4 1823/3/4 1825/3/4
f 1822/3/4 1824/3/4 1826/3/4
f 1826/3/4 1824/3/4 1827/3/4
f 1824/7/4 1825/7/4 1828/7/4
f 1827/3/4 1824/3/4 1828/3/4
f 1825/3/4 1823/3/4 1829/3/4
f 1828/7/4 1825/7/4 1829/7/4
f 1826/7/4 1827/7/4 1830/7/4
f 1822/3/4 1826/3/4 1830/3/4
f 1827/3/4 1828/3/4 1831/3/4
f 1830/7/4 1827/7/4 1831/7/4
f 1828/3/4 1829/3/4 1831/3/4
f 1831/3/4 1829/3/4 1832/3/4
f 1829/3/4 1823/3/4 1833/3/4
f 1832/3/4 1829/3/4 1833/3/4
f 1831/3/4 1832/3/4 1834/3/4
f 1830/3/4 1831/3/4 1834/3/4
f 1832/7/4 1833/7/4 1835/7/4
f 1834/3/4 1832/3/4 1835/3/4
f 1822/3/4 1830/3/4 1836/3/4
f 1830/3/4 1834/3/4 1836/3/4
f 1836/3/4 1834/3/4 1837/3/4
f 1837/3/4 1834/3/4 1838/3/4
f 1834/7/4 1835/7/4 1839/7/4
f 1838/3/4 1834/3/4 1839/3/4
f 1835/7/4 1833/7/4 1840/7/4
f 1839/7/4 1835/7/4 1840/7/4
f 1822/3/4 1836/3/4 1841/3/4
f 1836/7/4 1837/7/4 1841/7/4
f 1837/3/4 1838/3/4 1842/3/4
f 1841/7/4 1837/7/4 1842/7/4
f 1842/3/4 1838/3/4 1843/3/4
f 1838/7/4 1839/7/4 1844/7/4
f 1843/3/4 1838/3/4 1844/3/4
f 1839/3/4 1840/3/4 1845/3/4
f 1844/7/4 1839/7/4 1845/7/4
f 1833/3/4 1823/3/4 1846/3/4
f 1840/7/4 1833/7/4 1846/7/4
f 1846/3/4 1823/3/4 1847/3/4
f 1842/7/4 1843/7/4 1848/7/4
f 1841/3/4 1842/3/4 1848/3/4
f 1844/3/4 1845/3/4 1849/3/4
f 1848/7/4 1843/7/4 1849/7/4
f 1843/3/4 1844/3/4 1849/3/4
f 1845/3/4 1840/3/4 1850/3/4
f 1849/3/4 1845/3/4 1850/3/4
f 1840/7/4 1846/7/4 1851/7/4
f 1850/3/4 1840/3/4 1851/3/4
f 1846/7/4 1847/7/4 1851/7/4
f 1851/7/4 1847/7/4 1852/7/4
f 1852/7/4 1847/7/4 1853/7/4
f 1848/3/4 1849/3/4 1854/3/4
f 1841/3/4 1848/3/4 1854/3/4
f 1849/3/4 1850/3/4 1854/3/4
f 1854/3/4 1850/3/4 1855/3/4
f 1855/3/4 1850/3/4 1856/3/4
f 1851/7/4 1852/7/4 1857/7/4
f 1856/3/4 1850/3/4 1857/3/4
f 1850/7/4 1851/7/4 1857/7/4
f 1857/7/4 1852/7/4 1858/7/4
f 1858/7/4 1852/7/4 1859/7/4
f 1859/7/4 1852/7/4 1860/7/4
f 1852/3/4 1853/3/4 1861/3/4
f 1860/7/4 1852/7/4 1861/7/4
f 1854/7/4 1855/7/4 1862/7/4
f 1841/3/4 1854/3/4 1862/3/4
f 1855/3/4 1856/3/4 1863/3/4
f 1862/7/4 1855/7/4 1863/7/4
f 1856/7/4 1857/7/4 1864/7/4
f 1863/3/4 1856/3/4 1864/3/4
f 1857/7/4 1858/7/4 1864/7/4
f 1858/3/4 1859/3/4 1865/3/4
f 1864/7/4 1858/7/4 1865/7/4
f 1859/7/4 1860/7/4 1866/7/4
f 1865/3/4 1859/3/4 1866/3/4
f 1860/3/4 1861/3/4 1867/3/4
f 1866/7/4 1860/7/4 1867/7/4
f 1861/3/4 1853/3/4 1868/3/4
f 1867/3/4 1861/3/4 1868/3/4
f 1864/3/4 1865/3/4 1869/3/4
f 1866/3/4 1867/3/4 1869/3/4
f 1867/7/4 1868/7/4 1869/7/4
f 1863/3/4 1864/3/4 1869/3/4
f 1862/3/4 1863/3/4 1869/3/4
f 1865/3/4 1866/3/4 1869/3/4
f 1868/3/4 1853/3/4 1870/3/4
f 1869/7/4 1868/7/4 1870/7/4
f 1822/3/4 1841/3/4 1871/3/4
f 1862/3/4 1869/3/4 1871/3/4
f 1869/3/4 1870/3/4 1871/3/4
f 1841/3/4 1862/3/4 1871/3/4
f 1870/3/4 1853/3/4 1872/3/4
f 1871/3/4 1870/3/4 1872/3/4
f 1875/4/5 1874/4/5 1873/4/5
f 1876/4/5 1874/4/5 1875/4/5
f 1877/3/5 1876/3/5 1875/3/5
f 1878/3/5 1876/3/5 1877/3/5
f 1881/9/5 1880/9/5 1879/9/5
f 1882/9/5 1880/9/5 1881/9/5
f 1887/9/5 1886/9/5 1885/9/5
f 1888/9/5 1886/9/5 1887/9/5
f 1889/7/5 1884/7/5 1883/7/5
f 1890/7/5 1884/7/5 1889/7/5
f 1893/9/5 1892/9/5 1891/9/5
f 1894/9/5 1892/9/5 1893/9/5
f 1897/9/5 1896/9/5 1895/9/5
f 1898/9/5 1896/9/5 1897/9/5
f 1901/1/5 1900/1/5 1899/1/5
f 1902/1/5 1900/1/5 1901/1/5
f 1905/1/5 1904/1/5 1903/1/5
f 1906/1/5 1904/1/5 1905/1/5
f 1911/1/5 1908/1/5 1907/1/5
f 1912/1/5 1908/1/5 1911/1/5
f 1913/9/5 1910/9/5 1909/9/5
f 1914/9/5 1910/9/5 1913/9/5
f 1919/1/5 1916/1/5 1915/1/5
f 1920/1/5 1916/1/5 1919/1/5
f 1921/1/5 1918/1/5 1917/1/5
f 1922/1/5 1918/1/5 1921/1/5
f 1925/1/5 1924/1/5 1923/1/5
f 1926/1/5 1924/1/5 1925/1/5
f 1929/1/5 1928/1/5 1927/1/5
f 1930/1/5 1928/1/5 1929/1/5
f 1935/1/5 1932/1/5 1931/1/5
f 1936/1/5 1932/1/5 1935/1/5
f 1937/1/5 1934/1/5 1933/1/5
f 1938/1/5 1934/1/5 1937/1/5
f 1943/1/5 1942/1/5 1941/1/5
f 1944/1/5 1942/1/5 1943/1/5
f 1945/1/5 1940/1/5 1939/1/5
f 1946/1/5 1940/1/5 1945/1/5
f 1949/1/5 1948/1/5 1947/1/5
f 1950/1/5 1948/1/5 1949/1/5
f 1953/1/5 1952/1/5 1951/1/5
f 1954/1/5 1952/1/5 1953/1/5
f 1957/1/5 1956/1/5 1955/1/5
f 1958/1/5 1956/1/5 1957/1/5
f 1961/1/5 1960/1/5 1959/1/5
f 1962/1/5 1960/1/5 1961/1/5
f 1965/1/5 1964/1/5 1963/1/5
f 1966/1/5 1964/1/5 1965/1/5
f 1969/1/5 1968/1/5 1967/1/5
f 1970/1/5 1968/1/5 1969/1/5
f 1973/1/5 1972/1/5 1971/1/5
f 1974/1/5 1972/1/5 1973/1/5
f 1977/1/5 1976/1/5 1975/1/5
f 1978/1/5 1976/1/5 1977/1/5
f 1981/9/5 1980/9/5 1979/9/5
f 1982/9/5 1980/9/5 1981/9/5
f 1985/1/5 1984/1/5 1983/1/5
f 1986/1/5 1984/1/5 1985/1/5
f 1989/1/5 1988/1/5 1987/1/5
f 1990/1/5 1988/1/5 1989/1/5
f 1993/1/5 1992/1/5 1991/1/5
f 1994/1/5 1992/1/5 1993/1/5
f 1997/1/5 1996/1/5 1995/1/5
f 1998/1/5 1996/1/5 1997/1/5
f 2001/1/5 2000/1/5 1999/1/5
f 2002/1/5 2000/1/5 2001/1/5
f 2005/1/5 2004/1/5 2003/1/5
f 2006/1/5 2004/1/5 2005/1/5
f 2009/1/5 2008/1/5 2007/1/5
f 2010/1/5 2008/1/5 2009/1/5
f 2013/9/5 2012/9/5 2011/9/5
f 2014/9/5 2012/9/5 2013/9/5
f 2020/3/5 2018/3/5 2017/3/5
f 2021/3/5 2020/3/5 2019/3/5
f 2022/3/5 2018/3/5 2020/3/5
f 2022/3/5 2020/3/5 2021/3/5
f 2023/3/5 2016/3/5 2015/3/5
f 2024/3/5 2016/3/5 2023/3/5
f 2027/9/5 2026/9/5 2025/9/5
f 2028/9/5 2026/9/5 2027/9/5
f 2031/1/5 2030/1/5 2029/1/5
f 2032/1/5 2030/1/5 2031/1/5
f 2035/9/5 2034/9/5 2033/9/5
f 2036/9/5 2034/9/5 2035/9/5
f 2043/9/5 2038/9/5 2037/9/5
f 2044/9/5 2038/9/5 2043/9/5
f 2045/9/5 2040/9/5 2039/9/5
f 2046/9/5 2040/9/5 2045/9/5
f 2047/9/5 2042/9/5 2041/9/5
f 2048/9/5 2042/9/5 2047/9/5
f 2050/9/5 2049/9/5 2048/9/5
f 2051/9/5 2049/9/5 2050/9/5
f 2054/9/5 2053/9/5 2052/9/5
f 2055/9/5 2053/9/5 2054/9/5
f 2058/9/5 2057/9/5 2056/9/5
f 2059/9/5 2057/9/5 2058/9/5
f 2062/9/5 2061/9/5 2060/9/5
f 2063/9/5 2061/9/5 2062/9/5
f 2066/9/5 2065/9/5 2064/9/5
f 2067/9/5 2065/9/5 2066/9/5
f 2070/9/5 2069/9/5 2068/9/5
f 2071/9/5 2069/9/5 2070/9/5
f 2074/9/5 2073/9/5 2072/9/5
f 2075/9/5 2073/9/5 2074/9/5
f 2080/9/5 2077/9/5 2076/9/5
f 2081/9/5 2077/9/5 2080/9/5
f 2082/9/5 2079/9/5 2078/9/5
f 2083/9/5 2079/9/5 2082/9/5
f 2088/9/5 2085/9/5 2084/9/5
f 2089/9/5 2085/9/5 2088/9/5
f 2090/9/5 2087/9/5 2086/9/5
f 2091/9/5 2087/9/5 2090/9/5
f 2096/9/5 2093/9/5 2092/9/5
f 2097/9/5 2093/9/5 2096/9/5
f 2098/9/5 2095/9/5 2094/9/5
f 2099/9/5 2095/9/5 2098/9/5
f 2104/9/5 2101/9/5 2100/9/5
f 2105/9/5 2101/9/5 2104/9/5
f 2120/9/5 2103/9/5 2102/9/5
f 2121/9/5 2103/9/5 2120/9/5
f 2122/9/5 2106/9/5 2105/9/5
f 2123/9/5 2106/9/5 2122/9/5
f 2124/9/5 2108/9/5 2107/9/5
f 2125/9/5 2108/9/5 2124/9/5
f 2126/9/5 2110/9/5 2109/9/5
f 2127/9/5 2110/9/5 2126/9/5
f 2128/9/5 2112/9/5 2111/9/5
f 2129/9/5 2112/9/5 2128/9/5
f 2130/9/5 2114/9/5 2113/9/5
f 2131/9/5 2114/9/5 2130/9/5
f 2132/9/5 2116/9/5 2115/9/5
f 2133/9/5 2116/9/5 2132/9/5
f 2134/9/5 2118/9/5 2117/9/5
f 2135/9/5 2118/9/5 2134/9/5
f 2136/9/5 2120/9/5 2119/9/5
f 2137/9/5 2120/9/5 2136/9/5
f 2142/7/5 2139/7/5 2138/7/5
f 2143/7/5 2141/7/5 2140/7/5
f 2144/7/5 2142/7/5 2138/7/5
f 2144/7/5 2143/7/5 2142/7/5
f 2145/7/5 2143/7/5 2144/7/5
f 2146/7/5 2143/7/5 2145/7/5
f 2147/7/5 2143/7/5 2146/7/5
f 2148/7/5 2143/7/5 2147/7/5
f 2149/7/5 2141/7/5 2143/7/5
f 2149/7/5 2143/7/5 2148/7/5
f 2157/7/5 2151/7/5 2150/7/5
f 2158/7/5 2151/7/5 2157/7/5
f 2159/8/5 2155/8/5 2154/8/5
f 2160/7/5 2156/7/5 2155/7/5
f 2160/8/5 2155/8/5 2159/8/5
f 2161/8/5 2158/8/5 2157/8/5
f 2162/7/5 2151/7/5 2158/7/5
f 2162/8/5 2158/8/5 2161/8/5
f 2163/7/5 2153/7/5 2152/7/5
f 2164/7/5 2153/7/5 2163/7/5
f 2165/7/5 2151/7/5 2162/7/5
f 2165/7/5 2162/7/5 2161/7/5
f 2166/7/5 2151/7/5 2165/7/5
f 2167/8/5 2164/8/5 2163/8/5
f 2167/7/5 2163/7/5 2152/7/5
f 2168/8/5 2164/8/5 2167/8/5
f 2169/7/5 2156/7/5 2160/7/5
f 2169/7/5 2160/7/5 2159/7/5
f 2170/7/5 2156/7/5 2169/7/5
f 2171/7/5 2165/7/5 2161/7/5
f 2171/8/5 2166/8/5 2165/8/5
f 2172/8/5 2166/8/5 2171/8/5
f 2173/8/5 2170/8/5 2169/8/5
f 2173/7/5 2169/7/5 2159/7/5
f 2174/8/5 2170/8/5 2173/8/5
f 2175/7/5 2173/7/5 2159/7/5
f 2175/7/5 2174/7/5 2173/7/5
f 2176/7/5 2174/7/5 2175/7/5
f 2177/7/5 2172/7/5 2171/7/5
f 2177/7/5 2171/7/5 2161/7/5
f 2178/7/5 2172/7/5 2177/7/5
f 2179/7/5 2168/7/5 2167/7/5
f 2179/7/5 2167/7/5 2152/7/5
f 2180/7/5 2168/7/5 2179/7/5
f 2181/6/5 2176/6/5 2175/6/5
f 2182/6/5 2176/6/5 2181/6/5
f 2183/8/5 2180/8/5 2179/8/5
f 2184/7/5 2168/7/5 2180/7/5
f 2184/8/5 2180/8/5 2183/8/5
f 2185/7/5 2182/7/5 2181/7/5
f 2186/7/5 2182/7/5 2185/7/5
f 2187/7/5 2185/7/5 2181/7/5
f 2187/8/5 2186/8/5 2185/8/5
f 2188/8/5 2186/8/5 2187/8/5
f 2189/8/5 2178/8/5 2177/8/5
f 2190/7/5 2172/7/5 2178/7/5
f 2190/8/5 2178/8/5 2189/8/5
f 2191/7/5 2190/7/5 2189/7/5
f 2192/7/5 2172/7/5 2190/7/5
f 2192/7/5 2190/7/5 2191/7/5
f 2193/7/5 2187/7/5 2181/7/5
f 2193/7/5 2188/7/5 2187/7/5
f 2194/7/5 2188/7/5 2193/7/5
f 2195/7/5 2168/7/5 2184/7/5
f 2195/7/5 2184/7/5 2183/7/5
f 2196/7/5 2168/7/5 2195/7/5
f 2197/8/5 2194/8/5 2193/8/5
f 2197/7/5 2193/7/5 2181/7/5
f 2198/8/5 2194/8/5 2197/8/5
f 2199/6/5 2192/6/5 2191/6/5
f 2200/6/5 2192/6/5 2199/6/5
f 2201/8/5 2196/8/5 2195/8/5
f 2201/7/5 2195/7/5 2183/7/5
f 2202/8/5 2196/8/5 2201/8/5
f 2203/7/5 2200/7/5 2199/7/5
f 2204/7/5 2200/7/5 2203/7/5
f 2205/7/5 2203/7/5 2199/7/5
f 2205/8/5 2204/8/5 2203/8/5
f 2206/8/5 2204/8/5 2205/8/5
f 2207/7/5 2201/7/5 2183/7/5
f 2207/7/5 2202/7/5 2201/7/5
f 2208/7/5 2202/7/5 2207/7/5
f 2209/6/5 2208/6/5 2207/6/5
f 2210/6/5 2208/6/5 2209/6/5
f 2211/7/5 2197/7/5 2181/7/5
f 2211/7/5 2198/7/5 2197/7/5
f 2212/7/5 2198/7/5 2211/7/5
f 2213/7/5 2206/7/5 2205/7/5
f 2213/7/5 2205/7/5 2199/7/5
f 2214/7/5 2206/7/5 2213/7/5
f 2215/7/5 2210/7/5 2209/7/5
f 2216/7/5 2210/7/5 2215/7/5
f 2217/8/5 2212/8/5 2211/8/5
f 2218/7/5 2198/7/5 2212/7/5
f 2218/8/5 2212/8/5 2217/8/5
f 2219/8/5 2216/8/5 2215/8/5
f 2219/7/5 2215/7/5 2209/7/5
f 2220/8/5 2216/8/5 2219/8/5
f 2221/7/5 2219/7/5 2209/7/5
f 2221/7/5 2220/7/5 2219/7/5
f 2222/7/5 2220/7/5 2221/7/5
f 2223/7/5 2198/7/5 2218/7/5
f 2223/7/5 2218/7/5 2217/7/5
f 2224/7/5 2198/7/5 2223/7/5
f 2225/8/5 2214/8/5 2213/8/5
f 2225/7/5 2213/7/5 2199/7/5
f 2226/8/5 2214/8/5 2225/8/5
f 2227/8/5 2224/8/5 2223/8/5
f 2227/7/5 2223/7/5 2217/7/5
f 2228/8/5 2224/8/5 2227/8/5
f 2229/8/5 2222/8/5 2221/8/5
f 2230/7/5 2220/7/5 2222/7/5
f 2230/8/5 2222/8/5 2229/8/5
f 2231/7/5 2226/7/5 2225/7/5
f 2231/7/5 2225/7/5 2199/7/5
f 2232/7/5 2226/7/5 2231/7/5
f 2233/7/5 2227/7/5 2217/7/5
f 2233/7/5 2228/7/5 2227/7/5
f 2234/7/5 2228/7/5 2233/7/5
f 2235/8/5 2232/8/5 2231/8/5
f 2236/7/5 2226/7/5 2232/7/5
f 2236/8/5 2232/8/5 2235/8/5
f 2237/7/5 2233/7/5 2217/7/5
f 2237/8/5 2234/8/5 2233/8/5
f 2238/8/5 2234/8/5 2237/8/5
f 2239/7/5 2236/7/5 2235/7/5
f 2240/7/5 2226/7/5 2236/7/5
f 2240/7/5 2236/7/5 2239/7/5
f 2241/7/5 2220/7/5 2230/7/5
f 2241/7/5 2230/7/5 2229/7/5
f 2242/7/5 2220/7/5 2241/7/5
f 2243/7/5 2238/7/5 2237/7/5
f 2243/7/5 2237/7/5 2217/7/5
f 2244/7/5 2238/7/5 2243/7/5
f 2245/6/5 2240/6/5 2239/6/5
f 2246/6/5 2240/6/5 2245/6/5
f 2247/6/5 2244/6/5 2243/6/5
f 2248/6/5 2244/6/5 2247/6/5
f 2249/8/5 2242/8/5 2241/8/5
f 2249/7/5 2241/7/5 2229/7/5
f 2250/8/5 2242/8/5 2249/8/5
f 2251/7/5 2249/7/5 2229/7/5
f 2251/7/5 2250/7/5 2249/7/5
f 2252/7/5 2250/7/5 2251/7/5
f 2253/7/5 2248/7/5 2247/7/5
f 2254/7/5 2248/7/5 2253/7/5
f 2255/8/5 2252/8/5 2251/8/5
f 2256/7/5 2250/7/5 2252/7/5
f 2256/8/5 2252/8/5 2255/8/5
f 2257/7/5 2256/7/5 2255/7/5
f 2258/7/5 2250/7/5 2256/7/5
f 2258/7/5 2256/7/5 2257/7/5
f 2259/7/5 2253/7/5 2247/7/5
f 2259/8/5 2254/8/5 2253/8/5
f 2260/8/5 2254/8/5 2259/8/5
f 2261/7/5 2246/7/5 2245/7/5
f 2262/7/5 2246/7/5 2261/7/5
f 2263/6/5 2258/6/5 2257/6/5
f 2264/6/5 2258/6/5 2263/6/5
f 2265/7/5 2259/7/5 2247/7/5
f 2265/7/5 2260/7/5 2259/7/5
f 2266/7/5 2260/7/5 2265/7/5
f 2267/4/6 2268/4/6 2271/4/6
f 2271/4/6 2268/4/6 2272/4/6
f 2269/4/6 2270/4/6 2273/4/6
f 2273/4/6 2270/4/6 2274/4/6
f 2274/4/6 2270/4/6 2275/4/6
f 2275/4/6 2270/4/6 2276/4/6
f 2267/4/6 2271/4/6 2277/4/6
f 2274/4/6 2275/4/6 2278/4/6
f 2278/4/6 2275/4/6 2279/4/6
f 2276/4/6 2270/4/6 2280/4/6
f 2280/4/6 2270/4/6 2281/4/6
f 2278/4/6 2279/4/6 2282/4/6
f 2267/4/6 2277/4/6 2282/4/6
f 2277/4/6 2278/4/6 2282/4/6
f 2282/4/6 2279/4/6 2283/4/6
f 2267/4/6 2282/4/6 2284/4/6
f 2283/4/6 2279/4/6 2287/4/6
f 2284/4/6 2285/4/6 2288/4/6
f 2267/4/6 2284/4/6 2288/4/6
f 2288/4/6 2285/4/6 2289/4/6
f 2286/4/6 2287/4/6 2290/4/6
f 2287/4/6 2279/4/6 2291/4/6
f 2290/4/6 2287/4/6 2291/4/6
f 2267/4/6 2288/4/6 2292/4/6
f 2291/4/6 2279/4/6 2293/4/6
f 2293/4/6 2279/4/6 2294/4/6
f 2292/4/6 2293/4/6 2294/4/6
f 2292/4/6 2294/4/6 2296/4/6
f 2294/4/6 2295/4/6 2296/4/6
f 2267/4/6 2292/4/6 2296/4/6
f 2296/4/6 2295/4/6 2297/4/6
f 2267/4/6 2296/4/6 2298/4/6
f 2297/4/6 2295/4/6 2301/4/6
f 2298/4/6 2299/4/6 2302/4/6
f 2267/4/6 2298/4/6 2302/4/6
f 2302/4/6 2299/4/6 2303/4/6
f 2300/4/6 2301/4/6 2304/4/6
f 2301/4/6 2295/4/6 2305/4/6
f 2304/4/6 2301/4/6 2305/4/6
f 2267/4/6 2302/4/6 2306/4/6
f 2305/4/6 2295/4/6 2307/4/6
f 2267/4/6 2306/4/6 2308/4/6
f 2306/4/6 2307/4/6 2308/4/6
f 2307/4/6 2295/4/6 2309/4/6
f 2308/4/6 2307/4/6 2309/4/6
f 2267/4/6 2308/4/6 2310/4/6
f 2309/4/6 2295/4/6 2313/4/6
f 2312/4/6 2313/4/6 2314/4/6
f 2313/4/6 2295/4/6 2315/4/6
f 2314/4/6 2313/4/6 2315/4/6
f 2310/4/6 2311/4/6 2316/4/6
f 2267/4/6 2310/4/6 2316/4/6
f 2316/4/6 2311/4/6 2317/4/6
f 2318/3/6 2319/3/6 2320/3/6
f 2320/3/6 2319/3/6 2321/3/6
f 2322/1/6 2323/1/6 2324/1/6
f 2324/1/6 2323/1/6 2325/1/6
f 2326/3/6 2327/3/6 2328/3/6
f 2328/3/6 2327/3/6 2329/3/6
f 2330/1/6 2331/1/6 2332/1/6
f 2332/1/6 2331/1/6 2333/1/6
f 2334/3/6 2335/3/6 2336/3/6
f 2336/3/6 2335/3/6 2337/3/6
f 2338/9/6 2339/9/6 2340/9/6
f 2340/9/6 2339/9/6 2341/9/6
f 2342/1/6 2343/1/6 2344/1/6
f 2344/1/6 2343/1/6 2345/1/6
f 2346/3/6 2347/3/6 2348/3/6
f 2348/3/6 2347/3/6 2349/3/6
f 2350/9/6 2351/9/6 2352/9/6
f 2352/9/6 2351/9/6 2353/9/6
f 2354/1/6 2355/1/6 2356/1/6
f 2356/1/6 2355/1/6 2357/1/6
f 2360/3/6 2361/3/6 2362/3/6
f 2362/3/6 2361/3/6 2363/3/6
f 2358/7/6 2359/7/6 2364/7/6
f 2364/7/6 2359/7/6 2365/7/6
f 2366/9/6 2367/9/6 2368/9/6
f 2368/9/6 2367/9/6 2369/9/6
f 2370/1/6 2371/1/6 2372/1/6
f 2372/1/6 2371/1/6 2373/1/6
f 2374/3/6 2375/3/6 2376/3/6
f 2376/3/6 2375/3/6 2377/3/6
f 2378/9/6 2379/9/6 2380/9/6
f 2380/9/6 2379/9/6 2381/9/6
f 2382/1/6 2383/1/6 2384/1/6
f 2384/1/6 2383/1/6 2385/1/6
f 2386/3/6 2387/3/6 2388/3/6
f 2388/3/6 2387/3/6 2389/3/6
f 2392/1/6 2393/1/6 2394/1/6
f 2394/1/6 2393/1/6 2395/1/6
f 2390/1/6 2391/1/6 2396/1/6
f 2396/1/6 2391/1/6 2397/1/6
f 2398/9/6 2399/9/6 2404/9/6
f 2404/9/6 2399/9/6 2405/9/6
f 2400/1/6 2401/1/6 2408/1/6
f 2408/1/6 2401/1/6 2409/1/6
f 2402/1/6 2403/1/6 2410/1/6
f 2410/1/6 2403/1/6 2411/1/6
f 2406/1/6 2407/1/6 2412/1/6
f 2412/1/6 2407/1/6 2413/1/6
f 2414/1/6 2415/1/6 2418/1/6
f 2418/1/6 2415/1/6 2419/1/6
f 2416/1/6 2417/1/6 2420/1/6
f 2420/1/6 2417/1/6 2421/1/6
f 2424/1/6 2425/1/6 2426/1/6
f 2426/1/6 2425/1/6 2427/1/6
f 2422/1/6 2423/1/6 2428/1/6
f 2428/1/6 2423/1/6 2429/1/6
f 2430/1/6 2431/1/6 2434/1/6
f 2434/1/6 2431/1/6 2435/1/6
f 2432/1/6 2433/1/6 2436/1/6
f 2436/1/6 2433/1/6 2437/1/6
f 2438/1/6 2439/1/6 2442/1/6
f 2442/1/6 2439/1/6 2443/1/6
f 2440/1/6 2441/1/6 2444/1/6
f 2444/1/6 2441/1/6 2445/1/6
f 2446/1/6 2447/1/6 2450/1/6
f 2450/1/6 2447/1/6 2451/1/6
f 2448/1/6 2449/1/6 2452/1/6
f 2452/1/6 2449/1/6 2453/1/6
f 2454/3/6 2455/3/6 2456/3/6
f 2456/3/6 2455/3/6 2457/3/6
f 2458/1/6 2459/1/6 2462/1/6
f 2462/1/6 2459/1/6 2463/1/6
f 2460/1/6 2461/1/6 2464/1/6
f 2464/1/6 2461/1/6 2465/1/6
f 2466/1/6 2467/1/6 2470/1/6
f 2470/1/6 2467/1/6 2471/1/6
f 2468/1/6 2469/1/6 2472/1/6
f 2472/1/6 2469/1/6 2473/1/6
f 2474/1/6 2475/1/6 2478/1/6
f 2478/1/6 2475/1/6 2479/1/6
f 2476/1/6 2477/1/6 2480/1/6
f 2480/1/6 2477/1/6 2481/1/6
f 2482/1/6 2483/1/6 2486/1/6
f 2486/1/6 2483/1/6 2487/1/6
f 2484/1/6 2485/1/6 2488/1/6
f 2488/1/6 2485/1/6 2489/1/6
f 2490/1/6 2491/1/6 2494/1/6
f 2494/1/6 2491/1/6 2495/1/6
f 2492/1/6 2493/1/6 2496/1/6
f 2496/1/6 2493/1/6 2497/1/6
f 2498/9/6 2499/9/6 2500/9/6
f 2500/9/6 2499/9/6 2501/9/6
f 2502/1/6 2503/1/6 2508/1/6
f 2508/1/6 2503/1/6 2509/1/6
f 2504/1/6 2505/1/6 2510/1/6
f 2510/1/6 2505/1/6 2511/1/6
f 2506/1/6 2507/1/6 2512/1/6
f 2512/1/6 2507/1/6 2513/1/6
f 2514/1/6 2515/1/6 2518/1/6
f 2518/1/6 2515/1/6 2519/1/6
f 2516/1/6 2517/1/6 2520/1/6
f 2520/1/6 2517/1/6 2521/1/6
f 2522/1/6 2523/1/6 2526/1/6
f 2526/1/6 2523/1/6 2527/1/6
f 2524/1/6 2525/1/6 2528/1/6
f 2528/1/6 2525/1/6 2529/1/6
f 2530/1/6 2531/1/6 2534/1/6
f 2534/1/6 2531/1/6 2535/1/6
f 2532/1/6 2533/1/6 2536/1/6
f 2536/1/6 2533/1/6 2537/1/6
f 2538/1/6 2539/1/6 2542/1/6
f 2542/1/6 2539/1/6 2543/1/6
f 2540/1/6 2541/1/6 2544/1/6
f 2544/1/6 2541/1/6 2545/1/6
f 2550/3/6 2551/3/6 2552/3/6
f 2552/3/6 2551/3/6 2553/3/6
f 2546/1/6 2547/1/6 2554/1/6
f 2554/1/6 2547/1/6 2555/1/6
f 2548/1/6 2549/1/6 2556/1/6
f 2556/1/6 2549/1/6 2557/1/6
f 2558/1/6 2559/1/6 2562/1/6
f 2562/1/6 2559/1/6 2563/1/6
f 2560/1/6 2561/1/6 2564/1/6
f 2564/1/6 2561/1/6 2565/1/6
f 2566/9/6 2567/9/6 2568/9/6
f 2568/9/6 2567/9/6 2569/9/6
f 2570/1/6 2571/1/6 2572/1/6
f 2572/1/6 2571/1/6 2573/1/6
f 2574/3/6 2575/3/6 2578/3/6
f 2576/3/6 2577/3/6 2579/3/6
f 2574/3/6 2578/3/6 2580/3/6
f 2578/3/6 2579/3/6 2580/3/6
f 2579/3/6 2577/3/6 2581/3/6
f 2580/3/6 2579/3/6 2581/3/6
f 2582/1/6 2583/1/6 2588/1/6
f 2588/1/6 2583/1/6 2589/1/6
f 2584/1/6 2585/1/6 2590/1/6
f 2590/1/6 2585/1/6 2591/1/6
f 2586/1/6 2587/1/6 2592/1/6
f 2592/1/6 2587/1/6 2593/1/6
f 2593/1/6 2594/1/6 2595/1/6
f 2595/1/6 2594/1/6 2596/1/6
f 2597/1/6 2598/1/6 2599/1/6
f 2599/1/6 2598/1/6 2600/1/6
f 2601/1/6 2602/1/6 2603/1/6
f 2603/1/6 2602/1/6 2604/1/6
f 2605/1/6 2606/1/6 2607/1/6
f 2607/1/6 2606/1/6 2608/1/6
f 2609/1/6 2610/1/6 2611/1/6
f 2611/1/6 2610/1/6 2612/1/6
f 2613/1/6 2614/1/6 2617/1/6
f 2617/1/6 2614/1/6 2618/1/6
f 2615/9/6 2616/9/6 2619/9/6
f 2619/9/6 2616/9/6 2620/9/6
f 2621/1/6 2622/1/6 2625/1/6
f 2625/1/6 2622/1/6 2626/1/6
f 2623/1/6 2624/1/6 2627/1/6
f 2627/1/6 2624/1/6 2628/1/6
f 2629/1/6 2630/1/6 2633/1/6
f 2633/1/6 2630/1/6 2634/1/6
f 2631/1/6 2632/1/6 2635/1/6
f 2635/1/6 2632/1/6 2636/1/6
f 2637/1/6 2638/1/6 2641/1/6
f 2641/1/6 2638/1/6 2642/1/6
f 2639/1/6 2640/1/6 2643/1/6
f 2643/1/6 2640/1/6 2644/1/6
f 2645/1/6 2646/1/6 2649/1/6
f 2649/1/6 2646/1/6 2650/1/6
f 2647/1/6 2648/1/6 2651/1/6
f 2651/1/6 2648/1/6 2652/1/6
f 2653/1/6 2654/1/6 2657/1/6
f 2657/1/6 2654/1/6 2658/1/6
f 2655/1/6 2656/1/6 2673/1/6
f 2673/1/6 2656/1/6 2674/1/6
f 2658/1/6 2659/1/6 2675/1/6
f 2675/1/6 2659/1/6 2676/1/6
f 2660/1/6 2661/1/6 2677/1/6
f 2677/1/6 2661/1/6 2678/1/6
f 2662/1/6 2663/1/6 2679/1/6
f 2679/1/6 2663/1/6 2680/1/6
f 2664/1/6 2665/1/6 2681/1/6
f 2681/1/6 2665/1/6 2682/1/6
f 2666/1/6 2667/1/6 2683/1/6
f 2683/1/6 2667/1/6 2684/1/6
f 2668/1/6 2669/1/6 2685/1/6
f 2685/1/6 2669/1/6 2686/1/6
f 2670/1/6 2671/1/6 2687/1/6
f 2687/1/6 2671/1/6 2688/1/6
f 2672/1/6 2673/1/6 2689/1/6
f 2689/1/6 2673/1/6 2690/1/6
f 2691/9/6 2692/9/6 2693/9/6
f 2693/9/6 2692/9/6 2694/9/6
f 2695/9/6 2696/9/6 2697/9/6
f 2697/9/6 2696/9/6 2698/9/6
f 2698/9/6 2696/9/6 2701/9/6
f 2699/9/6 2700/9/6 2702/9/6
f 2698/9/6 2701/9/6 2703/9/6
f 2701/9/6 2702/9/6 2703/9/6
f 2702/9/6 2700/9/6 2704/9/6
f 2703/9/6 2702/9/6 2704/9/6
f 2705/7/6 2706/7/6 2709/7/6
f 2707/7/6 2708/7/6 2710/7/6
f 2705/7/6 2709/7/6 2711/7/6
f 2709/7/6 2710/7/6 2711/7/6
f 2711/7/6 2710/7/6 2712/7/6
f 2712/7/6 2710/7/6 2713/7/6
f 2713/7/6 2710/7/6 2714/7/6
f 2714/7/6 2710/7/6 2715/7/6
f 2715/7/6 2710/7/6 2716/7/6
f 2716/7/6 2710/7/6 2717/7/6
f 2710/7/6 2708/7/6 2718/7/6
f 2717/7/6 2710/7/6 2718/7/6
f 2721/7/6 2722/7/6 2729/7/6
f 2729/7/6 2722/7/6 2730/7/6
f 2723/7/6 2724/7/6 2731/7/6
f 2731/7/6 2724/7/6 2732/7/6
f 2729/8/6 2730/8/6 2733/8/6
f 2721/7/6 2729/7/6 2733/7/6
f 2733/8/6 2730/8/6 2734/8/6
f 2731/8/6 2732/8/6 2735/8/6
f 2723/7/6 2731/7/6 2735/7/6
f 2735/8/6 2732/8/6 2736/8/6
f 2733/7/6 2734/7/6 2737/7/6
f 2721/7/6 2733/7/6 2737/7/6
f 2737/7/6 2734/7/6 2738/7/6
f 2725/7/6 2726/7/6 2739/7/6
f 2739/7/6 2726/7/6 2740/7/6
f 2735/7/6 2736/7/6 2741/7/6
f 2723/7/6 2735/7/6 2741/7/6
f 2741/7/6 2736/7/6 2742/7/6
f 2739/6/6 2740/6/6 2743/6/6
f 2743/6/6 2740/6/6 2744/6/6
f 2741/8/6 2742/8/6 2745/8/6
f 2742/7/6 2736/7/6 2746/7/6
f 2745/8/6 2742/8/6 2746/8/6
f 2743/7/6 2744/7/6 2747/7/6
f 2747/7/6 2744/7/6 2748/7/6
f 2737/8/6 2738/8/6 2749/8/6
f 2738/7/6 2734/7/6 2750/7/6
f 2749/8/6 2738/8/6 2750/8/6
f 2746/7/6 2736/7/6 2751/7/6
f 2745/7/6 2746/7/6 2751/7/6
f 2751/7/6 2736/7/6 2752/7/6
f 2747/8/6 2748/8/6 2753/8/6
f 2748/7/6 2744/7/6 2754/7/6
f 2753/8/6 2748/8/6 2754/8/6
f 2749/7/6 2750/7/6 2755/7/6
f 2750/7/6 2734/7/6 2756/7/6
f 2755/7/6 2750/7/6 2756/7/6
f 2751/8/6 2752/8/6 2757/8/6
f 2745/7/6 2751/7/6 2757/7/6
f 2757/8/6 2752/8/6 2758/8/6
f 2754/7/6 2744/7/6 2759/7/6
f 2753/7/6 2754/7/6 2759/7/6
f 2759/7/6 2744/7/6 2760/7/6
f 2753/7/6 2759/7/6 2761/7/6
f 2759/8/6 2760/8/6 2761/8/6
f 2761/8/6 2760/8/6 2762/8/6
f 2755/6/6 2756/6/6 2763/6/6
f 2763/6/6 2756/6/6 2764/6/6
f 2757/7/6 2758/7/6 2765/7/6
f 2745/7/6 2757/7/6 2765/7/6
f 2765/7/6 2758/7/6 2766/7/6
f 2745/7/6 2765/7/6 2767/7/6
f 2765/8/6 2766/8/6 2767/8/6
f 2767/8/6 2766/8/6 2768/8/6
f 2753/7/6 2761/7/6 2769/7/6
f 2761/7/6 2762/7/6 2769/7/6
f 2769/7/6 2762/7/6 2770/7/6
f 2767/7/6 2768/7/6 2771/7/6
f 2745/7/6 2767/7/6 2771/7/6
f 2771/7/6 2768/7/6 2772/7/6
f 2763/7/6 2764/7/6 2773/7/6
f 2773/7/6 2764/7/6 2774/7/6
f 2769/8/6 2770/8/6 2775/8/6
f 2770/7/6 2762/7/6 2776/7/6
f 2775/8/6 2770/8/6 2776/8/6
f 2773/8/6 2774/8/6 2777/8/6
f 2774/7/6 2764/7/6 2778/7/6
f 2777/8/6 2774/8/6 2778/8/6
f 2771/6/6 2772/6/6 2779/6/6
f 2779/6/6 2772/6/6 2780/6/6
f 2779/7/6 2780/7/6 2781/7/6
f 2781/7/6 2780/7/6 2782/7/6
f 2781/8/6 2782/8/6 2783/8/6
f 2782/7/6 2780/7/6 2784/7/6
f 2783/8/6 2782/8/6 2784/8/6
f 2778/7/6 2764/7/6 2785/7/6
f 2777/7/6 2778/7/6 2785/7/6
f 2785/7/6 2764/7/6 2786/7/6
f 2776/7/6 2762/7/6 2787/7/6
f 2775/7/6 2776/7/6 2787/7/6
f 2787/7/6 2762/7/6 2788/7/6
f 2775/7/6 2787/7/6 2789/7/6
f 2787/8/6 2788/8/6 2789/8/6
f 2789/8/6 2788/8/6 2790/8/6
f 2785/8/6 2786/8/6 2791/8/6
f 2777/7/6 2785/7/6 2791/7/6
f 2791/8/6 2786/8/6 2792/8/6
f 2789/7/6 2790/7/6 2793/7/6
f 2775/7/6 2789/7/6 2793/7/6
f 2793/7/6 2790/7/6 2794/7/6
f 2793/8/6 2794/8/6 2795/8/6
f 2794/7/6 2790/7/6 2796/7/6
f 2795/8/6 2794/8/6 2796/8/6
f 2783/7/6 2784/7/6 2797/7/6
f 2784/7/6 2780/7/6 2798/7/6
f 2797/7/6 2784/7/6 2798/7/6
f 2791/7/6 2792/7/6 2799/7/6
f 2777/7/6 2791/7/6 2799/7/6
f 2799/7/6 2792/7/6 2800/7/6
f 2795/7/6 2796/7/6 2801/7/6
f 2796/7/6 2790/7/6 2802/7/6
f 2801/7/6 2796/7/6 2802/7/6
f 2797/8/6 2798/8/6 2803/8/6
f 2798/7/6 2780/7/6 2804/7/6
f 2803/8/6 2798/8/6 2804/8/6
f 2799/6/6 2800/6/6 2805/6/6
f 2805/6/6 2800/6/6 2806/6/6
f 2801/6/6 2802/6/6 2807/6/6
f 2807/6/6 2802/6/6 2808/6/6
f 2807/7/6 2808/7/6 2809/7/6
f 2809/7/6 2808/7/6 2810/7/6
f 2804/7/6 2780/7/6 2811/7/6
f 2803/7/6 2804/7/6 2811/7/6
f 2811/7/6 2780/7/6 2812/7/6
f 2809/8/6 2810/8/6 2813/8/6
f 2807/7/6 2809/7/6 2813/7/6
f 2813/8/6 2810/8/6 2814/8/6
f 2811/8/6 2812/8/6 2815/8/6
f 2803/7/6 2811/7/6 2815/7/6
f 2815/8/6 2812/8/6 2816/8/6
f 2813/7/6 2814/7/6 2817/7/6
f 2807/7/6 2813/7/6 2817/7/6
f 2817/7/6 2814/7/6 2818/7/6
f 2805/7/6 2806/7/6 2819/7/6
f 2819/7/6 2806/7/6 2820/7/6
f 2817/8/6 2818/8/6 2821/8/6
f 2818/7/6 2814/7/6 2822/7/6
f 2821/8/6 2818/8/6 2822/8/6
f 2819/8/6 2820/8/6 2823/8/6
f 2805/7/6 2819/7/6 2823/7/6
f 2823/8/6 2820/8/6 2824/8/6
f 2815/7/6 2816/7/6 2825/7/6
f 2803/7/6 2815/7/6 2825/7/6
f 2825/7/6 2816/7/6 2826/7/6
f 2719/3/6 2720/3/6 2827/3/6
f 2823/7/6 2824/7/6 2828/7/6
f 2805/7/6 2823/7/6 2828/7/6
f 2828/7/6 2824/7/6 2829/7/6
f 2825/6/6 2826/6/6 2831/6/6
f 2831/6/6 2826/6/6 2832/6/6
f 2821/7/6 2822/7/6 2833/7/6
f 2822/7/6 2814/7/6 2834/7/6
f 2833/7/6 2822/7/6 2834/7/6
f 2727/3/6 2728/3/6 2835/3/6
f 2828/3/6 2829/3/6 2836/3/6
f 2827/3/6 2828/3/6 2836/3/6
f 2719/3/6 2827/3/6 2836/3/6
f 2829/7/6 2830/7/6 2837/7/6
f 2836/3/6 2829/3/6 2837/3/6
f 2831/3/6 2832/3/6 2838/3/6
f 2837/7/6 2830/7/6 2838/7/6
f 2833/3/6 2834/3/6 2838/3/6
f 2834/3/6 2835/3/6 2838/3/6
f 2830/3/6 2831/3/6 2838/3/6
f 2832/3/6 2833/3/6 2838/3/6
f 2835/3/6 2728/3/6 2839/3/6
f 2838/3/6 2835/3/6 2839/3/6
