# MagicaVoxel @ Ephtracy

# group
o 

# material
mtllib room.mtl
usemtl palette

# normals
vn -1 0 0
vn 1 0 0
vn 0 0 1
vn 0 0 -1
vn 0 -1 0
vn 0 1 0

# texcoords
vt 0.197266 0.5
vt 0.240234 0.5
vt 0.275391 0.5
vt 0.767578 0.5
vt 0.927734 0.5
vt 0.958984 0.5
vt 0.986328 0.5
vt 0.990234 0.5
vt 0.994141 0.5

# verts
v -5.9 0 6
v -5.9 0 -6.1
v -5.9 1.4 3.4
v -5.9 1.4 3.3
v -5.9 1.5 3.4
v -5.9 1.5 3.3
v -5.9 1.7 3.4
v -5.9 1.7 3.3
v -5.9 1.8 3.4
v -5.9 1.8 3.3
v -5.9 2 3.4
v -5.9 2 3.3
v -5.9 2.1 3.4
v -5.9 2.1 3.3
v -5.9 2.6 -0.4
v -5.9 2.6 -2.6
v -5.9 3.7 -0.4
v -5.9 3.7 -2.6
v -5.9 3.9 -3.3
v -5.9 3.9 -3.6
v -5.9 4.1 5.2
v -5.9 4.1 5.1
v -5.9 4.1 4.8
v -5.9 4.1 4.7
v -5.9 4.1 4.4
v -5.9 4.1 4.3
v -5.9 4.2 5.2
v -5.9 4.2 5.1
v -5.9 4.2 4.8
v -5.9 4.2 4.7
v -5.9 4.2 4.4
v -5.9 4.2 4.3
v -5.9 4.2 -3.3
v -5.9 4.2 -3.6
v -5.9 4.3 5.6
v -5.9 4.3 5.5
v -5.9 4.3 1.1
v -5.9 4.3 1
v -5.9 4.4 5.6
v -5.9 4.4 5.5
v -5.9 4.4 1.1
v -5.9 4.4 1
v -5.9 4.8 6
v -5.9 4.8 -6.1
v -5.6 3 -3.6
v -5.6 3 -3.8
v -5.6 3.4 -3.6
v -5.6 3.4 -3.8
v -5.4 1.1 2.4
v -5.4 1.1 2.3
v -5.4 1.1 1.4
v -5.4 1.1 1.3
v -5.4 3.5 2.3
v -5.4 3.5 1.4
v -5.4 3.6 2.4
v -5.4 3.6 1.3
v -5.4 4.6 -2
v -5.4 4.6 -3.5
v -5.4 4.8 -2
v -5.4 4.8 -3.5
v -5.3 1.1 -2.3
v -5.3 1.1 -3.8
v -5.3 2 -2.3
v -5.3 2 -3.8
v -5.3 4.5 2.8
v -5.3 4.5 2.3
v -5.3 4.6 2.8
v -5.3 4.6 2.3
v -4.9 4.5 2.7
v -4.9 4.5 2.4
v -4.9 4.6 2.7
v -4.9 4.6 2.4
v -4.9 4.6 -2
v -4.9 4.6 -3.5
v -4.9 4.8 -2
v -4.9 4.8 -3.5
v -4.4 4.6 -2
v -4.4 4.6 -3.5
v -4.4 4.8 -2
v -4.4 4.8 -3.5
v -4.3 1.1 2.3
v -4.3 1.1 1.4
v -4.3 2.8 2.3
v -4.3 2.8 1.4
v -4.3 2.9 2.3
v -4.3 2.9 1.4
v -4.3 3 2.3
v -4.3 3 1.4
v -4.3 3.1 2.3
v -4.3 3.1 1.4
v -4.3 3.2 2.3
v -4.3 3.2 1.4
v -4.3 3.3 2.3
v -4.3 3.3 1.4
v -4.3 3.4 2.3
v -4.3 3.4 1.4
v -3.9 4.6 -2
v -3.9 4.6 -3.5
v -3.9 4.8 -2
v -3.9 4.8 -3.5
v -3.4 1.1 3.4
v -3.4 1.1 3.3
v -3.4 1.1 2.1
v -3.4 1.1 2
v -3.4 1.1 0.5
v -3.4 1.1 0.4
v -3.4 1.4 3.4
v -3.4 1.4 3.3
v -3.4 1.4 2.1
v -3.4 1.4 0.4
v -3.4 1.4 -3.8
v -3.4 1.5 3.4
v -3.4 1.5 3.3
v -3.4 1.5 2.1
v -3.4 1.5 0.4
v -3.4 1.5 -3.8
v -3.4 1.7 3.4
v -3.4 1.7 3.3
v -3.4 1.7 2.1
v -3.4 1.7 0.4
v -3.4 1.7 -3.8
v -3.4 1.8 3.4
v -3.4 1.8 3.3
v -3.4 1.8 2.1
v -3.4 1.8 0.4
v -3.4 1.8 -3.8
v -3.4 2 3.4
v -3.4 2 3.3
v -3.4 2 2.1
v -3.4 2 0.4
v -3.4 2 -3.8
v -3.4 2.1 3.3
v -3.4 2.1 2
v -3.4 2.1 0.5
v -3.4 2.1 -3.8
v -3.4 4.6 -2
v -3.4 4.6 -3.5
v -3.4 4.8 -2
v -3.4 4.8 -3.5
v -2.9 4.6 -2
v -2.9 4.6 -3.5
v -2.9 4.8 -2
v -2.9 4.8 -3.5
v -1.9 0.1 -3
v -1.9 0.1 -3.8
v -1.9 3.4 -3
v -1.9 3.4 -3.8
v -1.9 4.1 3.6
v -1.9 4.1 -1.7
v -1.9 4.2 3.5
v -1.9 4.2 3.4
v -1.9 4.2 -1.4
v -1.9 4.3 5.5
v -1.9 4.3 3.6
v -1.9 4.3 -1.7
v -1.9 4.3 -3.8
v -1.9 4.4 5.5
v -1.9 4.4 3.5
v -1.9 4.4 3.4
v -1.9 4.4 -1.4
v -1.9 4.4 -3.8
v -1.5 4.1 3.6
v -1.5 4.1 -1.7
v -1.5 4.2 3.5
v -1.5 4.2 -1.5
v -1.5 4.3 5.5
v -1.5 4.3 3.6
v -1.5 4.3 -1.7
v -1.5 4.3 -3.8
v -1.5 4.4 5.5
v -1.5 4.4 3.5
v -1.5 4.4 -1.5
v -1.5 4.4 -3.8
v -1.1 4.3 1
v -1.1 4.3 -0.1
v -1.1 4.4 1
v -1.1 4.4 -0.1
v -0.4 4.6 2.7
v -0.4 4.6 2.2
v -0.4 4.7 2.7
v -0.4 4.7 2.2
v -0.2 4.6 2.6
v -0.2 4.6 2.5
v -0.2 4.6 2.4
v -0.2 4.6 2.3
v -0.2 4.7 2.6
v -0.2 4.7 2.5
v -0.2 4.7 2.4
v -0.2 4.7 2.3
v 0.0999999 0.1 -3.1
v 0.0999999 0.1 -5.9
v 0.0999999 0.2 -3.4
v 0.0999999 0.2 -3.5
v 0.0999999 0.3 -3.4
v 0.0999999 0.3 -3.5
v 0.0999999 0.5 -3.4
v 0.0999999 0.5 -3.5
v 0.0999999 0.6 -3.4
v 0.0999999 0.6 -3.5
v 0.0999999 0.8 -3.4
v 0.0999999 0.8 -3.5
v 0.0999999 0.9 -3.4
v 0.0999999 0.9 -3.5
v 0.0999999 1.1 -3.4
v 0.0999999 1.1 -3.5
v 0.0999999 1.2 -3.4
v 0.0999999 1.2 -3.5
v 0.0999999 1.4 -3.4
v 0.0999999 1.4 -3.5
v 0.0999999 1.5 -3.4
v 0.0999999 1.5 -3.5
v 0.0999999 1.7 -3.4
v 0.0999999 1.7 -3.5
v 0.0999999 1.8 -3.4
v 0.0999999 1.8 -3.5
v 0.0999999 2 -3.4
v 0.0999999 2 -3.5
v 0.0999999 2.1 -3.4
v 0.0999999 2.1 -3.5
v 0.0999999 2.3 -3.4
v 0.0999999 2.3 -3.5
v 0.0999999 2.4 -3.4
v 0.0999999 2.4 -3.5
v 0.0999999 2.6 -3.4
v 0.0999999 2.6 -3.5
v 0.0999999 2.7 -3.4
v 0.0999999 2.7 -3.5
v 0.0999999 2.9 -3.4
v 0.0999999 2.9 -3.5
v 0.0999999 3 -3.4
v 0.0999999 3 -3.5
v 0.0999999 3.2 -3.4
v 0.0999999 3.2 -3.5
v 0.0999999 3.3 -3.4
v 0.0999999 3.3 -3.5
v 0.0999999 3.4 -3.1
v 0.0999999 3.4 -3.8
v 0.0999999 3.4 -5.9
v 0.2 4.6 2.6
v 0.2 4.6 2.5
v 0.2 4.6 2.4
v 0.2 4.6 2.3
v 0.2 4.7 2.6
v 0.2 4.7 2.5
v 0.2 4.7 2.4
v 0.2 4.7 2.3
v 0.4 4.6 2.8
v 0.4 4.6 2.1
v 0.4 4.7 2.8
v 0.4 4.7 2.1
v 0.7 4.2 0.5
v 0.7 4.2 0.2
v 0.7 4.3 0.5
v 0.7 4.3 0.2
v 0.8 4.3 0.4
v 0.8 4.3 0.3
v 0.8 4.6 0.4
v 0.8 4.6 0.3
v 0.9 4.2 0.4
v 0.9 4.2 0.3
v 0.9 4.3 0.4
v 0.9 4.3 0.3
v 1 0.1 -3.3
v 1 0.1 -3.8
v 1 3.8 -3.1
v 1 3.8 -3.3
v 1 3.8 -3.4
v 1 3.9 -3.2
v 1 3.9 -3.3
v 1 3.9 -3.4
v 1 3.9 -3.6
v 1 4 -3.6
v 1 4 -3.8
v 1 4.2 -3.1
v 1 4.2 -3.2
v 1 4.3 -3.2
v 1 4.3 -3.8
v 1 4.4 -3.1
v 1 4.4 -3.8
v 1.6 3.7 1.2
v 1.6 3.7 0.9
v 1.6 3.8 1.2
v 1.6 3.8 0.9
v 1.7 3.8 1.1
v 1.7 3.8 1
v 1.7 4.6 1.1
v 1.7 4.6 1
v 1.8 3.4 -0.5
v 1.8 3.4 -0.8
v 1.8 3.5 -0.5
v 1.8 3.5 -0.8
v 1.8 3.7 1.1
v 1.8 3.7 1
v 1.8 3.8 1.1
v 1.8 3.8 1
v 1.9 0.1 -3
v 1.9 0.1 -3.1
v 1.9 3.5 -0.6
v 1.9 3.5 -0.7
v 1.9 3.7 -2.9
v 1.9 3.7 -3
v 1.9 3.8 -3
v 1.9 3.8 -3.1
v 1.9 4.3 -3
v 1.9 4.3 -3.3
v 1.9 4.4 -2.9
v 1.9 4.4 -3.2
v 1.9 4.6 -0.6
v 1.9 4.6 -0.7
v 1.9 4.6 -3.2
v 1.9 4.6 -3.3
v 2 3.4 -0.6
v 2 3.4 -0.7
v 2 3.5 -0.6
v 2 3.5 -0.7
v 2.2 0.1 -3
v 2.2 0.1 -3.1
v 2.2 3.7 -2.9
v 2.2 3.7 -3
v 2.2 3.8 -3
v 2.2 3.8 -3.1
v 2.2 4.3 -3
v 2.2 4.3 -3.3
v 2.2 4.4 -2.9
v 2.2 4.4 -3.2
v 2.2 4.6 -3.2
v 2.2 4.6 -3.3
v 2.5 2.2 -3.5
v 2.5 2.2 -3.8
v 2.5 2.6 -3.5
v 2.5 2.6 -3.8
v 2.7 1.6 -3.5
v 2.7 1.6 -3.8
v 2.7 2 -3.5
v 2.7 2 -3.8
v 2.7 2.8 -2.8
v 2.7 2.8 -3.8
v 2.7 3.4 -2.8
v 2.7 3.4 -3.8
v 2.9 2.9 -2.8
v 2.9 2.9 -2.9
v 2.9 3.3 -2.8
v 2.9 3.3 -2.9
v 2.9 3.9 0.7
v 2.9 3.9 0.4
v 2.9 4 0.7
v 2.9 4 0.4
v 3 4 0.6
v 3 4 0.5
v 3 4.6 0.6
v 3 4.6 0.5
v 3.1 2.9 -2.8
v 3.1 2.9 -2.9
v 3.1 3.3 -2.8
v 3.1 3.3 -2.9
v 3.1 3.9 0.6
v 3.1 3.9 0.5
v 3.1 4 0.6
v 3.1 4 0.5
v 3.3 2.9 -2.8
v 3.3 2.9 -2.9
v 3.3 3.3 -2.8
v 3.3 3.3 -2.9
v 3.7 4.6 2.7
v 3.7 4.6 2.2
v 3.7 4.7 2.7
v 3.7 4.7 2.2
v 3.8 2.9 -3.5
v 3.8 2.9 -3.8
v 3.8 3 -3.5
v 3.8 3 -3.8
v 3.9 4.6 2.6
v 3.9 4.6 2.5
v 3.9 4.6 2.4
v 3.9 4.6 2.3
v 3.9 4.7 2.6
v 3.9 4.7 2.5
v 3.9 4.7 2.4
v 3.9 4.7 2.3
v 4.1 3.1 -3.3
v 4.1 3.1 -3.8
v 4.1 3.2 -3.3
v 4.1 3.2 -3.8
v 4.3 4.6 2.6
v 4.3 4.6 2.5
v 4.3 4.6 2.4
v 4.3 4.6 2.3
v 4.3 4.7 2.6
v 4.3 4.7 2.5
v 4.3 4.7 2.4
v 4.3 4.7 2.3
v 4.5 4.6 2.8
v 4.5 4.6 2.1
v 4.5 4.7 2.8
v 4.5 4.7 2.1
v 5.8 4.1 5.6
v 5.8 4.1 5.2
v 5.8 4.1 5.1
v 5.8 4.1 4.8
v 5.8 4.1 4.7
v 5.8 4.1 4.4
v 5.8 4.1 4.3
v 5.8 4.1 -3.3
v 5.8 4.2 5.5
v 5.8 4.2 5.2
v 5.8 4.2 5.1
v 5.8 4.2 4.8
v 5.8 4.2 4.7
v 5.8 4.2 4.4
v 5.8 4.2 4.3
v 5.8 4.2 0
v 5.8 4.2 -0.1
v 5.8 4.2 -3.3
v 5.8 4.3 5.6
v 5.8 4.3 5.5
v 5.8 4.3 0
v 5.8 4.3 -0.1
v -5.8 0.1 6
v -5.8 0.1 5.5
v -5.8 0.1 4.4
v -5.8 0.1 3.5
v -5.8 1.1 3.5
v -5.8 1.1 -3.8
v -5.8 1.4 3.4
v -5.8 1.4 3.3
v -5.8 1.5 3.4
v -5.8 1.5 3.3
v -5.8 1.7 3.4
v -5.8 1.7 3.3
v -5.8 1.8 3.4
v -5.8 1.8 3.3
v -5.8 2 3.4
v -5.8 2 3.3
v -5.8 2.1 3.4
v -5.8 2.1 3.3
v -5.8 2.6 -0.4
v -5.8 2.6 -2.6
v -5.8 2.7 5.5
v -5.8 2.7 4.4
v -5.8 3.7 -0.4
v -5.8 3.7 -2.6
v -5.8 3.9 -3.3
v -5.8 3.9 -3.6
v -5.8 4 -3.6
v -5.8 4.1 5.2
v -5.8 4.1 5.1
v -5.8 4.1 4.8
v -5.8 4.1 4.7
v -5.8 4.1 4.4
v -5.8 4.1 4.3
v -5.8 4.2 5.2
v -5.8 4.2 5.1
v -5.8 4.2 4.8
v -5.8 4.2 4.7
v -5.8 4.2 4.4
v -5.8 4.2 4.3
v -5.8 4.2 -3.3
v -5.8 4.2 -3.4
v -5.8 4.2 -3.6
v -5.8 4.3 5.6
v -5.8 4.3 5.5
v -5.8 4.3 1.1
v -5.8 4.3 1
v -5.8 4.4 5.6
v -5.8 4.4 5.5
v -5.8 4.4 1.1
v -5.8 4.4 1
v -5.8 4.6 6
v -5.8 4.6 -3.8
v -5.7 4.6 -2
v -5.7 4.6 -3.5
v -5.7 4.8 -2
v -5.7 4.8 -3.5
v -5.3 2.8 -0.7
v -5.3 2.8 -0.8
v -5.3 2.8 -1
v -5.3 2.8 -1.1
v -5.3 2.8 -1.3
v -5.3 2.8 -1.4
v -5.3 2.8 -1.6
v -5.3 2.8 -1.7
v -5.3 2.8 -1.9
v -5.3 2.8 -2
v -5.3 2.8 -2.2
v -5.3 2.8 -2.3
v -5.3 3.5 -0.7
v -5.3 3.5 -0.8
v -5.3 3.5 -1
v -5.3 3.5 -1.1
v -5.3 3.5 -1.3
v -5.3 3.5 -1.4
v -5.3 3.5 -1.6
v -5.3 3.5 -1.7
v -5.3 3.5 -1.9
v -5.3 3.5 -2
v -5.3 3.5 -2.2
v -5.3 3.5 -2.3
v -5.2 1.1 2.3
v -5.2 1.1 1.4
v -5.2 2.6 -0.4
v -5.2 2.6 -2.6
v -5.2 2.8 -0.7
v -5.2 2.8 -0.8
v -5.2 2.8 -1
v -5.2 2.8 -1.1
v -5.2 2.8 -1.3
v -5.2 2.8 -1.4
v -5.2 2.8 -1.6
v -5.2 2.8 -1.7
v -5.2 2.8 -1.9
v -5.2 2.8 -2
v -5.2 2.8 -2.2
v -5.2 2.8 -2.3
v -5.2 3 -3.6
v -5.2 3 -3.8
v -5.2 3.4 -3.6
v -5.2 3.4 -3.8
v -5.2 3.5 2.3
v -5.2 3.5 1.4
v -5.2 3.5 -0.7
v -5.2 3.5 -0.8
v -5.2 3.5 -1
v -5.2 3.5 -1.1
v -5.2 3.5 -1.3
v -5.2 3.5 -1.4
v -5.2 3.5 -1.6
v -5.2 3.5 -1.7
v -5.2 3.5 -1.9
v -5.2 3.5 -2
v -5.2 3.5 -2.2
v -5.2 3.5 -2.3
v -5.2 3.7 -0.4
v -5.2 3.7 -2.6
v -5.2 4.5 2.7
v -5.2 4.5 2.4
v -5.2 4.6 2.7
v -5.2 4.6 2.4
v -5.2 4.6 -2
v -5.2 4.6 -3.5
v -5.2 4.8 -2
v -5.2 4.8 -3.5
v -4.8 2.2 5.4
v -4.8 2.2 4.5
v -4.8 2.6 5.4
v -4.8 2.6 4.5
v -4.8 4.5 2.8
v -4.8 4.5 2.3
v -4.8 4.6 2.8
v -4.8 4.6 2.3
v -4.7 4.6 -2
v -4.7 4.6 -3.5
v -4.7 4.8 -2
v -4.7 4.8 -3.5
v -4.4 0.1 5.5
v -4.4 0.1 4.4
v -4.4 2.1 5.5
v -4.4 2.1 4.4
v -4.3 1.1 -2.3
v -4.3 1.1 -3.8
v -4.3 2 -2.3
v -4.3 2 -3.8
v -4.2 1.1 2.3
v -4.2 1.1 1.4
v -4.2 2.8 2.3
v -4.2 2.8 1.4
v -4.2 2.9 2.3
v -4.2 2.9 1.4
v -4.2 3 2.3
v -4.2 3 1.4
v -4.2 3.1 2.3
v -4.2 3.1 1.4
v -4.2 3.2 2.3
v -4.2 3.2 1.4
v -4.2 3.3 2.3
v -4.2 3.3 1.4
v -4.2 3.4 2.3
v -4.2 3.4 1.4
v -4.2 4.6 -2
v -4.2 4.6 -3.5
v -4.2 4.8 -2
v -4.2 4.8 -3.5
v -4.1 1.1 2.4
v -4.1 1.1 2.3
v -4.1 1.1 1.4
v -4.1 1.1 1.3
v -4.1 3.5 2.3
v -4.1 3.5 1.4
v -4.1 3.6 2.4
v -4.1 3.6 1.3
v -3.7 4.6 -2
v -3.7 4.6 -3.5
v -3.7 4.8 -2
v -3.7 4.8 -3.5
v -3.3 1.1 3.4
v -3.3 1.1 3.3
v -3.3 1.1 2.1
v -3.3 1.1 2
v -3.3 1.1 0.5
v -3.3 1.1 0.4
v -3.3 1.4 3.3
v -3.3 1.4 2.1
v -3.3 1.4 0.4
v -3.3 1.4 -3.8
v -3.3 1.5 3.3
v -3.3 1.5 2.1
v -3.3 1.5 0.4
v -3.3 1.5 -3.8
v -3.3 1.7 3.3
v -3.3 1.7 2.1
v -3.3 1.7 0.4
v -3.3 1.7 -3.8
v -3.3 1.8 3.3
v -3.3 1.8 2.1
v -3.3 1.8 0.4
v -3.3 1.8 -3.8
v -3.3 2 3.3
v -3.3 2 2.1
v -3.3 2 0.4
v -3.3 2 -3.8
v -3.3 2.1 3.4
v -3.3 2.1 2
v -3.3 2.1 0.5
v -3.3 2.1 -3.8
v -3.2 0.1 3.5
v -3.2 0.1 2
v -3.2 0.1 0.5
v -3.2 0.1 -3.8
v -3.2 1.1 3.5
v -3.2 1.1 2
v -3.2 1.1 0.5
v -3.2 1.1 -3.8
v -3.2 4.6 -2
v -3.2 4.6 -3.5
v -3.2 4.8 -2
v -3.2 4.8 -3.5
v -3 0.9 2
v -3 0.9 0.5
v -3 1.1 2
v -3 1.1 0.5
v -2.7 0.7 2
v -2.7 0.7 0.5
v -2.7 0.9 2
v -2.7 0.9 0.5
v -2.4 0.5 2
v -2.4 0.5 0.5
v -2.4 0.7 2
v -2.4 0.7 0.5
v -2.1 0.3 2
v -2.1 0.3 0.5
v -2.1 0.5 2
v -2.1 0.5 0.5
v -1.8 0.1 2
v -1.8 0.1 0.5
v -1.8 0.1 -3
v -1.8 0.1 -5.9
v -1.8 0.2 -3.4
v -1.8 0.2 -3.5
v -1.8 0.3 2
v -1.8 0.3 0.5
v -1.8 0.3 -3.4
v -1.8 0.3 -3.5
v -1.8 0.5 -3.4
v -1.8 0.5 -3.5
v -1.8 0.6 -3.4
v -1.8 0.6 -3.5
v -1.8 0.8 -3.4
v -1.8 0.8 -3.5
v -1.8 0.9 -3.4
v -1.8 0.9 -3.5
v -1.8 1.1 -3.4
v -1.8 1.1 -3.5
v -1.8 1.2 -3.4
v -1.8 1.2 -3.5
v -1.8 1.4 -3.4
v -1.8 1.4 -3.5
v -1.8 1.5 -3.4
v -1.8 1.5 -3.5
v -1.8 1.7 -3.4
v -1.8 1.7 -3.5
v -1.8 1.8 -3.4
v -1.8 1.8 -3.5
v -1.8 2 -3.4
v -1.8 2 -3.5
v -1.8 2.1 -3.4
v -1.8 2.1 -3.5
v -1.8 2.3 -3.4
v -1.8 2.3 -3.5
v -1.8 2.4 -3.4
v -1.8 2.4 -3.5
v -1.8 2.6 -3.4
v -1.8 2.6 -3.5
v -1.8 2.7 -3.4
v -1.8 2.7 -3.5
v -1.8 2.9 -3.4
v -1.8 2.9 -3.5
v -1.8 3 -3.4
v -1.8 3 -3.5
v -1.8 3.2 -3.4
v -1.8 3.2 -3.5
v -1.8 3.3 -3.4
v -1.8 3.3 -3.5
v -1.8 3.4 -3
v -1.8 3.4 -3.8
v -1.8 3.4 -5.9
v -1.8 4.1 3.6
v -1.8 4.1 -1.7
v -1.8 4.2 3.5
v -1.8 4.2 3.4
v -1.8 4.2 -1.4
v -1.8 4.3 5.5
v -1.8 4.3 3.6
v -1.8 4.3 -1.7
v -1.8 4.3 -3.8
v -1.8 4.4 5.5
v -1.8 4.4 3.5
v -1.8 4.4 3.4
v -1.8 4.4 -1.4
v -1.8 4.4 -3.8
v -1.7 2.1 5.5
v -1.7 2.1 4.4
v -1.7 2.2 5.4
v -1.7 2.2 4.5
v -1.7 2.6 5.4
v -1.7 2.6 4.5
v -1.7 2.7 5.5
v -1.7 2.7 4.4
v -1.4 4.1 3.6
v -1.4 4.1 -1.7
v -1.4 4.2 3.5
v -1.4 4.2 -1.5
v -1.4 4.3 5.5
v -1.4 4.3 3.6
v -1.4 4.3 -1.7
v -1.4 4.3 -3.8
v -1.4 4.4 5.5
v -1.4 4.4 3.5
v -1.4 4.4 -1.5
v -1.4 4.4 -3.8
v -1 4.3 1.1
v -1 4.3 0
v -1 4.4 1.1
v -1 4.4 0
v -0.5 4.6 2.8
v -0.5 4.6 2.1
v -0.5 4.7 2.8
v -0.5 4.7 2.1
v -0.3 4.6 2.6
v -0.3 4.6 2.5
v -0.3 4.6 2.4
v -0.3 4.6 2.3
v -0.3 4.7 2.6
v -0.3 4.7 2.5
v -0.3 4.7 2.4
v -0.3 4.7 2.3
v 0.0999999 4.6 2.6
v 0.0999999 4.6 2.5
v 0.0999999 4.6 2.4
v 0.0999999 4.6 2.3
v 0.0999999 4.7 2.6
v 0.0999999 4.7 2.5
v 0.0999999 4.7 2.4
v 0.0999999 4.7 2.3
v 0.2 0.1 -3.1
v 0.2 0.1 -3.8
v 0.2 3.4 -3.1
v 0.2 3.4 -3.8
v 0.3 4.6 2.7
v 0.3 4.6 2.2
v 0.3 4.7 2.7
v 0.3 4.7 2.2
v 0.8 4.2 0.4
v 0.8 4.2 0.3
v 0.8 4.3 0.4
v 0.8 4.3 0.3
v 0.9 4.3 0.4
v 0.9 4.3 0.3
v 0.9 4.6 0.4
v 0.9 4.6 0.3
v 1 4.2 0.5
v 1 4.2 0.2
v 1 4.3 0.5
v 1 4.3 0.2
v 1.3 0.1 -3.3
v 1.3 0.1 -3.8
v 1.3 3.8 -3.1
v 1.3 3.8 -3.3
v 1.3 3.8 -3.4
v 1.3 3.9 -3.2
v 1.3 3.9 -3.3
v 1.3 3.9 -3.4
v 1.3 3.9 -3.6
v 1.3 4 -3.6
v 1.3 4 -3.8
v 1.3 4.2 -3.1
v 1.3 4.2 -3.2
v 1.3 4.3 -3.2
v 1.3 4.3 -3.8
v 1.3 4.4 -3.1
v 1.3 4.4 -3.8
v 1.7 3.7 1.1
v 1.7 3.7 1
v 1.7 3.8 1.1
v 1.7 3.8 1
v 1.8 3.8 1.1
v 1.8 3.8 1
v 1.8 4.6 1.1
v 1.8 4.6 1
v 1.9 3.4 -0.6
v 1.9 3.4 -0.7
v 1.9 3.5 -0.6
v 1.9 3.5 -0.7
v 1.9 3.7 1.2
v 1.9 3.7 0.9
v 1.9 3.8 1.2
v 1.9 3.8 0.9
v 2 0.1 -3
v 2 0.1 -3.1
v 2 3.5 -0.6
v 2 3.5 -0.7
v 2 3.7 -2.9
v 2 3.7 -3
v 2 3.8 -3
v 2 3.8 -3.1
v 2 4.3 -3
v 2 4.3 -3.3
v 2 4.4 -2.9
v 2 4.4 -3.2
v 2 4.6 -0.6
v 2 4.6 -0.7
v 2 4.6 -3.2
v 2 4.6 -3.3
v 2.1 3.4 -0.5
v 2.1 3.4 -0.8
v 2.1 3.5 -0.5
v 2.1 3.5 -0.8
v 2.3 0.1 -3
v 2.3 0.1 -3.1
v 2.3 3.7 -2.9
v 2.3 3.7 -3
v 2.3 3.8 -3
v 2.3 3.8 -3.1
v 2.3 4.3 -3
v 2.3 4.3 -3.3
v 2.3 4.4 -2.9
v 2.3 4.4 -3.2
v 2.3 4.6 -3.2
v 2.3 4.6 -3.3
v 2.8 2.2 -3.5
v 2.8 2.2 -3.8
v 2.8 2.6 -3.5
v 2.8 2.6 -3.8
v 2.8 2.9 -2.8
v 2.8 2.9 -2.9
v 2.8 3.3 -2.8
v 2.8 3.3 -2.9
v 3 1.6 -3.5
v 3 1.6 -3.8
v 3 2 -3.5
v 3 2 -3.8
v 3 2.9 -2.8
v 3 2.9 -2.9
v 3 3.3 -2.8
v 3 3.3 -2.9
v 3 3.9 0.6
v 3 3.9 0.5
v 3 4 0.6
v 3 4 0.5
v 3.1 4 0.6
v 3.1 4 0.5
v 3.1 4.6 0.6
v 3.1 4.6 0.5
v 3.2 2.9 -2.8
v 3.2 2.9 -2.9
v 3.2 3.3 -2.8
v 3.2 3.3 -2.9
v 3.2 3.9 0.7
v 3.2 3.9 0.4
v 3.2 4 0.7
v 3.2 4 0.4
v 3.4 2.8 -2.8
v 3.4 2.8 -3.8
v 3.4 2.9 -3.4
v 3.4 2.9 -3.5
v 3.4 3 -3.4
v 3.4 3 -3.5
v 3.4 3.1 -3.2
v 3.4 3.1 -3.3
v 3.4 3.2 -3.2
v 3.4 3.2 -3.3
v 3.4 3.4 -2.8
v 3.4 3.4 -3.8
v 3.6 4.6 2.8
v 3.6 4.6 2.1
v 3.6 4.7 2.8
v 3.6 4.7 2.1
v 3.8 4.6 2.6
v 3.8 4.6 2.5
v 3.8 4.6 2.4
v 3.8 4.6 2.3
v 3.8 4.7 2.6
v 3.8 4.7 2.5
v 3.8 4.7 2.4
v 3.8 4.7 2.3
v 3.9 2.9 -3.4
v 3.9 2.9 -3.8
v 3.9 3 -3.4
v 3.9 3 -3.8
v 4.2 3.1 -3.2
v 4.2 3.1 -3.8
v 4.2 3.2 -3.2
v 4.2 3.2 -3.8
v 4.2 4.6 2.6
v 4.2 4.6 2.5
v 4.2 4.6 2.4
v 4.2 4.6 2.3
v 4.2 4.7 2.6
v 4.2 4.7 2.5
v 4.2 4.7 2.4
v 4.2 4.7 2.3
v 4.4 4.6 2.7
v 4.4 4.6 2.2
v 4.4 4.7 2.7
v 4.4 4.7 2.2
v 5.7 0 6
v 5.7 0 -3.8
v 5.7 0 -3.9
v 5.7 0 -6.1
v 5.7 0.1 6
v 5.7 0.1 -3.8
v 5.7 0.1 -3.9
v 5.7 4.6 6
v 5.7 4.6 -3.8
v 5.7 4.6 -3.9
v 5.7 4.7 -3.8
v 5.7 4.7 -3.9
v 5.7 4.8 6
v 5.7 4.8 -6.1
v 5.8 4.6 -3.8
v 5.8 4.6 -3.9
v 5.8 4.7 -3.8
v 5.8 4.7 -3.9
v 5.9 3.9 -3.3
v 5.9 3.9 -3.6
v 5.9 4.1 5.6
v 5.9 4.1 -3.3
v 5.9 4.2 5.5
v 5.9 4.2 0
v 5.9 4.2 -0.1
v 5.9 4.2 -3.6
v 5.9 4.4 5.6
v 5.9 4.4 5.5
v 5.9 4.4 0
v 5.9 4.4 -0.1
v -5.9 0 6
v -5.9 4.8 6
v -5.8 0 6
v -5.8 0.1 6
v -5.8 4.6 6
v 5.7 0 6
v 5.7 0.1 6
v 5.7 4.6 6
v 5.7 4.8 6
v -5.8 4.3 5.6
v -5.8 4.4 5.6
v 5.8 4.1 5.6
v 5.8 4.3 5.6
v 5.9 4.1 5.6
v 5.9 4.4 5.6
v -5.8 0.1 5.5
v -5.8 2.7 5.5
v -4.4 0.1 5.5
v -4.4 2.1 5.5
v -1.7 2.1 5.5
v -1.7 2.7 5.5
v -5.8 4.1 5.2
v -5.8 4.2 5.2
v 5.8 4.1 5.2
v 5.8 4.2 5.2
v -5.8 4.1 4.8
v -5.8 4.2 4.8
v 5.8 4.1 4.8
v 5.8 4.2 4.8
v -4.8 2.2 4.5
v -4.8 2.6 4.5
v -1.7 2.2 4.5
v -1.7 2.6 4.5
v -5.8 4.1 4.4
v -5.8 4.2 4.4
v 5.8 4.1 4.4
v 5.8 4.2 4.4
v -1.9 4.1 3.6
v -1.9 4.3 3.6
v -1.8 4.1 3.6
v -1.8 4.3 3.6
v -1.5 4.1 3.6
v -1.5 4.3 3.6
v -1.4 4.1 3.6
v -1.4 4.3 3.6
v -5.8 0.1 3.5
v -5.8 1.1 3.5
v -3.2 0.1 3.5
v -3.2 1.1 3.5
v -5.8 1.4 3.4
v -5.8 1.5 3.4
v -5.8 1.7 3.4
v -5.8 1.8 3.4
v -5.8 2 3.4
v -5.8 2.1 3.4
v -3.4 1.1 3.4
v -3.4 1.4 3.4
v -3.4 1.5 3.4
v -3.4 1.7 3.4
v -3.4 1.8 3.4
v -3.4 2 3.4
v -3.3 1.1 3.4
v -3.3 2.1 3.4
v -5.3 4.5 2.8
v -5.3 4.6 2.8
v -4.8 4.5 2.8
v -4.8 4.6 2.8
v -0.4 4.6 2.7
v -0.4 4.7 2.7
v 0.3 4.6 2.7
v 0.3 4.7 2.7
v 3.7 4.6 2.7
v 3.7 4.7 2.7
v 4.4 4.6 2.7
v 4.4 4.7 2.7
v -0.3 4.6 2.5
v -0.3 4.7 2.5
v -0.2 4.6 2.5
v -0.2 4.7 2.5
v 0.0999999 4.6 2.5
v 0.0999999 4.7 2.5
v 0.2 4.6 2.5
v 0.2 4.7 2.5
v 3.8 4.6 2.5
v 3.8 4.7 2.5
v 3.9 4.6 2.5
v 3.9 4.7 2.5
v 4.2 4.6 2.5
v 4.2 4.7 2.5
v 4.3 4.6 2.5
v 4.3 4.7 2.5
v -5.4 1.1 2.4
v -5.4 3.6 2.4
v -5.2 4.5 2.4
v -5.2 4.6 2.4
v -4.9 4.5 2.4
v -4.9 4.6 2.4
v -4.1 1.1 2.4
v -4.1 3.6 2.4
v -0.3 4.6 2.3
v -0.3 4.7 2.3
v -0.2 4.6 2.3
v -0.2 4.7 2.3
v 0.0999999 4.6 2.3
v 0.0999999 4.7 2.3
v 0.2 4.6 2.3
v 0.2 4.7 2.3
v 3.8 4.6 2.3
v 3.8 4.7 2.3
v 3.9 4.6 2.3
v 3.9 4.7 2.3
v 4.2 4.6 2.3
v 4.2 4.7 2.3
v 4.3 4.6 2.3
v 4.3 4.7 2.3
v -3.4 1.1 2.1
v -3.4 1.4 2.1
v -3.4 1.5 2.1
v -3.4 1.7 2.1
v -3.4 1.8 2.1
v -3.4 2 2.1
v -3.3 1.1 2.1
v -3.3 1.4 2.1
v -3.3 1.5 2.1
v -3.3 1.7 2.1
v -3.3 1.8 2.1
v -3.3 2 2.1
v -0.5 4.6 2.1
v -0.5 4.7 2.1
v 0.4 4.6 2.1
v 0.4 4.7 2.1
v 3.6 4.6 2.1
v 3.6 4.7 2.1
v 4.5 4.6 2.1
v 4.5 4.7 2.1
v -3.2 0.1 2
v -3.2 1.1 2
v -3 0.9 2
v -3 1.1 2
v -2.7 0.7 2
v -2.7 0.9 2
v -2.4 0.5 2
v -2.4 0.7 2
v -2.1 0.3 2
v -2.1 0.5 2
v -1.8 0.1 2
v -1.8 0.3 2
v -5.2 1.1 1.4
v -5.2 3.5 1.4
v -4.3 1.1 1.4
v -4.3 2.8 1.4
v -4.3 2.9 1.4
v -4.3 3 1.4
v -4.3 3.1 1.4
v -4.3 3.2 1.4
v -4.3 3.3 1.4
v -4.3 3.4 1.4
v -4.2 1.1 1.4
v -4.2 2.8 1.4
v -4.2 2.9 1.4
v -4.2 3 1.4
v -4.2 3.1 1.4
v -4.2 3.2 1.4
v -4.2 3.3 1.4
v -4.2 3.4 1.4
v -4.1 1.1 1.4
v -4.1 3.5 1.4
v 1.6 3.7 1.2
v 1.6 3.8 1.2
v 1.9 3.7 1.2
v 1.9 3.8 1.2
v -5.8 4.3 1.1
v -5.8 4.4 1.1
v -1 4.3 1.1
v -1 4.4 1.1
v 1.7 3.8 1.1
v 1.7 4.6 1.1
v 1.8 3.8 1.1
v 1.8 4.6 1.1
v 1.7 3.7 1
v 1.7 3.8 1
v 1.8 3.7 1
v 1.8 3.8 1
v 2.9 3.9 0.7
v 2.9 4 0.7
v 3.2 3.9 0.7
v 3.2 4 0.7
v 3 4 0.6
v 3 4.6 0.6
v 3.1 4 0.6
v 3.1 4.6 0.6
v -3.4 1.1 0.5
v -3.4 2.1 0.5
v -3.3 1.1 0.5
v -3.3 2.1 0.5
v 0.7 4.2 0.5
v 0.7 4.3 0.5
v 1 4.2 0.5
v 1 4.3 0.5
v 3 3.9 0.5
v 3 4 0.5
v 3.1 3.9 0.5
v 3.1 4 0.5
v 0.8 4.3 0.4
v 0.8 4.6 0.4
v 0.9 4.3 0.4
v 0.9 4.6 0.4
v 0.8 4.2 0.3
v 0.8 4.3 0.3
v 0.9 4.2 0.3
v 0.9 4.3 0.3
v -1 4.3 0
v -1 4.4 0
v 5.8 4.2 0
v 5.8 4.3 0
v 5.9 4.2 0
v 5.9 4.4 0
v -5.8 2.6 -0.4
v -5.8 3.7 -0.4
v -5.2 2.6 -0.4
v -5.2 3.7 -0.4
v 1.8 3.4 -0.5
v 1.8 3.5 -0.5
v 2.1 3.4 -0.5
v 2.1 3.5 -0.5
v 1.9 3.5 -0.6
v 1.9 4.6 -0.6
v 2 3.5 -0.6
v 2 4.6 -0.6
v 1.9 3.4 -0.7
v 1.9 3.5 -0.7
v 2 3.4 -0.7
v 2 3.5 -0.7
v -5.3 2.8 -0.8
v -5.3 3.5 -0.8
v -5.2 2.8 -0.8
v -5.2 3.5 -0.8
v -5.3 2.8 -1.1
v -5.3 3.5 -1.1
v -5.2 2.8 -1.1
v -5.2 3.5 -1.1
v -5.3 2.8 -1.4
v -5.3 3.5 -1.4
v -5.2 2.8 -1.4
v -5.2 3.5 -1.4
v -1.9 4.2 -1.4
v -1.9 4.4 -1.4
v -1.8 4.2 -1.4
v -1.8 4.4 -1.4
v -1.5 4.2 -1.5
v -1.5 4.4 -1.5
v -1.4 4.2 -1.5
v -1.4 4.4 -1.5
v -5.3 2.8 -1.7
v -5.3 3.5 -1.7
v -5.2 2.8 -1.7
v -5.2 3.5 -1.7
v -5.3 2.8 -2
v -5.3 3.5 -2
v -5.2 2.8 -2
v -5.2 3.5 -2
v -5.3 1.1 -2.3
v -5.3 2 -2.3
v -5.3 2.8 -2.3
v -5.3 3.5 -2.3
v -5.2 2.8 -2.3
v -5.2 3.5 -2.3
v -4.3 1.1 -2.3
v -4.3 2 -2.3
v 2.7 2.8 -2.8
v 2.7 3.4 -2.8
v 2.8 2.9 -2.8
v 2.8 3.3 -2.8
v 2.9 2.9 -2.8
v 2.9 3.3 -2.8
v 3 2.9 -2.8
v 3 3.3 -2.8
v 3.1 2.9 -2.8
v 3.1 3.3 -2.8
v 3.2 2.9 -2.8
v 3.2 3.3 -2.8
v 3.3 2.9 -2.8
v 3.3 3.3 -2.8
v 3.4 2.8 -2.8
v 3.4 3.4 -2.8
v 1.9 3.7 -2.9
v 1.9 4.4 -2.9
v 2 3.7 -2.9
v 2 4.4 -2.9
v 2.2 3.7 -2.9
v 2.2 4.4 -2.9
v 2.3 3.7 -2.9
v 2.3 4.4 -2.9
v 2.8 2.9 -2.9
v 2.8 3.3 -2.9
v 2.9 2.9 -2.9
v 2.9 3.3 -2.9
v 3 2.9 -2.9
v 3 3.3 -2.9
v 3.1 2.9 -2.9
v 3.1 3.3 -2.9
v 3.2 2.9 -2.9
v 3.2 3.3 -2.9
v 3.3 2.9 -2.9
v 3.3 3.3 -2.9
v -1.9 0.1 -3
v -1.9 3.4 -3
v -1.8 0.1 -3
v -1.8 3.4 -3
v 1.9 0.1 -3
v 1.9 3.7 -3
v 2 0.1 -3
v 2 3.7 -3
v 2.2 0.1 -3
v 2.2 3.7 -3
v 2.3 0.1 -3
v 2.3 3.7 -3
v 0.0999999 0.1 -3.1
v 0.0999999 3.4 -3.1
v 0.2 0.1 -3.1
v 0.2 3.4 -3.1
v 1 3.8 -3.1
v 1 4.2 -3.1
v 1 4.4 -3.1
v 1.3 3.8 -3.1
v 1.3 4.2 -3.1
v 1.3 4.4 -3.1
v 1.9 4.4 -3.2
v 1.9 4.6 -3.2
v 2 4.4 -3.2
v 2 4.6 -3.2
v 2.2 4.4 -3.2
v 2.2 4.6 -3.2
v 2.3 4.4 -3.2
v 2.3 4.6 -3.2
v 3.4 3.1 -3.2
v 3.4 3.2 -3.2
v 4.2 3.1 -3.2
v 4.2 3.2 -3.2
v -5.8 3.9 -3.3
v -5.8 4.2 -3.3
v 1 0.1 -3.3
v 1 3.8 -3.3
v 1 3.9 -3.3
v 1.3 0.1 -3.3
v 1.3 3.8 -3.3
v 1.3 3.9 -3.3
v 5.8 4.1 -3.3
v 5.8 4.2 -3.3
v 5.9 3.9 -3.3
v 5.9 4.1 -3.3
v -1.8 0.2 -3.4
v -1.8 0.3 -3.4
v -1.8 0.5 -3.4
v -1.8 0.6 -3.4
v -1.8 0.8 -3.4
v -1.8 0.9 -3.4
v -1.8 1.1 -3.4
v -1.8 1.2 -3.4
v -1.8 1.4 -3.4
v -1.8 1.5 -3.4
v -1.8 1.7 -3.4
v -1.8 1.8 -3.4
v -1.8 2 -3.4
v -1.8 2.1 -3.4
v -1.8 2.3 -3.4
v -1.8 2.4 -3.4
v -1.8 2.6 -3.4
v -1.8 2.7 -3.4
v -1.8 2.9 -3.4
v -1.8 3 -3.4
v -1.8 3.2 -3.4
v -1.8 3.3 -3.4
v 0.0999999 0.2 -3.4
v 0.0999999 0.3 -3.4
v 0.0999999 0.5 -3.4
v 0.0999999 0.6 -3.4
v 0.0999999 0.8 -3.4
v 0.0999999 0.9 -3.4
v 0.0999999 1.1 -3.4
v 0.0999999 1.2 -3.4
v 0.0999999 1.4 -3.4
v 0.0999999 1.5 -3.4
v 0.0999999 1.7 -3.4
v 0.0999999 1.8 -3.4
v 0.0999999 2 -3.4
v 0.0999999 2.1 -3.4
v 0.0999999 2.3 -3.4
v 0.0999999 2.4 -3.4
v 0.0999999 2.6 -3.4
v 0.0999999 2.7 -3.4
v 0.0999999 2.9 -3.4
v 0.0999999 3 -3.4
v 0.0999999 3.2 -3.4
v 0.0999999 3.3 -3.4
v 3.4 2.9 -3.4
v 3.4 3 -3.4
v 3.9 2.9 -3.4
v 3.9 3 -3.4
v -5.7 4.6 -3.5
v -5.7 4.8 -3.5
v -5.4 4.6 -3.5
v -5.4 4.8 -3.5
v -5.2 4.6 -3.5
v -5.2 4.8 -3.5
v -4.9 4.6 -3.5
v -4.9 4.8 -3.5
v -4.7 4.6 -3.5
v -4.7 4.8 -3.5
v -4.4 4.6 -3.5
v -4.4 4.8 -3.5
v -4.2 4.6 -3.5
v -4.2 4.8 -3.5
v -3.9 4.6 -3.5
v -3.9 4.8 -3.5
v -3.7 4.6 -3.5
v -3.7 4.8 -3.5
v -3.4 4.6 -3.5
v -3.4 4.8 -3.5
v -3.2 4.6 -3.5
v -3.2 4.8 -3.5
v -2.9 4.6 -3.5
v -2.9 4.8 -3.5
v 2.5 2.2 -3.5
v 2.5 2.6 -3.5
v 2.7 1.6 -3.5
v 2.7 2 -3.5
v 2.8 2.2 -3.5
v 2.8 2.6 -3.5
v 3 1.6 -3.5
v 3 2 -3.5
v -5.6 3 -3.6
v -5.6 3.4 -3.6
v -5.2 3 -3.6
v -5.2 3.4 -3.6
v -5.8 1.1 -3.8
v -5.8 4.6 -3.8
v -5.6 3 -3.8
v -5.6 3.4 -3.8
v -5.3 1.1 -3.8
v -5.3 2 -3.8
v -5.2 3 -3.8
v -5.2 3.4 -3.8
v -4.3 1.1 -3.8
v -4.3 2 -3.8
v -3.4 1.4 -3.8
v -3.4 1.5 -3.8
v -3.4 1.7 -3.8
v -3.4 1.8 -3.8
v -3.4 2 -3.8
v -3.4 2.1 -3.8
v -3.3 1.4 -3.8
v -3.3 1.5 -3.8
v -3.3 1.7 -3.8
v -3.3 1.8 -3.8
v -3.3 2 -3.8
v -3.3 2.1 -3.8
v -3.2 0.1 -3.8
v -3.2 1.1 -3.8
v -1.9 0.1 -3.8
v -1.9 3.4 -3.8
v -1.9 4.3 -3.8
v -1.9 4.4 -3.8
v -1.8 3.4 -3.8
v -1.8 4.3 -3.8
v -1.8 4.4 -3.8
v -1.5 4.3 -3.8
v -1.5 4.4 -3.8
v -1.4 4.3 -3.8
v -1.4 4.4 -3.8
v 0.0999999 3.4 -3.8
v 0.2 0.1 -3.8
v 0.2 3.4 -3.8
v 1 0.1 -3.8
v 1 4 -3.8
v 1 4.3 -3.8
v 1 4.4 -3.8
v 1.3 0.1 -3.8
v 1.3 4 -3.8
v 1.3 4.3 -3.8
v 1.3 4.4 -3.8
v 2.5 2.2 -3.8
v 2.5 2.6 -3.8
v 2.7 1.6 -3.8
v 2.7 2 -3.8
v 2.7 2.8 -3.8
v 2.7 3.4 -3.8
v 2.8 2.2 -3.8
v 2.8 2.6 -3.8
v 3 1.6 -3.8
v 3 2 -3.8
v 3.4 2.8 -3.8
v 3.4 3.4 -3.8
v 3.8 2.9 -3.8
v 3.8 3 -3.8
v 3.9 2.9 -3.8
v 3.9 3 -3.8
v 4.1 3.1 -3.8
v 4.1 3.2 -3.8
v 4.2 3.1 -3.8
v 4.2 3.2 -3.8
v 5.7 0.1 -3.8
v 5.7 4.6 -3.8
v 5.7 4.7 -3.8
v 5.8 4.6 -3.8
v 5.8 4.7 -3.8
v -1.8 0.1 -5.9
v -1.8 3.4 -5.9
v 0.0999999 0.1 -5.9
v 0.0999999 3.4 -5.9
v -5.8 4.3 5.5
v -5.8 4.4 5.5
v -1.9 4.3 5.5
v -1.9 4.4 5.5
v -1.8 4.3 5.5
v -1.8 4.4 5.5
v -1.5 4.3 5.5
v -1.5 4.4 5.5
v -1.4 4.3 5.5
v -1.4 4.4 5.5
v 5.8 4.2 5.5
v 5.8 4.3 5.5
v 5.9 4.2 5.5
v 5.9 4.4 5.5
v -4.8 2.2 5.4
v -4.8 2.6 5.4
v -1.7 2.2 5.4
v -1.7 2.6 5.4
v -5.8 4.1 5.1
v -5.8 4.2 5.1
v 5.8 4.1 5.1
v 5.8 4.2 5.1
v -5.8 4.1 4.7
v -5.8 4.2 4.7
v 5.8 4.1 4.7
v 5.8 4.2 4.7
v -5.8 0.1 4.4
v -5.8 2.7 4.4
v -4.4 0.1 4.4
v -4.4 2.1 4.4
v -1.7 2.1 4.4
v -1.7 2.7 4.4
v -5.8 4.1 4.3
v -5.8 4.2 4.3
v 5.8 4.1 4.3
v 5.8 4.2 4.3
v -1.5 4.2 3.5
v -1.5 4.4 3.5
v -1.4 4.2 3.5
v -1.4 4.4 3.5
v -1.9 4.2 3.4
v -1.9 4.4 3.4
v -1.8 4.2 3.4
v -1.8 4.4 3.4
v -5.8 1.4 3.3
v -5.8 1.5 3.3
v -5.8 1.7 3.3
v -5.8 1.8 3.3
v -5.8 2 3.3
v -5.8 2.1 3.3
v -3.4 1.1 3.3
v -3.4 1.4 3.3
v -3.4 1.5 3.3
v -3.4 1.7 3.3
v -3.4 1.8 3.3
v -3.4 2 3.3
v -3.4 2.1 3.3
v -3.3 1.1 3.3
v -3.3 1.4 3.3
v -3.3 1.5 3.3
v -3.3 1.7 3.3
v -3.3 1.8 3.3
v -3.3 2 3.3
v -0.5 4.6 2.8
v -0.5 4.7 2.8
v 0.4 4.6 2.8
v 0.4 4.7 2.8
v 3.6 4.6 2.8
v 3.6 4.7 2.8
v 4.5 4.6 2.8
v 4.5 4.7 2.8
v -5.2 4.5 2.7
v -5.2 4.6 2.7
v -4.9 4.5 2.7
v -4.9 4.6 2.7
v -0.3 4.6 2.6
v -0.3 4.7 2.6
v -0.2 4.6 2.6
v -0.2 4.7 2.6
v 0.0999999 4.6 2.6
v 0.0999999 4.7 2.6
v 0.2 4.6 2.6
v 0.2 4.7 2.6
v 3.8 4.6 2.6
v 3.8 4.7 2.6
v 3.9 4.6 2.6
v 3.9 4.7 2.6
v 4.2 4.6 2.6
v 4.2 4.7 2.6
v 4.3 4.6 2.6
v 4.3 4.7 2.6
v -0.3 4.6 2.4
v -0.3 4.7 2.4
v -0.2 4.6 2.4
v -0.2 4.7 2.4
v 0.0999999 4.6 2.4
v 0.0999999 4.7 2.4
v 0.2 4.6 2.4
v 0.2 4.7 2.4
v 3.8 4.6 2.4
v 3.8 4.7 2.4
v 3.9 4.6 2.4
v 3.9 4.7 2.4
v 4.2 4.6 2.4
v 4.2 4.7 2.4
v 4.3 4.6 2.4
v 4.3 4.7 2.4
v -5.3 4.5 2.3
v -5.3 4.6 2.3
v -5.2 1.1 2.3
v -5.2 3.5 2.3
v -4.8 4.5 2.3
v -4.8 4.6 2.3
v -4.3 1.1 2.3
v -4.3 2.8 2.3
v -4.3 2.9 2.3
v -4.3 3 2.3
v -4.3 3.1 2.3
v -4.3 3.2 2.3
v -4.3 3.3 2.3
v -4.3 3.4 2.3
v -4.2 1.1 2.3
v -4.2 2.8 2.3
v -4.2 2.9 2.3
v -4.2 3 2.3
v -4.2 3.1 2.3
v -4.2 3.2 2.3
v -4.2 3.3 2.3
v -4.2 3.4 2.3
v -4.1 1.1 2.3
v -4.1 3.5 2.3
v -0.4 4.6 2.2
v -0.4 4.7 2.2
v 0.3 4.6 2.2
v 0.3 4.7 2.2
v 3.7 4.6 2.2
v 3.7 4.7 2.2
v 4.4 4.6 2.2
v 4.4 4.7 2.2
v -3.4 1.1 2
v -3.4 2.1 2
v -3.3 1.1 2
v -3.3 2.1 2
v -5.4 1.1 1.3
v -5.4 3.6 1.3
v -4.1 1.1 1.3
v -4.1 3.6 1.3
v 1.7 3.7 1.1
v 1.7 3.8 1.1
v 1.8 3.7 1.1
v 1.8 3.8 1.1
v -5.8 4.3 1
v -5.8 4.4 1
v -1.1 4.3 1
v -1.1 4.4 1
v 1.7 3.8 1
v 1.7 4.6 1
v 1.8 3.8 1
v 1.8 4.6 1
v 1.6 3.7 0.9
v 1.6 3.8 0.9
v 1.9 3.7 0.9
v 1.9 3.8 0.9
v 3 3.9 0.6
v 3 4 0.6
v 3.1 3.9 0.6
v 3.1 4 0.6
v -3.2 0.1 0.5
v -3.2 1.1 0.5
v -3 0.9 0.5
v -3 1.1 0.5
v -2.7 0.7 0.5
v -2.7 0.9 0.5
v -2.4 0.5 0.5
v -2.4 0.7 0.5
v -2.1 0.3 0.5
v -2.1 0.5 0.5
v -1.8 0.1 0.5
v -1.8 0.3 0.5
v 3 4 0.5
v 3 4.6 0.5
v 3.1 4 0.5
v 3.1 4.6 0.5
v -3.4 1.1 0.4
v -3.4 1.4 0.4
v -3.4 1.5 0.4
v -3.4 1.7 0.4
v -3.4 1.8 0.4
v -3.4 2 0.4
v -3.3 1.1 0.4
v -3.3 1.4 0.4
v -3.3 1.5 0.4
v -3.3 1.7 0.4
v -3.3 1.8 0.4
v -3.3 2 0.4
v 0.8 4.2 0.4
v 0.8 4.3 0.4
v 0.9 4.2 0.4
v 0.9 4.3 0.4
v 2.9 3.9 0.4
v 2.9 4 0.4
v 3.2 3.9 0.4
v 3.2 4 0.4
v 0.8 4.3 0.3
v 0.8 4.6 0.3
v 0.9 4.3 0.3
v 0.9 4.6 0.3
v 0.7 4.2 0.2
v 0.7 4.3 0.2
v 1 4.2 0.2
v 1 4.3 0.2
v -1.1 4.3 -0.1
v -1.1 4.4 -0.1
v 5.8 4.2 -0.1
v 5.8 4.3 -0.1
v 5.9 4.2 -0.1
v 5.9 4.4 -0.1
v 1.9 3.4 -0.6
v 1.9 3.5 -0.6
v 2 3.4 -0.6
v 2 3.5 -0.6
v -5.3 2.8 -0.7
v -5.3 3.5 -0.7
v -5.2 2.8 -0.7
v -5.2 3.5 -0.7
v 1.9 3.5 -0.7
v 1.9 4.6 -0.7
v 2 3.5 -0.7
v 2 4.6 -0.7
v 1.8 3.4 -0.8
v 1.8 3.5 -0.8
v 2.1 3.4 -0.8
v 2.1 3.5 -0.8
v -5.3 2.8 -1
v -5.3 3.5 -1
v -5.2 2.8 -1
v -5.2 3.5 -1
v -5.3 2.8 -1.3
v -5.3 3.5 -1.3
v -5.2 2.8 -1.3
v -5.2 3.5 -1.3
v -5.3 2.8 -1.6
v -5.3 3.5 -1.6
v -5.2 2.8 -1.6
v -5.2 3.5 -1.6
v -1.9 4.1 -1.7
v -1.9 4.3 -1.7
v -1.8 4.1 -1.7
v -1.8 4.3 -1.7
v -1.5 4.1 -1.7
v -1.5 4.3 -1.7
v -1.4 4.1 -1.7
v -1.4 4.3 -1.7
v -5.3 2.8 -1.9
v -5.3 3.5 -1.9
v -5.2 2.8 -1.9
v -5.2 3.5 -1.9
v -5.7 4.6 -2
v -5.7 4.8 -2
v -5.4 4.6 -2
v -5.4 4.8 -2
v -5.2 4.6 -2
v -5.2 4.8 -2
v -4.9 4.6 -2
v -4.9 4.8 -2
v -4.7 4.6 -2
v -4.7 4.8 -2
v -4.4 4.6 -2
v -4.4 4.8 -2
v -4.2 4.6 -2
v -4.2 4.8 -2
v -3.9 4.6 -2
v -3.9 4.8 -2
v -3.7 4.6 -2
v -3.7 4.8 -2
v -3.4 4.6 -2
v -3.4 4.8 -2
v -3.2 4.6 -2
v -3.2 4.8 -2
v -2.9 4.6 -2
v -2.9 4.8 -2
v -5.3 2.8 -2.2
v -5.3 3.5 -2.2
v -5.2 2.8 -2.2
v -5.2 3.5 -2.2
v -5.8 2.6 -2.6
v -5.8 3.7 -2.6
v -5.2 2.6 -2.6
v -5.2 3.7 -2.6
v 1.9 3.8 -3
v 1.9 4.3 -3
v 2 3.8 -3
v 2 4.3 -3
v 2.2 3.8 -3
v 2.2 4.3 -3
v 2.3 3.8 -3
v 2.3 4.3 -3
v 1.9 0.1 -3.1
v 1.9 3.8 -3.1
v 2 0.1 -3.1
v 2 3.8 -3.1
v 2.2 0.1 -3.1
v 2.2 3.8 -3.1
v 2.3 0.1 -3.1
v 2.3 3.8 -3.1
v 1 3.9 -3.2
v 1 4.2 -3.2
v 1 4.3 -3.2
v 1.3 3.9 -3.2
v 1.3 4.2 -3.2
v 1.3 4.3 -3.2
v 1.9 4.3 -3.3
v 1.9 4.6 -3.3
v 2 4.3 -3.3
v 2 4.6 -3.3
v 2.2 4.3 -3.3
v 2.2 4.6 -3.3
v 2.3 4.3 -3.3
v 2.3 4.6 -3.3
v 3.4 3.1 -3.3
v 3.4 3.2 -3.3
v 4.1 3.1 -3.3
v 4.1 3.2 -3.3
v -1.8 0.2 -3.5
v -1.8 0.3 -3.5
v -1.8 0.5 -3.5
v -1.8 0.6 -3.5
v -1.8 0.8 -3.5
v -1.8 0.9 -3.5
v -1.8 1.1 -3.5
v -1.8 1.2 -3.5
v -1.8 1.4 -3.5
v -1.8 1.5 -3.5
v -1.8 1.7 -3.5
v -1.8 1.8 -3.5
v -1.8 2 -3.5
v -1.8 2.1 -3.5
v -1.8 2.3 -3.5
v -1.8 2.4 -3.5
v -1.8 2.6 -3.5
v -1.8 2.7 -3.5
v -1.8 2.9 -3.5
v -1.8 3 -3.5
v -1.8 3.2 -3.5
v -1.8 3.3 -3.5
v 0.0999999 0.2 -3.5
v 0.0999999 0.3 -3.5
v 0.0999999 0.5 -3.5
v 0.0999999 0.6 -3.5
v 0.0999999 0.8 -3.5
v 0.0999999 0.9 -3.5
v 0.0999999 1.1 -3.5
v 0.0999999 1.2 -3.5
v 0.0999999 1.4 -3.5
v 0.0999999 1.5 -3.5
v 0.0999999 1.7 -3.5
v 0.0999999 1.8 -3.5
v 0.0999999 2 -3.5
v 0.0999999 2.1 -3.5
v 0.0999999 2.3 -3.5
v 0.0999999 2.4 -3.5
v 0.0999999 2.6 -3.5
v 0.0999999 2.7 -3.5
v 0.0999999 2.9 -3.5
v 0.0999999 3 -3.5
v 0.0999999 3.2 -3.5
v 0.0999999 3.3 -3.5
v 3.4 2.9 -3.5
v 3.4 3 -3.5
v 3.8 2.9 -3.5
v 3.8 3 -3.5
v -5.8 3.9 -3.6
v -5.8 4 -3.6
v -5.8 4.2 -3.6
v -3.1 4.1 -3.6
v -3.1 4.2 -3.6
v 0.7 4.1 -3.6
v 0.7 4.2 -3.6
v 1 3.9 -3.6
v 1 4 -3.6
v 1.3 3.9 -3.6
v 1.3 4 -3.6
v 5.4 4 -3.6
v 5.4 4.2 -3.6
v 5.9 3.9 -3.6
v 5.9 4.2 -3.6
v 5.7 4.6 -3.9
v 5.7 4.7 -3.9
v 5.8 4.6 -3.9
v 5.8 4.7 -3.9
v -5.9 0 -6.1
v -5.9 4.8 -6.1
v -1.9 0 -6.1
v -1.9 3.4 -6.1
v 0.2 0 -6.1
v 0.2 3.4 -6.1
v 5.7 0 -6.1
v 5.7 4.8 -6.1
v -5.9 0 6
v -5.8 0 6
v 5.7 0 6
v -5.8 0 5.5
v -4.4 0 5.5
v -5.8 0 4.4
v -4.4 0 4.4
v -5.8 0 3.5
v -3.2 0 3.5
v -3.2 0 2
v -1.8 0 2
v -3.2 0 0.5
v -1.8 0 0.5
v -1.9 0 -3
v -1.8 0 -3
v 1.9 0 -3
v 2 0 -3
v 2.2 0 -3
v 2.3 0 -3
v 0.0999999 0 -3.1
v 0.2 0 -3.1
v 1.9 0 -3.1
v 2 0 -3.1
v 2.2 0 -3.1
v 2.3 0 -3.1
v 1 0 -3.3
v 1.3 0 -3.3
v -3.2 0 -3.8
v -1.9 0 -3.8
v 0.2 0 -3.8
v 1 0 -3.8
v 1.3 0 -3.8
v 5.7 0 -3.8
v -5.8 0 -3.9
v -1.9 0 -3.9
v 0.2 0 -3.9
v 5.7 0 -3.9
v -1.8 0 -5.9
v 0.0999999 0 -5.9
v -5.9 0 -6.1
v -1.9 0 -6.1
v 0.2 0 -6.1
v 5.7 0 -6.1
v -1.8 0.2 -3.4
v 0.0999999 0.2 -3.4
v -1.8 0.2 -3.5
v 0.0999999 0.2 -3.5
v -1.8 0.5 -3.4
v 0.0999999 0.5 -3.4
v -1.8 0.5 -3.5
v 0.0999999 0.5 -3.5
v -1.8 0.8 -3.4
v 0.0999999 0.8 -3.4
v -1.8 0.8 -3.5
v 0.0999999 0.8 -3.5
v -1.8 1.1 -3.4
v 0.0999999 1.1 -3.4
v -1.8 1.1 -3.5
v 0.0999999 1.1 -3.5
v -5.8 1.4 3.4
v -3.4 1.4 3.4
v -5.8 1.4 3.3
v -3.4 1.4 3.3
v -3.3 1.4 3.3
v -3.4 1.4 2.1
v -3.3 1.4 2.1
v -3.4 1.4 0.4
v -3.3 1.4 0.4
v -1.8 1.4 -3.4
v 0.0999999 1.4 -3.4
v -1.8 1.4 -3.5
v 0.0999999 1.4 -3.5
v -3.4 1.4 -3.8
v -3.3 1.4 -3.8
v 2.7 1.6 -3.5
v 3 1.6 -3.5
v 2.7 1.6 -3.8
v 3 1.6 -3.8
v -5.8 1.7 3.4
v -3.4 1.7 3.4
v -5.8 1.7 3.3
v -3.4 1.7 3.3
v -3.3 1.7 3.3
v -3.4 1.7 2.1
v -3.3 1.7 2.1
v -3.4 1.7 0.4
v -3.3 1.7 0.4
v -1.8 1.7 -3.4
v 0.0999999 1.7 -3.4
v -1.8 1.7 -3.5
v 0.0999999 1.7 -3.5
v -3.4 1.7 -3.8
v -3.3 1.7 -3.8
v -5.8 2 3.4
v -3.4 2 3.4
v -5.8 2 3.3
v -3.4 2 3.3
v -3.3 2 3.3
v -3.4 2 2.1
v -3.3 2 2.1
v -3.4 2 0.4
v -3.3 2 0.4
v -1.8 2 -3.4
v 0.0999999 2 -3.4
v -1.8 2 -3.5
v 0.0999999 2 -3.5
v -3.4 2 -3.8
v -3.3 2 -3.8
v -4.4 2.1 5.5
v -1.7 2.1 5.5
v -4.4 2.1 4.4
v -1.7 2.1 4.4
v 2.5 2.2 -3.5
v 2.8 2.2 -3.5
v 2.5 2.2 -3.8
v 2.8 2.2 -3.8
v -1.8 2.3 -3.4
v 0.0999999 2.3 -3.4
v -1.8 2.3 -3.5
v 0.0999999 2.3 -3.5
v -4.8 2.6 5.4
v -1.7 2.6 5.4
v -4.8 2.6 4.5
v -1.7 2.6 4.5
v -5.8 2.6 -0.4
v -5.2 2.6 -0.4
v -5.8 2.6 -2.6
v -5.2 2.6 -2.6
v -1.8 2.6 -3.4
v 0.0999999 2.6 -3.4
v -1.8 2.6 -3.5
v 0.0999999 2.6 -3.5
v 2.7 2.8 -2.8
v 3.4 2.8 -2.8
v 2.7 2.8 -3.8
v 3.4 2.8 -3.8
v -4.3 2.9 2.3
v -4.2 2.9 2.3
v -4.3 2.9 1.4
v -4.2 2.9 1.4
v -1.8 2.9 -3.4
v 0.0999999 2.9 -3.4
v 3.4 2.9 -3.4
v 3.9 2.9 -3.4
v -1.8 2.9 -3.5
v 0.0999999 2.9 -3.5
v 3.4 2.9 -3.5
v 3.8 2.9 -3.5
v 3.8 2.9 -3.8
v 3.9 2.9 -3.8
v -5.6 3 -3.6
v -5.2 3 -3.6
v -5.6 3 -3.8
v -5.2 3 -3.8
v -4.3 3.1 2.3
v -4.2 3.1 2.3
v -4.3 3.1 1.4
v -4.2 3.1 1.4
v 3.4 3.1 -3.2
v 4.2 3.1 -3.2
v 3.4 3.1 -3.3
v 4.1 3.1 -3.3
v 4.1 3.1 -3.8
v 4.2 3.1 -3.8
v -1.8 3.2 -3.4
v 0.0999999 3.2 -3.4
v -1.8 3.2 -3.5
v 0.0999999 3.2 -3.5
v -4.3 3.3 2.3
v -4.2 3.3 2.3
v -4.3 3.3 1.4
v -4.2 3.3 1.4
v 2.8 3.3 -2.8
v 2.9 3.3 -2.8
v 3 3.3 -2.8
v 3.1 3.3 -2.8
v 3.2 3.3 -2.8
v 3.3 3.3 -2.8
v 2.8 3.3 -2.9
v 2.9 3.3 -2.9
v 3 3.3 -2.9
v 3.1 3.3 -2.9
v 3.2 3.3 -2.9
v 3.3 3.3 -2.9
v 1.8 3.4 -0.5
v 2.1 3.4 -0.5
v 1.9 3.4 -0.6
v 2 3.4 -0.6
v 1.9 3.4 -0.7
v 2 3.4 -0.7
v 1.8 3.4 -0.8
v 2.1 3.4 -0.8
v -1.8 3.4 -3.8
v 0.0999999 3.4 -3.8
v -1.8 3.4 -5.9
v 0.0999999 3.4 -5.9
v -5.2 3.5 2.3
v -4.1 3.5 2.3
v -5.2 3.5 1.4
v -4.1 3.5 1.4
v 1.9 3.5 -0.6
v 2 3.5 -0.6
v -5.3 3.5 -0.7
v -5.2 3.5 -0.7
v 1.9 3.5 -0.7
v 2 3.5 -0.7
v -5.3 3.5 -0.8
v -5.2 3.5 -0.8
v -5.3 3.5 -1
v -5.2 3.5 -1
v -5.3 3.5 -1.1
v -5.2 3.5 -1.1
v -5.3 3.5 -1.3
v -5.2 3.5 -1.3
v -5.3 3.5 -1.4
v -5.2 3.5 -1.4
v -5.3 3.5 -1.6
v -5.2 3.5 -1.6
v -5.3 3.5 -1.7
v -5.2 3.5 -1.7
v -5.3 3.5 -1.9
v -5.2 3.5 -1.9
v -5.3 3.5 -2
v -5.2 3.5 -2
v -5.3 3.5 -2.2
v -5.2 3.5 -2.2
v -5.3 3.5 -2.3
v -5.2 3.5 -2.3
v 1.6 3.7 1.2
v 1.9 3.7 1.2
v 1.7 3.7 1.1
v 1.8 3.7 1.1
v 1.7 3.7 1
v 1.8 3.7 1
v 1.6 3.7 0.9
v 1.9 3.7 0.9
v 1.9 3.7 -2.9
v 2 3.7 -2.9
v 2.2 3.7 -2.9
v 2.3 3.7 -2.9
v 1.9 3.7 -3
v 2 3.7 -3
v 2.2 3.7 -3
v 2.3 3.7 -3
v 1.7 3.8 1.1
v 1.8 3.8 1.1
v 1.7 3.8 1
v 1.8 3.8 1
v 1 3.8 -3.1
v 1.3 3.8 -3.1
v 1 3.8 -3.3
v 1.3 3.8 -3.3
v 2.9 3.9 0.7
v 3.2 3.9 0.7
v 3 3.9 0.6
v 3.1 3.9 0.6
v 3 3.9 0.5
v 3.1 3.9 0.5
v 2.9 3.9 0.4
v 3.2 3.9 0.4
v -5.8 3.9 -3.3
v 1 3.9 -3.3
v 1.3 3.9 -3.3
v 5.9 3.9 -3.3
v 1 3.9 -3.4
v 1.3 3.9 -3.4
v -5.8 3.9 -3.6
v 1 3.9 -3.6
v 1.3 3.9 -3.6
v 5.9 3.9 -3.6
v 3 4 0.6
v 3.1 4 0.6
v 3 4 0.5
v 3.1 4 0.5
v 5.8 4.1 5.6
v 5.9 4.1 5.6
v -5.8 4.1 5.2
v 5.8 4.1 5.2
v -5.8 4.1 5.1
v 5.8 4.1 5.1
v -5.8 4.1 4.8
v 5.8 4.1 4.8
v -5.8 4.1 4.7
v 5.8 4.1 4.7
v -5.8 4.1 4.4
v 5.8 4.1 4.4
v -5.8 4.1 4.3
v 5.8 4.1 4.3
v -1.9 4.1 3.6
v -1.8 4.1 3.6
v -1.5 4.1 3.6
v -1.4 4.1 3.6
v -1.9 4.1 -1.7
v -1.8 4.1 -1.7
v -1.5 4.1 -1.7
v -1.4 4.1 -1.7
v 5.8 4.1 -3.3
v 5.9 4.1 -3.3
v 0.7 4.2 0.5
v 1 4.2 0.5
v 0.8 4.2 0.4
v 0.9 4.2 0.4
v 0.8 4.2 0.3
v 0.9 4.2 0.3
v 0.7 4.2 0.2
v 1 4.2 0.2
v -5.8 4.3 5.6
v 5.8 4.3 5.6
v -5.8 4.3 5.5
v -1.9 4.3 5.5
v -1.8 4.3 5.5
v -1.5 4.3 5.5
v -1.4 4.3 5.5
v 5.8 4.3 5.5
v -1.9 4.3 3.6
v -1.8 4.3 3.6
v -1.5 4.3 3.6
v -1.4 4.3 3.6
v -5.8 4.3 1.1
v -1 4.3 1.1
v -5.8 4.3 1
v -1.1 4.3 1
v 0.8 4.3 0.4
v 0.9 4.3 0.4
v 0.8 4.3 0.3
v 0.9 4.3 0.3
v -1 4.3 0
v 5.8 4.3 0
v -1.1 4.3 -0.1
v 5.8 4.3 -0.1
v -1.9 4.3 -1.7
v -1.8 4.3 -1.7
v -1.5 4.3 -1.7
v -1.4 4.3 -1.7
v 1.9 4.3 -3
v 2 4.3 -3
v 2.2 4.3 -3
v 2.3 4.3 -3
v 1 4.3 -3.2
v 1.3 4.3 -3.2
v 1.9 4.3 -3.3
v 2 4.3 -3.3
v 2.2 4.3 -3.3
v 2.3 4.3 -3.3
v -1.9 4.3 -3.8
v -1.8 4.3 -3.8
v -1.5 4.3 -3.8
v -1.4 4.3 -3.8
v 1 4.3 -3.8
v 1.3 4.3 -3.8
v -5.3 4.5 2.8
v -4.8 4.5 2.8
v -5.2 4.5 2.7
v -4.9 4.5 2.7
v -5.2 4.5 2.4
v -4.9 4.5 2.4
v -5.3 4.5 2.3
v -4.8 4.5 2.3
v -5.8 4.6 6
v 5.7 4.6 6
v -5.3 4.6 2.8
v -4.8 4.6 2.8
v -0.5 4.6 2.8
v 0.4 4.6 2.8
v 3.6 4.6 2.8
v 4.5 4.6 2.8
v -5.2 4.6 2.7
v -4.9 4.6 2.7
v -0.4 4.6 2.7
v 0.3 4.6 2.7
v 3.7 4.6 2.7
v 4.4 4.6 2.7
v -0.3 4.6 2.6
v -0.2 4.6 2.6
v 0.0999999 4.6 2.6
v 0.2 4.6 2.6
v 3.8 4.6 2.6
v 3.9 4.6 2.6
v 4.2 4.6 2.6
v 4.3 4.6 2.6
v -0.3 4.6 2.5
v -0.2 4.6 2.5
v 0.0999999 4.6 2.5
v 0.2 4.6 2.5
v 3.8 4.6 2.5
v 3.9 4.6 2.5
v 4.2 4.6 2.5
v 4.3 4.6 2.5
v -5.2 4.6 2.4
v -4.9 4.6 2.4
v -0.3 4.6 2.4
v -0.2 4.6 2.4
v 0.0999999 4.6 2.4
v 0.2 4.6 2.4
v 3.8 4.6 2.4
v 3.9 4.6 2.4
v 4.2 4.6 2.4
v 4.3 4.6 2.4
v -5.3 4.6 2.3
v -4.8 4.6 2.3
v -0.3 4.6 2.3
v -0.2 4.6 2.3
v 0.0999999 4.6 2.3
v 0.2 4.6 2.3
v 3.8 4.6 2.3
v 3.9 4.6 2.3
v 4.2 4.6 2.3
v 4.3 4.6 2.3
v -0.4 4.6 2.2
v 0.3 4.6 2.2
v 3.7 4.6 2.2
v 4.4 4.6 2.2
v -0.5 4.6 2.1
v 0.4 4.6 2.1
v 3.6 4.6 2.1
v 4.5 4.6 2.1
v 1.7 4.6 1.1
v 1.8 4.6 1.1
v 1.7 4.6 1
v 1.8 4.6 1
v 3 4.6 0.6
v 3.1 4.6 0.6
v 3 4.6 0.5
v 3.1 4.6 0.5
v 0.8 4.6 0.4
v 0.9 4.6 0.4
v 0.8 4.6 0.3
v 0.9 4.6 0.3
v 1.9 4.6 -0.6
v 2 4.6 -0.6
v 1.9 4.6 -0.7
v 2 4.6 -0.7
v -5.7 4.6 -2
v -5.4 4.6 -2
v -5.2 4.6 -2
v -4.9 4.6 -2
v -4.7 4.6 -2
v -4.4 4.6 -2
v -4.2 4.6 -2
v -3.9 4.6 -2
v -3.7 4.6 -2
v -3.4 4.6 -2
v -3.2 4.6 -2
v -2.9 4.6 -2
v 1.9 4.6 -3.2
v 2 4.6 -3.2
v 2.2 4.6 -3.2
v 2.3 4.6 -3.2
v 1.9 4.6 -3.3
v 2 4.6 -3.3
v 2.2 4.6 -3.3
v 2.3 4.6 -3.3
v -5.7 4.6 -3.5
v -5.4 4.6 -3.5
v -5.2 4.6 -3.5
v -4.9 4.6 -3.5
v -4.7 4.6 -3.5
v -4.4 4.6 -3.5
v -4.2 4.6 -3.5
v -3.9 4.6 -3.5
v -3.7 4.6 -3.5
v -3.4 4.6 -3.5
v -3.2 4.6 -3.5
v -2.9 4.6 -3.5
v -5.8 4.6 -3.8
v 5.7 4.6 -3.8
v 5.8 4.6 -3.8
v 5.7 4.6 -3.9
v 5.8 4.6 -3.9
v -0.5 4.7 2.8
v 0.4 4.7 2.8
v 3.6 4.7 2.8
v 4.5 4.7 2.8
v -0.4 4.7 2.7
v 0.3 4.7 2.7
v 3.7 4.7 2.7
v 4.4 4.7 2.7
v -0.3 4.7 2.6
v -0.2 4.7 2.6
v 0.0999999 4.7 2.6
v 0.2 4.7 2.6
v 3.8 4.7 2.6
v 3.9 4.7 2.6
v 4.2 4.7 2.6
v 4.3 4.7 2.6
v -0.3 4.7 2.5
v -0.2 4.7 2.5
v 0.0999999 4.7 2.5
v 0.2 4.7 2.5
v 3.8 4.7 2.5
v 3.9 4.7 2.5
v 4.2 4.7 2.5
v 4.3 4.7 2.5
v -0.3 4.7 2.4
v -0.2 4.7 2.4
v 0.0999999 4.7 2.4
v 0.2 4.7 2.4
v 3.8 4.7 2.4
v 3.9 4.7 2.4
v 4.2 4.7 2.4
v 4.3 4.7 2.4
v -0.3 4.7 2.3
v -0.2 4.7 2.3
v 0.0999999 4.7 2.3
v 0.2 4.7 2.3
v 3.8 4.7 2.3
v 3.9 4.7 2.3
v 4.2 4.7 2.3
v 4.3 4.7 2.3
v -0.4 4.7 2.2
v 0.3 4.7 2.2
v 3.7 4.7 2.2
v 4.4 4.7 2.2
v -0.5 4.7 2.1
v 0.4 4.7 2.1
v 3.6 4.7 2.1
v 4.5 4.7 2.1
v -5.8 0.1 6
v 5.7 0.1 6
v -5.8 0.1 5.5
v -4.4 0.1 5.5
v -5.8 0.1 4.4
v -4.4 0.1 4.4
v -5.8 0.1 3.5
v -3.2 0.1 3.5
v -3.2 0.1 2
v -1.8 0.1 2
v -3.2 0.1 0.5
v -1.8 0.1 0.5
v -1.9 0.1 -3
v -1.8 0.1 -3
v 1.9 0.1 -3
v 2 0.1 -3
v 2.2 0.1 -3
v 2.3 0.1 -3
v 0.0999999 0.1 -3.1
v 0.2 0.1 -3.1
v 1.9 0.1 -3.1
v 2 0.1 -3.1
v 2.2 0.1 -3.1
v 2.3 0.1 -3.1
v 1 0.1 -3.3
v 1.3 0.1 -3.3
v -3.2 0.1 -3.8
v -1.9 0.1 -3.8
v 0.2 0.1 -3.8
v 1 0.1 -3.8
v 1.3 0.1 -3.8
v 5.7 0.1 -3.8
v -1.8 0.1 -5.9
v 0.0999999 0.1 -5.9
v -2.1 0.3 2
v -1.8 0.3 2
v -2.1 0.3 0.5
v -1.8 0.3 0.5
v -1.8 0.3 -3.4
v 0.0999999 0.3 -3.4
v -1.8 0.3 -3.5
v 0.0999999 0.3 -3.5
v -2.4 0.5 2
v -2.1 0.5 2
v -2.4 0.5 0.5
v -2.1 0.5 0.5
v -1.8 0.6 -3.4
v 0.0999999 0.6 -3.4
v -1.8 0.6 -3.5
v 0.0999999 0.6 -3.5
v -2.7 0.7 2
v -2.4 0.7 2
v -2.7 0.7 0.5
v -2.4 0.7 0.5
v -3 0.9 2
v -2.7 0.9 2
v -3 0.9 0.5
v -2.7 0.9 0.5
v -1.8 0.9 -3.4
v 0.0999999 0.9 -3.4
v -1.8 0.9 -3.5
v 0.0999999 0.9 -3.5
v -5.8 1.1 3.5
v -3.2 1.1 3.5
v -3.4 1.1 3.4
v -3.3 1.1 3.4
v -3.4 1.1 3.3
v -3.3 1.1 3.3
v -5.4 1.1 2.4
v -4.1 1.1 2.4
v -5.4 1.1 2.3
v -5.2 1.1 2.3
v -4.3 1.1 2.3
v -4.2 1.1 2.3
v -4.1 1.1 2.3
v -3.4 1.1 2.1
v -3.3 1.1 2.1
v -3.4 1.1 2
v -3.3 1.1 2
v -3.2 1.1 2
v -3 1.1 2
v -5.4 1.1 1.4
v -5.2 1.1 1.4
v -4.3 1.1 1.4
v -4.2 1.1 1.4
v -4.1 1.1 1.4
v -5.4 1.1 1.3
v -4.1 1.1 1.3
v -3.4 1.1 0.5
v -3.3 1.1 0.5
v -3.2 1.1 0.5
v -3 1.1 0.5
v -3.4 1.1 0.4
v -3.3 1.1 0.4
v -5.3 1.1 -2.3
v -4.3 1.1 -2.3
v -5.8 1.1 -3.8
v -5.3 1.1 -3.8
v -4.3 1.1 -3.8
v -3.2 1.1 -3.8
v -1.8 1.2 -3.4
v 0.0999999 1.2 -3.4
v -1.8 1.2 -3.5
v 0.0999999 1.2 -3.5
v -5.8 1.5 3.4
v -3.4 1.5 3.4
v -5.8 1.5 3.3
v -3.4 1.5 3.3
v -3.3 1.5 3.3
v -3.4 1.5 2.1
v -3.3 1.5 2.1
v -3.4 1.5 0.4
v -3.3 1.5 0.4
v -1.8 1.5 -3.4
v 0.0999999 1.5 -3.4
v -1.8 1.5 -3.5
v 0.0999999 1.5 -3.5
v -3.4 1.5 -3.8
v -3.3 1.5 -3.8
v -5.8 1.8 3.4
v -3.4 1.8 3.4
v -5.8 1.8 3.3
v -3.4 1.8 3.3
v -3.3 1.8 3.3
v -3.4 1.8 2.1
v -3.3 1.8 2.1
v -3.4 1.8 0.4
v -3.3 1.8 0.4
v -1.8 1.8 -3.4
v 0.0999999 1.8 -3.4
v -1.8 1.8 -3.5
v 0.0999999 1.8 -3.5
v -3.4 1.8 -3.8
v -3.3 1.8 -3.8
v -5.3 2 -2.3
v -4.3 2 -2.3
v 2.7 2 -3.5
v 3 2 -3.5
v -5.3 2 -3.8
v -4.3 2 -3.8
v 2.7 2 -3.8
v 3 2 -3.8
v -5.8 2.1 3.4
v -3.3 2.1 3.4
v -5.8 2.1 3.3
v -3.4 2.1 3.3
v -3.4 2.1 2
v -3.3 2.1 2
v -3.4 2.1 0.5
v -3.3 2.1 0.5
v -1.8 2.1 -3.4
v 0.0999999 2.1 -3.4
v -1.8 2.1 -3.5
v 0.0999999 2.1 -3.5
v -3.4 2.1 -3.8
v -3.3 2.1 -3.8
v -4.8 2.2 5.4
v -1.7 2.2 5.4
v -4.8 2.2 4.5
v -1.7 2.2 4.5
v -1.8 2.4 -3.4
v 0.0999999 2.4 -3.4
v -1.8 2.4 -3.5
v 0.0999999 2.4 -3.5
v 2.5 2.6 -3.5
v 2.8 2.6 -3.5
v 2.5 2.6 -3.8
v 2.8 2.6 -3.8
v -5.8 2.7 5.5
v -1.7 2.7 5.5
v -5.8 2.7 4.4
v -1.7 2.7 4.4
v -1.8 2.7 -3.4
v 0.0999999 2.7 -3.4
v -1.8 2.7 -3.5
v 0.0999999 2.7 -3.5
v -4.3 2.8 2.3
v -4.2 2.8 2.3
v -4.3 2.8 1.4
v -4.2 2.8 1.4
v -5.3 2.8 -0.7
v -5.2 2.8 -0.7
v -5.3 2.8 -0.8
v -5.2 2.8 -0.8
v -5.3 2.8 -1
v -5.2 2.8 -1
v -5.3 2.8 -1.1
v -5.2 2.8 -1.1
v -5.3 2.8 -1.3
v -5.2 2.8 -1.3
v -5.3 2.8 -1.4
v -5.2 2.8 -1.4
v -5.3 2.8 -1.6
v -5.2 2.8 -1.6
v -5.3 2.8 -1.7
v -5.2 2.8 -1.7
v -5.3 2.8 -1.9
v -5.2 2.8 -1.9
v -5.3 2.8 -2
v -5.2 2.8 -2
v -5.3 2.8 -2.2
v -5.2 2.8 -2.2
v -5.3 2.8 -2.3
v -5.2 2.8 -2.3
v 2.8 2.9 -2.8
v 2.9 2.9 -2.8
v 3 2.9 -2.8
v 3.1 2.9 -2.8
v 3.2 2.9 -2.8
v 3.3 2.9 -2.8
v 2.8 2.9 -2.9
v 2.9 2.9 -2.9
v 3 2.9 -2.9
v 3.1 2.9 -2.9
v 3.2 2.9 -2.9
v 3.3 2.9 -2.9
v -4.3 3 2.3
v -4.2 3 2.3
v -4.3 3 1.4
v -4.2 3 1.4
v -1.8 3 -3.4
v 0.0999999 3 -3.4
v 3.4 3 -3.4
v 3.9 3 -3.4
v -1.8 3 -3.5
v 0.0999999 3 -3.5
v 3.4 3 -3.5
v 3.8 3 -3.5
v 3.8 3 -3.8
v 3.9 3 -3.8
v -4.3 3.2 2.3
v -4.2 3.2 2.3
v -4.3 3.2 1.4
v -4.2 3.2 1.4
v 3.4 3.2 -3.2
v 4.2 3.2 -3.2
v 3.4 3.2 -3.3
v 4.1 3.2 -3.3
v 4.1 3.2 -3.8
v 4.2 3.2 -3.8
v -1.8 3.3 -3.4
v 0.0999999 3.3 -3.4
v -1.8 3.3 -3.5
v 0.0999999 3.3 -3.5
v -4.3 3.4 2.3
v -4.2 3.4 2.3
v -4.3 3.4 1.4
v -4.2 3.4 1.4
v 2.7 3.4 -2.8
v 3.4 3.4 -2.8
v -1.9 3.4 -3
v -1.8 3.4 -3
v 0.0999999 3.4 -3.1
v 0.2 3.4 -3.1
v -5.6 3.4 -3.6
v -5.2 3.4 -3.6
v -5.6 3.4 -3.8
v -5.2 3.4 -3.8
v -1.9 3.4 -3.8
v -1.8 3.4 -3.8
v 0.0999999 3.4 -3.8
v 0.2 3.4 -3.8
v 2.7 3.4 -3.8
v 3.4 3.4 -3.8
v 1.8 3.5 -0.5
v 2.1 3.5 -0.5
v 1.9 3.5 -0.6
v 2 3.5 -0.6
v 1.9 3.5 -0.7
v 2 3.5 -0.7
v 1.8 3.5 -0.8
v 2.1 3.5 -0.8
v -5.4 3.6 2.4
v -4.1 3.6 2.4
v -5.4 3.6 1.3
v -4.1 3.6 1.3
v -5.8 3.7 -0.4
v -5.2 3.7 -0.4
v -5.8 3.7 -2.6
v -5.2 3.7 -2.6
v 1.6 3.8 1.2
v 1.9 3.8 1.2
v 1.7 3.8 1.1
v 1.8 3.8 1.1
v 1.7 3.8 1
v 1.8 3.8 1
v 1.6 3.8 0.9
v 1.9 3.8 0.9
v 1.9 3.8 -3
v 2 3.8 -3
v 2.2 3.8 -3
v 2.3 3.8 -3
v 1.9 3.8 -3.1
v 2 3.8 -3.1
v 2.2 3.8 -3.1
v 2.3 3.8 -3.1
v 1 3.9 -3.2
v 1.3 3.9 -3.2
v 1 3.9 -3.3
v 1.3 3.9 -3.3
v 2.9 4 0.7
v 3.2 4 0.7
v 3 4 0.6
v 3.1 4 0.6
v 3 4 0.5
v 3.1 4 0.5
v 2.9 4 0.4
v 3.2 4 0.4
v 1 4 -3.6
v 1.3 4 -3.6
v 1 4 -3.8
v 1.3 4 -3.8
v 5.8 4.2 5.5
v 5.9 4.2 5.5
v -5.8 4.2 5.2
v 5.8 4.2 5.2
v -5.8 4.2 5.1
v 5.8 4.2 5.1
v -5.8 4.2 4.8
v 5.8 4.2 4.8
v -5.8 4.2 4.7
v 5.8 4.2 4.7
v -5.8 4.2 4.4
v 5.8 4.2 4.4
v -5.8 4.2 4.3
v 5.8 4.2 4.3
v -1.5 4.2 3.5
v -1.4 4.2 3.5
v -1.9 4.2 3.4
v -1.8 4.2 3.4
v 5.8 4.2 0
v 5.9 4.2 0
v 5.8 4.2 -0.1
v 5.9 4.2 -0.1
v -1.9 4.2 -1.4
v -1.8 4.2 -1.4
v -1.5 4.2 -1.5
v -1.4 4.2 -1.5
v -5.8 4.2 -3.3
v 5.8 4.2 -3.3
v -5.8 4.2 -3.4
v -3.1 4.2 -3.4
v 0.7 4.2 -3.4
v 2.1 4.2 -3.4
v 2.1 4.2 -3.5
v 5.4 4.2 -3.5
v -5.8 4.2 -3.6
v -3.1 4.2 -3.6
v 0.7 4.2 -3.6
v 5.4 4.2 -3.6
v 5.9 4.2 -3.6
v 0.7 4.3 0.5
v 1 4.3 0.5
v 0.8 4.3 0.4
v 0.9 4.3 0.4
v 0.8 4.3 0.3
v 0.9 4.3 0.3
v 0.7 4.3 0.2
v 1 4.3 0.2
v -5.8 4.4 5.6
v 5.9 4.4 5.6
v -5.8 4.4 5.5
v -1.9 4.4 5.5
v -1.8 4.4 5.5
v -1.5 4.4 5.5
v -1.4 4.4 5.5
v 5.9 4.4 5.5
v -1.9 4.4 3.5
v -1.8 4.4 3.5
v -1.5 4.4 3.5
v -1.4 4.4 3.5
v -1.9 4.4 3.4
v -1.8 4.4 3.4
v -5.8 4.4 1.1
v -1 4.4 1.1
v -5.8 4.4 1
v -1.1 4.4 1
v -1 4.4 0
v 5.9 4.4 0
v -1.1 4.4 -0.1
v 5.9 4.4 -0.1
v -1.9 4.4 -1.4
v -1.8 4.4 -1.4
v -1.5 4.4 -1.5
v -1.4 4.4 -1.5
v 1.9 4.4 -2.9
v 2 4.4 -2.9
v 2.2 4.4 -2.9
v 2.3 4.4 -2.9
v 1 4.4 -3.1
v 1.3 4.4 -3.1
v 1.9 4.4 -3.2
v 2 4.4 -3.2
v 2.2 4.4 -3.2
v 2.3 4.4 -3.2
v -1.9 4.4 -3.8
v -1.8 4.4 -3.8
v -1.5 4.4 -3.8
v -1.4 4.4 -3.8
v 1 4.4 -3.8
v 1.3 4.4 -3.8
v 5.7 4.7 -3.8
v 5.8 4.7 -3.8
v 5.7 4.7 -3.9
v 5.8 4.7 -3.9
v -5.9 4.8 6
v 5.7 4.8 6
v -5.7 4.8 -2
v -5.4 4.8 -2
v -5.2 4.8 -2
v -4.9 4.8 -2
v -4.7 4.8 -2
v -4.4 4.8 -2
v -4.2 4.8 -2
v -3.9 4.8 -2
v -3.7 4.8 -2
v -3.4 4.8 -2
v -3.2 4.8 -2
v -2.9 4.8 -2
v -5.7 4.8 -3.5
v -5.4 4.8 -3.5
v -5.2 4.8 -3.5
v -4.9 4.8 -3.5
v -4.7 4.8 -3.5
v -4.4 4.8 -3.5
v -4.2 4.8 -3.5
v -3.9 4.8 -3.5
v -3.7 4.8 -3.5
v -3.4 4.8 -3.5
v -3.2 4.8 -3.5
v -2.9 4.8 -3.5
v -5.9 4.8 -6.1
v 5.7 4.8 -6.1

# faces
f 3/3/1 2/3/1 1/3/1
f 4/3/1 2/3/1 3/3/1
f 5/3/1 3/3/1 1/3/1
f 5/7/1 4/7/1 3/7/1
f 6/3/1 2/3/1 4/3/1
f 6/7/1 4/7/1 5/7/1
f 7/3/1 5/3/1 1/3/1
f 7/3/1 6/3/1 5/3/1
f 8/3/1 2/3/1 6/3/1
f 8/3/1 6/3/1 7/3/1
f 9/3/1 7/3/1 1/3/1
f 9/7/1 8/7/1 7/7/1
f 10/3/1 2/3/1 8/3/1
f 10/7/1 8/7/1 9/7/1
f 11/3/1 9/3/1 1/3/1
f 11/3/1 10/3/1 9/3/1
f 12/3/1 2/3/1 10/3/1
f 12/3/1 10/3/1 11/3/1
f 13/3/1 11/3/1 1/3/1
f 13/7/1 12/7/1 11/7/1
f 14/3/1 2/3/1 12/3/1
f 14/7/1 12/7/1 13/7/1
f 15/3/1 14/3/1 13/3/1
f 15/3/1 2/3/1 14/3/1
f 16/3/1 2/3/1 15/3/1
f 17/3/1 15/3/1 13/3/1
f 17/7/1 16/7/1 15/7/1
f 18/3/1 2/3/1 16/3/1
f 18/7/1 16/7/1 17/7/1
f 19/3/1 18/3/1 17/3/1
f 19/3/1 2/3/1 18/3/1
f 20/3/1 2/3/1 19/3/1
f 21/3/1 13/3/1 1/3/1
f 21/3/1 17/3/1 13/3/1
f 21/3/1 19/3/1 17/3/1
f 22/3/1 19/3/1 21/3/1
f 23/3/1 19/3/1 22/3/1
f 24/3/1 19/3/1 23/3/1
f 25/3/1 19/3/1 24/3/1
f 26/3/1 19/3/1 25/3/1
f 27/3/1 21/3/1 1/3/1
f 27/7/1 22/7/1 21/7/1
f 28/3/1 23/3/1 22/3/1
f 28/7/1 22/7/1 27/7/1
f 29/7/1 24/7/1 23/7/1
f 29/3/1 23/3/1 28/3/1
f 30/3/1 25/3/1 24/3/1
f 30/7/1 24/7/1 29/7/1
f 31/7/1 26/7/1 25/7/1
f 31/3/1 25/3/1 30/3/1
f 32/3/1 19/3/1 26/3/1
f 32/7/1 26/7/1 31/7/1
f 33/7/1 20/7/1 19/7/1
f 33/3/1 19/3/1 32/3/1
f 34/3/1 2/3/1 20/3/1
f 34/7/1 20/7/1 33/7/1
f 35/3/1 33/3/1 32/3/1
f 35/3/1 32/3/1 31/3/1
f 35/3/1 34/3/1 33/3/1
f 35/3/1 29/3/1 28/3/1
f 35/3/1 28/3/1 27/3/1
f 35/3/1 27/3/1 1/3/1
f 35/3/1 30/3/1 29/3/1
f 35/3/1 31/3/1 30/3/1
f 36/3/1 34/3/1 35/3/1
f 37/3/1 34/3/1 36/3/1
f 38/3/1 34/3/1 37/3/1
f 39/3/1 35/3/1 1/3/1
f 39/7/1 36/7/1 35/7/1
f 40/3/1 37/3/1 36/3/1
f 40/7/1 36/7/1 39/7/1
f 41/7/1 38/7/1 37/7/1
f 41/3/1 37/3/1 40/3/1
f 42/3/1 34/3/1 38/3/1
f 42/7/1 38/7/1 41/7/1
f 43/3/1 41/3/1 40/3/1
f 43/3/1 40/3/1 39/3/1
f 43/3/1 42/3/1 41/3/1
f 43/3/1 39/3/1 1/3/1
f 44/3/1 2/3/1 34/3/1
f 44/3/1 42/3/1 43/3/1
f 44/3/1 34/3/1 42/3/1
f 47/7/1 46/7/1 45/7/1
f 48/7/1 46/7/1 47/7/1
f 53/5/1 50/5/1 49/5/1
f 53/7/1 51/7/1 50/7/1
f 54/5/1 52/5/1 51/5/1
f 54/7/1 51/7/1 53/7/1
f 55/5/1 53/5/1 49/5/1
f 55/5/1 54/5/1 53/5/1
f 56/5/1 52/5/1 54/5/1
f 56/5/1 54/5/1 55/5/1
f 59/3/1 58/3/1 57/3/1
f 60/3/1 58/3/1 59/3/1
f 63/7/1 62/7/1 61/7/1
f 64/7/1 62/7/1 63/7/1
f 67/7/1 66/7/1 65/7/1
f 68/7/1 66/7/1 67/7/1
f 71/7/1 70/7/1 69/7/1
f 72/7/1 70/7/1 71/7/1
f 75/3/1 74/3/1 73/3/1
f 76/3/1 74/3/1 75/3/1
f 79/3/1 78/3/1 77/3/1
f 80/3/1 78/3/1 79/3/1
f 83/5/1 82/5/1 81/5/1
f 84/5/1 82/5/1 83/5/1
f 87/5/1 86/5/1 85/5/1
f 88/5/1 86/5/1 87/5/1
f 91/5/1 90/5/1 89/5/1
f 92/5/1 90/5/1 91/5/1
f 95/5/1 94/5/1 93/5/1
f 96/5/1 94/5/1 95/5/1
f 99/3/1 98/3/1 97/3/1
f 100/3/1 98/3/1 99/3/1
f 107/8/1 102/8/1 101/8/1
f 108/8/1 102/8/1 107/8/1
f 109/8/1 104/8/1 103/8/1
f 110/8/1 106/8/1 105/8/1
f 113/8/1 109/8/1 108/8/1
f 114/8/1 104/8/1 109/8/1
f 114/8/1 109/8/1 113/8/1
f 115/8/1 110/8/1 105/8/1
f 115/8/1 111/8/1 110/8/1
f 116/8/1 111/8/1 115/8/1
f 117/8/1 113/8/1 112/8/1
f 118/8/1 113/8/1 117/8/1
f 119/8/1 104/8/1 114/8/1
f 120/8/1 115/8/1 105/8/1
f 123/8/1 119/8/1 118/8/1
f 124/8/1 104/8/1 119/8/1
f 124/8/1 119/8/1 123/8/1
f 125/8/1 121/8/1 120/8/1
f 125/8/1 120/8/1 105/8/1
f 126/8/1 121/8/1 125/8/1
f 127/8/1 123/8/1 122/8/1
f 128/8/1 123/8/1 127/8/1
f 129/8/1 104/8/1 124/8/1
f 130/8/1 125/8/1 105/8/1
f 132/8/1 129/8/1 128/8/1
f 133/8/1 104/8/1 129/8/1
f 133/8/1 129/8/1 132/8/1
f 134/8/1 131/8/1 130/8/1
f 134/8/1 130/8/1 105/8/1
f 135/8/1 131/8/1 134/8/1
f 138/3/1 137/3/1 136/3/1
f 139/3/1 137/3/1 138/3/1
f 142/3/1 141/3/1 140/3/1
f 143/3/1 141/3/1 142/3/1
f 146/5/1 145/5/1 144/5/1
f 147/5/1 145/5/1 146/5/1
f 150/4/1 149/4/1 148/4/1
f 151/4/1 149/4/1 150/4/1
f 152/4/1 149/4/1 151/4/1
f 154/4/1 150/4/1 148/4/1
f 155/4/1 149/4/1 152/4/1
f 157/4/1 154/4/1 153/4/1
f 158/7/1 151/7/1 150/7/1
f 158/4/1 154/4/1 157/4/1
f 158/4/1 150/4/1 154/4/1
f 159/7/1 151/7/1 158/7/1
f 160/4/1 156/4/1 155/4/1
f 160/4/1 155/4/1 152/4/1
f 161/4/1 156/4/1 160/4/1
f 164/4/1 163/4/1 162/4/1
f 165/4/1 163/4/1 164/4/1
f 167/4/1 164/4/1 162/4/1
f 168/4/1 163/4/1 165/4/1
f 170/4/1 167/4/1 166/4/1
f 171/4/1 164/4/1 167/4/1
f 171/4/1 167/4/1 170/4/1
f 172/4/1 169/4/1 168/4/1
f 172/4/1 168/4/1 165/4/1
f 173/4/1 169/4/1 172/4/1
f 176/4/1 175/4/1 174/4/1
f 177/4/1 175/4/1 176/4/1
f 180/7/1 179/7/1 178/7/1
f 181/7/1 179/7/1 180/7/1
f 186/7/1 183/7/1 182/7/1
f 187/7/1 183/7/1 186/7/1
f 188/7/1 185/7/1 184/7/1
f 189/7/1 185/7/1 188/7/1
f 192/5/1 191/5/1 190/5/1
f 193/5/1 191/5/1 192/5/1
f 194/5/1 192/5/1 190/5/1
f 195/5/1 191/5/1 193/5/1
f 196/5/1 194/5/1 190/5/1
f 196/5/1 195/5/1 194/5/1
f 197/5/1 191/5/1 195/5/1
f 197/5/1 195/5/1 196/5/1
f 198/5/1 196/5/1 190/5/1
f 199/5/1 191/5/1 197/5/1
f 200/5/1 198/5/1 190/5/1
f 200/5/1 199/5/1 198/5/1
f 201/5/1 191/5/1 199/5/1
f 201/5/1 199/5/1 200/5/1
f 202/5/1 200/5/1 190/5/1
f 203/5/1 191/5/1 201/5/1
f 204/5/1 202/5/1 190/5/1
f 204/5/1 203/5/1 202/5/1
f 205/5/1 191/5/1 203/5/1
f 205/5/1 203/5/1 204/5/1
f 206/5/1 204/5/1 190/5/1
f 207/5/1 191/5/1 205/5/1
f 208/5/1 206/5/1 190/5/1
f 208/5/1 207/5/1 206/5/1
f 209/5/1 191/5/1 207/5/1
f 209/5/1 207/5/1 208/5/1
f 210/5/1 208/5/1 190/5/1
f 211/5/1 191/5/1 209/5/1
f 212/5/1 210/5/1 190/5/1
f 212/5/1 211/5/1 210/5/1
f 213/5/1 191/5/1 211/5/1
f 213/5/1 211/5/1 212/5/1
f 214/5/1 212/5/1 190/5/1
f 215/5/1 191/5/1 213/5/1
f 216/5/1 214/5/1 190/5/1
f 216/5/1 215/5/1 214/5/1
f 217/5/1 191/5/1 215/5/1
f 217/5/1 215/5/1 216/5/1
f 218/5/1 216/5/1 190/5/1
f 219/5/1 191/5/1 217/5/1
f 220/5/1 218/5/1 190/5/1
f 220/5/1 219/5/1 218/5/1
f 221/5/1 191/5/1 219/5/1
f 221/5/1 219/5/1 220/5/1
f 222/5/1 220/5/1 190/5/1
f 223/5/1 191/5/1 221/5/1
f 224/5/1 222/5/1 190/5/1
f 224/5/1 223/5/1 222/5/1
f 225/5/1 191/5/1 223/5/1
f 225/5/1 223/5/1 224/5/1
f 226/5/1 224/5/1 190/5/1
f 227/5/1 191/5/1 225/5/1
f 228/5/1 226/5/1 190/5/1
f 228/5/1 227/5/1 226/5/1
f 229/5/1 191/5/1 227/5/1
f 229/5/1 227/5/1 228/5/1
f 230/5/1 228/5/1 190/5/1
f 231/5/1 191/5/1 229/5/1
f 232/5/1 230/5/1 190/5/1
f 232/5/1 231/5/1 230/5/1
f 233/5/1 191/5/1 231/5/1
f 233/5/1 231/5/1 232/5/1
f 234/5/1 232/5/1 190/5/1
f 235/5/1 191/5/1 233/5/1
f 236/5/1 234/5/1 190/5/1
f 236/5/1 235/5/1 234/5/1
f 237/5/1 191/5/1 235/5/1
f 237/5/1 235/5/1 236/5/1
f 238/5/1 191/5/1 237/5/1
f 243/7/1 240/7/1 239/7/1
f 244/7/1 240/7/1 243/7/1
f 245/7/1 242/7/1 241/7/1
f 246/7/1 242/7/1 245/7/1
f 249/3/1 248/3/1 247/3/1
f 250/3/1 248/3/1 249/3/1
f 253/4/1 252/4/1 251/4/1
f 254/4/1 252/4/1 253/4/1
f 257/4/1 256/4/1 255/4/1
f 258/4/1 256/4/1 257/4/1
f 261/4/1 260/4/1 259/4/1
f 262/4/1 260/4/1 261/4/1
f 266/7/1 264/7/1 263/7/1
f 267/7/1 264/7/1 266/7/1
f 268/4/1 266/4/1 265/4/1
f 268/4/1 267/4/1 266/4/1
f 269/4/1 267/4/1 268/4/1
f 270/7/1 264/7/1 267/7/1
f 270/4/1 267/4/1 269/4/1
f 271/7/1 264/7/1 270/7/1
f 272/7/1 264/7/1 271/7/1
f 273/7/1 264/7/1 272/7/1
f 274/4/1 268/4/1 265/4/1
f 275/4/1 268/4/1 274/4/1
f 276/7/1 275/7/1 274/7/1
f 278/7/1 276/7/1 274/7/1
f 278/7/1 277/7/1 276/7/1
f 279/7/1 277/7/1 278/7/1
f 282/4/1 281/4/1 280/4/1
f 283/4/1 281/4/1 282/4/1
f 286/4/1 285/4/1 284/4/1
f 287/4/1 285/4/1 286/4/1
f 290/4/1 289/4/1 288/4/1
f 291/4/1 289/4/1 290/4/1
f 294/4/1 293/4/1 292/4/1
f 295/4/1 293/4/1 294/4/1
f 301/4/1 297/4/1 296/4/1
f 302/4/1 297/4/1 301/4/1
f 302/4/1 301/4/1 300/4/1
f 303/4/1 297/4/1 302/4/1
f 304/4/1 302/4/1 300/4/1
f 306/4/1 304/4/1 300/4/1
f 306/4/1 305/4/1 304/4/1
f 307/4/1 305/4/1 306/4/1
f 308/4/1 299/4/1 298/4/1
f 309/4/1 299/4/1 308/4/1
f 310/4/1 305/4/1 307/4/1
f 311/4/1 305/4/1 310/4/1
f 314/4/1 313/4/1 312/4/1
f 315/4/1 313/4/1 314/4/1
f 319/4/1 317/4/1 316/4/1
f 320/4/1 317/4/1 319/4/1
f 320/4/1 319/4/1 318/4/1
f 321/4/1 317/4/1 320/4/1
f 322/4/1 320/4/1 318/4/1
f 324/4/1 322/4/1 318/4/1
f 324/4/1 323/4/1 322/4/1
f 325/4/1 323/4/1 324/4/1
f 326/4/1 323/4/1 325/4/1
f 327/4/1 323/4/1 326/4/1
f 330/7/1 329/7/1 328/7/1
f 331/7/1 329/7/1 330/7/1
f 334/7/1 333/7/1 332/7/1
f 335/7/1 333/7/1 334/7/1
f 338/7/1 337/7/1 336/7/1
f 339/7/1 337/7/1 338/7/1
f 342/7/1 341/7/1 340/7/1
f 343/7/1 341/7/1 342/7/1
f 346/4/1 345/4/1 344/4/1
f 347/4/1 345/4/1 346/4/1
f 350/4/1 349/4/1 348/4/1
f 351/4/1 349/4/1 350/4/1
f 354/7/1 353/7/1 352/7/1
f 355/7/1 353/7/1 354/7/1
f 358/4/1 357/4/1 356/4/1
f 359/4/1 357/4/1 358/4/1
f 362/7/1 361/7/1 360/7/1
f 363/7/1 361/7/1 362/7/1
f 366/7/1 365/7/1 364/7/1
f 367/7/1 365/7/1 366/7/1
f 370/7/1 369/7/1 368/7/1
f 371/7/1 369/7/1 370/7/1
f 376/7/1 373/7/1 372/7/1
f 377/7/1 373/7/1 376/7/1
f 378/7/1 375/7/1 374/7/1
f 379/7/1 375/7/1 378/7/1
f 382/7/1 381/7/1 380/7/1
f 383/7/1 381/7/1 382/7/1
f 388/7/1 385/7/1 384/7/1
f 389/7/1 385/7/1 388/7/1
f 390/7/1 387/7/1 386/7/1
f 391/7/1 387/7/1 390/7/1
f 394/3/1 393/3/1 392/3/1
f 395/3/1 393/3/1 394/3/1
f 404/4/1 397/4/1 396/4/1
f 405/4/1 397/4/1 404/4/1
f 406/4/1 399/4/1 398/4/1
f 407/4/1 399/4/1 406/4/1
f 408/4/1 401/4/1 400/4/1
f 409/4/1 401/4/1 408/4/1
f 410/4/1 403/4/1 402/4/1
f 411/4/1 403/4/1 410/4/1
f 412/4/1 403/4/1 411/4/1
f 413/4/1 403/4/1 412/4/1
f 414/4/1 404/4/1 396/4/1
f 415/4/1 404/4/1 414/4/1
f 416/4/1 412/4/1 411/4/1
f 417/4/1 412/4/1 416/4/1
f 420/3/2 421/3/2 422/3/2
f 422/3/2 423/3/2 424/3/2
f 424/3/2 423/3/2 425/3/2
f 422/3/2 424/3/2 426/3/2
f 425/3/2 423/3/2 427/3/2
f 422/3/2 426/3/2 428/3/2
f 426/3/2 427/3/2 428/3/2
f 427/3/2 423/3/2 429/3/2
f 428/3/2 427/3/2 429/3/2
f 422/3/2 428/3/2 430/3/2
f 429/3/2 423/3/2 431/3/2
f 422/3/2 430/3/2 432/3/2
f 430/3/2 431/3/2 432/3/2
f 431/3/2 423/3/2 433/3/2
f 432/3/2 431/3/2 433/3/2
f 422/3/2 432/3/2 434/3/2
f 433/3/2 423/3/2 435/3/2
f 435/3/2 423/3/2 436/3/2
f 434/3/2 435/3/2 436/3/2
f 436/3/2 423/3/2 437/3/2
f 418/3/2 419/3/2 438/3/2
f 420/3/2 422/3/2 439/3/2
f 422/3/2 434/3/2 439/3/2
f 434/3/2 436/3/2 439/3/2
f 439/3/2 436/3/2 440/3/2
f 438/3/2 439/3/2 440/3/2
f 437/3/2 423/3/2 441/3/2
f 441/3/2 423/3/2 442/3/2
f 440/3/2 441/3/2 442/3/2
f 442/3/2 423/3/2 443/3/2
f 443/3/2 423/3/2 444/3/2
f 438/3/2 440/3/2 445/3/2
f 440/3/2 442/3/2 445/3/2
f 445/3/2 442/3/2 446/3/2
f 446/3/2 442/3/2 447/3/2
f 447/3/2 442/3/2 448/3/2
f 448/3/2 442/3/2 449/3/2
f 449/3/2 442/3/2 450/3/2
f 438/3/2 445/3/2 451/3/2
f 446/3/2 447/3/2 452/3/2
f 452/3/2 447/3/2 453/3/2
f 448/3/2 449/3/2 454/3/2
f 454/3/2 449/3/2 455/3/2
f 450/3/2 442/3/2 456/3/2
f 456/3/2 442/3/2 457/3/2
f 444/3/2 423/3/2 459/3/2
f 457/3/2 458/3/2 460/3/2
f 458/3/2 459/3/2 460/3/2
f 418/3/2 438/3/2 460/3/2
f 454/3/2 455/3/2 460/3/2
f 456/3/2 457/3/2 460/3/2
f 455/3/2 456/3/2 460/3/2
f 452/3/2 453/3/2 460/3/2
f 453/3/2 454/3/2 460/3/2
f 438/3/2 451/3/2 460/3/2
f 451/3/2 452/3/2 460/3/2
f 460/3/2 459/3/2 461/3/2
f 461/3/2 459/3/2 462/3/2
f 462/3/2 459/3/2 463/3/2
f 418/3/2 460/3/2 464/3/2
f 461/3/2 462/3/2 465/3/2
f 465/3/2 462/3/2 466/3/2
f 463/3/2 459/3/2 467/3/2
f 465/3/2 466/3/2 468/3/2
f 466/3/2 467/3/2 468/3/2
f 418/3/2 464/3/2 468/3/2
f 464/3/2 465/3/2 468/3/2
f 459/3/2 423/3/2 469/3/2
f 468/3/2 467/3/2 469/3/2
f 467/3/2 459/3/2 469/3/2
f 470/3/2 471/3/2 472/3/2
f 472/3/2 471/3/2 473/3/2
f 474/8/2 475/8/2 486/8/2
f 486/8/2 475/8/2 487/8/2
f 476/8/2 477/8/2 488/8/2
f 488/8/2 477/8/2 489/8/2
f 478/8/2 479/8/2 490/8/2
f 490/8/2 479/8/2 491/8/2
f 480/8/2 481/8/2 492/8/2
f 492/8/2 481/8/2 493/8/2
f 482/8/2 483/8/2 494/8/2
f 494/8/2 483/8/2 495/8/2
f 484/8/2 485/8/2 496/8/2
f 496/8/2 485/8/2 497/8/2
f 500/7/2 501/7/2 502/7/2
f 502/7/2 501/7/2 503/7/2
f 503/7/2 501/7/2 504/7/2
f 504/7/2 501/7/2 505/7/2
f 505/7/2 501/7/2 506/7/2
f 506/7/2 501/7/2 507/7/2
f 507/7/2 501/7/2 508/7/2
f 508/7/2 501/7/2 509/7/2
f 509/7/2 501/7/2 510/7/2
f 510/7/2 501/7/2 511/7/2
f 511/7/2 501/7/2 512/7/2
f 512/7/2 501/7/2 513/7/2
f 514/7/2 515/7/2 516/7/2
f 516/7/2 515/7/2 517/7/2
f 498/5/2 499/5/2 518/5/2
f 518/5/2 499/5/2 519/5/2
f 500/7/2 502/7/2 520/7/2
f 503/7/2 504/7/2 521/7/2
f 521/7/2 504/7/2 522/7/2
f 505/7/2 506/7/2 523/7/2
f 523/7/2 506/7/2 524/7/2
f 507/7/2 508/7/2 525/7/2
f 525/7/2 508/7/2 526/7/2
f 509/7/2 510/7/2 527/7/2
f 527/7/2 510/7/2 528/7/2
f 511/7/2 512/7/2 529/7/2
f 529/7/2 512/7/2 530/7/2
f 513/7/2 501/7/2 531/7/2
f 530/7/2 531/7/2 532/7/2
f 529/7/2 530/7/2 532/7/2
f 500/7/2 520/7/2 532/7/2
f 528/7/2 529/7/2 532/7/2
f 527/7/2 528/7/2 532/7/2
f 526/7/2 527/7/2 532/7/2
f 521/7/2 522/7/2 532/7/2
f 524/7/2 525/7/2 532/7/2
f 525/7/2 526/7/2 532/7/2
f 522/7/2 523/7/2 532/7/2
f 523/7/2 524/7/2 532/7/2
f 520/7/2 521/7/2 532/7/2
f 531/7/2 501/7/2 533/7/2
f 532/7/2 531/7/2 533/7/2
f 534/7/2 535/7/2 536/7/2
f 536/7/2 535/7/2 537/7/2
f 538/3/2 539/3/2 540/3/2
f 540/3/2 539/3/2 541/3/2
f 542/5/2 543/5/2 544/5/2
f 544/5/2 543/5/2 545/5/2
f 546/7/2 547/7/2 548/7/2
f 548/7/2 547/7/2 549/7/2
f 550/3/2 551/3/2 552/3/2
f 552/3/2 551/3/2 553/3/2
f 554/5/2 555/5/2 556/5/2
f 556/5/2 555/5/2 557/5/2
f 558/7/2 559/7/2 560/7/2
f 560/7/2 559/7/2 561/7/2
f 562/5/2 563/5/2 564/5/2
f 564/5/2 563/5/2 565/5/2
f 566/5/2 567/5/2 568/5/2
f 568/5/2 567/5/2 569/5/2
f 570/5/2 571/5/2 572/5/2
f 572/5/2 571/5/2 573/5/2
f 574/5/2 575/5/2 576/5/2
f 576/5/2 575/5/2 577/5/2
f 578/3/2 579/3/2 580/3/2
f 580/3/2 579/3/2 581/3/2
f 582/5/2 583/5/2 586/5/2
f 584/5/2 585/5/2 587/5/2
f 582/5/2 586/5/2 588/5/2
f 586/5/2 587/5/2 588/5/2
f 587/5/2 585/5/2 589/5/2
f 588/5/2 587/5/2 589/5/2
f 590/3/2 591/3/2 592/3/2
f 592/3/2 591/3/2 593/3/2
f 594/8/2 595/8/2 600/8/2
f 596/8/2 597/8/2 601/8/2
f 598/8/2 599/8/2 602/8/2
f 600/8/2 601/8/2 604/8/2
f 594/8/2 600/8/2 604/8/2
f 601/8/2 597/8/2 605/8/2
f 604/8/2 601/8/2 605/8/2
f 602/8/2 603/8/2 606/8/2
f 598/8/2 602/8/2 606/8/2
f 606/8/2 603/8/2 607/8/2
f 594/8/2 604/8/2 608/8/2
f 605/8/2 597/8/2 609/8/2
f 598/8/2 606/8/2 610/8/2
f 594/8/2 608/8/2 612/8/2
f 608/8/2 609/8/2 612/8/2
f 609/8/2 597/8/2 613/8/2
f 612/8/2 609/8/2 613/8/2
f 610/8/2 611/8/2 614/8/2
f 598/8/2 610/8/2 614/8/2
f 614/8/2 611/8/2 615/8/2
f 594/8/2 612/8/2 616/8/2
f 613/8/2 597/8/2 617/8/2
f 598/8/2 614/8/2 618/8/2
f 594/8/2 616/8/2 620/8/2
f 616/8/2 617/8/2 620/8/2
f 617/8/2 597/8/2 621/8/2
f 620/8/2 617/8/2 621/8/2
f 618/8/2 619/8/2 622/8/2
f 598/8/2 618/8/2 622/8/2
f 622/8/2 619/8/2 623/8/2
f 624/1/2 625/1/2 628/1/2
f 628/1/2 625/1/2 629/1/2
f 626/1/2 627/1/2 630/1/2
f 630/1/2 627/1/2 631/1/2
f 632/3/2 633/3/2 634/3/2
f 634/3/2 633/3/2 635/3/2
f 636/1/2 637/1/2 638/1/2
f 638/1/2 637/1/2 639/1/2
f 640/1/2 641/1/2 642/1/2
f 642/1/2 641/1/2 643/1/2
f 644/1/2 645/1/2 646/1/2
f 646/1/2 645/1/2 647/1/2
f 648/1/2 649/1/2 650/1/2
f 650/1/2 649/1/2 651/1/2
f 654/5/2 655/5/2 656/5/2
f 656/5/2 655/5/2 657/5/2
f 652/1/2 653/1/2 658/1/2
f 658/1/2 653/1/2 659/1/2
f 654/5/2 656/5/2 660/5/2
f 657/5/2 655/5/2 661/5/2
f 654/5/2 660/5/2 662/5/2
f 660/5/2 661/5/2 662/5/2
f 661/5/2 655/5/2 663/5/2
f 662/5/2 661/5/2 663/5/2
f 654/5/2 662/5/2 664/5/2
f 663/5/2 655/5/2 665/5/2
f 654/5/2 664/5/2 666/5/2
f 664/5/2 665/5/2 666/5/2
f 665/5/2 655/5/2 667/5/2
f 666/5/2 665/5/2 667/5/2
f 654/5/2 666/5/2 668/5/2
f 667/5/2 655/5/2 669/5/2
f 654/5/2 668/5/2 670/5/2
f 668/5/2 669/5/2 670/5/2
f 669/5/2 655/5/2 671/5/2
f 670/5/2 669/5/2 671/5/2
f 654/5/2 670/5/2 672/5/2
f 671/5/2 655/5/2 673/5/2
f 654/5/2 672/5/2 674/5/2
f 672/5/2 673/5/2 674/5/2
f 673/5/2 655/5/2 675/5/2
f 674/5/2 673/5/2 675/5/2
f 654/5/2 674/5/2 676/5/2
f 675/5/2 655/5/2 677/5/2
f 654/5/2 676/5/2 678/5/2
f 676/5/2 677/5/2 678/5/2
f 677/5/2 655/5/2 679/5/2
f 678/5/2 677/5/2 679/5/2
f 654/5/2 678/5/2 680/5/2
f 679/5/2 655/5/2 681/5/2
f 654/5/2 680/5/2 682/5/2
f 680/5/2 681/5/2 682/5/2
f 681/5/2 655/5/2 683/5/2
f 682/5/2 681/5/2 683/5/2
f 654/5/2 682/5/2 684/5/2
f 683/5/2 655/5/2 685/5/2
f 654/5/2 684/5/2 686/5/2
f 684/5/2 685/5/2 686/5/2
f 685/5/2 655/5/2 687/5/2
f 686/5/2 685/5/2 687/5/2
f 654/5/2 686/5/2 688/5/2
f 687/5/2 655/5/2 689/5/2
f 654/5/2 688/5/2 690/5/2
f 688/5/2 689/5/2 690/5/2
f 689/5/2 655/5/2 691/5/2
f 690/5/2 689/5/2 691/5/2
f 654/5/2 690/5/2 692/5/2
f 691/5/2 655/5/2 693/5/2
f 654/5/2 692/5/2 694/5/2
f 692/5/2 693/5/2 694/5/2
f 693/5/2 655/5/2 695/5/2
f 694/5/2 693/5/2 695/5/2
f 654/5/2 694/5/2 696/5/2
f 695/5/2 655/5/2 697/5/2
f 654/5/2 696/5/2 698/5/2
f 696/5/2 697/5/2 698/5/2
f 697/5/2 655/5/2 699/5/2
f 698/5/2 697/5/2 699/5/2
f 654/5/2 698/5/2 700/5/2
f 699/5/2 655/5/2 701/5/2
f 654/5/2 700/5/2 702/5/2
f 700/5/2 701/5/2 702/5/2
f 701/5/2 655/5/2 703/5/2
f 702/5/2 701/5/2 703/5/2
f 703/5/2 655/5/2 704/5/2
f 705/4/2 706/4/2 707/4/2
f 707/4/2 706/4/2 708/4/2
f 708/4/2 706/4/2 709/4/2
f 705/4/2 707/4/2 711/4/2
f 709/4/2 706/4/2 712/4/2
f 710/4/2 711/4/2 714/4/2
f 707/7/2 708/7/2 715/7/2
f 714/4/2 711/4/2 715/4/2
f 711/4/2 707/4/2 715/4/2
f 715/7/2 708/7/2 716/7/2
f 712/4/2 713/4/2 717/4/2
f 709/4/2 712/4/2 717/4/2
f 717/4/2 713/4/2 718/4/2
f 719/5/2 720/5/2 721/5/2
f 721/5/2 720/5/2 722/5/2
f 719/5/2 721/5/2 723/5/2
f 722/5/2 720/5/2 724/5/2
f 719/5/2 723/5/2 725/5/2
f 723/5/2 724/5/2 725/5/2
f 724/5/2 720/5/2 726/5/2
f 725/5/2 724/5/2 726/5/2
f 727/4/2 728/4/2 729/4/2
f 729/4/2 728/4/2 730/4/2
f 727/4/2 729/4/2 732/4/2
f 730/4/2 728/4/2 733/4/2
f 731/4/2 732/4/2 735/4/2
f 732/4/2 729/4/2 736/4/2
f 735/4/2 732/4/2 736/4/2
f 733/4/2 734/4/2 737/4/2
f 730/4/2 733/4/2 737/4/2
f 737/4/2 734/4/2 738/4/2
f 739/4/2 740/4/2 741/4/2
f 741/4/2 740/4/2 742/4/2
f 743/3/2 744/3/2 745/3/2
f 745/3/2 744/3/2 746/3/2
f 747/7/2 748/7/2 751/7/2
f 751/7/2 748/7/2 752/7/2
f 749/7/2 750/7/2 753/7/2
f 753/7/2 750/7/2 754/7/2
f 755/7/2 756/7/2 759/7/2
f 759/7/2 756/7/2 760/7/2
f 757/7/2 758/7/2 761/7/2
f 761/7/2 758/7/2 762/7/2
f 763/5/2 764/5/2 765/5/2
f 765/5/2 764/5/2 766/5/2
f 767/7/2 768/7/2 769/7/2
f 769/7/2 768/7/2 770/7/2
f 771/4/2 772/4/2 773/4/2
f 773/4/2 772/4/2 774/4/2
f 775/4/2 776/4/2 777/4/2
f 777/4/2 776/4/2 778/4/2
f 779/4/2 780/4/2 781/4/2
f 781/4/2 780/4/2 782/4/2
f 783/7/2 784/7/2 786/7/2
f 786/7/2 784/7/2 787/7/2
f 785/4/2 786/4/2 788/4/2
f 786/4/2 787/4/2 788/4/2
f 788/4/2 787/4/2 789/4/2
f 787/7/2 784/7/2 790/7/2
f 789/4/2 787/4/2 790/4/2
f 790/7/2 784/7/2 791/7/2
f 791/7/2 784/7/2 792/7/2
f 792/7/2 784/7/2 793/7/2
f 785/4/2 788/4/2 794/4/2
f 794/4/2 788/4/2 795/4/2
f 794/7/2 795/7/2 796/7/2
f 794/7/2 796/7/2 798/7/2
f 796/7/2 797/7/2 798/7/2
f 798/7/2 797/7/2 799/7/2
f 800/4/2 801/4/2 802/4/2
f 802/4/2 801/4/2 803/4/2
f 804/4/2 805/4/2 806/4/2
f 806/4/2 805/4/2 807/4/2
f 808/4/2 809/4/2 810/4/2
f 810/4/2 809/4/2 811/4/2
f 812/4/2 813/4/2 814/4/2
f 814/4/2 813/4/2 815/4/2
f 816/4/2 817/4/2 821/4/2
f 821/4/2 817/4/2 822/4/2
f 820/4/2 821/4/2 822/4/2
f 822/4/2 817/4/2 823/4/2
f 820/4/2 822/4/2 824/4/2
f 820/4/2 824/4/2 826/4/2
f 824/4/2 825/4/2 826/4/2
f 826/4/2 825/4/2 827/4/2
f 818/4/2 819/4/2 828/4/2
f 828/4/2 819/4/2 829/4/2
f 827/4/2 825/4/2 830/4/2
f 830/4/2 825/4/2 831/4/2
f 832/4/2 833/4/2 834/4/2
f 834/4/2 833/4/2 835/4/2
f 836/4/2 837/4/2 839/4/2
f 839/4/2 837/4/2 840/4/2
f 838/4/2 839/4/2 840/4/2
f 840/4/2 837/4/2 841/4/2
f 838/4/2 840/4/2 842/4/2
f 838/4/2 842/4/2 844/4/2
f 842/4/2 843/4/2 844/4/2
f 844/4/2 843/4/2 845/4/2
f 845/4/2 843/4/2 846/4/2
f 846/4/2 843/4/2 847/4/2
f 848/7/2 849/7/2 850/7/2
f 850/7/2 849/7/2 851/7/2
f 852/7/2 853/7/2 854/7/2
f 854/7/2 853/7/2 855/7/2
f 856/7/2 857/7/2 858/7/2
f 858/7/2 857/7/2 859/7/2
f 860/7/2 861/7/2 862/7/2
f 862/7/2 861/7/2 863/7/2
f 864/4/2 865/4/2 866/4/2
f 866/4/2 865/4/2 867/4/2
f 868/4/2 869/4/2 870/4/2
f 870/4/2 869/4/2 871/4/2
f 872/7/2 873/7/2 874/7/2
f 874/7/2 873/7/2 875/7/2
f 876/4/2 877/4/2 878/4/2
f 878/4/2 877/4/2 879/4/2
f 880/7/2 881/7/2 882/7/2
f 882/7/2 881/7/2 883/7/2
f 880/7/2 882/7/2 884/7/2
f 883/7/2 881/7/2 885/7/2
f 880/7/2 884/7/2 886/7/2
f 884/7/2 885/7/2 886/7/2
f 886/7/2 885/7/2 887/7/2
f 880/7/2 886/7/2 888/7/2
f 887/7/2 885/7/2 889/7/2
f 880/7/2 888/7/2 890/7/2
f 888/7/2 889/7/2 890/7/2
f 885/7/2 881/7/2 891/7/2
f 890/7/2 889/7/2 891/7/2
f 889/7/2 885/7/2 891/7/2
f 892/3/2 893/3/2 894/3/2
f 894/3/2 893/3/2 895/3/2
f 896/7/2 897/7/2 900/7/2
f 900/7/2 897/7/2 901/7/2
f 898/7/2 899/7/2 902/7/2
f 902/7/2 899/7/2 903/7/2
f 904/7/2 905/7/2 906/7/2
f 906/7/2 905/7/2 907/7/2
f 908/7/2 909/7/2 910/7/2
f 910/7/2 909/7/2 911/7/2
f 912/7/2 913/7/2 916/7/2
f 916/7/2 913/7/2 917/7/2
f 914/7/2 915/7/2 918/7/2
f 918/7/2 915/7/2 919/7/2
f 920/7/2 921/7/2 922/7/2
f 922/7/2 921/7/2 923/7/2
f 924/2/2 925/2/2 928/2/2
f 925/7/2 926/7/2 929/7/2
f 928/2/2 925/2/2 929/2/2
f 926/3/2 927/3/2 930/3/2
f 929/7/2 926/7/2 930/7/2
f 929/3/2 930/3/2 932/3/2
f 930/3/2 927/3/2 933/3/2
f 932/3/2 930/3/2 933/3/2
f 931/3/2 932/3/2 934/3/2
f 933/3/2 927/3/2 935/3/2
f 931/3/2 934/3/2 936/3/2
f 934/3/2 935/3/2 936/3/2
f 935/3/2 927/3/2 937/3/2
f 936/3/2 935/3/2 937/3/2
f 938/3/2 939/3/2 940/3/2
f 940/3/2 939/3/2 941/3/2
f 942/4/2 943/4/2 945/4/2
f 944/4/2 945/4/2 946/4/2
f 946/4/2 945/4/2 947/4/2
f 947/4/2 945/4/2 948/4/2
f 945/4/2 943/4/2 949/4/2
f 948/4/2 945/4/2 949/4/2
f 944/4/2 946/4/2 950/4/2
f 950/4/2 946/4/2 951/4/2
f 947/4/2 948/4/2 952/4/2
f 952/4/2 948/4/2 953/4/2
f 956/3/3 955/3/3 954/3/3
f 957/3/3 955/3/3 956/3/3
f 958/3/3 955/3/3 957/3/3
f 959/2/3 957/2/3 956/2/3
f 960/2/3 957/2/3 959/2/3
f 961/3/3 955/3/3 958/3/3
f 962/3/3 955/3/3 961/3/3
f 966/4/3 964/4/3 963/4/3
f 967/4/3 966/4/3 965/4/3
f 968/4/3 964/4/3 966/4/3
f 968/4/3 966/4/3 967/4/3
f 971/5/3 970/5/3 969/5/3
f 972/5/3 970/5/3 971/5/3
f 973/5/3 970/5/3 972/5/3
f 974/5/3 970/5/3 973/5/3
f 977/4/3 976/4/3 975/4/3
f 978/4/3 976/4/3 977/4/3
f 981/4/3 980/4/3 979/4/3
f 982/4/3 980/4/3 981/4/3
f 985/5/3 984/5/3 983/5/3
f 986/5/3 984/5/3 985/5/3
f 989/4/3 988/4/3 987/4/3
f 990/4/3 988/4/3 989/4/3
f 993/4/3 992/4/3 991/4/3
f 994/4/3 992/4/3 993/4/3
f 997/4/3 996/4/3 995/4/3
f 998/4/3 996/4/3 997/4/3
f 1001/1/3 1000/1/3 999/1/3
f 1002/1/3 1000/1/3 1001/1/3
f 1010/8/3 1004/8/3 1003/8/3
f 1011/8/3 1004/8/3 1010/8/3
f 1012/8/3 1006/8/3 1005/8/3
f 1013/8/3 1006/8/3 1012/8/3
f 1014/8/3 1008/8/3 1007/8/3
f 1015/8/3 1013/8/3 1012/8/3
f 1015/8/3 1014/8/3 1013/8/3
f 1015/8/3 1011/8/3 1010/8/3
f 1015/8/3 1010/8/3 1009/8/3
f 1015/8/3 1012/8/3 1011/8/3
f 1016/8/3 1008/8/3 1014/8/3
f 1016/8/3 1014/8/3 1015/8/3
f 1019/7/3 1018/7/3 1017/7/3
f 1020/7/3 1018/7/3 1019/7/3
f 1023/7/3 1022/7/3 1021/7/3
f 1024/7/3 1022/7/3 1023/7/3
f 1027/7/3 1026/7/3 1025/7/3
f 1028/7/3 1026/7/3 1027/7/3
f 1031/7/3 1030/7/3 1029/7/3
f 1032/7/3 1030/7/3 1031/7/3
f 1035/7/3 1034/7/3 1033/7/3
f 1036/7/3 1034/7/3 1035/7/3
f 1039/7/3 1038/7/3 1037/7/3
f 1040/7/3 1038/7/3 1039/7/3
f 1043/7/3 1042/7/3 1041/7/3
f 1044/7/3 1042/7/3 1043/7/3
f 1049/7/3 1048/7/3 1047/7/3
f 1050/7/3 1048/7/3 1049/7/3
f 1051/5/3 1046/5/3 1045/5/3
f 1052/5/3 1046/5/3 1051/5/3
f 1055/7/3 1054/7/3 1053/7/3
f 1056/7/3 1054/7/3 1055/7/3
f 1059/7/3 1058/7/3 1057/7/3
f 1060/7/3 1058/7/3 1059/7/3
f 1063/7/3 1062/7/3 1061/7/3
f 1064/7/3 1062/7/3 1063/7/3
f 1067/7/3 1066/7/3 1065/7/3
f 1068/7/3 1066/7/3 1067/7/3
f 1075/8/3 1070/8/3 1069/8/3
f 1076/8/3 1070/8/3 1075/8/3
f 1077/8/3 1072/8/3 1071/8/3
f 1078/8/3 1072/8/3 1077/8/3
f 1079/8/3 1074/8/3 1073/8/3
f 1080/8/3 1074/8/3 1079/8/3
f 1083/3/3 1082/3/3 1081/3/3
f 1084/3/3 1082/3/3 1083/3/3
f 1087/3/3 1086/3/3 1085/3/3
f 1088/3/3 1086/3/3 1087/3/3
f 1091/1/3 1090/1/3 1089/1/3
f 1092/1/3 1090/1/3 1091/1/3
f 1093/1/3 1091/1/3 1089/1/3
f 1094/1/3 1091/1/3 1093/1/3
f 1095/1/3 1093/1/3 1089/1/3
f 1096/1/3 1093/1/3 1095/1/3
f 1097/1/3 1095/1/3 1089/1/3
f 1098/1/3 1095/1/3 1097/1/3
f 1099/1/3 1097/1/3 1089/1/3
f 1100/1/3 1097/1/3 1099/1/3
f 1103/5/3 1102/5/3 1101/5/3
f 1104/5/3 1102/5/3 1103/5/3
f 1105/5/3 1102/5/3 1104/5/3
f 1106/5/3 1102/5/3 1105/5/3
f 1107/5/3 1102/5/3 1106/5/3
f 1108/5/3 1102/5/3 1107/5/3
f 1109/5/3 1102/5/3 1108/5/3
f 1110/5/3 1102/5/3 1109/5/3
f 1112/5/3 1105/5/3 1104/5/3
f 1113/5/3 1105/5/3 1112/5/3
f 1114/5/3 1107/5/3 1106/5/3
f 1115/5/3 1107/5/3 1114/5/3
f 1116/5/3 1109/5/3 1108/5/3
f 1117/5/3 1109/5/3 1116/5/3
f 1118/5/3 1102/5/3 1110/5/3
f 1119/5/3 1117/5/3 1116/5/3
f 1119/5/3 1118/5/3 1117/5/3
f 1119/5/3 1113/5/3 1112/5/3
f 1119/5/3 1115/5/3 1114/5/3
f 1119/5/3 1116/5/3 1115/5/3
f 1119/5/3 1112/5/3 1111/5/3
f 1119/5/3 1114/5/3 1113/5/3
f 1120/5/3 1102/5/3 1118/5/3
f 1120/5/3 1118/5/3 1119/5/3
f 1123/4/3 1122/4/3 1121/4/3
f 1124/4/3 1122/4/3 1123/4/3
f 1127/4/3 1126/4/3 1125/4/3
f 1128/4/3 1126/4/3 1127/4/3
f 1131/4/3 1130/4/3 1129/4/3
f 1132/4/3 1130/4/3 1131/4/3
f 1135/4/3 1134/4/3 1133/4/3
f 1136/4/3 1134/4/3 1135/4/3
f 1139/4/3 1138/4/3 1137/4/3
f 1140/4/3 1138/4/3 1139/4/3
f 1143/4/3 1142/4/3 1141/4/3
f 1144/4/3 1142/4/3 1143/4/3
f 1147/8/3 1146/8/3 1145/8/3
f 1148/8/3 1146/8/3 1147/8/3
f 1151/4/3 1150/4/3 1149/4/3
f 1152/4/3 1150/4/3 1151/4/3
f 1155/4/3 1154/4/3 1153/4/3
f 1156/4/3 1154/4/3 1155/4/3
f 1159/4/3 1158/4/3 1157/4/3
f 1160/4/3 1158/4/3 1159/4/3
f 1163/4/3 1162/4/3 1161/4/3
f 1164/4/3 1162/4/3 1163/4/3
f 1168/4/3 1166/4/3 1165/4/3
f 1169/4/3 1168/4/3 1167/4/3
f 1170/4/3 1166/4/3 1168/4/3
f 1170/4/3 1168/4/3 1169/4/3
f 1173/7/3 1172/7/3 1171/7/3
f 1174/7/3 1172/7/3 1173/7/3
f 1177/4/3 1176/4/3 1175/4/3
f 1178/4/3 1176/4/3 1177/4/3
f 1181/4/3 1180/4/3 1179/4/3
f 1182/4/3 1180/4/3 1181/4/3
f 1185/4/3 1184/4/3 1183/4/3
f 1186/4/3 1184/4/3 1185/4/3
f 1189/7/3 1188/7/3 1187/7/3
f 1190/7/3 1188/7/3 1189/7/3
f 1193/7/3 1192/7/3 1191/7/3
f 1194/7/3 1192/7/3 1193/7/3
f 1197/7/3 1196/7/3 1195/7/3
f 1198/7/3 1196/7/3 1197/7/3
f 1201/4/3 1200/4/3 1199/4/3
f 1202/4/3 1200/4/3 1201/4/3
f 1205/4/3 1204/4/3 1203/4/3
f 1206/4/3 1204/4/3 1205/4/3
f 1209/7/3 1208/7/3 1207/7/3
f 1210/7/3 1208/7/3 1209/7/3
f 1213/7/3 1212/7/3 1211/7/3
f 1214/7/3 1212/7/3 1213/7/3
f 1219/7/3 1218/7/3 1217/7/3
f 1220/7/3 1218/7/3 1219/7/3
f 1221/7/3 1216/7/3 1215/7/3
f 1222/7/3 1216/7/3 1221/7/3
f 1225/7/3 1224/7/3 1223/7/3
f 1226/7/3 1224/7/3 1225/7/3
f 1227/7/3 1225/7/3 1223/7/3
f 1228/7/3 1224/7/3 1226/7/3
f 1229/7/3 1227/7/3 1223/7/3
f 1229/7/3 1228/7/3 1227/7/3
f 1230/7/3 1224/7/3 1228/7/3
f 1230/7/3 1228/7/3 1229/7/3
f 1231/7/3 1229/7/3 1223/7/3
f 1232/7/3 1224/7/3 1230/7/3
f 1233/7/3 1231/7/3 1223/7/3
f 1233/7/3 1232/7/3 1231/7/3
f 1234/7/3 1224/7/3 1232/7/3
f 1234/7/3 1232/7/3 1233/7/3
f 1235/7/3 1233/7/3 1223/7/3
f 1236/7/3 1224/7/3 1234/7/3
f 1237/7/3 1235/7/3 1223/7/3
f 1237/7/3 1236/7/3 1235/7/3
f 1238/7/3 1224/7/3 1236/7/3
f 1238/7/3 1236/7/3 1237/7/3
f 1241/4/3 1240/4/3 1239/4/3
f 1242/4/3 1240/4/3 1241/4/3
f 1245/4/3 1244/4/3 1243/4/3
f 1246/4/3 1244/4/3 1245/4/3
f 1249/9/3 1248/9/3 1247/9/3
f 1250/9/3 1248/9/3 1249/9/3
f 1253/9/3 1252/9/3 1251/9/3
f 1254/9/3 1252/9/3 1253/9/3
f 1257/9/3 1256/9/3 1255/9/3
f 1258/9/3 1256/9/3 1257/9/3
f 1261/5/3 1260/5/3 1259/5/3
f 1262/5/3 1260/5/3 1261/5/3
f 1265/4/3 1264/4/3 1263/4/3
f 1266/4/3 1264/4/3 1265/4/3
f 1269/4/3 1268/4/3 1267/4/3
f 1270/4/3 1268/4/3 1269/4/3
f 1273/5/3 1272/5/3 1271/5/3
f 1274/5/3 1272/5/3 1273/5/3
f 1278/4/3 1276/4/3 1275/4/3
f 1279/7/3 1277/7/3 1276/7/3
f 1279/4/3 1276/4/3 1278/4/3
f 1280/7/3 1277/7/3 1279/7/3
f 1283/4/3 1282/4/3 1281/4/3
f 1284/4/3 1282/4/3 1283/4/3
f 1287/4/3 1286/4/3 1285/4/3
f 1288/4/3 1286/4/3 1287/4/3
f 1291/7/3 1290/7/3 1289/7/3
f 1292/7/3 1290/7/3 1291/7/3
f 1297/4/3 1294/4/3 1293/4/3
f 1298/7/3 1296/7/3 1295/7/3
f 1299/7/3 1296/7/3 1298/7/3
f 1300/4/3 1294/4/3 1297/4/3
f 1301/4/3 1294/4/3 1300/4/3
f 1302/4/3 1294/4/3 1301/4/3
f 1303/4/3 1301/4/3 1300/4/3
f 1304/4/3 1301/4/3 1303/4/3
f 1327/5/3 1306/5/3 1305/5/3
f 1328/5/3 1306/5/3 1327/5/3
f 1329/5/3 1308/5/3 1307/5/3
f 1330/5/3 1308/5/3 1329/5/3
f 1331/5/3 1310/5/3 1309/5/3
f 1332/5/3 1310/5/3 1331/5/3
f 1333/5/3 1312/5/3 1311/5/3
f 1334/5/3 1312/5/3 1333/5/3
f 1335/5/3 1314/5/3 1313/5/3
f 1336/5/3 1314/5/3 1335/5/3
f 1337/5/3 1316/5/3 1315/5/3
f 1338/5/3 1316/5/3 1337/5/3
f 1339/5/3 1318/5/3 1317/5/3
f 1340/5/3 1318/5/3 1339/5/3
f 1341/5/3 1320/5/3 1319/5/3
f 1342/5/3 1320/5/3 1341/5/3
f 1343/5/3 1322/5/3 1321/5/3
f 1344/5/3 1322/5/3 1343/5/3
f 1345/5/3 1324/5/3 1323/5/3
f 1346/5/3 1324/5/3 1345/5/3
f 1347/5/3 1326/5/3 1325/5/3
f 1348/5/3 1326/5/3 1347/5/3
f 1351/7/3 1350/7/3 1349/7/3
f 1352/7/3 1350/7/3 1351/7/3
f 1355/3/3 1354/3/3 1353/3/3
f 1356/3/3 1354/3/3 1355/3/3
f 1359/3/3 1358/3/3 1357/3/3
f 1360/3/3 1358/3/3 1359/3/3
f 1363/3/3 1362/3/3 1361/3/3
f 1364/3/3 1362/3/3 1363/3/3
f 1367/3/3 1366/3/3 1365/3/3
f 1368/3/3 1366/3/3 1367/3/3
f 1371/3/3 1370/3/3 1369/3/3
f 1372/3/3 1370/3/3 1371/3/3
f 1375/3/3 1374/3/3 1373/3/3
f 1376/3/3 1374/3/3 1375/3/3
f 1381/7/3 1378/7/3 1377/7/3
f 1382/7/3 1378/7/3 1381/7/3
f 1383/7/3 1380/7/3 1379/7/3
f 1384/7/3 1380/7/3 1383/7/3
f 1387/7/3 1386/7/3 1385/7/3
f 1388/7/3 1386/7/3 1387/7/3
f 1391/3/3 1390/3/3 1389/3/3
f 1392/3/3 1390/3/3 1391/3/3
f 1393/3/3 1391/3/3 1389/3/3
f 1394/3/3 1391/3/3 1393/3/3
f 1395/3/3 1391/3/3 1394/3/3
f 1396/3/3 1390/3/3 1392/3/3
f 1398/3/3 1395/3/3 1394/3/3
f 1398/3/3 1396/3/3 1395/3/3
f 1399/3/3 1398/3/3 1397/3/3
f 1400/3/3 1398/3/3 1399/3/3
f 1401/3/3 1398/3/3 1400/3/3
f 1402/3/3 1398/3/3 1401/3/3
f 1403/3/3 1396/3/3 1398/3/3
f 1403/3/3 1398/3/3 1402/3/3
f 1404/3/3 1396/3/3 1403/3/3
f 1405/3/3 1399/3/3 1397/3/3
f 1406/3/3 1401/3/3 1400/3/3
f 1407/3/3 1401/3/3 1406/3/3
f 1408/3/3 1403/3/3 1402/3/3
f 1409/3/3 1403/3/3 1408/3/3
f 1410/3/3 1396/3/3 1404/3/3
f 1412/3/3 1409/3/3 1408/3/3
f 1412/3/3 1410/3/3 1409/3/3
f 1412/3/3 1407/3/3 1406/3/3
f 1412/3/3 1405/3/3 1397/3/3
f 1412/3/3 1408/3/3 1407/3/3
f 1412/3/3 1406/3/3 1405/3/3
f 1413/3/3 1412/3/3 1411/3/3
f 1414/3/3 1390/3/3 1396/3/3
f 1414/3/3 1412/3/3 1413/3/3
f 1414/3/3 1396/3/3 1410/3/3
f 1414/3/3 1410/3/3 1412/3/3
f 1415/3/3 1390/3/3 1414/3/3
f 1416/3/3 1390/3/3 1415/3/3
f 1417/3/3 1415/3/3 1414/3/3
f 1418/3/3 1415/3/3 1417/3/3
f 1419/3/3 1390/3/3 1416/3/3
f 1420/3/3 1418/3/3 1417/3/3
f 1420/3/3 1419/3/3 1418/3/3
f 1421/3/3 1390/3/3 1419/3/3
f 1421/3/3 1419/3/3 1420/3/3
f 1422/3/3 1420/3/3 1417/3/3
f 1423/3/3 1390/3/3 1421/3/3
f 1424/3/3 1422/3/3 1417/3/3
f 1424/3/3 1423/3/3 1422/3/3
f 1426/3/3 1423/3/3 1424/3/3
f 1427/3/3 1426/3/3 1425/3/3
f 1428/3/3 1423/3/3 1426/3/3
f 1428/3/3 1426/3/3 1427/3/3
f 1429/3/3 1423/3/3 1428/3/3
f 1430/3/3 1390/3/3 1423/3/3
f 1430/3/3 1423/3/3 1429/3/3
f 1432/3/3 1429/3/3 1428/3/3
f 1433/3/3 1429/3/3 1432/3/3
f 1434/3/3 1390/3/3 1430/3/3
f 1435/3/3 1433/3/3 1432/3/3
f 1435/3/3 1434/3/3 1433/3/3
f 1435/3/3 1432/3/3 1431/3/3
f 1436/3/3 1434/3/3 1435/3/3
f 1437/3/3 1435/3/3 1431/3/3
f 1438/3/3 1435/3/3 1437/3/3
f 1439/3/3 1434/3/3 1436/3/3
f 1440/3/3 1434/3/3 1439/3/3
f 1441/3/3 1435/3/3 1438/3/3
f 1442/3/3 1439/3/3 1436/3/3
f 1443/3/3 1437/3/3 1431/3/3
f 1444/3/3 1442/3/3 1441/3/3
f 1444/3/3 1441/3/3 1438/3/3
f 1445/3/3 1439/3/3 1442/3/3
f 1445/3/3 1444/3/3 1443/3/3
f 1445/3/3 1442/3/3 1444/3/3
f 1446/3/3 1434/3/3 1440/3/3
f 1447/3/3 1446/3/3 1445/3/3
f 1448/3/3 1446/3/3 1447/3/3
f 1449/3/3 1447/3/3 1445/3/3
f 1450/3/3 1446/3/3 1448/3/3
f 1451/3/3 1446/3/3 1450/3/3
f 1451/3/3 1450/3/3 1449/3/3
f 1452/3/3 1446/3/3 1451/3/3
f 1453/3/3 1451/3/3 1449/3/3
f 1454/3/3 1446/3/3 1452/3/3
f 1455/3/3 1445/3/3 1443/3/3
f 1455/3/3 1454/3/3 1453/3/3
f 1455/3/3 1443/3/3 1431/3/3
f 1455/3/3 1449/3/3 1445/3/3
f 1455/3/3 1453/3/3 1449/3/3
f 1456/3/3 1390/3/3 1434/3/3
f 1456/3/3 1454/3/3 1455/3/3
f 1456/3/3 1446/3/3 1454/3/3
f 1456/3/3 1434/3/3 1446/3/3
f 1458/3/3 1457/3/3 1456/3/3
f 1459/3/3 1457/3/3 1458/3/3
f 1462/6/3 1461/6/3 1460/6/3
f 1463/6/3 1461/6/3 1462/6/3
f 1464/4/4 1465/4/4 1466/4/4
f 1466/4/4 1465/4/4 1467/4/4
f 1468/4/4 1469/4/4 1470/4/4
f 1470/4/4 1469/4/4 1471/4/4
f 1472/4/4 1473/4/4 1475/4/4
f 1474/4/4 1475/4/4 1476/4/4
f 1475/4/4 1473/4/4 1477/4/4
f 1476/4/4 1475/4/4 1477/4/4
f 1478/5/4 1479/5/4 1480/5/4
f 1480/5/4 1479/5/4 1481/5/4
f 1482/4/4 1483/4/4 1484/4/4
f 1484/4/4 1483/4/4 1485/4/4
f 1486/4/4 1487/4/4 1488/4/4
f 1488/4/4 1487/4/4 1489/4/4
f 1490/5/4 1491/5/4 1492/5/4
f 1492/5/4 1491/5/4 1493/5/4
f 1493/5/4 1491/5/4 1494/5/4
f 1494/5/4 1491/5/4 1495/5/4
f 1496/4/4 1497/4/4 1498/4/4
f 1498/4/4 1497/4/4 1499/4/4
f 1500/4/4 1501/4/4 1502/4/4
f 1502/4/4 1501/4/4 1503/4/4
f 1504/7/4 1505/7/4 1506/7/4
f 1506/7/4 1505/7/4 1507/7/4
f 1508/8/4 1509/8/4 1515/8/4
f 1515/8/4 1509/8/4 1516/8/4
f 1510/8/4 1511/8/4 1517/8/4
f 1517/8/4 1511/8/4 1518/8/4
f 1512/8/4 1513/8/4 1519/8/4
f 1519/8/4 1513/8/4 1520/8/4
f 1514/8/4 1515/8/4 1521/8/4
f 1521/8/4 1515/8/4 1522/8/4
f 1516/8/4 1517/8/4 1523/8/4
f 1523/8/4 1517/8/4 1524/8/4
f 1518/8/4 1519/8/4 1525/8/4
f 1525/8/4 1519/8/4 1526/8/4
f 1527/3/4 1528/3/4 1529/3/4
f 1529/3/4 1528/3/4 1530/3/4
f 1531/3/4 1532/3/4 1533/3/4
f 1533/3/4 1532/3/4 1534/3/4
f 1535/7/4 1536/7/4 1537/7/4
f 1537/7/4 1536/7/4 1538/7/4
f 1539/7/4 1540/7/4 1541/7/4
f 1541/7/4 1540/7/4 1542/7/4
f 1543/7/4 1544/7/4 1545/7/4
f 1545/7/4 1544/7/4 1546/7/4
f 1547/7/4 1548/7/4 1549/7/4
f 1549/7/4 1548/7/4 1550/7/4
f 1551/7/4 1552/7/4 1553/7/4
f 1553/7/4 1552/7/4 1554/7/4
f 1555/7/4 1556/7/4 1557/7/4
f 1557/7/4 1556/7/4 1558/7/4
f 1559/7/4 1560/7/4 1561/7/4
f 1561/7/4 1560/7/4 1562/7/4
f 1563/7/4 1564/7/4 1565/7/4
f 1565/7/4 1564/7/4 1566/7/4
f 1567/7/4 1568/7/4 1569/7/4
f 1569/7/4 1568/7/4 1570/7/4
f 1571/7/4 1572/7/4 1575/7/4
f 1575/7/4 1572/7/4 1576/7/4
f 1573/5/4 1574/5/4 1577/5/4
f 1577/5/4 1574/5/4 1578/5/4
f 1578/5/4 1574/5/4 1579/5/4
f 1579/5/4 1574/5/4 1580/5/4
f 1580/5/4 1574/5/4 1581/5/4
f 1581/5/4 1574/5/4 1582/5/4
f 1582/5/4 1574/5/4 1583/5/4
f 1583/5/4 1574/5/4 1584/5/4
f 1578/5/4 1579/5/4 1586/5/4
f 1586/5/4 1579/5/4 1587/5/4
f 1580/5/4 1581/5/4 1588/5/4
f 1588/5/4 1581/5/4 1589/5/4
f 1582/5/4 1583/5/4 1590/5/4
f 1590/5/4 1583/5/4 1591/5/4
f 1584/5/4 1574/5/4 1592/5/4
f 1590/5/4 1591/5/4 1593/5/4
f 1591/5/4 1592/5/4 1593/5/4
f 1586/5/4 1587/5/4 1593/5/4
f 1588/5/4 1589/5/4 1593/5/4
f 1589/5/4 1590/5/4 1593/5/4
f 1585/5/4 1586/5/4 1593/5/4
f 1587/5/4 1588/5/4 1593/5/4
f 1592/5/4 1574/5/4 1594/5/4
f 1593/5/4 1592/5/4 1594/5/4
f 1595/7/4 1596/7/4 1597/7/4
f 1597/7/4 1596/7/4 1598/7/4
f 1599/7/4 1600/7/4 1601/7/4
f 1601/7/4 1600/7/4 1602/7/4
f 1603/8/4 1604/8/4 1605/8/4
f 1605/8/4 1604/8/4 1606/8/4
f 1607/5/4 1608/5/4 1609/5/4
f 1609/5/4 1608/5/4 1610/5/4
f 1611/4/4 1612/4/4 1613/4/4
f 1613/4/4 1612/4/4 1614/4/4
f 1615/4/4 1616/4/4 1617/4/4
f 1617/4/4 1616/4/4 1618/4/4
f 1619/4/4 1620/4/4 1621/4/4
f 1621/4/4 1620/4/4 1622/4/4
f 1623/4/4 1624/4/4 1625/4/4
f 1625/4/4 1624/4/4 1626/4/4
f 1627/4/4 1628/4/4 1629/4/4
f 1629/4/4 1628/4/4 1630/4/4
f 1631/1/4 1632/1/4 1633/1/4
f 1633/1/4 1632/1/4 1634/1/4
f 1631/1/4 1633/1/4 1635/1/4
f 1635/1/4 1633/1/4 1636/1/4
f 1631/1/4 1635/1/4 1637/1/4
f 1637/1/4 1635/1/4 1638/1/4
f 1631/1/4 1637/1/4 1639/1/4
f 1639/1/4 1637/1/4 1640/1/4
f 1631/1/4 1639/1/4 1641/1/4
f 1641/1/4 1639/1/4 1642/1/4
f 1643/4/4 1644/4/4 1645/4/4
f 1645/4/4 1644/4/4 1646/4/4
f 1647/8/4 1648/8/4 1653/8/4
f 1653/8/4 1648/8/4 1654/8/4
f 1649/8/4 1650/8/4 1655/8/4
f 1655/8/4 1650/8/4 1656/8/4
f 1651/8/4 1652/8/4 1657/8/4
f 1657/8/4 1652/8/4 1658/8/4
f 1659/4/4 1660/4/4 1661/4/4
f 1661/4/4 1660/4/4 1662/4/4
f 1663/4/4 1664/4/4 1665/4/4
f 1665/4/4 1664/4/4 1666/4/4
f 1667/4/4 1668/4/4 1669/4/4
f 1669/4/4 1668/4/4 1670/4/4
f 1671/4/4 1672/4/4 1673/4/4
f 1673/4/4 1672/4/4 1674/4/4
f 1675/4/4 1676/4/4 1678/4/4
f 1677/4/4 1678/4/4 1679/4/4
f 1678/4/4 1676/4/4 1680/4/4
f 1679/4/4 1678/4/4 1680/4/4
f 1681/4/4 1682/4/4 1683/4/4
f 1683/4/4 1682/4/4 1684/4/4
f 1685/7/4 1686/7/4 1687/7/4
f 1687/7/4 1686/7/4 1688/7/4
f 1689/4/4 1690/4/4 1691/4/4
f 1691/4/4 1690/4/4 1692/4/4
f 1693/4/4 1694/4/4 1695/4/4
f 1695/4/4 1694/4/4 1696/4/4
f 1697/7/4 1698/7/4 1699/7/4
f 1699/7/4 1698/7/4 1700/7/4
f 1701/7/4 1702/7/4 1703/7/4
f 1703/7/4 1702/7/4 1704/7/4
f 1705/7/4 1706/7/4 1707/7/4
f 1707/7/4 1706/7/4 1708/7/4
f 1709/4/4 1710/4/4 1711/4/4
f 1711/4/4 1710/4/4 1712/4/4
f 1713/4/4 1714/4/4 1715/4/4
f 1715/4/4 1714/4/4 1716/4/4
f 1717/7/4 1718/7/4 1719/7/4
f 1719/7/4 1718/7/4 1720/7/4
f 1721/3/4 1722/3/4 1723/3/4
f 1723/3/4 1722/3/4 1724/3/4
f 1725/3/4 1726/3/4 1727/3/4
f 1727/3/4 1726/3/4 1728/3/4
f 1729/3/4 1730/3/4 1731/3/4
f 1731/3/4 1730/3/4 1732/3/4
f 1733/3/4 1734/3/4 1735/3/4
f 1735/3/4 1734/3/4 1736/3/4
f 1737/3/4 1738/3/4 1739/3/4
f 1739/3/4 1738/3/4 1740/3/4
f 1741/3/4 1742/3/4 1743/3/4
f 1743/3/4 1742/3/4 1744/3/4
f 1745/7/4 1746/7/4 1747/7/4
f 1747/7/4 1746/7/4 1748/7/4
f 1749/7/4 1750/7/4 1751/7/4
f 1751/7/4 1750/7/4 1752/7/4
f 1753/4/4 1754/4/4 1755/4/4
f 1755/4/4 1754/4/4 1756/4/4
f 1757/4/4 1758/4/4 1759/4/4
f 1759/4/4 1758/4/4 1760/4/4
f 1761/4/4 1762/4/4 1763/4/4
f 1763/4/4 1762/4/4 1764/4/4
f 1765/4/4 1766/4/4 1767/4/4
f 1767/4/4 1766/4/4 1768/4/4
f 1769/4/4 1770/4/4 1772/4/4
f 1770/7/4 1771/7/4 1773/7/4
f 1772/4/4 1770/4/4 1773/4/4
f 1773/7/4 1771/7/4 1774/7/4
f 1775/4/4 1776/4/4 1777/4/4
f 1777/4/4 1776/4/4 1778/4/4
f 1779/4/4 1780/4/4 1781/4/4
f 1781/4/4 1780/4/4 1782/4/4
f 1783/7/4 1784/7/4 1785/7/4
f 1785/7/4 1784/7/4 1786/7/4
f 1787/5/4 1788/5/4 1809/5/4
f 1809/5/4 1788/5/4 1810/5/4
f 1789/5/4 1790/5/4 1811/5/4
f 1811/5/4 1790/5/4 1812/5/4
f 1791/5/4 1792/5/4 1813/5/4
f 1813/5/4 1792/5/4 1814/5/4
f 1793/5/4 1794/5/4 1815/5/4
f 1815/5/4 1794/5/4 1816/5/4
f 1795/5/4 1796/5/4 1817/5/4
f 1817/5/4 1796/5/4 1818/5/4
f 1797/5/4 1798/5/4 1819/5/4
f 1819/5/4 1798/5/4 1820/5/4
f 1799/5/4 1800/5/4 1821/5/4
f 1821/5/4 1800/5/4 1822/5/4
f 1801/5/4 1802/5/4 1823/5/4
f 1823/5/4 1802/5/4 1824/5/4
f 1803/5/4 1804/5/4 1825/5/4
f 1825/5/4 1804/5/4 1826/5/4
f 1805/5/4 1806/5/4 1827/5/4
f 1827/5/4 1806/5/4 1828/5/4
f 1807/5/4 1808/5/4 1829/5/4
f 1829/5/4 1808/5/4 1830/5/4
f 1831/7/4 1832/7/4 1833/7/4
f 1833/7/4 1832/7/4 1834/7/4
f 1836/7/4 1837/7/4 1838/7/4
f 1838/7/4 1837/7/4 1839/7/4
f 1836/7/4 1838/7/4 1840/7/4
f 1838/4/4 1839/4/4 1840/4/4
f 1840/4/4 1839/4/4 1841/4/4
f 1835/4/4 1836/4/4 1842/4/4
f 1836/7/4 1840/7/4 1843/7/4
f 1842/4/4 1836/4/4 1843/4/4
f 1840/7/4 1841/7/4 1843/7/4
f 1843/7/4 1841/7/4 1845/7/4
f 1845/7/4 1841/7/4 1846/7/4
f 1844/4/4 1845/4/4 1846/4/4
f 1846/7/4 1841/7/4 1847/7/4
f 1844/4/4 1846/4/4 1848/4/4
f 1846/4/4 1847/4/4 1848/4/4
f 1848/4/4 1847/4/4 1849/4/4
f 1850/3/4 1851/3/4 1852/3/4
f 1852/3/4 1851/3/4 1853/3/4
f 1854/3/4 1855/3/4 1856/3/4
f 1856/3/4 1855/3/4 1857/3/4
f 1856/7/4 1857/7/4 1858/7/4
f 1857/3/4 1855/3/4 1859/3/4
f 1858/7/4 1857/7/4 1859/7/4
f 1858/3/4 1859/3/4 1860/3/4
f 1859/3/4 1855/3/4 1861/3/4
f 1860/3/4 1859/3/4 1861/3/4
f 1865/3/5 1863/3/5 1862/3/5
f 1865/2/5 1864/2/5 1863/2/5
f 1866/2/5 1864/2/5 1865/2/5
f 1867/3/5 1865/3/5 1862/3/5
f 1867/7/5 1866/7/5 1865/7/5
f 1868/2/5 1864/2/5 1866/2/5
f 1868/7/5 1866/7/5 1867/7/5
f 1869/3/5 1867/3/5 1862/3/5
f 1869/2/5 1868/2/5 1867/2/5
f 1870/2/5 1864/2/5 1868/2/5
f 1870/2/5 1868/2/5 1869/2/5
f 1871/7/5 1870/7/5 1869/7/5
f 1871/2/5 1864/2/5 1870/2/5
f 1872/2/5 1864/2/5 1871/2/5
f 1873/7/5 1871/7/5 1869/7/5
f 1873/7/5 1872/7/5 1871/7/5
f 1874/2/5 1864/2/5 1872/2/5
f 1874/7/5 1872/7/5 1873/7/5
f 1875/2/5 1874/2/5 1873/2/5
f 1876/2/5 1864/2/5 1874/2/5
f 1876/2/5 1874/2/5 1875/2/5
f 1877/2/5 1864/2/5 1876/2/5
f 1878/2/5 1864/2/5 1877/2/5
f 1879/2/5 1864/2/5 1878/2/5
f 1880/2/5 1864/2/5 1879/2/5
f 1881/2/5 1877/2/5 1876/2/5
f 1882/2/5 1877/2/5 1881/2/5
f 1883/7/5 1878/7/5 1877/7/5
f 1883/2/5 1877/2/5 1882/2/5
f 1884/2/5 1879/2/5 1878/2/5
f 1884/7/5 1878/7/5 1883/7/5
f 1885/7/5 1880/7/5 1879/7/5
f 1885/2/5 1879/2/5 1884/2/5
f 1886/2/5 1864/2/5 1880/2/5
f 1886/7/5 1880/7/5 1885/7/5
f 1887/2/5 1885/2/5 1884/2/5
f 1887/2/5 1883/2/5 1882/2/5
f 1887/2/5 1886/2/5 1885/2/5
f 1887/2/5 1884/2/5 1883/2/5
f 1888/2/5 1886/2/5 1887/2/5
f 1889/7/5 1873/7/5 1869/7/5
f 1889/2/5 1875/2/5 1873/2/5
f 1890/7/5 1876/7/5 1875/7/5
f 1890/2/5 1875/2/5 1889/2/5
f 1891/7/5 1882/7/5 1881/7/5
f 1891/2/5 1887/2/5 1882/2/5
f 1892/7/5 1888/7/5 1887/7/5
f 1892/2/5 1887/2/5 1891/2/5
f 1893/2/5 1886/2/5 1888/2/5
f 1893/7/5 1888/7/5 1892/7/5
f 1894/2/5 1864/2/5 1886/2/5
f 1894/2/5 1886/2/5 1893/2/5
f 1895/3/5 1869/3/5 1862/3/5
f 1895/7/5 1889/7/5 1869/7/5
f 1895/7/5 1890/7/5 1889/7/5
f 1896/7/5 1876/7/5 1890/7/5
f 1896/7/5 1890/7/5 1895/7/5
f 1897/7/5 1892/7/5 1891/7/5
f 1897/7/5 1891/7/5 1881/7/5
f 1897/7/5 1894/7/5 1893/7/5
f 1897/7/5 1893/7/5 1892/7/5
f 1898/7/5 1894/7/5 1897/7/5
f 1899/7/5 1876/7/5 1896/7/5
f 1899/2/5 1881/2/5 1876/2/5
f 1900/7/5 1897/7/5 1881/7/5
f 1900/2/5 1881/2/5 1899/2/5
f 1901/3/5 1896/3/5 1895/3/5
f 1901/3/5 1895/3/5 1862/3/5
f 1902/7/5 1900/7/5 1899/7/5
f 1902/3/5 1896/3/5 1901/3/5
f 1902/7/5 1899/7/5 1896/7/5
f 1903/7/5 1897/7/5 1900/7/5
f 1903/7/5 1900/7/5 1902/7/5
f 1903/3/5 1898/3/5 1897/3/5
f 1904/3/5 1898/3/5 1903/3/5
f 1907/5/5 1906/5/5 1905/5/5
f 1908/5/5 1906/5/5 1907/5/5
f 1911/5/5 1910/5/5 1909/5/5
f 1912/5/5 1910/5/5 1911/5/5
f 1915/5/5 1914/5/5 1913/5/5
f 1916/5/5 1914/5/5 1915/5/5
f 1919/5/5 1918/5/5 1917/5/5
f 1920/5/5 1918/5/5 1919/5/5
f 1923/8/5 1922/8/5 1921/8/5
f 1924/8/5 1922/8/5 1923/8/5
f 1926/8/5 1925/8/5 1924/8/5
f 1927/8/5 1925/8/5 1926/8/5
f 1932/5/5 1931/5/5 1930/5/5
f 1933/5/5 1931/5/5 1932/5/5
f 1934/8/5 1929/8/5 1928/8/5
f 1935/8/5 1929/8/5 1934/8/5
f 1938/7/5 1937/7/5 1936/7/5
f 1939/7/5 1937/7/5 1938/7/5
f 1942/8/5 1941/8/5 1940/8/5
f 1943/8/5 1941/8/5 1942/8/5
f 1945/8/5 1944/8/5 1943/8/5
f 1946/8/5 1944/8/5 1945/8/5
f 1951/5/5 1950/5/5 1949/5/5
f 1952/5/5 1950/5/5 1951/5/5
f 1953/8/5 1948/8/5 1947/8/5
f 1954/8/5 1948/8/5 1953/8/5
f 1957/8/5 1956/8/5 1955/8/5
f 1958/8/5 1956/8/5 1957/8/5
f 1960/8/5 1959/8/5 1958/8/5
f 1961/8/5 1959/8/5 1960/8/5
f 1966/5/5 1965/5/5 1964/5/5
f 1967/5/5 1965/5/5 1966/5/5
f 1968/8/5 1963/8/5 1962/8/5
f 1969/8/5 1963/8/5 1968/8/5
f 1972/5/5 1971/5/5 1970/5/5
f 1973/5/5 1971/5/5 1972/5/5
f 1976/7/5 1975/7/5 1974/7/5
f 1977/7/5 1975/7/5 1976/7/5
f 1980/5/5 1979/5/5 1978/5/5
f 1981/5/5 1979/5/5 1980/5/5
f 1984/5/5 1983/5/5 1982/5/5
f 1985/5/5 1983/5/5 1984/5/5
f 1988/7/5 1987/7/5 1986/7/5
f 1989/7/5 1987/7/5 1988/7/5
f 1992/5/5 1991/5/5 1990/5/5
f 1993/5/5 1991/5/5 1992/5/5
f 1996/7/5 1995/7/5 1994/7/5
f 1997/7/5 1995/7/5 1996/7/5
f 2000/5/5 1999/5/5 1998/5/5
f 2001/5/5 1999/5/5 2000/5/5
f 2006/5/5 2003/5/5 2002/5/5
f 2007/5/5 2003/5/5 2006/5/5
f 2008/7/5 2005/7/5 2004/7/5
f 2009/7/5 2005/7/5 2008/7/5
f 2010/7/5 2005/7/5 2009/7/5
f 2011/7/5 2005/7/5 2010/7/5
f 2014/7/5 2013/7/5 2012/7/5
f 2015/7/5 2013/7/5 2014/7/5
f 2018/5/5 2017/5/5 2016/5/5
f 2019/5/5 2017/5/5 2018/5/5
f 2022/7/5 2021/7/5 2020/7/5
f 2023/7/5 2021/7/5 2022/7/5
f 2024/7/5 2021/7/5 2023/7/5
f 2025/7/5 2021/7/5 2024/7/5
f 2028/5/5 2027/5/5 2026/5/5
f 2029/5/5 2027/5/5 2028/5/5
f 2032/5/5 2031/5/5 2030/5/5
f 2033/5/5 2031/5/5 2032/5/5
f 2040/7/5 2035/7/5 2034/7/5
f 2041/7/5 2035/7/5 2040/7/5
f 2042/7/5 2037/7/5 2036/7/5
f 2043/7/5 2037/7/5 2042/7/5
f 2044/7/5 2039/7/5 2038/7/5
f 2045/7/5 2039/7/5 2044/7/5
f 2048/4/5 2047/4/5 2046/4/5
f 2049/4/5 2047/4/5 2048/4/5
f 2050/4/5 2048/4/5 2046/4/5
f 2051/4/5 2047/4/5 2049/4/5
f 2052/4/5 2050/4/5 2046/4/5
f 2052/4/5 2051/4/5 2050/4/5
f 2053/4/5 2047/4/5 2051/4/5
f 2053/4/5 2051/4/5 2052/4/5
f 2056/3/5 2055/3/5 2054/3/5
f 2057/3/5 2055/3/5 2056/3/5
f 2060/5/5 2059/5/5 2058/5/5
f 2061/5/5 2059/5/5 2060/5/5
f 2066/4/5 2063/4/5 2062/4/5
f 2067/4/5 2063/4/5 2066/4/5
f 2068/7/5 2065/7/5 2064/7/5
f 2069/7/5 2065/7/5 2068/7/5
f 2072/7/5 2071/7/5 2070/7/5
f 2073/7/5 2071/7/5 2072/7/5
f 2076/7/5 2075/7/5 2074/7/5
f 2077/7/5 2075/7/5 2076/7/5
f 2080/7/5 2079/7/5 2078/7/5
f 2081/7/5 2079/7/5 2080/7/5
f 2084/7/5 2083/7/5 2082/7/5
f 2085/7/5 2083/7/5 2084/7/5
f 2088/7/5 2087/7/5 2086/7/5
f 2089/7/5 2087/7/5 2088/7/5
f 2092/4/5 2091/4/5 2090/4/5
f 2093/4/5 2091/4/5 2092/4/5
f 2094/4/5 2092/4/5 2090/4/5
f 2095/4/5 2091/4/5 2093/4/5
f 2096/4/5 2094/4/5 2090/4/5
f 2096/4/5 2095/4/5 2094/4/5
f 2097/4/5 2091/4/5 2095/4/5
f 2097/4/5 2095/4/5 2096/4/5
f 2102/4/5 2099/4/5 2098/4/5
f 2103/4/5 2099/4/5 2102/4/5
f 2104/4/5 2101/4/5 2100/4/5
f 2105/4/5 2101/4/5 2104/4/5
f 2108/4/5 2107/4/5 2106/4/5
f 2109/4/5 2107/4/5 2108/4/5
f 2112/4/5 2111/4/5 2110/4/5
f 2113/4/5 2111/4/5 2112/4/5
f 2116/4/5 2115/4/5 2114/4/5
f 2117/4/5 2115/4/5 2116/4/5
f 2118/4/5 2116/4/5 2114/4/5
f 2119/4/5 2115/4/5 2117/4/5
f 2120/4/5 2118/4/5 2114/4/5
f 2120/4/5 2119/4/5 2118/4/5
f 2121/4/5 2115/4/5 2119/4/5
f 2121/4/5 2119/4/5 2120/4/5
f 2126/4/5 2123/4/5 2122/4/5
f 2127/4/5 2125/4/5 2124/4/5
f 2128/4/5 2126/4/5 2122/4/5
f 2129/4/5 2126/4/5 2128/4/5
f 2130/4/5 2125/4/5 2127/4/5
f 2131/4/5 2125/4/5 2130/4/5
f 2134/4/5 2133/4/5 2132/4/5
f 2135/4/5 2133/4/5 2134/4/5
f 2139/4/5 2137/4/5 2136/4/5
f 2140/4/5 2139/4/5 2138/4/5
f 2141/4/5 2137/4/5 2139/4/5
f 2141/4/5 2139/4/5 2140/4/5
f 2143/4/5 2137/4/5 2141/4/5
f 2144/4/5 2143/4/5 2142/4/5
f 2145/4/5 2137/4/5 2143/4/5
f 2145/4/5 2143/4/5 2144/4/5
f 2147/4/5 2137/4/5 2145/4/5
f 2148/4/5 2147/4/5 2146/4/5
f 2149/4/5 2137/4/5 2147/4/5
f 2149/4/5 2147/4/5 2148/4/5
f 2154/4/5 2151/4/5 2150/4/5
f 2155/4/5 2151/4/5 2154/4/5
f 2156/4/5 2153/4/5 2152/4/5
f 2157/4/5 2153/4/5 2156/4/5
f 2158/4/5 2137/4/5 2149/4/5
f 2159/4/5 2137/4/5 2158/4/5
f 2162/4/5 2161/4/5 2160/4/5
f 2163/4/5 2161/4/5 2162/4/5
f 2164/4/5 2162/4/5 2160/4/5
f 2165/4/5 2161/4/5 2163/4/5
f 2166/4/5 2164/4/5 2160/4/5
f 2166/4/5 2165/4/5 2164/4/5
f 2167/4/5 2161/4/5 2165/4/5
f 2167/4/5 2165/4/5 2166/4/5
f 2170/4/5 2169/4/5 2168/4/5
f 2171/4/5 2169/4/5 2170/4/5
f 2172/4/5 2169/4/5 2171/4/5
f 2173/4/5 2169/4/5 2172/4/5
f 2174/4/5 2169/4/5 2173/4/5
f 2175/4/5 2169/4/5 2174/4/5
f 2176/4/5 2172/4/5 2171/4/5
f 2177/4/5 2172/4/5 2176/4/5
f 2178/4/5 2174/4/5 2173/4/5
f 2179/4/5 2174/4/5 2178/4/5
f 2182/4/5 2181/4/5 2180/4/5
f 2183/4/5 2181/4/5 2182/4/5
f 2186/4/5 2185/4/5 2184/4/5
f 2187/4/5 2185/4/5 2186/4/5
f 2188/4/5 2181/4/5 2183/4/5
f 2190/4/5 2188/4/5 2183/4/5
f 2190/4/5 2189/4/5 2188/4/5
f 2191/4/5 2189/4/5 2190/4/5
f 2202/4/5 2197/4/5 2196/4/5
f 2203/4/5 2197/4/5 2202/4/5
f 2204/4/5 2199/4/5 2198/4/5
f 2205/4/5 2199/4/5 2204/4/5
f 2206/4/5 2193/4/5 2192/4/5
f 2207/4/5 2193/4/5 2206/4/5
f 2208/4/5 2195/4/5 2194/4/5
f 2209/4/5 2195/4/5 2208/4/5
f 2210/7/5 2201/7/5 2200/7/5
f 2211/7/5 2201/7/5 2210/7/5
f 2214/7/5 2213/7/5 2212/7/5
f 2215/7/5 2213/7/5 2214/7/5
f 2216/7/5 2214/7/5 2212/7/5
f 2217/7/5 2213/7/5 2215/7/5
f 2218/7/5 2216/7/5 2212/7/5
f 2218/7/5 2217/7/5 2216/7/5
f 2219/7/5 2213/7/5 2217/7/5
f 2219/7/5 2217/7/5 2218/7/5
f 2222/3/5 2221/3/5 2220/3/5
f 2223/3/5 2221/3/5 2222/3/5
f 2224/3/5 2221/3/5 2223/3/5
f 2225/3/5 2221/3/5 2224/3/5
f 2226/3/5 2221/3/5 2225/3/5
f 2227/3/5 2221/3/5 2226/3/5
f 2234/7/5 2231/7/5 2230/7/5
f 2235/7/5 2231/7/5 2234/7/5
f 2236/7/5 2231/7/5 2235/7/5
f 2237/7/5 2231/7/5 2236/7/5
f 2238/7/5 2233/7/5 2232/7/5
f 2239/7/5 2233/7/5 2238/7/5
f 2240/7/5 2233/7/5 2239/7/5
f 2241/7/5 2233/7/5 2240/7/5
f 2242/7/5 2234/7/5 2230/7/5
f 2243/7/5 2236/7/5 2235/7/5
f 2244/7/5 2236/7/5 2243/7/5
f 2245/7/5 2231/7/5 2237/7/5
f 2246/7/5 2238/7/5 2232/7/5
f 2247/7/5 2240/7/5 2239/7/5
f 2248/7/5 2240/7/5 2247/7/5
f 2249/7/5 2233/7/5 2241/7/5
f 2250/7/5 2229/7/5 2228/7/5
f 2251/7/5 2229/7/5 2250/7/5
f 2252/7/5 2244/7/5 2243/7/5
f 2252/7/5 2242/7/5 2230/7/5
f 2252/7/5 2245/7/5 2244/7/5
f 2252/7/5 2243/7/5 2242/7/5
f 2253/7/5 2245/7/5 2252/7/5
f 2254/7/5 2245/7/5 2253/7/5
f 2255/7/5 2231/7/5 2245/7/5
f 2255/7/5 2245/7/5 2254/7/5
f 2256/7/5 2249/7/5 2248/7/5
f 2256/7/5 2248/7/5 2247/7/5
f 2256/7/5 2246/7/5 2232/7/5
f 2256/7/5 2247/7/5 2246/7/5
f 2257/7/5 2249/7/5 2256/7/5
f 2258/7/5 2249/7/5 2257/7/5
f 2259/7/5 2233/7/5 2249/7/5
f 2259/7/5 2249/7/5 2258/7/5
f 2260/3/5 2222/3/5 2220/3/5
f 2261/3/5 2224/3/5 2223/3/5
f 2262/7/5 2252/7/5 2230/7/5
f 2263/7/5 2254/7/5 2253/7/5
f 2264/7/5 2254/7/5 2263/7/5
f 2265/7/5 2231/7/5 2255/7/5
f 2266/7/5 2256/7/5 2232/7/5
f 2267/7/5 2258/7/5 2257/7/5
f 2268/7/5 2258/7/5 2267/7/5
f 2269/7/5 2233/7/5 2259/7/5
f 2270/7/5 2264/7/5 2263/7/5
f 2270/7/5 2265/7/5 2264/7/5
f 2270/7/5 2262/7/5 2230/7/5
f 2270/7/5 2263/7/5 2262/7/5
f 2271/7/5 2231/7/5 2265/7/5
f 2271/7/5 2265/7/5 2270/7/5
f 2272/7/5 2268/7/5 2267/7/5
f 2272/7/5 2269/7/5 2268/7/5
f 2272/7/5 2266/7/5 2232/7/5
f 2272/7/5 2267/7/5 2266/7/5
f 2273/7/5 2233/7/5 2269/7/5
f 2273/7/5 2269/7/5 2272/7/5
f 2274/3/5 2261/3/5 2260/3/5
f 2274/3/5 2224/3/5 2261/3/5
f 2275/3/5 2226/3/5 2225/3/5
f 2276/3/5 2226/3/5 2275/3/5
f 2277/3/5 2221/3/5 2227/3/5
f 2278/3/5 2276/3/5 2275/3/5
f 2278/3/5 2277/3/5 2276/3/5
f 2278/3/5 2275/3/5 2274/3/5
f 2279/3/5 2277/3/5 2278/3/5
f 2280/3/5 2278/3/5 2274/3/5
f 2281/3/5 2277/3/5 2279/3/5
f 2282/3/5 2277/3/5 2281/3/5
f 2282/3/5 2281/3/5 2280/3/5
f 2283/3/5 2277/3/5 2282/3/5
f 2284/3/5 2282/3/5 2280/3/5
f 2285/3/5 2277/3/5 2283/3/5
f 2286/3/5 2280/3/5 2274/3/5
f 2286/3/5 2285/3/5 2284/3/5
f 2286/3/5 2284/3/5 2280/3/5
f 2287/3/5 2285/3/5 2286/3/5
f 2288/3/5 2286/3/5 2274/3/5
f 2289/3/5 2285/3/5 2287/3/5
f 2290/3/5 2285/3/5 2289/3/5
f 2290/3/5 2289/3/5 2288/3/5
f 2291/3/5 2285/3/5 2290/3/5
f 2292/3/5 2290/3/5 2288/3/5
f 2293/3/5 2285/3/5 2291/3/5
f 2294/3/5 2260/3/5 2220/3/5
f 2294/3/5 2293/3/5 2292/3/5
f 2294/3/5 2274/3/5 2260/3/5
f 2294/3/5 2288/3/5 2274/3/5
f 2294/3/5 2292/3/5 2288/3/5
f 2295/3/5 2293/3/5 2294/3/5
f 2296/3/5 2293/3/5 2295/3/5
f 2297/3/5 2293/3/5 2296/3/5
f 2298/3/5 2293/3/5 2297/3/5
f 2299/3/5 2293/3/5 2298/3/5
f 2300/3/5 2293/3/5 2299/3/5
f 2301/3/5 2293/3/5 2300/3/5
f 2302/3/5 2293/3/5 2301/3/5
f 2303/3/5 2293/3/5 2302/3/5
f 2304/3/5 2293/3/5 2303/3/5
f 2305/3/5 2293/3/5 2304/3/5
f 2306/3/5 2293/3/5 2305/3/5
f 2307/3/5 2285/3/5 2293/3/5
f 2307/3/5 2293/3/5 2306/3/5
f 2308/3/5 2285/3/5 2307/3/5
f 2309/3/5 2285/3/5 2308/3/5
f 2310/3/5 2306/3/5 2305/3/5
f 2311/3/5 2308/3/5 2307/3/5
f 2312/3/5 2308/3/5 2311/3/5
f 2313/3/5 2285/3/5 2309/3/5
f 2314/3/5 2294/3/5 2220/3/5
f 2315/3/5 2296/3/5 2295/3/5
f 2316/3/5 2296/3/5 2315/3/5
f 2317/3/5 2298/3/5 2297/3/5
f 2318/3/5 2298/3/5 2317/3/5
f 2319/3/5 2300/3/5 2299/3/5
f 2320/3/5 2300/3/5 2319/3/5
f 2321/3/5 2302/3/5 2301/3/5
f 2322/3/5 2302/3/5 2321/3/5
f 2323/3/5 2304/3/5 2303/3/5
f 2324/3/5 2304/3/5 2323/3/5
f 2325/3/5 2312/3/5 2311/3/5
f 2325/3/5 2313/3/5 2312/3/5
f 2325/3/5 2310/3/5 2305/3/5
f 2325/3/5 2311/3/5 2310/3/5
f 2326/3/5 2324/3/5 2323/3/5
f 2326/3/5 2325/3/5 2324/3/5
f 2326/3/5 2323/3/5 2322/3/5
f 2326/3/5 2322/3/5 2321/3/5
f 2326/3/5 2314/3/5 2220/3/5
f 2326/3/5 2319/3/5 2318/3/5
f 2326/3/5 2320/3/5 2319/3/5
f 2326/3/5 2317/3/5 2316/3/5
f 2326/3/5 2316/3/5 2315/3/5
f 2326/3/5 2315/3/5 2314/3/5
f 2326/3/5 2318/3/5 2317/3/5
f 2326/3/5 2321/3/5 2320/3/5
f 2327/3/5 2221/3/5 2277/3/5
f 2327/3/5 2325/3/5 2326/3/5
f 2327/3/5 2313/3/5 2325/3/5
f 2327/3/5 2277/3/5 2285/3/5
f 2327/3/5 2285/3/5 2313/3/5
f 2329/3/5 2328/3/5 2327/3/5
f 2330/3/5 2328/3/5 2329/3/5
f 2335/3/5 2332/3/5 2331/3/5
f 2336/3/5 2332/3/5 2335/3/5
f 2337/3/5 2334/3/5 2333/3/5
f 2338/3/5 2334/3/5 2337/3/5
f 2347/3/5 2340/3/5 2339/3/5
f 2348/3/5 2340/3/5 2347/3/5
f 2349/3/5 2342/3/5 2341/3/5
f 2350/3/5 2342/3/5 2349/3/5
f 2351/3/5 2344/3/5 2343/3/5
f 2352/3/5 2344/3/5 2351/3/5
f 2353/3/5 2346/3/5 2345/3/5
f 2354/3/5 2346/3/5 2353/3/5
f 2363/3/5 2356/3/5 2355/3/5
f 2364/3/5 2356/3/5 2363/3/5
f 2365/3/5 2358/3/5 2357/3/5
f 2366/3/5 2358/3/5 2365/3/5
f 2367/3/5 2360/3/5 2359/3/5
f 2368/3/5 2360/3/5 2367/3/5
f 2369/3/5 2362/3/5 2361/3/5
f 2370/3/5 2362/3/5 2369/3/5
f 2371/3/5 2335/3/5 2331/3/5
f 2372/3/5 2332/3/5 2336/3/5
f 2373/3/5 2337/3/5 2333/3/5
f 2374/3/5 2334/3/5 2338/3/5
f 2375/3/5 2371/3/5 2331/3/5
f 2375/3/5 2372/3/5 2371/3/5
f 2376/3/5 2332/3/5 2372/3/5
f 2376/3/5 2372/3/5 2375/3/5
f 2377/3/5 2374/3/5 2373/3/5
f 2377/3/5 2373/3/5 2333/3/5
f 2378/3/5 2334/3/5 2374/3/5
f 2378/3/5 2374/3/5 2377/3/5
f 2379/2/6 2380/2/6 2381/2/6
f 2381/2/6 2380/2/6 2382/2/6
f 2382/2/6 2380/2/6 2384/2/6
f 2383/2/6 2384/2/6 2385/2/6
f 2384/2/6 2380/2/6 2386/2/6
f 2385/2/6 2384/2/6 2386/2/6
f 2386/2/6 2380/2/6 2387/2/6
f 2387/2/6 2380/2/6 2388/2/6
f 2388/2/6 2380/2/6 2390/2/6
f 2389/2/6 2390/2/6 2391/2/6
f 2390/2/6 2380/2/6 2392/2/6
f 2391/2/6 2390/2/6 2392/2/6
f 2392/2/6 2380/2/6 2393/2/6
f 2393/2/6 2380/2/6 2394/2/6
f 2394/2/6 2380/2/6 2395/2/6
f 2395/2/6 2380/2/6 2396/2/6
f 2392/2/6 2393/2/6 2397/2/6
f 2397/2/6 2393/2/6 2398/2/6
f 2398/2/6 2393/2/6 2399/2/6
f 2394/2/6 2395/2/6 2400/2/6
f 2400/2/6 2395/2/6 2401/2/6
f 2396/2/6 2380/2/6 2402/2/6
f 2400/2/6 2401/2/6 2403/2/6
f 2401/2/6 2402/2/6 2403/2/6
f 2398/2/6 2399/2/6 2403/2/6
f 2399/2/6 2400/2/6 2403/2/6
f 2403/2/6 2402/2/6 2404/2/6
f 2389/2/6 2391/2/6 2405/2/6
f 2405/2/6 2391/2/6 2406/2/6
f 2398/2/6 2403/2/6 2407/2/6
f 2407/2/6 2403/2/6 2408/2/6
f 2404/2/6 2402/2/6 2409/2/6
f 2402/2/6 2380/2/6 2410/2/6
f 2409/2/6 2402/2/6 2410/2/6
f 2392/2/6 2397/2/6 2411/2/6
f 2411/2/6 2397/2/6 2412/2/6
f 2413/1/6 2414/1/6 2415/1/6
f 2415/1/6 2414/1/6 2416/1/6
f 2417/5/6 2418/5/6 2419/5/6
f 2419/5/6 2418/5/6 2420/5/6
f 2421/1/6 2422/1/6 2423/1/6
f 2423/1/6 2422/1/6 2424/1/6
f 2425/5/6 2426/5/6 2427/5/6
f 2427/5/6 2426/5/6 2428/5/6
f 2429/1/6 2430/1/6 2431/1/6
f 2431/1/6 2430/1/6 2432/1/6
f 2433/1/6 2434/1/6 2435/1/6
f 2435/1/6 2434/1/6 2436/1/6
f 2437/5/6 2438/5/6 2439/5/6
f 2439/5/6 2438/5/6 2440/5/6
f 2441/1/6 2442/1/6 2443/1/6
f 2443/1/6 2442/1/6 2444/1/6
f 2441/1/6 2443/1/6 2445/1/6
f 2444/1/6 2442/1/6 2446/1/6
f 2441/1/6 2445/1/6 2447/1/6
f 2445/1/6 2446/1/6 2447/1/6
f 2447/1/6 2446/1/6 2448/1/6
f 2441/1/6 2447/1/6 2449/1/6
f 2448/1/6 2446/1/6 2453/1/6
f 2453/1/6 2446/1/6 2454/1/6
f 2452/1/6 2453/1/6 2454/1/6
f 2446/1/6 2442/1/6 2455/1/6
f 2454/1/6 2446/1/6 2455/1/6
f 2452/1/6 2454/1/6 2456/1/6
f 2455/1/6 2442/1/6 2457/1/6
f 2457/1/6 2442/1/6 2458/1/6
f 2441/1/6 2449/1/6 2460/1/6
f 2450/7/6 2451/7/6 2461/7/6
f 2461/7/6 2451/7/6 2462/7/6
f 2452/1/6 2456/1/6 2463/1/6
f 2458/1/6 2459/1/6 2463/1/6
f 2456/1/6 2457/1/6 2463/1/6
f 2457/1/6 2458/1/6 2463/1/6
f 2463/1/6 2459/1/6 2464/1/6
f 2441/1/6 2460/1/6 2465/1/6
f 2464/1/6 2459/1/6 2466/1/6
f 2466/1/6 2459/1/6 2467/1/6
f 2465/1/6 2466/1/6 2467/1/6
f 2467/1/6 2459/1/6 2468/1/6
f 2468/1/6 2459/1/6 2469/1/6
f 2469/1/6 2459/1/6 2470/1/6
f 2465/1/6 2467/1/6 2471/1/6
f 2468/1/6 2469/1/6 2472/1/6
f 2465/1/6 2471/1/6 2473/1/6
f 2471/1/6 2472/1/6 2473/1/6
f 2473/1/6 2472/1/6 2474/1/6
f 2441/1/6 2465/1/6 2475/1/6
f 2465/1/6 2473/1/6 2475/1/6
f 2475/1/6 2473/1/6 2476/1/6
f 2474/1/6 2472/1/6 2477/1/6
f 2472/1/6 2469/1/6 2478/1/6
f 2477/1/6 2472/1/6 2478/1/6
f 2479/5/6 2480/5/6 2481/5/6
f 2481/5/6 2480/5/6 2482/5/6
f 2483/8/6 2484/8/6 2485/8/6
f 2485/8/6 2484/8/6 2486/8/6
f 2486/8/6 2487/8/6 2488/8/6
f 2488/8/6 2487/8/6 2489/8/6
f 2492/5/6 2493/5/6 2494/5/6
f 2494/5/6 2493/5/6 2495/5/6
f 2490/8/6 2491/8/6 2496/8/6
f 2496/8/6 2491/8/6 2497/8/6
f 2498/8/6 2499/8/6 2500/8/6
f 2500/8/6 2499/8/6 2501/8/6
f 2501/8/6 2502/8/6 2503/8/6
f 2503/8/6 2502/8/6 2504/8/6
f 2507/5/6 2508/5/6 2509/5/6
f 2509/5/6 2508/5/6 2510/5/6
f 2505/8/6 2506/8/6 2511/8/6
f 2511/8/6 2506/8/6 2512/8/6
f 2513/7/6 2514/7/6 2517/7/6
f 2517/7/6 2514/7/6 2518/7/6
f 2515/7/6 2516/7/6 2519/7/6
f 2519/7/6 2516/7/6 2520/7/6
f 2521/8/6 2522/8/6 2523/8/6
f 2523/8/6 2522/8/6 2524/8/6
f 2524/8/6 2522/8/6 2525/8/6
f 2525/8/6 2522/8/6 2526/8/6
f 2529/5/6 2530/5/6 2531/5/6
f 2531/5/6 2530/5/6 2532/5/6
f 2527/8/6 2528/8/6 2533/8/6
f 2533/8/6 2528/8/6 2534/8/6
f 2535/5/6 2536/5/6 2537/5/6
f 2537/5/6 2536/5/6 2538/5/6
f 2539/5/6 2540/5/6 2541/5/6
f 2541/5/6 2540/5/6 2542/5/6
f 2543/7/6 2544/7/6 2545/7/6
f 2545/7/6 2544/7/6 2546/7/6
f 2547/5/6 2548/5/6 2549/5/6
f 2549/5/6 2548/5/6 2550/5/6
f 2551/5/6 2552/5/6 2553/5/6
f 2553/5/6 2552/5/6 2554/5/6
f 2555/5/6 2556/5/6 2557/5/6
f 2557/5/6 2556/5/6 2558/5/6
f 2559/7/6 2560/7/6 2561/7/6
f 2561/7/6 2560/7/6 2562/7/6
f 2563/7/6 2564/7/6 2565/7/6
f 2565/7/6 2564/7/6 2566/7/6
f 2567/7/6 2568/7/6 2569/7/6
f 2569/7/6 2568/7/6 2570/7/6
f 2571/7/6 2572/7/6 2573/7/6
f 2573/7/6 2572/7/6 2574/7/6
f 2575/7/6 2576/7/6 2577/7/6
f 2577/7/6 2576/7/6 2578/7/6
f 2579/7/6 2580/7/6 2581/7/6
f 2581/7/6 2580/7/6 2582/7/6
f 2583/7/6 2584/7/6 2589/7/6
f 2589/7/6 2584/7/6 2590/7/6
f 2585/7/6 2586/7/6 2591/7/6
f 2591/7/6 2586/7/6 2592/7/6
f 2587/7/6 2588/7/6 2593/7/6
f 2593/7/6 2588/7/6 2594/7/6
f 2595/5/6 2596/5/6 2597/5/6
f 2597/5/6 2596/5/6 2598/5/6
f 2599/5/6 2600/5/6 2603/5/6
f 2603/5/6 2600/5/6 2604/5/6
f 2601/7/6 2602/7/6 2605/7/6
f 2605/7/6 2602/7/6 2606/7/6
f 2606/7/6 2602/7/6 2607/7/6
f 2607/7/6 2602/7/6 2608/7/6
f 2609/5/6 2610/5/6 2611/5/6
f 2611/5/6 2610/5/6 2612/5/6
f 2613/7/6 2614/7/6 2615/7/6
f 2615/7/6 2614/7/6 2616/7/6
f 2616/7/6 2614/7/6 2617/7/6
f 2617/7/6 2614/7/6 2618/7/6
f 2619/5/6 2620/5/6 2621/5/6
f 2621/5/6 2620/5/6 2622/5/6
f 2623/5/6 2624/5/6 2625/5/6
f 2625/5/6 2624/5/6 2626/5/6
f 2633/7/6 2634/7/6 2635/7/6
f 2635/7/6 2634/7/6 2636/7/6
f 2629/5/6 2630/5/6 2637/5/6
f 2637/5/6 2630/5/6 2638/5/6
f 2631/5/6 2632/5/6 2639/5/6
f 2639/5/6 2632/5/6 2640/5/6
f 2627/7/6 2628/7/6 2641/7/6
f 2641/7/6 2628/7/6 2642/7/6
f 2643/4/6 2644/4/6 2645/4/6
f 2645/4/6 2644/4/6 2646/4/6
f 2643/4/6 2645/4/6 2647/4/6
f 2646/4/6 2644/4/6 2648/4/6
f 2643/4/6 2647/4/6 2649/4/6
f 2647/4/6 2648/4/6 2649/4/6
f 2648/4/6 2644/4/6 2650/4/6
f 2649/4/6 2648/4/6 2650/4/6
f 2651/5/6 2652/5/6 2653/5/6
f 2653/5/6 2652/5/6 2654/5/6
f 2655/7/6 2656/7/6 2657/7/6
f 2657/7/6 2656/7/6 2658/7/6
f 2659/4/6 2660/4/6 2661/4/6
f 2661/4/6 2660/4/6 2662/4/6
f 2659/4/6 2661/4/6 2663/4/6
f 2662/4/6 2660/4/6 2664/4/6
f 2659/4/6 2663/4/6 2665/4/6
f 2663/4/6 2664/4/6 2665/4/6
f 2664/4/6 2660/4/6 2666/4/6
f 2665/4/6 2664/4/6 2666/4/6
f 2667/4/6 2668/4/6 2671/4/6
f 2671/4/6 2668/4/6 2672/4/6
f 2669/4/6 2670/4/6 2673/4/6
f 2673/4/6 2670/4/6 2674/4/6
f 2675/4/6 2676/4/6 2677/4/6
f 2677/4/6 2676/4/6 2678/4/6
f 2679/4/6 2680/4/6 2681/4/6
f 2681/4/6 2680/4/6 2682/4/6
f 2679/4/6 2681/4/6 2683/4/6
f 2682/4/6 2680/4/6 2684/4/6
f 2679/4/6 2683/4/6 2685/4/6
f 2683/4/6 2684/4/6 2685/4/6
f 2684/4/6 2680/4/6 2686/4/6
f 2685/4/6 2684/4/6 2686/4/6
f 2687/7/6 2688/7/6 2689/7/6
f 2689/7/6 2688/7/6 2690/7/6
f 2691/4/6 2692/4/6 2694/4/6
f 2693/4/6 2694/4/6 2695/4/6
f 2694/4/6 2692/4/6 2696/4/6
f 2695/4/6 2694/4/6 2696/4/6
f 2696/4/6 2692/4/6 2698/4/6
f 2697/4/6 2698/4/6 2699/4/6
f 2698/4/6 2692/4/6 2700/4/6
f 2699/4/6 2698/4/6 2700/4/6
f 2700/4/6 2692/4/6 2702/4/6
f 2701/4/6 2702/4/6 2703/4/6
f 2702/4/6 2692/4/6 2704/4/6
f 2703/4/6 2702/4/6 2704/4/6
f 2704/4/6 2692/4/6 2709/4/6
f 2709/4/6 2692/4/6 2710/4/6
f 2707/4/6 2708/4/6 2713/4/6
f 2713/4/6 2708/4/6 2714/4/6
f 2705/4/6 2706/4/6 2715/4/6
f 2715/4/6 2706/4/6 2716/4/6
f 2711/4/6 2712/4/6 2718/4/6
f 2717/4/6 2718/4/6 2719/4/6
f 2719/4/6 2718/4/6 2720/4/6
f 2720/4/6 2718/4/6 2721/4/6
f 2721/4/6 2718/4/6 2722/4/6
f 2721/7/6 2722/7/6 2723/7/6
f 2722/4/6 2718/4/6 2723/4/6
f 2723/4/6 2718/4/6 2724/4/6
f 2719/7/6 2720/7/6 2725/7/6
f 2720/4/6 2721/4/6 2726/4/6
f 2725/7/6 2720/7/6 2726/7/6
f 2721/7/6 2723/7/6 2727/7/6
f 2726/4/6 2721/4/6 2727/4/6
f 2723/7/6 2724/7/6 2727/7/6
f 2724/4/6 2718/4/6 2728/4/6
f 2727/7/6 2724/7/6 2728/7/6
f 2718/4/6 2712/4/6 2729/4/6
f 2728/4/6 2718/4/6 2729/4/6
f 2730/4/6 2731/4/6 2732/4/6
f 2732/4/6 2731/4/6 2733/4/6
f 2730/4/6 2732/4/6 2734/4/6
f 2733/4/6 2731/4/6 2735/4/6
f 2730/4/6 2734/4/6 2736/4/6
f 2734/4/6 2735/4/6 2736/4/6
f 2735/4/6 2731/4/6 2737/4/6
f 2736/4/6 2735/4/6 2737/4/6
f 2738/4/6 2739/4/6 2740/4/6
f 2740/4/6 2739/4/6 2741/4/6
f 2741/4/6 2739/4/6 2742/4/6
f 2742/4/6 2739/4/6 2743/4/6
f 2743/4/6 2739/4/6 2744/4/6
f 2744/4/6 2739/4/6 2745/4/6
f 2741/4/6 2742/4/6 2746/4/6
f 2746/4/6 2742/4/6 2747/4/6
f 2743/4/6 2744/4/6 2748/4/6
f 2748/4/6 2744/4/6 2749/4/6
f 2746/7/6 2747/7/6 2750/7/6
f 2750/7/6 2747/7/6 2751/7/6
f 2752/4/6 2753/4/6 2754/4/6
f 2754/4/6 2753/4/6 2755/4/6
f 2755/4/6 2753/4/6 2756/4/6
f 2755/4/6 2756/4/6 2758/4/6
f 2756/4/6 2757/4/6 2758/4/6
f 2758/4/6 2757/4/6 2759/4/6
f 2764/4/6 2765/4/6 2770/4/6
f 2770/4/6 2765/4/6 2771/4/6
f 2766/4/6 2767/4/6 2772/4/6
f 2772/4/6 2767/4/6 2773/4/6
f 2760/4/6 2761/4/6 2774/4/6
f 2774/4/6 2761/4/6 2775/4/6
f 2762/4/6 2763/4/6 2776/4/6
f 2776/4/6 2763/4/6 2777/4/6
f 2768/7/6 2769/7/6 2778/7/6
f 2778/7/6 2769/7/6 2779/7/6
f 2780/3/6 2781/3/6 2782/3/6
f 2782/3/6 2781/3/6 2783/3/6
f 2784/3/6 2785/3/6 2786/3/6
f 2786/3/6 2785/3/6 2787/3/6
f 2787/3/6 2785/3/6 2788/3/6
f 2788/3/6 2785/3/6 2789/3/6
f 2789/3/6 2785/3/6 2790/3/6
f 2790/3/6 2785/3/6 2791/3/6
f 2791/3/6 2785/3/6 2792/3/6
f 2792/3/6 2785/3/6 2793/3/6
f 2793/3/6 2785/3/6 2794/3/6
f 2794/3/6 2785/3/6 2795/3/6
f 2795/3/6 2785/3/6 2796/3/6
f 2796/3/6 2785/3/6 2797/3/6
f 2784/3/6 2786/3/6 2798/3/6
f 2787/3/6 2788/3/6 2799/3/6
f 2799/3/6 2788/3/6 2800/3/6
f 2789/3/6 2790/3/6 2801/3/6
f 2801/3/6 2790/3/6 2802/3/6
f 2791/3/6 2792/3/6 2803/3/6
f 2803/3/6 2792/3/6 2804/3/6
f 2793/3/6 2794/3/6 2805/3/6
f 2805/3/6 2794/3/6 2806/3/6
f 2795/3/6 2796/3/6 2807/3/6
f 2807/3/6 2796/3/6 2808/3/6
f 2797/3/6 2785/3/6 2809/3/6
f 2807/3/6 2808/3/6 2810/3/6
f 2808/3/6 2809/3/6 2810/3/6
f 2805/3/6 2806/3/6 2810/3/6
f 2784/3/6 2798/3/6 2810/3/6
f 2806/3/6 2807/3/6 2810/3/6
f 2803/3/6 2804/3/6 2810/3/6
f 2804/3/6 2805/3/6 2810/3/6
f 2799/3/6 2800/3/6 2810/3/6
f 2802/3/6 2803/3/6 2810/3/6
f 2801/3/6 2802/3/6 2810/3/6
f 2800/3/6 2801/3/6 2810/3/6
f 2798/3/6 2799/3/6 2810/3/6
f 2809/3/6 2785/3/6 2811/3/6
f 2810/3/6 2809/3/6 2811/3/6
