# MagicaVoxel @ Ephtracy

# group
o 

# material
mtllib walls.mtl
usemtl palette

# normals
vn -1 0 0
vn 1 0 0
vn 0 0 1
vn 0 0 -1
vn 0 -1 0
vn 0 1 0

# texcoords
vt 0.705078 0.5
vt 0.712891 0.5
vt 0.748047 0.5
vt 0.845703 0.5
vt 0.857422 0.5
vt 0.958984 0.5
vt 0.962891 0.5
vt 0.966797 0.5
vt 0.970703 0.5
vt 0.974609 0.5
vt 0.978516 0.5
vt 0.986328 0.5
vt 0.990234 0.5
vt 0.994141 0.5

# verts
v -5 0.2 4
v -5 0.2 -4.3
v -5 3 4
v -5 3 -4.3
v -4.2 0.6 -4.1
v -4.2 0.6 -4.2
v -4.2 1.7 -4.1
v -4.2 1.7 -4.2
v -4.2 2 -4.1
v -4.2 2 -4.2
v -4.2 2.4 -4.1
v -4.2 2.4 -4.2
v -4 2.1 -4.1
v -4 2.1 -4.2
v -4 2.4 -4.1
v -4 2.4 -4.2
v -3.8 2 -4.1
v -3.8 2 -4.2
v -3.8 2.4 -4.1
v -3.8 2.4 -4.2
v -3.6 2 -4.1
v -3.6 2 -4.2
v -3.6 2.2 -4.1
v -3.6 2.2 -4.2
v -3.5 0.2 0.2
v -3.5 0.2 0
v -3.5 0.3 0.2
v -3.5 0.3 0
v -3.5 0.7 -4.1
v -3.5 0.7 -4.2
v -3.5 1.4 -4.1
v -3.5 1.4 -4.2
v -3.5 2.2 -4.1
v -3.5 2.2 -4.2
v -3.5 2.4 -4.1
v -3.5 2.4 -4.2
v -3.4 0.3 0.7
v -3.4 0.3 0.2
v -3.4 0.3 0
v -3.4 0.4 0.3
v -3.4 0.4 0
v -3.4 0.5 0.7
v -3.4 0.5 0.3
v -3.3 0.3 0.9
v -3.3 0.3 0.7
v -3.3 0.5 0.7
v -3.3 0.8 0.9
v -3.3 0.8 0.7
v -3.3 2 -4.1
v -3.3 2 -4.2
v -3.3 2.1 -4.1
v -3.3 2.1 -4.2
v -3.3 2.3 -4.1
v -3.3 2.3 -4.2
v -3.3 2.4 -4.1
v -3.3 2.4 -4.2
v -3.2 0.7 1.4
v -3.2 0.7 0.9
v -3.2 0.8 1.4
v -3.2 0.8 0.9
v -3.2 2.1 -4.1
v -3.2 2.1 -4.2
v -3.2 2.3 -4.1
v -3.2 2.3 -4.2
v -3.1 0.8 1.4
v -3.1 0.8 1.3
v -3.1 1 1.7
v -3.1 1 1.4
v -3.1 1.1 1.7
v -3.1 1.1 1.3
v -3 0.2 0.6
v -3 0.2 0.5
v -3 0.3 0.6
v -3 0.3 0.5
v -3 1 1.8
v -3 1 1.7
v -3 1.1 1.7
v -3 1.3 2.2
v -3 1.3 1.8
v -3 1.4 2.2
v -3 1.4 1.7
v -2.9 0 0
v -2.9 0 -0.4
v -2.9 0.1 0
v -2.9 0.1 -0.4
v -2.9 1.4 2.2
v -2.9 1.4 2.1
v -2.9 1.7 2.2
v -2.9 1.7 2.1
v -2.9 2.2 -4.1
v -2.9 2.2 -4.2
v -2.9 2.4 -4.1
v -2.9 2.4 -4.2
v -2.8 0.2 0.6
v -2.8 0.2 0.5
v -2.8 0.3 0.6
v -2.8 0.3 0.5
v -2.8 1.6 2.6
v -2.8 1.6 2.2
v -2.8 1.7 2.5
v -2.8 1.7 2.2
v -2.8 2 2.6
v -2.8 2 2.5
v -2.8 2 -4.1
v -2.8 2 -4.2
v -2.8 2.2 -4.1
v -2.8 2.2 -4.2
v -2.7 0.2 0.7
v -2.7 0.2 0.6
v -2.7 0.3 0.7
v -2.7 0.3 0.6
v -2.7 1.9 3
v -2.7 1.9 2.6
v -2.7 2 3
v -2.7 2 2.6
v -2.7 2.2 -4.1
v -2.7 2.2 -4.2
v -2.7 2.4 -4.1
v -2.7 2.4 -4.2
v -2.6 2 3
v -2.6 2 2.9
v -2.6 2 -4.1
v -2.6 2 -4.2
v -2.6 2.1 -4.1
v -2.6 2.1 -4.2
v -2.6 2.3 3
v -2.6 2.3 2.9
v -2.5 2.1 -4.1
v -2.5 2.1 -4.2
v -2.5 2.2 3.3
v -2.5 2.2 3
v -2.5 2.3 3.3
v -2.5 2.3 3
v -2.5 2.3 -4.1
v -2.5 2.3 -4.2
v -2.4 2.3 3.7
v -2.4 2.3 3.3
v -2.4 2.3 3.2
v -2.4 2.3 -4.1
v -2.4 2.3 -4.2
v -2.4 2.4 3.7
v -2.4 2.4 3.2
v -2.4 2.4 -4.1
v -2.4 2.4 -4.2
v -2.3 0.7 -4.1
v -2.3 0.7 -4.2
v -2.3 1.4 -4.1
v -2.3 1.4 -4.2
v -2.3 2.2 -4.1
v -2.3 2.2 -4.2
v -2.3 2.3 -4.1
v -2.3 2.3 -4.2
v -2.3 2.4 3.7
v -2.3 2.4 3.6
v -2.3 2.6 3.9
v -2.3 2.6 3.7
v -2.3 2.7 3.9
v -2.3 2.7 3.6
v -2.2 2 -4.1
v -2.2 2 -4.2
v -2.2 2.2 -4.1
v -2.2 2.2 -4.2
v -2 2 -4.1
v -2 2 -4.2
v -2 2.4 -4.1
v -2 2.4 -4.2
v -1.6 2 -4.1
v -1.6 2 -4.2
v -1.6 2.4 -4.1
v -1.6 2.4 -4.2
v -1.4 0.7 -4.1
v -1.4 0.7 -4.2
v -1.4 1.4 -4.1
v -1.4 1.4 -4.2
v -1.4 1.5 -4.1
v -1.4 1.5 -4.2
v -1.4 1.6 -4
v -1.4 1.6 -4.1
v -1.4 1.6 -4.2
v -1.4 1.7 -4
v -1.4 1.7 -4.1
v -1.2 2 -4.1
v -1.2 2 -4.2
v -1.2 2.4 -4.1
v -1.2 2.4 -4.2
v 0.6 0.2 3.9
v 0.6 0.2 3.7
v 0.6 0.9 3.9
v 0.6 0.9 3.7
v 0.6 1 3.9
v 0.6 1 3.7
v 0.6 1.8 3.9
v 0.6 1.8 3.7
v 0.6 1.9 3.9
v 0.6 1.9 3.8
v 0.6 1.9 3.7
v 0.6 2.8 3.9
v 0.6 2.8 3.8
v 0.6 2.8 3.7
v 0.6 2.9 3.9
v 0.6 2.9 3.7
v 0.6 3 3.9
v 0.6 3 3.7
v 0.7 0 3.9
v 0.7 0 3.8
v 0.7 0.1 3.9
v 0.7 0.1 3.8
v 0.8 0 3.8
v 0.8 0 3.6
v 0.8 0.1 3.8
v 0.8 0.1 3.6
v 0.8 0.2 3.7
v 0.8 0.2 3.6
v 0.8 0.9 3.7
v 0.8 0.9 3.6
v 0.8 1 3.7
v 0.8 1 3.6
v 0.8 1.8 3.7
v 0.8 1.8 3.6
v 0.8 1.9 3.7
v 0.8 1.9 3.6
v 0.8 2.8 3.7
v 0.8 2.8 3.6
v 0.8 2.9 3.7
v 0.8 2.9 3.6
v 0.8 3 3.7
v 0.8 3 3.6
v 0.9 0 3.6
v 0.9 0 3.5
v 0.9 0.1 3.6
v 0.9 0.1 3.5
v 0.9 0.2 3.6
v 0.9 0.2 3.5
v 0.9 0.9 3.6
v 0.9 0.9 3.5
v 0.9 1 3.6
v 0.9 1 3.5
v 0.9 1.8 3.6
v 0.9 1.8 3.5
v 0.9 1.9 3.6
v 0.9 1.9 3.5
v 0.9 2.8 3.6
v 0.9 2.8 3.5
v 0.9 2.9 3.6
v 0.9 2.9 3.5
v 0.9 3 3.6
v 0.9 3 3.5
v 1 0.2 -3.8
v 1 0.2 -4.2
v 1 3 -3.8
v 1 3 -4.2
v 1.1 0 3.5
v 1.1 0 3.4
v 1.1 0.1 3.5
v 1.1 0.1 3.4
v 1.1 0.2 3.5
v 1.1 0.2 3.4
v 1.1 0.9 3.5
v 1.1 0.9 3.4
v 1.1 1 3.5
v 1.1 1 3.4
v 1.1 1.8 3.5
v 1.1 1.8 3.4
v 1.1 1.9 3.5
v 1.1 1.9 3.4
v 1.1 2.8 3.5
v 1.1 2.8 3.4
v 1.1 2.9 3.5
v 1.1 2.9 3.4
v 1.1 3 3.5
v 1.1 3 3.4
v 1.2 0 3.4
v 1.2 0 3.3
v 1.2 0.1 3.4
v 1.2 0.1 3.3
v 1.2 0.2 3.4
v 1.2 0.2 3.3
v 1.2 0.9 3.4
v 1.2 0.9 3.3
v 1.2 1 3.4
v 1.2 1 3.3
v 1.2 1.8 3.4
v 1.2 1.8 3.3
v 1.2 1.9 3.4
v 1.2 1.9 3.3
v 1.2 2.8 3.4
v 1.2 2.8 3.3
v 1.2 2.9 3.4
v 1.2 2.9 3.3
v 1.2 3 3.4
v 1.2 3 3.3
v 1.3 0 3.3
v 1.3 0 3.2
v 1.3 0.1 3.3
v 1.3 0.1 3.2
v 1.3 0.2 3.3
v 1.3 0.2 3.2
v 1.3 0.9 3.3
v 1.3 0.9 3.2
v 1.3 1 3.3
v 1.3 1 3.2
v 1.3 1.8 3.3
v 1.3 1.8 3.2
v 1.3 1.9 3.3
v 1.3 1.9 3.2
v 1.3 2.8 3.3
v 1.3 2.8 3.2
v 1.3 2.9 3.3
v 1.3 2.9 3.2
v 1.3 3 3.3
v 1.3 3 3.2
v 1.4 0 3.2
v 1.4 0 3.1
v 1.4 0.1 3.2
v 1.4 0.1 3.1
v 1.4 0.2 3.2
v 1.4 0.2 3.1
v 1.4 0.9 3.2
v 1.4 0.9 3.1
v 1.4 1 3.2
v 1.4 1 3.1
v 1.4 1.8 3.2
v 1.4 1.8 3.1
v 1.4 1.9 3.2
v 1.4 1.9 3.1
v 1.4 2.8 3.2
v 1.4 2.8 3.1
v 1.4 2.9 3.2
v 1.4 2.9 3.1
v 1.4 3 3.2
v 1.4 3 3.1
v 1.5 0 3.1
v 1.5 0 3
v 1.5 0.1 3.1
v 1.5 0.1 3
v 1.5 0.2 3.1
v 1.5 0.2 3
v 1.5 0.9 3.1
v 1.5 0.9 3
v 1.5 1 3.1
v 1.5 1 3
v 1.5 1.8 3.1
v 1.5 1.8 3
v 1.5 1.9 3.1
v 1.5 1.9 3
v 1.5 1.9 -3.5
v 1.5 1.9 -3.6
v 1.5 2.6 -3.5
v 1.5 2.6 -3.6
v 1.5 2.8 3.1
v 1.5 2.8 3
v 1.5 2.9 3.1
v 1.5 2.9 3
v 1.5 3 3.1
v 1.5 3 3
v 1.6 0 3
v 1.6 0 2.9
v 1.6 0.1 3
v 1.6 0.1 2.9
v 1.6 0.2 3
v 1.6 0.2 2.9
v 1.6 0.9 3
v 1.6 0.9 2.9
v 1.6 1 3
v 1.6 1 2.9
v 1.6 1.8 3
v 1.6 1.8 2.9
v 1.6 1.9 3
v 1.6 1.9 2.9
v 1.6 2.8 3
v 1.6 2.8 2.9
v 1.6 2.9 3
v 1.6 2.9 2.9
v 1.6 3 3
v 1.6 3 2.9
v 1.7 0.2 2.9
v 1.7 0.2 2.8
v 1.7 0.9 2.9
v 1.7 0.9 2.8
v 1.7 1 2.9
v 1.7 1 2.8
v 1.7 1.8 2.9
v 1.7 1.8 2.8
v 1.7 1.9 2.9
v 1.7 1.9 2.8
v 1.7 2.8 2.9
v 1.7 2.8 2.8
v 1.7 2.9 2.9
v 1.7 2.9 2.8
v 1.7 3 2.9
v 1.7 3 2.8
v 1.9 0.2 2.8
v 1.9 0.2 2.6
v 1.9 0.9 2.8
v 1.9 0.9 2.6
v 1.9 1 2.8
v 1.9 1 2.6
v 1.9 1.8 2.8
v 1.9 1.8 2.6
v 1.9 1.9 2.8
v 1.9 1.9 2.6
v 1.9 2.8 2.8
v 1.9 2.8 2.6
v 1.9 2.9 2.8
v 1.9 2.9 2.6
v 1.9 3 2.8
v 1.9 3 2.6
v 2 2.2 -3.6
v 2 2.2 -3.8
v 2 2.3 -3.6
v 2 2.3 -3.8
v 2.1 0.2 2.6
v 2.1 0.2 2.5
v 2.1 0.9 2.6
v 2.1 0.9 2.5
v 2.1 1 2.6
v 2.1 1 2.5
v 2.1 1.8 2.6
v 2.1 1.8 2.5
v 2.1 1.9 2.6
v 2.1 1.9 2.5
v 2.1 2.8 2.6
v 2.1 2.8 2.5
v 2.1 2.9 2.6
v 2.1 2.9 2.5
v 2.1 3 2.6
v 2.1 3 2.5
v 2.2 0.2 2.5
v 2.2 0.2 2.4
v 2.2 0.9 2.5
v 2.2 0.9 2.4
v 2.2 1 2.5
v 2.2 1 2.4
v 2.2 1.8 2.5
v 2.2 1.8 2.4
v 2.2 1.9 2.5
v 2.2 1.9 2.4
v 2.2 2.8 2.5
v 2.2 2.8 2.4
v 2.2 2.9 2.5
v 2.2 2.9 2.4
v 2.2 3 2.5
v 2.2 3 2.4
v 2.4 0.2 2.4
v 2.4 0.2 2.2
v 2.4 0.9 2.4
v 2.4 0.9 2.2
v 2.4 1 2.4
v 2.4 1 2.2
v 2.4 1.8 2.4
v 2.4 1.8 2.2
v 2.4 1.9 2.4
v 2.4 1.9 2.2
v 2.4 2.8 2.4
v 2.4 2.8 2.2
v 2.4 2.9 2.4
v 2.4 2.9 2.2
v 2.4 3 2.4
v 2.4 3 2.2
v 2.5 1.1 2.2
v 2.5 1.1 2.1
v 2.5 1.8 2.2
v 2.5 1.8 2.1
v 2.5 1.9 2.2
v 2.5 1.9 2.1
v 2.5 2.8 2.2
v 2.5 2.8 2.1
v 2.5 2.9 2.2
v 2.5 2.9 2.1
v 2.5 3 2.2
v 2.5 3 2.1
v 2.6 1.1 2.1
v 2.6 1.1 1.9
v 2.6 1.8 2.1
v 2.6 1.8 1.9
v 2.6 1.9 2.1
v 2.6 1.9 1.9
v 2.6 2.8 2.1
v 2.6 2.8 1.9
v 2.6 2.9 2.1
v 2.6 2.9 1.9
v 2.6 3 2.1
v 2.6 3 1.9
v 2.7 1.1 1.9
v 2.7 1.1 1.8
v 2.7 1.8 1.9
v 2.7 1.8 1.8
v 2.7 1.9 1.9
v 2.7 1.9 1.8
v 2.7 2.8 1.9
v 2.7 2.8 1.8
v 2.7 2.9 1.9
v 2.7 2.9 1.8
v 2.7 3 1.9
v 2.7 3 1.8
v 2.8 1.1 -3.7
v 2.8 1.1 -3.8
v 2.8 2.3 -3.7
v 2.8 2.3 -3.8
v 2.9 0 2.1
v 2.9 0 2
v 2.9 0.1 2.1
v 2.9 0.1 2
v 3 0 2
v 3 0 1.9
v 3 0.1 2
v 3 0.1 1.9
v 3 0.2 1.9
v 3 0.2 1.8
v 3 1.1 1.9
v 3 1.1 1.8
v 3 1.1 1.5
v 3 1.3 -3.7
v 3 1.3 -3.8
v 3 1.5 -3.7
v 3 1.5 -3.8
v 3 1.6 -3.7
v 3 1.6 -3.8
v 3 1.8 1.8
v 3 1.8 1.5
v 3 1.8 -3.7
v 3 1.8 -3.8
v 3 1.9 1.8
v 3 1.9 1.5
v 3 2 1.8
v 3 2 1.6
v 3 2.7 1.8
v 3 2.7 1.6
v 3 2.8 1.8
v 3 2.8 1.5
v 3 2.9 1.8
v 3 2.9 1.5
v 3 3 1.8
v 3 3 1.5
v 3.1 0 1.9
v 3.1 0 1.7
v 3.1 0.1 1.9
v 3.1 0.1 1.7
v 3.2 0 1.7
v 3.2 0 1.6
v 3.2 0.1 1.7
v 3.2 0.1 1.6
v 3.2 0.2 1.3
v 3.2 0.2 1
v 3.2 0.9 1.3
v 3.2 0.9 1
v 3.2 1 1.2
v 3.2 1 1
v 3.2 1.1 1.5
v 3.2 1.1 1.3
v 3.2 1.1 1.2
v 3.2 1.8 1.5
v 3.2 1.8 1
v 3.2 1.9 1.5
v 3.2 1.9 1
v 3.2 2.8 1.5
v 3.2 2.8 1
v 3.2 2.9 1.5
v 3.2 2.9 1
v 3.2 3 1.5
v 3.2 3 1
v 3.3 0 1.6
v 3.3 0 1.5
v 3.3 0.1 1.6
v 3.3 0.1 1.5
v 3.3 0.2 1.4
v 3.3 0.2 1.3
v 3.3 0.2 1
v 3.3 0.2 0.7
v 3.3 0.9 1.3
v 3.3 0.9 1
v 3.3 0.9 0.7
v 3.3 1 1
v 3.3 1 0.7
v 3.3 1.1 1.4
v 3.3 1.1 1.3
v 3.3 1.3 -3.7
v 3.3 1.3 -3.8
v 3.3 1.5 -3.7
v 3.3 1.5 -3.8
v 3.3 1.6 -3.7
v 3.3 1.6 -3.8
v 3.3 1.8 1
v 3.3 1.8 0.7
v 3.3 1.8 -3.7
v 3.3 1.8 -3.8
v 3.3 1.9 1
v 3.3 1.9 0.7
v 3.3 2.8 1
v 3.3 2.8 0.7
v 3.3 2.9 1
v 3.3 2.9 0.7
v 3.3 3 1
v 3.3 3 0.7
v 3.4 0 1.5
v 3.4 0 1.4
v 3.4 0.1 1.5
v 3.4 0.1 1.4
v 3.5 0 1.4
v 3.5 0 1.2
v 3.5 0 0.5
v 3.5 0.1 1.4
v 3.5 0.1 1.2
v 3.5 0.1 0.5
v 3.5 0.2 0.7
v 3.5 0.2 0.5
v 3.5 0.9 0.7
v 3.5 0.9 0.5
v 3.5 1 0.7
v 3.5 1 0.5
v 3.5 1.8 0.7
v 3.5 1.8 0.5
v 3.5 1.9 0.7
v 3.5 1.9 0.5
v 3.5 2.8 0.7
v 3.5 2.8 0.5
v 3.5 2.9 0.7
v 3.5 2.9 0.5
v 3.5 3 0.7
v 3.5 3 0.5
v 3.6 0.2 0.5
v 3.6 0.2 0.4
v 3.6 0.9 0.5
v 3.6 0.9 0.4
v 3.6 1 0.5
v 3.6 1 0.4
v 3.6 1.2 -3.7
v 3.6 1.2 -3.8
v 3.6 1.8 0.5
v 3.6 1.8 0.4
v 3.6 1.9 0.5
v 3.6 1.9 0.4
v 3.6 1.9 -3.7
v 3.6 1.9 -3.8
v 3.6 2.8 0.5
v 3.6 2.8 0.4
v 3.6 2.9 0.5
v 3.6 2.9 0.4
v 3.6 3 0.5
v 3.6 3 0.4
v 3.7 0.2 0.4
v 3.7 0.2 0.2
v 3.7 0.9 0.4
v 3.7 0.9 0.2
v 3.7 1 0.4
v 3.7 1 0.2
v 3.7 1.8 0.4
v 3.7 1.8 0.2
v 3.7 1.9 0.4
v 3.7 1.9 0.2
v 3.7 2.8 0.4
v 3.7 2.8 0.2
v 3.7 2.9 0.4
v 3.7 2.9 0.2
v 3.7 3 0.4
v 3.7 3 0.2
v 3.8 0.2 0.2
v 3.8 0.2 0
v 3.8 0.9 0.2
v 3.8 0.9 0
v 3.8 1 0.2
v 3.8 1 0
v 3.8 1.3 -3.7
v 3.8 1.3 -3.8
v 3.8 1.5 -3.7
v 3.8 1.5 -3.8
v 3.8 1.6 -3.7
v 3.8 1.6 -3.8
v 3.8 1.8 0.2
v 3.8 1.8 0
v 3.8 1.8 -3.7
v 3.8 1.8 -3.8
v 3.8 1.9 0.2
v 3.8 1.9 0
v 3.8 2.8 0.2
v 3.8 2.8 0
v 3.8 2.9 0.2
v 3.8 2.9 0
v 3.8 3 0.2
v 3.8 3 0
v 3.9 0 0.5
v 3.9 0 0.4
v 3.9 0 -0.1
v 3.9 0.1 0.5
v 3.9 0.1 0.4
v 3.9 0.1 -0.1
v 3.9 0.2 0
v 3.9 0.2 -0.2
v 3.9 0.9 0
v 3.9 0.9 -0.2
v 3.9 1 0
v 3.9 1 -0.2
v 3.9 1.8 0
v 3.9 1.8 -0.2
v 3.9 1.9 0
v 3.9 1.9 -0.2
v 3.9 2.8 0
v 3.9 2.8 -0.2
v 3.9 2.9 0
v 3.9 2.9 -0.2
v 3.9 3 0
v 3.9 3 -0.2
v 4 0 -0.1
v 4 0 -0.6
v 4 0.1 -0.1
v 4 0.1 -0.6
v 4 0.2 -0.2
v 4 0.2 -0.5
v 4 0.9 -0.2
v 4 0.9 -0.5
v 4 1 -0.2
v 4 1 -0.5
v 4 1.8 -0.2
v 4 1.8 -0.5
v 4 1.9 -0.2
v 4 1.9 -0.5
v 4 2.8 -0.2
v 4 2.8 -0.5
v 4 2.9 -0.2
v 4 2.9 -0.5
v 4 3 -0.2
v 4 3 -0.5
v 4.1 0.2 -0.5
v 4.1 0.2 -0.8
v 4.1 0.9 -0.5
v 4.1 0.9 -0.8
v 4.1 1 -0.5
v 4.1 1 -0.8
v 4.1 1.3 -3.7
v 4.1 1.3 -3.8
v 4.1 1.5 -3.7
v 4.1 1.5 -3.8
v 4.1 1.6 -3.7
v 4.1 1.6 -3.8
v 4.1 1.8 -0.5
v 4.1 1.8 -0.8
v 4.1 1.8 -3.7
v 4.1 1.8 -3.8
v 4.1 1.9 -0.5
v 4.1 1.9 -0.8
v 4.1 2.8 -0.5
v 4.1 2.8 -0.8
v 4.1 2.9 -0.5
v 4.1 2.9 -0.8
v 4.1 3 -0.5
v 4.1 3 -0.8
v 4.2 0.2 -0.8
v 4.2 0.2 -1.2
v 4.2 0.9 -0.8
v 4.2 0.9 -1.2
v 4.2 1 -0.8
v 4.2 1 -1.2
v 4.2 1.8 -0.8
v 4.2 1.8 -1.2
v 4.2 1.9 -0.8
v 4.2 1.9 -1.2
v 4.2 2.8 -0.8
v 4.2 2.8 -1.2
v 4.2 2.9 -0.8
v 4.2 2.9 -1.2
v 4.2 3 -0.8
v 4.2 3 -1.2
v 4.3 0 -0.6
v 4.3 0 -1.4
v 4.3 0.1 -0.6
v 4.3 0.1 -1.4
v 4.3 0.2 -1.2
v 4.3 0.2 -1.5
v 4.3 0.9 -1.2
v 4.3 0.9 -1.5
v 4.3 1 -1.2
v 4.3 1 -1.5
v 4.3 1.8 -1.2
v 4.3 1.8 -1.5
v 4.3 1.9 -1.2
v 4.3 1.9 -1.5
v 4.3 2.8 -1.2
v 4.3 2.8 -1.5
v 4.3 2.9 -1.2
v 4.3 2.9 -1.5
v 4.3 3 -1.2
v 4.3 3 -1.5
v 4.4 0 -1.4
v 4.4 0 -2
v 4.4 0.1 -1.4
v 4.4 0.1 -2
v 4.4 0.2 -1.5
v 4.4 0.2 -1.8
v 4.4 0.9 -1.5
v 4.4 0.9 -1.8
v 4.4 1 -1.5
v 4.4 1 -1.8
v 4.4 1.2 -3.7
v 4.4 1.2 -3.8
v 4.4 1.8 -1.5
v 4.4 1.8 -1.8
v 4.4 1.9 -1.5
v 4.4 1.9 -1.8
v 4.4 1.9 -3.7
v 4.4 1.9 -3.8
v 4.4 2 -3.7
v 4.4 2 -3.8
v 4.4 2.2 -3.7
v 4.4 2.2 -3.8
v 4.4 2.8 -1.5
v 4.4 2.8 -1.8
v 4.4 2.9 -1.5
v 4.4 2.9 -1.8
v 4.4 3 -1.5
v 4.4 3 -1.8
v 4.5 0.2 -1.8
v 4.5 0.2 -2
v 4.5 0.2 -2.1
v 4.5 0.9 -1.8
v 4.5 0.9 -2
v 4.5 0.9 -2.1
v 4.5 1 -1.8
v 4.5 1 -2
v 4.5 1 -2.1
v 4.5 1.8 -1.8
v 4.5 1.8 -2
v 4.5 1.8 -2.1
v 4.5 1.9 -1.8
v 4.5 1.9 -2
v 4.5 1.9 -2.1
v 4.5 2.8 -1.8
v 4.5 2.8 -2
v 4.5 2.9 -1.8
v 4.5 2.9 -2
v 4.5 3 -1.8
v 4.5 3 -2.1
v 4.8 0 -2
v 4.8 0 -2.1
v 4.8 0.1 -2
v 4.8 0.1 -2.1
v 4.9 0.2 -2.1
v 4.9 0.2 -3.8
v 4.9 0.2 -3.9
v 4.9 0.2 -4.2
v 4.9 2.9 -2.1
v 4.9 3 -2.1
v 4.9 3 -3.8
v 4.9 3 -3.9
v 4.9 3 -4.2
v -4.9 0.2 3.9
v -4.9 0.2 -4.2
v -4.9 3 3.9
v -4.9 3 -4.2
v -4.1 0.7 -4.1
v -4.1 0.7 -4.2
v -4.1 1.4 -4.1
v -4.1 1.4 -4.2
v -4.1 1.5 -4.1
v -4.1 1.5 -4.2
v -4.1 1.6 -4.1
v -4.1 1.6 -4.2
v -4.1 2.1 -4.1
v -4.1 2.1 -4.2
v -4.1 2.4 -4.1
v -4.1 2.4 -4.2
v -3.9 2 -4.1
v -3.9 2 -4.2
v -3.9 2.4 -4.1
v -3.9 2.4 -4.2
v -3.7 2 -4.1
v -3.7 2 -4.2
v -3.7 2.2 -4.1
v -3.7 2.2 -4.2
v -3.6 2.2 -4.1
v -3.6 2.2 -4.2
v -3.6 2.4 -4.1
v -3.6 2.4 -4.2
v -3.4 0.7 -4.1
v -3.4 0.7 -4.2
v -3.4 1.4 -4.1
v -3.4 1.4 -4.2
v -3.4 2 -4.1
v -3.4 2 -4.2
v -3.4 2.4 -4.1
v -3.4 2.4 -4.2
v -3.1 2.1 -4.1
v -3.1 2.1 -4.2
v -3.1 2.3 -4.1
v -3.1 2.3 -4.2
v -3 2 -4.1
v -3 2 -4.2
v -3 2.1 -4.1
v -3 2.1 -4.2
v -3 2.3 -4.1
v -3 2.3 -4.2
v -3 2.4 -4.1
v -3 2.4 -4.2
v -2.9 0.2 0.6
v -2.9 0.2 0.5
v -2.9 0.3 0.6
v -2.9 0.3 0.5
v -2.8 2.2 -4.1
v -2.8 2.2 -4.2
v -2.8 2.4 -4.1
v -2.8 2.4 -4.2
v -2.7 2 -4.1
v -2.7 2 -4.2
v -2.7 2.2 -4.1
v -2.7 2.2 -4.2
v -2.6 2.2 -4.1
v -2.6 2.2 -4.2
v -2.6 2.4 -4.1
v -2.6 2.4 -4.2
v -2.5 2 -4.1
v -2.5 2 -4.2
v -2.5 2.1 -4.1
v -2.5 2.1 -4.2
v -2.4 0 0
v -2.4 0 -0.4
v -2.4 0.1 0
v -2.4 0.1 -0.4
v -2.4 2.1 -4.1
v -2.4 2.1 -4.2
v -2.4 2.3 -4.1
v -2.4 2.3 -4.2
v -2.3 0.2 0.7
v -2.3 0.2 0.5
v -2.3 0.2 0.2
v -2.3 0.2 0
v -2.3 0.3 0.9
v -2.3 0.3 0.7
v -2.3 0.3 0.5
v -2.3 0.3 0.2
v -2.3 0.4 0.3
v -2.3 0.4 0
v -2.3 0.5 0.9
v -2.3 0.5 0.7
v -2.3 0.5 0.3
v -2.2 0.5 0.9
v -2.2 0.5 0.7
v -2.2 0.7 0.9
v -2.2 0.7 0.7
v -2.2 0.7 -4.1
v -2.2 0.7 -4.2
v -2.2 1.4 -4.1
v -2.2 1.4 -4.2
v -2.2 2.2 -4.1
v -2.2 2.2 -4.2
v -2.2 2.4 -4.1
v -2.2 2.4 -4.2
v -2.1 0.7 1.3
v -2.1 0.7 0.7
v -2.1 0.8 1.3
v -2.1 0.8 0.7
v -2.1 2 -4.1
v -2.1 2 -4.2
v -2.1 2.2 -4.1
v -2.1 2.2 -4.2
v -2 0.7 1.4
v -2 0.7 1.3
v -2 1 1.4
v -2 1.1 1.4
v -2 1.1 1.3
v -1.9 1 1.7
v -1.9 1 1.4
v -1.9 1.1 1.7
v -1.9 1.1 1.4
v -1.9 2.1 -4.1
v -1.9 2.1 -4.2
v -1.9 2.4 -4.1
v -1.9 2.4 -4.2
v -1.8 1 1.8
v -1.8 1 1.7
v -1.8 1.3 2.1
v -1.8 1.3 1.8
v -1.8 1.4 2.1
v -1.8 1.4 1.7
v -1.7 1.3 2.2
v -1.7 1.3 2.1
v -1.7 1.6 2.2
v -1.7 1.6 2.1
v -1.7 2 -4.1
v -1.7 2 -4.2
v -1.7 2.1 -4.1
v -1.7 2.1 -4.2
v -1.6 1.6 2.6
v -1.6 1.6 2.1
v -1.6 1.7 2.5
v -1.6 1.7 2.1
v -1.6 1.9 2.6
v -1.6 1.9 2.5
v -1.5 1.9 2.9
v -1.5 1.9 2.5
v -1.5 2 2.9
v -1.5 2 2.5
v -1.5 2.1 -4.1
v -1.5 2.1 -4.2
v -1.5 2.4 -4.1
v -1.5 2.4 -4.2
v -1.4 1.9 3
v -1.4 1.9 2.9
v -1.4 2.2 3
v -1.4 2.2 2.9
v -1.3 0.6 -4.1
v -1.3 0.6 -4.2
v -1.3 1.6 -4
v -1.3 1.6 -4.1
v -1.3 1.7 -4
v -1.3 1.7 -4.2
v -1.3 2 -4.1
v -1.3 2 -4.2
v -1.3 2.1 -4.1
v -1.3 2.1 -4.2
v -1.3 2.2 3.2
v -1.3 2.2 2.9
v -1.3 2.3 3.2
v -1.3 2.3 2.9
v -1.2 2.2 3.3
v -1.2 2.2 3.2
v -1.2 2.3 3.6
v -1.2 2.3 3.3
v -1.2 2.4 3.6
v -1.2 2.4 3.2
v -1.1 2.2 -4.1
v -1.1 2.2 -4.2
v -1.1 2.3 3.7
v -1.1 2.3 3.6
v -1.1 2.3 -4.1
v -1.1 2.3 -4.2
v -1.1 2.4 3.7
v -1.1 2.4 3.6
v -1 2.1 -4.1
v -1 2.1 -4.2
v -1 2.2 -4.1
v -1 2.2 -4.2
v -1 2.4 3.7
v -1 2.4 3.6
v -1 2.6 3.7
v -1 2.6 3.6
v -0.9 2 -4.1
v -0.9 2 -4.2
v -0.9 2.1 -4.1
v -0.9 2.1 -4.2
v -0.9 2.3 -4.1
v -0.9 2.3 -4.2
v -0.9 2.4 -4.1
v -0.9 2.4 -4.2
v -0.9 2.6 3.9
v -0.9 2.6 3.6
v -0.9 2.7 3.9
v -0.9 2.7 3.6
v 0.7 0.2 4
v 0.7 0.2 3.9
v 0.7 2.9 3.9
v 0.7 3 4
v 0.7 3 3.9
v 0.9 0 3.9
v 0.9 0 3.8
v 0.9 0.1 3.9
v 0.9 0.1 3.8
v 0.9 0.2 3.9
v 0.9 0.2 3.8
v 0.9 0.9 3.9
v 0.9 0.9 3.8
v 0.9 1 3.9
v 0.9 1 3.8
v 0.9 1.8 3.9
v 0.9 1.8 3.8
v 0.9 1.9 3.9
v 0.9 1.9 3.8
v 0.9 2.8 3.9
v 0.9 2.8 3.8
v 0.9 2.9 3.9
v 0.9 2.9 3.8
v 0.9 3 3.9
v 0.9 3 3.8
v 1.1 0 3.8
v 1.1 0 3.7
v 1.1 0.1 3.8
v 1.1 0.1 3.7
v 1.1 0.2 3.8
v 1.1 0.2 3.7
v 1.1 0.2 -3.9
v 1.1 0.2 -4.2
v 1.1 0.9 3.8
v 1.1 0.9 3.7
v 1.1 1 3.8
v 1.1 1 3.7
v 1.1 1.8 3.8
v 1.1 1.8 3.7
v 1.1 1.9 3.8
v 1.1 1.9 3.7
v 1.1 2.8 3.8
v 1.1 2.8 3.7
v 1.1 2.9 3.8
v 1.1 2.9 3.7
v 1.1 3 3.8
v 1.1 3 3.7
v 1.1 3 -3.9
v 1.1 3 -4.2
v 1.3 0 3.7
v 1.3 0 3.6
v 1.3 0.1 3.7
v 1.3 0.1 3.6
v 1.3 0.2 3.7
v 1.3 0.2 3.6
v 1.3 0.9 3.7
v 1.3 0.9 3.6
v 1.3 1 3.7
v 1.3 1 3.6
v 1.3 1.8 3.7
v 1.3 1.8 3.6
v 1.3 1.9 3.7
v 1.3 1.9 3.6
v 1.3 2.8 3.7
v 1.3 2.8 3.6
v 1.3 2.9 3.7
v 1.3 2.9 3.6
v 1.3 3 3.7
v 1.3 3 3.6
v 1.4 0 3.6
v 1.4 0 3.5
v 1.4 0.1 3.6
v 1.4 0.1 3.5
v 1.4 0.2 3.6
v 1.4 0.2 3.5
v 1.4 0.9 3.6
v 1.4 0.9 3.5
v 1.4 1 3.6
v 1.4 1 3.5
v 1.4 1.8 3.6
v 1.4 1.8 3.5
v 1.4 1.9 3.6
v 1.4 1.9 3.5
v 1.4 2.8 3.6
v 1.4 2.8 3.5
v 1.4 2.9 3.6
v 1.4 2.9 3.5
v 1.4 3 3.6
v 1.4 3 3.5
v 1.6 0 3.5
v 1.6 0 3.4
v 1.6 0.1 3.5
v 1.6 0.1 3.4
v 1.6 0.2 3.5
v 1.6 0.2 3.4
v 1.6 0.9 3.5
v 1.6 0.9 3.4
v 1.6 1 3.5
v 1.6 1 3.4
v 1.6 1.8 3.5
v 1.6 1.8 3.4
v 1.6 1.9 3.5
v 1.6 1.9 3.4
v 1.6 2.8 3.5
v 1.6 2.8 3.4
v 1.6 2.9 3.5
v 1.6 2.9 3.4
v 1.6 3 3.5
v 1.6 3 3.4
v 1.7 0 3.4
v 1.7 0 3.2
v 1.7 0.1 3.4
v 1.7 0.1 3.2
v 1.7 0.2 3.4
v 1.7 0.2 3.3
v 1.7 0.2 3.2
v 1.7 0.9 3.4
v 1.7 0.9 3.3
v 1.7 0.9 3.2
v 1.7 1 3.4
v 1.7 1 3.3
v 1.7 1 3.2
v 1.7 1.8 3.4
v 1.7 1.8 3.3
v 1.7 1.8 3.2
v 1.7 1.9 3.4
v 1.7 1.9 3.3
v 1.7 1.9 3.2
v 1.7 2.8 3.4
v 1.7 2.8 3.3
v 1.7 2.8 3.2
v 1.7 2.9 3.4
v 1.7 2.9 3.2
v 1.7 3 3.4
v 1.7 3 3.2
v 1.8 0 3.2
v 1.8 0 3.1
v 1.8 0.1 3.2
v 1.8 0.1 3.1
v 1.8 0.2 3.2
v 1.8 0.2 3.1
v 1.8 0.9 3.2
v 1.8 0.9 3.1
v 1.8 1 3.2
v 1.8 1 3.1
v 1.8 1.8 3.2
v 1.8 1.8 3.1
v 1.8 1.9 3.2
v 1.8 1.9 3.1
v 1.8 2.8 3.2
v 1.8 2.8 3.1
v 1.8 2.9 3.2
v 1.8 2.9 3.1
v 1.8 3 3.2
v 1.8 3 3.1
v 2 0 3.1
v 2 0 2.9
v 2 0.1 3.1
v 2 0.1 2.9
v 2 0.2 3.1
v 2 0.2 2.9
v 2 0.9 3.1
v 2 0.9 2.9
v 2 1 3.1
v 2 1 2.9
v 2 1.8 3.1
v 2 1.8 2.9
v 2 1.9 3.1
v 2 1.9 2.9
v 2 2.8 3.1
v 2 2.8 2.9
v 2 2.9 3.1
v 2 2.9 2.9
v 2 3 3.1
v 2 3 2.9
v 2.1 2.2 -3.6
v 2.1 2.2 -3.8
v 2.1 2.3 -3.6
v 2.1 2.3 -3.8
v 2.2 0.2 2.9
v 2.2 0.2 2.8
v 2.2 0.9 2.9
v 2.2 0.9 2.8
v 2.2 1 2.9
v 2.2 1 2.8
v 2.2 1.8 2.9
v 2.2 1.8 2.8
v 2.2 1.9 2.9
v 2.2 1.9 2.8
v 2.2 2.8 2.9
v 2.2 2.8 2.8
v 2.2 2.9 2.9
v 2.2 2.9 2.8
v 2.2 3 2.9
v 2.2 3 2.8
v 2.4 0.2 2.8
v 2.4 0.2 2.6
v 2.4 0.9 2.8
v 2.4 0.9 2.6
v 2.4 1 2.8
v 2.4 1 2.6
v 2.4 1.8 2.8
v 2.4 1.8 2.6
v 2.4 1.9 2.8
v 2.4 1.9 2.6
v 2.4 2.8 2.8
v 2.4 2.8 2.6
v 2.4 2.9 2.8
v 2.4 2.9 2.6
v 2.4 3 2.8
v 2.4 3 2.6
v 2.6 0.2 2.6
v 2.6 0.2 2.5
v 2.6 0.2 2.3
v 2.6 0.2 2.2
v 2.6 0.9 2.6
v 2.6 0.9 2.5
v 2.6 0.9 2.3
v 2.6 0.9 2.2
v 2.6 1 2.6
v 2.6 1 2.5
v 2.6 1 2.3
v 2.6 1 2.2
v 2.6 1.1 2.3
v 2.6 1.1 2.2
v 2.6 1.8 2.6
v 2.6 1.8 2.5
v 2.6 1.9 2.6
v 2.6 1.9 2.5
v 2.6 1.9 -3.5
v 2.6 1.9 -3.6
v 2.6 2.6 -3.5
v 2.6 2.6 -3.6
v 2.6 2.8 2.6
v 2.6 2.8 2.5
v 2.6 2.9 2.6
v 2.6 2.9 2.5
v 2.6 3 2.6
v 2.6 3 2.5
v 2.7 0.2 2.5
v 2.7 0.2 2.4
v 2.7 0.2 2.3
v 2.7 0.9 2.5
v 2.7 0.9 2.4
v 2.7 1 2.5
v 2.7 1 2.4
v 2.7 1.1 2.3
v 2.7 1.8 2.5
v 2.7 1.8 2.4
v 2.7 1.8 2.3
v 2.7 1.9 2.5
v 2.7 1.9 2.4
v 2.7 1.9 2.3
v 2.7 2.8 2.5
v 2.7 2.8 2.4
v 2.7 2.8 2.3
v 2.7 2.9 2.5
v 2.7 2.9 2.3
v 2.7 3 2.5
v 2.7 3 2.3
v 2.9 1.1 2.3
v 2.9 1.1 2.1
v 2.9 1.2 -3.7
v 2.9 1.2 -3.8
v 2.9 1.8 2.3
v 2.9 1.8 2.1
v 2.9 1.9 2.3
v 2.9 1.9 2.1
v 2.9 1.9 -3.7
v 2.9 1.9 -3.8
v 2.9 2 2.3
v 2.9 2 2.1
v 2.9 2 -3.7
v 2.9 2 -3.8
v 2.9 2.1 2.2
v 2.9 2.1 2.1
v 2.9 2.2 2.1
v 2.9 2.2 -3.7
v 2.9 2.2 -3.8
v 2.9 2.5 2.2
v 2.9 2.5 2.1
v 2.9 2.6 2.1
v 2.9 2.7 2.3
v 2.9 2.7 2.1
v 2.9 2.8 2.3
v 2.9 2.8 2.1
v 2.9 2.9 2.3
v 2.9 2.9 2.1
v 2.9 3 2.3
v 2.9 3 2.1
v 3.1 0 2.1
v 3.1 0 1.9
v 3.1 0.1 2.1
v 3.1 0.1 1.9
v 3.1 0.2 1.9
v 3.1 0.2 1.8
v 3.1 1.1 2.1
v 3.1 1.1 1.9
v 3.1 1.1 1.8
v 3.1 1.8 2.1
v 3.1 1.8 1.9
v 3.1 1.9 2.1
v 3.1 1.9 1.9
v 3.1 2 2.1
v 3.1 2 1.9
v 3.1 2.1 2.1
v 3.1 2.1 1.9
v 3.1 2.2 2.1
v 3.1 2.2 2
v 3.1 2.2 1.9
v 3.1 2.3 2.1
v 3.1 2.3 2
v 3.1 2.3 1.9
v 3.1 2.4 2.1
v 3.1 2.4 2
v 3.1 2.4 1.9
v 3.1 2.5 2.1
v 3.1 2.5 2
v 3.1 2.5 1.9
v 3.1 2.6 2.1
v 3.1 2.6 2
v 3.1 2.7 2.1
v 3.1 2.7 1.9
v 3.1 2.8 2.1
v 3.1 2.8 1.9
v 3.1 2.9 2.1
v 3.1 2.9 1.9
v 3.1 3 2.1
v 3.1 3 1.9
v 3.2 0 1.9
v 3.2 0 1.7
v 3.2 0.1 1.9
v 3.2 0.1 1.7
v 3.2 1.1 1.9
v 3.2 1.1 1.7
v 3.2 1.3 -3.7
v 3.2 1.3 -3.8
v 3.2 1.5 -3.7
v 3.2 1.5 -3.8
v 3.2 1.6 -3.7
v 3.2 1.6 -3.8
v 3.2 1.8 1.9
v 3.2 1.8 1.7
v 3.2 1.8 -3.7
v 3.2 1.8 -3.8
v 3.2 1.9 1.9
v 3.2 1.9 1.7
v 3.2 2 1.9
v 3.2 2 1.7
v 3.2 2.2 1.9
v 3.2 2.2 1.8
v 3.2 2.5 1.9
v 3.2 2.5 1.8
v 3.2 2.5 1.7
v 3.2 2.6 1.8
v 3.2 2.6 1.7
v 3.2 2.7 1.9
v 3.2 2.7 1.7
v 3.2 2.8 1.9
v 3.2 2.8 1.7
v 3.2 2.9 1.9
v 3.2 2.9 1.7
v 3.2 3 1.9
v 3.2 3 1.7
v 3.4 0 1.7
v 3.4 0 1.6
v 3.4 0.1 1.7
v 3.4 0.1 1.6
v 3.4 1.1 1.7
v 3.4 1.1 1.6
v 3.4 1.8 1.7
v 3.4 1.8 1.6
v 3.4 1.9 1.7
v 3.4 1.9 1.6
v 3.4 2 1.7
v 3.4 2 1.6
v 3.4 2.7 1.7
v 3.4 2.7 1.6
v 3.4 2.8 1.7
v 3.4 2.8 1.6
v 3.4 2.9 1.7
v 3.4 2.9 1.6
v 3.4 3 1.7
v 3.4 3 1.6
v 3.5 0 1.6
v 3.5 0 1.4
v 3.5 0.1 1.6
v 3.5 0.1 1.4
v 3.5 1.1 1.6
v 3.5 1.1 1.5
v 3.5 1.1 1.4
v 3.5 1.3 -3.7
v 3.5 1.3 -3.8
v 3.5 1.5 -3.7
v 3.5 1.5 -3.8
v 3.5 1.6 -3.7
v 3.5 1.6 -3.8
v 3.5 1.8 1.6
v 3.5 1.8 1.5
v 3.5 1.8 1.4
v 3.5 1.8 -3.7
v 3.5 1.8 -3.8
v 3.5 1.9 1.6
v 3.5 1.9 1.5
v 3.5 1.9 1.4
v 3.5 2.8 1.6
v 3.5 2.8 1.5
v 3.5 2.8 1.4
v 3.5 2.9 1.6
v 3.5 2.9 1.4
v 3.5 3 1.6
v 3.5 3 1.4
v 3.6 0 1.4
v 3.6 0 1.2
v 3.6 0.1 1.4
v 3.6 0.1 1.2
v 3.6 0.2 1.4
v 3.6 0.2 1.2
v 3.6 0.9 1.4
v 3.6 0.9 1.2
v 3.6 1 1.4
v 3.6 1 1.2
v 3.6 1.8 1.4
v 3.6 1.8 1.2
v 3.6 1.9 1.4
v 3.6 1.9 1.2
v 3.6 2.8 1.4
v 3.6 2.8 1.2
v 3.6 2.9 1.4
v 3.6 2.9 1.2
v 3.6 3 1.4
v 3.6 3 1.2
v 3.7 0 1.2
v 3.7 0 1
v 3.7 0.1 1.2
v 3.7 0.1 1
v 3.7 0.2 1.2
v 3.7 0.2 1
v 3.7 0.9 1.2
v 3.7 0.9 1
v 3.7 1 1.2
v 3.7 1 1
v 3.7 1.2 -3.7
v 3.7 1.2 -3.8
v 3.7 1.8 1.2
v 3.7 1.8 1
v 3.7 1.9 1.2
v 3.7 1.9 1
v 3.7 1.9 -3.7
v 3.7 1.9 -3.8
v 3.7 2.8 1.2
v 3.7 2.8 1
v 3.7 2.9 1.2
v 3.7 2.9 1
v 3.7 3 1.2
v 3.7 3 1
v 3.8 0 1
v 3.8 0 0.8
v 3.8 0.1 1
v 3.8 0.1 0.8
v 3.8 0.2 1
v 3.8 0.2 0.8
v 3.8 0.9 1
v 3.8 0.9 0.8
v 3.8 1 1
v 3.8 1 0.8
v 3.8 1.8 1
v 3.8 1.8 0.8
v 3.8 1.9 1
v 3.8 1.9 0.8
v 3.8 2.8 1
v 3.8 2.8 0.8
v 3.8 2.9 1
v 3.8 2.9 0.8
v 3.8 3 1
v 3.8 3 0.8
v 3.9 0 0.8
v 3.9 0 0.6
v 3.9 0.1 0.8
v 3.9 0.1 0.6
v 3.9 0.2 0.8
v 3.9 0.2 0.6
v 3.9 0.9 0.8
v 3.9 0.9 0.6
v 3.9 1 0.8
v 3.9 1 0.6
v 3.9 1.8 0.8
v 3.9 1.8 0.6
v 3.9 1.9 0.8
v 3.9 1.9 0.6
v 3.9 2.8 0.8
v 3.9 2.8 0.6
v 3.9 2.9 0.8
v 3.9 2.9 0.6
v 3.9 3 0.8
v 3.9 3 0.6
v 4 0 0.6
v 4 0 0.4
v 4 0.1 0.6
v 4 0.1 0.4
v 4 0.2 0.6
v 4 0.2 0.5
v 4 0.2 0.4
v 4 0.9 0.6
v 4 0.9 0.5
v 4 0.9 0.4
v 4 1 0.6
v 4 1 0.5
v 4 1 0.4
v 4 1.3 -3.7
v 4 1.3 -3.8
v 4 1.5 -3.7
v 4 1.5 -3.8
v 4 1.6 -3.7
v 4 1.6 -3.8
v 4 1.8 0.6
v 4 1.8 0.5
v 4 1.8 0.4
v 4 1.8 -3.7
v 4 1.8 -3.8
v 4 1.9 0.6
v 4 1.9 0.5
v 4 1.9 0.4
v 4 2.8 0.6
v 4 2.8 0.5
v 4 2.8 0.4
v 4 2.9 0.6
v 4 2.9 0.4
v 4 3 0.6
v 4 3 0.4
v 4.1 0 0.4
v 4.1 0 0.2
v 4.1 0.1 0.4
v 4.1 0.1 0.2
v 4.1 0.2 0.4
v 4.1 0.2 0.2
v 4.1 0.9 0.4
v 4.1 0.9 0.2
v 4.1 1 0.4
v 4.1 1 0.2
v 4.1 1.8 0.4
v 4.1 1.8 0.2
v 4.1 1.9 0.4
v 4.1 1.9 0.2
v 4.1 2.8 0.4
v 4.1 2.8 0.2
v 4.1 2.9 0.4
v 4.1 2.9 0.2
v 4.1 3 0.4
v 4.1 3 0.2
v 4.2 0 0.2
v 4.2 0 0
v 4.2 0.1 0.2
v 4.2 0.1 0
v 4.2 0.2 0.2
v 4.2 0.2 0
v 4.2 0.9 0.2
v 4.2 0.9 0
v 4.2 1 0.2
v 4.2 1 0
v 4.2 1.8 0.2
v 4.2 1.8 0
v 4.2 1.9 0.2
v 4.2 1.9 0
v 4.2 2.8 0.2
v 4.2 2.8 0
v 4.2 2.9 0.2
v 4.2 2.9 0
v 4.2 3 0.2
v 4.2 3 0
v 4.3 0 0
v 4.3 0 -0.2
v 4.3 0.1 0
v 4.3 0.1 -0.2
v 4.3 0.2 0
v 4.3 0.2 -0.2
v 4.3 0.9 0
v 4.3 0.9 -0.2
v 4.3 1 0
v 4.3 1 -0.2
v 4.3 1.3 -3.7
v 4.3 1.3 -3.8
v 4.3 1.5 -3.7
v 4.3 1.5 -3.8
v 4.3 1.6 -3.7
v 4.3 1.6 -3.8
v 4.3 1.8 0
v 4.3 1.8 -0.2
v 4.3 1.8 -3.7
v 4.3 1.8 -3.8
v 4.3 1.9 0
v 4.3 1.9 -0.2
v 4.3 2.8 0
v 4.3 2.8 -0.2
v 4.3 2.9 0
v 4.3 2.9 -0.2
v 4.3 3 0
v 4.3 3 -0.2
v 4.4 0 -0.2
v 4.4 0 -0.5
v 4.4 0.1 -0.2
v 4.4 0.1 -0.5
v 4.4 0.2 -0.2
v 4.4 0.2 -0.5
v 4.4 0.9 -0.2
v 4.4 0.9 -0.5
v 4.4 1 -0.2
v 4.4 1 -0.5
v 4.4 1.8 -0.2
v 4.4 1.8 -0.5
v 4.4 1.9 -0.2
v 4.4 1.9 -0.5
v 4.4 2.8 -0.2
v 4.4 2.8 -0.5
v 4.4 2.9 -0.2
v 4.4 2.9 -0.5
v 4.4 3 -0.2
v 4.4 3 -0.5
v 4.5 0 -0.5
v 4.5 0 -0.8
v 4.5 0.1 -0.5
v 4.5 0.1 -0.8
v 4.5 0.2 -0.5
v 4.5 0.2 -0.6
v 4.5 0.2 -0.7
v 4.5 0.2 -0.8
v 4.5 0.9 -0.5
v 4.5 0.9 -0.6
v 4.5 0.9 -0.7
v 4.5 0.9 -0.8
v 4.5 1 -0.5
v 4.5 1 -0.6
v 4.5 1 -0.7
v 4.5 1 -0.8
v 4.5 1.1 -3.7
v 4.5 1.1 -3.8
v 4.5 1.8 -0.5
v 4.5 1.8 -0.6
v 4.5 1.8 -0.7
v 4.5 1.8 -0.8
v 4.5 1.9 -0.5
v 4.5 1.9 -0.6
v 4.5 1.9 -0.7
v 4.5 1.9 -0.8
v 4.5 2.3 -3.7
v 4.5 2.3 -3.8
v 4.5 2.8 -0.5
v 4.5 2.8 -0.6
v 4.5 2.8 -0.7
v 4.5 2.8 -0.8
v 4.5 2.9 -0.5
v 4.5 2.9 -0.8
v 4.5 3 -0.5
v 4.5 3 -0.8
v 4.6 0 -0.8
v 4.6 0 -1.2
v 4.6 0.1 -0.8
v 4.6 0.1 -1.2
v 4.6 0.2 -0.8
v 4.6 0.2 -1.2
v 4.6 0.9 -0.8
v 4.6 0.9 -1.2
v 4.6 1 -0.8
v 4.6 1 -1.2
v 4.6 1.8 -0.8
v 4.6 1.8 -1.2
v 4.6 1.9 -0.8
v 4.6 1.9 -1.2
v 4.6 2.8 -0.8
v 4.6 2.8 -1.2
v 4.6 2.9 -0.8
v 4.6 2.9 -1.2
v 4.6 3 -0.8
v 4.6 3 -1.2
v 4.7 0 -1.2
v 4.7 0 -1.4
v 4.7 0.1 -1.2
v 4.7 0.1 -1.4
v 4.7 0.2 -1.2
v 4.7 0.2 -1.4
v 4.7 0.9 -1.2
v 4.7 0.9 -1.4
v 4.7 1 -1.2
v 4.7 1 -1.4
v 4.7 1.8 -1.2
v 4.7 1.8 -1.4
v 4.7 1.9 -1.2
v 4.7 1.9 -1.4
v 4.7 2.8 -1.2
v 4.7 2.8 -1.4
v 4.7 2.9 -1.2
v 4.7 2.9 -1.4
v 4.7 3 -1.2
v 4.7 3 -1.4
v 4.8 0 -1.4
v 4.8 0 -1.7
v 4.8 0.1 -1.4
v 4.8 0.1 -1.7
v 4.8 0.2 -1.4
v 4.8 0.2 -1.7
v 4.8 0.9 -1.4
v 4.8 0.9 -1.7
v 4.8 1 -1.4
v 4.8 1 -1.7
v 4.8 1.8 -1.4
v 4.8 1.8 -1.7
v 4.8 1.9 -1.4
v 4.8 1.9 -1.7
v 4.8 2.8 -1.4
v 4.8 2.8 -1.7
v 4.8 2.9 -1.4
v 4.8 2.9 -1.7
v 4.8 3 -1.4
v 4.8 3 -1.7
v 4.9 0 -1.7
v 4.9 0 -2.1
v 4.9 0.1 -1.7
v 4.9 0.1 -2.1
v 4.9 0.2 -1.7
v 4.9 0.2 -2
v 4.9 0.2 -2.1
v 4.9 0.9 -1.7
v 4.9 0.9 -2
v 4.9 1 -1.7
v 4.9 1 -2
v 4.9 1.8 -1.7
v 4.9 1.8 -2
v 4.9 1.9 -1.7
v 4.9 1.9 -2
v 4.9 2.8 -1.7
v 4.9 2.8 -2
v 4.9 2.9 -1.7
v 4.9 2.9 -2.1
v 4.9 3 -1.7
v 4.9 3 -2.1
v 5 0.2 -2.1
v 5 0.2 -4.3
v 5 3 -2.1
v 5 3 -4.3
v -5 0.2 4
v -5 3 4
v -2.3 2.6 4
v -2.3 2.7 4
v -0.9 2.6 4
v -0.9 2.7 4
v 0.7 0.2 4
v 0.7 3 4
v 0.7 0 3.9
v 0.7 0.1 3.9
v 0.7 0.2 3.9
v 0.7 2.9 3.9
v 0.7 3 3.9
v 0.8 0 3.9
v 0.8 0.1 3.9
v 0.8 0.2 3.9
v 0.8 0.9 3.9
v 0.8 1 3.9
v 0.8 1.8 3.9
v 0.8 1.9 3.9
v 0.8 2.8 3.9
v 0.9 0 3.9
v 0.9 0.1 3.9
v 0.9 0.2 3.9
v 0.9 0.9 3.9
v 0.9 1 3.9
v 0.9 1.8 3.9
v 0.9 1.9 3.9
v 0.9 2.8 3.9
v 0.9 2.9 3.9
v 0.9 3 3.9
v 0.9 0 3.8
v 0.9 0.1 3.8
v 0.9 0.2 3.8
v 0.9 0.9 3.8
v 0.9 1 3.8
v 0.9 1.8 3.8
v 0.9 1.9 3.8
v 0.9 2.8 3.8
v 0.9 2.9 3.8
v 0.9 3 3.8
v 1.1 0 3.8
v 1.1 0.1 3.8
v 1.1 0.2 3.8
v 1.1 0.9 3.8
v 1.1 1 3.8
v 1.1 1.8 3.8
v 1.1 1.9 3.8
v 1.1 2.8 3.8
v 1.1 2.9 3.8
v 1.1 3 3.8
v -2.4 2.3 3.7
v -2.4 2.4 3.7
v -2.3 2.4 3.7
v -2.3 2.6 3.7
v -2.2 2.3 3.7
v -2.2 2.4 3.7
v -2.2 2.6 3.7
v -1.3 2.3 3.7
v -1.3 2.4 3.7
v -1.1 2.3 3.7
v -1.1 2.4 3.7
v -1.1 2.6 3.7
v -1 2.4 3.7
v -1 2.6 3.7
v 1.1 0 3.7
v 1.1 0.1 3.7
v 1.1 0.2 3.7
v 1.1 0.9 3.7
v 1.1 1 3.7
v 1.1 1.8 3.7
v 1.1 1.9 3.7
v 1.1 2.8 3.7
v 1.1 2.9 3.7
v 1.1 3 3.7
v 1.3 0 3.7
v 1.3 0.1 3.7
v 1.3 0.2 3.7
v 1.3 0.9 3.7
v 1.3 1 3.7
v 1.3 1.8 3.7
v 1.3 1.9 3.7
v 1.3 2.8 3.7
v 1.3 2.9 3.7
v 1.3 3 3.7
v 1.3 0 3.6
v 1.3 0.1 3.6
v 1.3 0.2 3.6
v 1.3 0.9 3.6
v 1.3 1 3.6
v 1.3 1.8 3.6
v 1.3 1.9 3.6
v 1.3 2.8 3.6
v 1.3 2.9 3.6
v 1.3 3 3.6
v 1.4 0 3.6
v 1.4 0.1 3.6
v 1.4 0.2 3.6
v 1.4 0.9 3.6
v 1.4 1 3.6
v 1.4 1.8 3.6
v 1.4 1.9 3.6
v 1.4 2.8 3.6
v 1.4 2.9 3.6
v 1.4 3 3.6
v 1.4 0 3.5
v 1.4 0.1 3.5
v 1.4 0.2 3.5
v 1.4 0.9 3.5
v 1.4 1 3.5
v 1.4 1.8 3.5
v 1.4 1.9 3.5
v 1.4 2.8 3.5
v 1.4 2.9 3.5
v 1.4 3 3.5
v 1.6 0 3.5
v 1.6 0.1 3.5
v 1.6 0.2 3.5
v 1.6 0.9 3.5
v 1.6 1 3.5
v 1.6 1.8 3.5
v 1.6 1.9 3.5
v 1.6 2.8 3.5
v 1.6 2.9 3.5
v 1.6 3 3.5
v 1.6 0 3.4
v 1.6 0.1 3.4
v 1.6 0.2 3.4
v 1.6 0.9 3.4
v 1.6 1 3.4
v 1.6 1.8 3.4
v 1.6 1.9 3.4
v 1.6 2.8 3.4
v 1.6 2.9 3.4
v 1.6 3 3.4
v 1.7 0 3.4
v 1.7 0.1 3.4
v 1.7 0.2 3.4
v 1.7 0.9 3.4
v 1.7 1 3.4
v 1.7 1.8 3.4
v 1.7 1.9 3.4
v 1.7 2.8 3.4
v 1.7 2.9 3.4
v 1.7 3 3.4
v -2.5 2.2 3.3
v -2.5 2.3 3.3
v -2.4 2.2 3.3
v -2.4 2.3 3.3
v -2.3 2.3 3.3
v -1.3 2.2 3.3
v -1.3 2.3 3.3
v -1.2 2.2 3.3
v -1.2 2.3 3.3
v 1.7 0 3.2
v 1.7 0.1 3.2
v 1.7 0.2 3.2
v 1.7 0.9 3.2
v 1.7 1 3.2
v 1.7 1.8 3.2
v 1.7 1.9 3.2
v 1.7 2.8 3.2
v 1.7 2.9 3.2
v 1.7 3 3.2
v 1.8 0 3.2
v 1.8 0.1 3.2
v 1.8 0.2 3.2
v 1.8 0.9 3.2
v 1.8 1 3.2
v 1.8 1.8 3.2
v 1.8 1.9 3.2
v 1.8 2.8 3.2
v 1.8 2.9 3.2
v 1.8 3 3.2
v 1.8 0 3.1
v 1.8 0.1 3.1
v 1.8 0.2 3.1
v 1.8 0.9 3.1
v 1.8 1 3.1
v 1.8 1.8 3.1
v 1.8 1.9 3.1
v 1.8 2.8 3.1
v 1.8 2.9 3.1
v 1.8 3 3.1
v 2 0 3.1
v 2 0.1 3.1
v 2 0.2 3.1
v 2 0.9 3.1
v 2 1 3.1
v 2 1.8 3.1
v 2 1.9 3.1
v 2 2.8 3.1
v 2 2.9 3.1
v 2 3 3.1
v -2.7 1.9 3
v -2.7 2 3
v -2.6 2 3
v -2.6 2.3 3
v -2.5 1.9 3
v -2.5 2 3
v -2.5 2.1 3
v -2.5 2.2 3
v -2.5 2.3 3
v -2.4 2.1 3
v -2.4 2.2 3
v -1.5 1.9 3
v -1.5 2 3
v -1.5 2.2 3
v -1.4 1.9 3
v -1.4 2.2 3
v 2 0.2 2.9
v 2 0.9 2.9
v 2 1 2.9
v 2 1.8 2.9
v 2 1.9 2.9
v 2 2.8 2.9
v 2 2.9 2.9
v 2 3 2.9
v 2.2 0.2 2.9
v 2.2 0.9 2.9
v 2.2 1 2.9
v 2.2 1.8 2.9
v 2.2 1.9 2.9
v 2.2 2.8 2.9
v 2.2 2.9 2.9
v 2.2 3 2.9
v 2.2 0.2 2.8
v 2.2 0.9 2.8
v 2.2 1 2.8
v 2.2 1.8 2.8
v 2.2 1.9 2.8
v 2.2 2.8 2.8
v 2.2 2.9 2.8
v 2.2 3 2.8
v 2.4 0.2 2.8
v 2.4 0.9 2.8
v 2.4 1 2.8
v 2.4 1.8 2.8
v 2.4 1.9 2.8
v 2.4 2.8 2.8
v 2.4 2.9 2.8
v 2.4 3 2.8
v -2.8 1.6 2.6
v -2.8 2 2.6
v -2.7 1.9 2.6
v -2.7 2 2.6
v -2.6 1.6 2.6
v -2.6 1.7 2.6
v -2.6 1.9 2.6
v -1.7 1.6 2.6
v -1.7 1.7 2.6
v -1.7 1.9 2.6
v -1.6 1.6 2.6
v -1.6 1.9 2.6
v 2.4 0.2 2.6
v 2.4 0.9 2.6
v 2.4 1 2.6
v 2.4 1.8 2.6
v 2.4 1.9 2.6
v 2.4 2.8 2.6
v 2.4 2.9 2.6
v 2.4 3 2.6
v 2.6 0.2 2.6
v 2.6 0.9 2.6
v 2.6 1 2.6
v 2.6 1.8 2.6
v 2.6 1.9 2.6
v 2.6 2.8 2.6
v 2.6 2.9 2.6
v 2.6 3 2.6
v 2.6 0.2 2.5
v 2.6 0.9 2.5
v 2.6 1 2.5
v 2.6 1.8 2.5
v 2.6 1.9 2.5
v 2.6 2.8 2.5
v 2.6 2.9 2.5
v 2.6 3 2.5
v 2.7 0.2 2.5
v 2.7 0.9 2.5
v 2.7 1 2.5
v 2.7 1.8 2.5
v 2.7 1.9 2.5
v 2.7 2.8 2.5
v 2.7 2.9 2.5
v 2.7 3 2.5
v 2.7 1.1 2.3
v 2.7 1.8 2.3
v 2.7 1.9 2.3
v 2.7 2.8 2.3
v 2.7 2.9 2.3
v 2.7 3 2.3
v 2.8 2 2.3
v 2.8 2.7 2.3
v 2.9 1.1 2.3
v 2.9 1.8 2.3
v 2.9 1.9 2.3
v 2.9 2 2.3
v 2.9 2.7 2.3
v 2.9 2.8 2.3
v 2.9 2.9 2.3
v 2.9 3 2.3
v -3 1.3 2.2
v -3 1.4 2.2
v -2.9 1.4 2.2
v -2.9 1.7 2.2
v -2.8 1.3 2.2
v -2.8 1.4 2.2
v -2.8 1.6 2.2
v -2.8 1.7 2.2
v -2.7 1.6 2.2
v -1.8 1.3 2.2
v -1.8 1.4 2.2
v -1.8 1.6 2.2
v -1.7 1.3 2.2
v -1.7 1.6 2.2
v 2.9 0 2.1
v 2.9 0.1 2.1
v 2.9 1.1 2.1
v 2.9 1.8 2.1
v 2.9 1.9 2.1
v 2.9 2 2.1
v 2.9 2.1 2.1
v 2.9 2.2 2.1
v 2.9 2.5 2.1
v 2.9 2.6 2.1
v 2.9 2.7 2.1
v 2.9 2.8 2.1
v 2.9 2.9 2.1
v 2.9 3 2.1
v 3 2.3 2.1
v 3 2.4 2.1
v 3.1 0 2.1
v 3.1 0.1 2.1
v 3.1 1.1 2.1
v 3.1 1.8 2.1
v 3.1 1.9 2.1
v 3.1 2 2.1
v 3.1 2.1 2.1
v 3.1 2.2 2.1
v 3.1 2.3 2.1
v 3.1 2.4 2.1
v 3.1 2.5 2.1
v 3.1 2.6 2.1
v 3.1 2.7 2.1
v 3.1 2.8 2.1
v 3.1 2.9 2.1
v 3.1 3 2.1
v 3 0.2 1.9
v 3 1.1 1.9
v 3.1 0 1.9
v 3.1 0.1 1.9
v 3.1 0.2 1.9
v 3.1 1.1 1.9
v 3.1 1.8 1.9
v 3.1 1.9 1.9
v 3.1 2 1.9
v 3.1 2.1 1.9
v 3.1 2.2 1.9
v 3.1 2.3 1.9
v 3.1 2.4 1.9
v 3.1 2.5 1.9
v 3.1 2.7 1.9
v 3.1 2.8 1.9
v 3.1 2.9 1.9
v 3.1 3 1.9
v 3.2 0 1.9
v 3.2 0.1 1.9
v 3.2 1.1 1.9
v 3.2 1.8 1.9
v 3.2 1.9 1.9
v 3.2 2 1.9
v 3.2 2.2 1.9
v 3.2 2.5 1.9
v 3.2 2.7 1.9
v 3.2 2.8 1.9
v 3.2 2.9 1.9
v 3.2 3 1.9
v -3 1 1.8
v -3 1.3 1.8
v -2.9 1 1.8
v -2.9 1.1 1.8
v -2.9 1.3 1.8
v -2.1 1 1.8
v -2.1 1.1 1.8
v -1.9 1.1 1.8
v -1.9 1.3 1.8
v -1.8 1 1.8
v -1.8 1.3 1.8
v -3.1 1 1.7
v -3.1 1.1 1.7
v -3 1 1.7
v -3 1.1 1.7
v 3.2 0 1.7
v 3.2 0.1 1.7
v 3.2 1.1 1.7
v 3.2 1.8 1.7
v 3.2 1.9 1.7
v 3.2 2 1.7
v 3.2 2.5 1.7
v 3.2 2.6 1.7
v 3.2 2.7 1.7
v 3.2 2.8 1.7
v 3.2 2.9 1.7
v 3.2 3 1.7
v 3.4 0 1.7
v 3.4 0.1 1.7
v 3.4 1.1 1.7
v 3.4 1.8 1.7
v 3.4 1.9 1.7
v 3.4 2 1.7
v 3.4 2.7 1.7
v 3.4 2.8 1.7
v 3.4 2.9 1.7
v 3.4 3 1.7
v 3.4 0 1.6
v 3.4 0.1 1.6
v 3.4 1.1 1.6
v 3.4 1.8 1.6
v 3.4 1.9 1.6
v 3.4 2 1.6
v 3.4 2.7 1.6
v 3.4 2.8 1.6
v 3.4 2.9 1.6
v 3.4 3 1.6
v 3.5 0 1.6
v 3.5 0.1 1.6
v 3.5 1.1 1.6
v 3.5 1.8 1.6
v 3.5 1.9 1.6
v 3.5 2.8 1.6
v 3.5 2.9 1.6
v 3.5 3 1.6
v -3.2 0.7 1.4
v -3.2 0.8 1.4
v -3.1 0.8 1.4
v -3.1 1 1.4
v -3 0.7 1.4
v -3 0.8 1.4
v -3 1 1.4
v -2.9 1 1.4
v -2.1 0.7 1.4
v -2.1 0.8 1.4
v -2.1 1 1.4
v -2 0.7 1.4
v -2 1 1.4
v 3.3 0.2 1.4
v 3.3 1.1 1.4
v 3.5 0 1.4
v 3.5 0.1 1.4
v 3.5 0.2 1.4
v 3.5 0.9 1.4
v 3.5 1 1.4
v 3.5 1.1 1.4
v 3.5 1.8 1.4
v 3.5 1.9 1.4
v 3.5 2.8 1.4
v 3.5 2.9 1.4
v 3.5 3 1.4
v 3.6 0 1.4
v 3.6 0.1 1.4
v 3.6 0.2 1.4
v 3.6 0.9 1.4
v 3.6 1 1.4
v 3.6 1.8 1.4
v 3.6 1.9 1.4
v 3.6 2.8 1.4
v 3.6 2.9 1.4
v 3.6 3 1.4
v 3.2 0.2 1.3
v 3.2 0.9 1.3
v 3.2 1.1 1.3
v 3.3 0.2 1.3
v 3.3 0.9 1.3
v 3.3 1.1 1.3
v 3.6 0 1.2
v 3.6 0.1 1.2
v 3.6 0.2 1.2
v 3.6 0.9 1.2
v 3.6 1 1.2
v 3.6 1.8 1.2
v 3.6 1.9 1.2
v 3.6 2.8 1.2
v 3.6 2.9 1.2
v 3.6 3 1.2
v 3.7 0 1.2
v 3.7 0.1 1.2
v 3.7 0.2 1.2
v 3.7 0.9 1.2
v 3.7 1 1.2
v 3.7 1.8 1.2
v 3.7 1.9 1.2
v 3.7 2.8 1.2
v 3.7 2.9 1.2
v 3.7 3 1.2
v 3.7 0 1
v 3.7 0.1 1
v 3.7 0.2 1
v 3.7 0.9 1
v 3.7 1 1
v 3.7 1.8 1
v 3.7 1.9 1
v 3.7 2.8 1
v 3.7 2.9 1
v 3.7 3 1
v 3.8 0 1
v 3.8 0.1 1
v 3.8 0.2 1
v 3.8 0.9 1
v 3.8 1 1
v 3.8 1.8 1
v 3.8 1.9 1
v 3.8 2.8 1
v 3.8 2.9 1
v 3.8 3 1
v -3.3 0.3 0.9
v -3.3 0.8 0.9
v -3.2 0.3 0.9
v -3.2 0.7 0.9
v -3.2 0.8 0.9
v -3.1 0.7 0.9
v -2.4 0.3 0.9
v -2.4 0.7 0.9
v -2.3 0.3 0.9
v -2.3 0.5 0.9
v -2.2 0.5 0.9
v -2.2 0.7 0.9
v 3.8 0 0.8
v 3.8 0.1 0.8
v 3.8 0.2 0.8
v 3.8 0.9 0.8
v 3.8 1 0.8
v 3.8 1.8 0.8
v 3.8 1.9 0.8
v 3.8 2.8 0.8
v 3.8 2.9 0.8
v 3.8 3 0.8
v 3.9 0 0.8
v 3.9 0.1 0.8
v 3.9 0.2 0.8
v 3.9 0.9 0.8
v 3.9 1 0.8
v 3.9 1.8 0.8
v 3.9 1.9 0.8
v 3.9 2.8 0.8
v 3.9 2.9 0.8
v 3.9 3 0.8
v -3.4 0.3 0.7
v -3.4 0.5 0.7
v -3.3 0.3 0.7
v -3.3 0.5 0.7
v -2.7 0.2 0.7
v -2.7 0.3 0.7
v -2.4 0.2 0.7
v -2.4 0.3 0.7
v -2.3 0.2 0.7
v -2.3 0.3 0.7
v -3 0.2 0.6
v -3 0.3 0.6
v -2.9 0.2 0.6
v -2.9 0.3 0.6
v -2.8 0.2 0.6
v -2.8 0.3 0.6
v -2.7 0.2 0.6
v -2.7 0.3 0.6
v 3.9 0 0.6
v 3.9 0.1 0.6
v 3.9 0.2 0.6
v 3.9 0.9 0.6
v 3.9 1 0.6
v 3.9 1.8 0.6
v 3.9 1.9 0.6
v 3.9 2.8 0.6
v 3.9 2.9 0.6
v 3.9 3 0.6
v 4 0 0.6
v 4 0.1 0.6
v 4 0.2 0.6
v 4 0.9 0.6
v 4 1 0.6
v 4 1.8 0.6
v 4 1.9 0.6
v 4 2.8 0.6
v 4 2.9 0.6
v 4 3 0.6
v 4 0 0.4
v 4 0.1 0.4
v 4 0.2 0.4
v 4 0.9 0.4
v 4 1 0.4
v 4 1.8 0.4
v 4 1.9 0.4
v 4 2.8 0.4
v 4 2.9 0.4
v 4 3 0.4
v 4.1 0 0.4
v 4.1 0.1 0.4
v 4.1 0.2 0.4
v 4.1 0.9 0.4
v 4.1 1 0.4
v 4.1 1.8 0.4
v 4.1 1.9 0.4
v 4.1 2.8 0.4
v 4.1 2.9 0.4
v 4.1 3 0.4
v -3.5 0.2 0.2
v -3.5 0.3 0.2
v -3.4 0.2 0.2
v -3.4 0.3 0.2
v -3.3 0.3 0.2
v -2.4 0.2 0.2
v -2.4 0.3 0.2
v -2.3 0.2 0.2
v -2.3 0.3 0.2
v 4.1 0 0.2
v 4.1 0.1 0.2
v 4.1 0.2 0.2
v 4.1 0.9 0.2
v 4.1 1 0.2
v 4.1 1.8 0.2
v 4.1 1.9 0.2
v 4.1 2.8 0.2
v 4.1 2.9 0.2
v 4.1 3 0.2
v 4.2 0 0.2
v 4.2 0.1 0.2
v 4.2 0.2 0.2
v 4.2 0.9 0.2
v 4.2 1 0.2
v 4.2 1.8 0.2
v 4.2 1.9 0.2
v 4.2 2.8 0.2
v 4.2 2.9 0.2
v 4.2 3 0.2
v -2.9 0 0
v -2.9 0.1 0
v -2.4 0 0
v -2.4 0.1 0
v 4.2 0 0
v 4.2 0.1 0
v 4.2 0.2 0
v 4.2 0.9 0
v 4.2 1 0
v 4.2 1.8 0
v 4.2 1.9 0
v 4.2 2.8 0
v 4.2 2.9 0
v 4.2 3 0
v 4.3 0 0
v 4.3 0.1 0
v 4.3 0.2 0
v 4.3 0.9 0
v 4.3 1 0
v 4.3 1.8 0
v 4.3 1.9 0
v 4.3 2.8 0
v 4.3 2.9 0
v 4.3 3 0
v 4.3 0 -0.2
v 4.3 0.1 -0.2
v 4.3 0.2 -0.2
v 4.3 0.9 -0.2
v 4.3 1 -0.2
v 4.3 1.8 -0.2
v 4.3 1.9 -0.2
v 4.3 2.8 -0.2
v 4.3 2.9 -0.2
v 4.3 3 -0.2
v 4.4 0 -0.2
v 4.4 0.1 -0.2
v 4.4 0.2 -0.2
v 4.4 0.9 -0.2
v 4.4 1 -0.2
v 4.4 1.8 -0.2
v 4.4 1.9 -0.2
v 4.4 2.8 -0.2
v 4.4 2.9 -0.2
v 4.4 3 -0.2
v 4.4 0 -0.5
v 4.4 0.1 -0.5
v 4.4 0.2 -0.5
v 4.4 0.9 -0.5
v 4.4 1 -0.5
v 4.4 1.8 -0.5
v 4.4 1.9 -0.5
v 4.4 2.8 -0.5
v 4.4 2.9 -0.5
v 4.4 3 -0.5
v 4.5 0 -0.5
v 4.5 0.1 -0.5
v 4.5 0.2 -0.5
v 4.5 0.9 -0.5
v 4.5 1 -0.5
v 4.5 1.8 -0.5
v 4.5 1.9 -0.5
v 4.5 2.8 -0.5
v 4.5 2.9 -0.5
v 4.5 3 -0.5
v 4.5 0 -0.8
v 4.5 0.1 -0.8
v 4.5 0.2 -0.8
v 4.5 0.9 -0.8
v 4.5 1 -0.8
v 4.5 1.8 -0.8
v 4.5 1.9 -0.8
v 4.5 2.8 -0.8
v 4.5 2.9 -0.8
v 4.5 3 -0.8
v 4.6 0 -0.8
v 4.6 0.1 -0.8
v 4.6 0.2 -0.8
v 4.6 0.9 -0.8
v 4.6 1 -0.8
v 4.6 1.8 -0.8
v 4.6 1.9 -0.8
v 4.6 2.8 -0.8
v 4.6 2.9 -0.8
v 4.6 3 -0.8
v 4.6 0 -1.2
v 4.6 0.1 -1.2
v 4.6 0.2 -1.2
v 4.6 0.9 -1.2
v 4.6 1 -1.2
v 4.6 1.8 -1.2
v 4.6 1.9 -1.2
v 4.6 2.8 -1.2
v 4.6 2.9 -1.2
v 4.6 3 -1.2
v 4.7 0 -1.2
v 4.7 0.1 -1.2
v 4.7 0.2 -1.2
v 4.7 0.9 -1.2
v 4.7 1 -1.2
v 4.7 1.8 -1.2
v 4.7 1.9 -1.2
v 4.7 2.8 -1.2
v 4.7 2.9 -1.2
v 4.7 3 -1.2
v 4.7 0 -1.4
v 4.7 0.1 -1.4
v 4.7 0.2 -1.4
v 4.7 0.9 -1.4
v 4.7 1 -1.4
v 4.7 1.8 -1.4
v 4.7 1.9 -1.4
v 4.7 2.8 -1.4
v 4.7 2.9 -1.4
v 4.7 3 -1.4
v 4.8 0 -1.4
v 4.8 0.1 -1.4
v 4.8 0.2 -1.4
v 4.8 0.9 -1.4
v 4.8 1 -1.4
v 4.8 1.8 -1.4
v 4.8 1.9 -1.4
v 4.8 2.8 -1.4
v 4.8 2.9 -1.4
v 4.8 3 -1.4
v 4.8 0 -1.7
v 4.8 0.1 -1.7
v 4.8 0.2 -1.7
v 4.8 0.9 -1.7
v 4.8 1 -1.7
v 4.8 1.8 -1.7
v 4.8 1.9 -1.7
v 4.8 2.8 -1.7
v 4.8 2.9 -1.7
v 4.8 3 -1.7
v 4.9 0 -1.7
v 4.9 0.1 -1.7
v 4.9 0.2 -1.7
v 4.9 0.9 -1.7
v 4.9 1 -1.7
v 4.9 1.8 -1.7
v 4.9 1.9 -1.7
v 4.9 2.8 -1.7
v 4.9 2.9 -1.7
v 4.9 3 -1.7
v 4.9 0.2 -2.1
v 4.9 2.9 -2.1
v 4.9 3 -2.1
v 5 0.2 -2.1
v 5 3 -2.1
v 1.5 1.9 -3.5
v 1.5 2.6 -3.5
v 1.6 2 -3.5
v 1.6 2.5 -3.5
v 1.7 2.1 -3.5
v 1.7 2.4 -3.5
v 1.8 2.2 -3.5
v 1.8 2.3 -3.5
v 2.3 2.2 -3.5
v 2.3 2.3 -3.5
v 2.4 2.1 -3.5
v 2.4 2.4 -3.5
v 2.5 2 -3.5
v 2.5 2.5 -3.5
v 2.6 1.9 -3.5
v 2.6 2.6 -3.5
v 2.8 1.1 -3.7
v 2.8 2.3 -3.7
v 2.9 1.2 -3.7
v 2.9 1.9 -3.7
v 2.9 2 -3.7
v 2.9 2.2 -3.7
v 3 1.3 -3.7
v 3 1.5 -3.7
v 3 1.6 -3.7
v 3 1.8 -3.7
v 3.2 1.3 -3.7
v 3.2 1.5 -3.7
v 3.2 1.6 -3.7
v 3.2 1.8 -3.7
v 3.3 1.3 -3.7
v 3.3 1.5 -3.7
v 3.3 1.6 -3.7
v 3.3 1.8 -3.7
v 3.5 1.3 -3.7
v 3.5 1.5 -3.7
v 3.5 1.6 -3.7
v 3.5 1.8 -3.7
v 3.6 1.2 -3.7
v 3.6 1.9 -3.7
v 3.7 1.2 -3.7
v 3.7 1.9 -3.7
v 3.8 1.3 -3.7
v 3.8 1.5 -3.7
v 3.8 1.6 -3.7
v 3.8 1.8 -3.7
v 4 1.3 -3.7
v 4 1.5 -3.7
v 4 1.6 -3.7
v 4 1.8 -3.7
v 4.1 1.3 -3.7
v 4.1 1.5 -3.7
v 4.1 1.6 -3.7
v 4.1 1.8 -3.7
v 4.3 1.3 -3.7
v 4.3 1.5 -3.7
v 4.3 1.6 -3.7
v 4.3 1.8 -3.7
v 4.4 1.2 -3.7
v 4.4 1.9 -3.7
v 4.4 2 -3.7
v 4.4 2.2 -3.7
v 4.5 1.1 -3.7
v 4.5 2.3 -3.7
v 1 0.2 -3.8
v 1 3 -3.8
v 1.6 0.2 -3.8
v 1.6 0.8 -3.8
v 1.6 1 -3.8
v 1.6 1.7 -3.8
v 1.8 0.8 -3.8
v 1.8 1 -3.8
v 2 2.2 -3.8
v 2 2.3 -3.8
v 2.1 2.2 -3.8
v 2.1 2.3 -3.8
v 2.5 0.2 -3.8
v 2.5 1.7 -3.8
v 2.8 1.1 -3.8
v 2.8 2.3 -3.8
v 2.9 1.2 -3.8
v 2.9 1.9 -3.8
v 2.9 2 -3.8
v 2.9 2.2 -3.8
v 3 1.3 -3.8
v 3 1.5 -3.8
v 3 1.6 -3.8
v 3 1.8 -3.8
v 3.2 1.3 -3.8
v 3.2 1.5 -3.8
v 3.2 1.6 -3.8
v 3.2 1.8 -3.8
v 3.3 1.3 -3.8
v 3.3 1.5 -3.8
v 3.3 1.6 -3.8
v 3.3 1.8 -3.8
v 3.5 1.3 -3.8
v 3.5 1.5 -3.8
v 3.5 1.6 -3.8
v 3.5 1.8 -3.8
v 3.6 1.2 -3.8
v 3.6 1.9 -3.8
v 3.7 1.2 -3.8
v 3.7 1.9 -3.8
v 3.8 1.3 -3.8
v 3.8 1.5 -3.8
v 3.8 1.6 -3.8
v 3.8 1.8 -3.8
v 4 1.3 -3.8
v 4 1.5 -3.8
v 4 1.6 -3.8
v 4 1.8 -3.8
v 4.1 1.3 -3.8
v 4.1 1.5 -3.8
v 4.1 1.6 -3.8
v 4.1 1.8 -3.8
v 4.3 1.3 -3.8
v 4.3 1.5 -3.8
v 4.3 1.6 -3.8
v 4.3 1.8 -3.8
v 4.4 1.2 -3.8
v 4.4 1.9 -3.8
v 4.4 2 -3.8
v 4.4 2.2 -3.8
v 4.5 1.1 -3.8
v 4.5 2.3 -3.8
v 4.9 0.2 -3.8
v 4.9 3 -3.8
v -1.4 1.6 -4
v -1.4 1.7 -4
v -1.3 1.6 -4
v -1.3 1.7 -4
v -4.2 0.6 -4.1
v -4.2 1.7 -4.1
v -4.2 2 -4.1
v -4.2 2.4 -4.1
v -4.1 0.7 -4.1
v -4.1 1.4 -4.1
v -4.1 1.5 -4.1
v -4.1 1.6 -4.1
v -4.1 2.1 -4.1
v -4.1 2.4 -4.1
v -4 2.1 -4.1
v -4 2.4 -4.1
v -3.9 2 -4.1
v -3.9 2.4 -4.1
v -3.8 2 -4.1
v -3.8 2.4 -4.1
v -3.7 2 -4.1
v -3.7 2.2 -4.1
v -3.6 2 -4.1
v -3.6 2.2 -4.1
v -3.6 2.4 -4.1
v -3.5 0.7 -4.1
v -3.5 1.4 -4.1
v -3.5 2.2 -4.1
v -3.5 2.4 -4.1
v -3.4 0.7 -4.1
v -3.4 1.4 -4.1
v -3.4 2 -4.1
v -3.4 2.4 -4.1
v -3.3 2 -4.1
v -3.3 2.1 -4.1
v -3.3 2.3 -4.1
v -3.3 2.4 -4.1
v -3.2 2.1 -4.1
v -3.2 2.3 -4.1
v -3.1 2.1 -4.1
v -3.1 2.3 -4.1
v -3 2 -4.1
v -3 2.1 -4.1
v -3 2.3 -4.1
v -3 2.4 -4.1
v -2.9 2.2 -4.1
v -2.9 2.4 -4.1
v -2.8 2 -4.1
v -2.8 2.2 -4.1
v -2.8 2.4 -4.1
v -2.7 2 -4.1
v -2.7 2.2 -4.1
v -2.7 2.4 -4.1
v -2.6 2 -4.1
v -2.6 2.1 -4.1
v -2.6 2.2 -4.1
v -2.6 2.4 -4.1
v -2.5 2 -4.1
v -2.5 2.1 -4.1
v -2.5 2.3 -4.1
v -2.4 2.1 -4.1
v -2.4 2.3 -4.1
v -2.4 2.4 -4.1
v -2.3 0.7 -4.1
v -2.3 1.4 -4.1
v -2.3 2.2 -4.1
v -2.3 2.3 -4.1
v -2.2 0.7 -4.1
v -2.2 1.4 -4.1
v -2.2 2 -4.1
v -2.2 2.2 -4.1
v -2.2 2.4 -4.1
v -2.1 2 -4.1
v -2.1 2.2 -4.1
v -2 2 -4.1
v -2 2.4 -4.1
v -1.9 2.1 -4.1
v -1.9 2.4 -4.1
v -1.7 2 -4.1
v -1.7 2.1 -4.1
v -1.6 2 -4.1
v -1.6 2.4 -4.1
v -1.5 2.1 -4.1
v -1.5 2.4 -4.1
v -1.4 0.7 -4.1
v -1.4 1.4 -4.1
v -1.4 1.5 -4.1
v -1.4 1.6 -4.1
v -1.4 1.7 -4.1
v -1.3 0.6 -4.1
v -1.3 1.6 -4.1
v -1.3 2 -4.1
v -1.3 2.1 -4.1
v -1.2 2 -4.1
v -1.2 2.4 -4.1
v -1.1 2.2 -4.1
v -1.1 2.3 -4.1
v -1 2.1 -4.1
v -1 2.2 -4.1
v -0.9 2 -4.1
v -0.9 2.1 -4.1
v -0.9 2.3 -4.1
v -0.9 2.4 -4.1
v -4.9 0.2 -4.2
v -4.9 3 -4.2
v -4.2 0.6 -4.2
v -4.2 1.7 -4.2
v -4.2 2 -4.2
v -4.2 2.4 -4.2
v -4.1 0.7 -4.2
v -4.1 1.4 -4.2
v -4.1 1.5 -4.2
v -4.1 1.6 -4.2
v -4.1 2.1 -4.2
v -4.1 2.4 -4.2
v -4 2.1 -4.2
v -4 2.4 -4.2
v -3.9 2 -4.2
v -3.9 2.4 -4.2
v -3.8 2 -4.2
v -3.8 2.4 -4.2
v -3.7 2 -4.2
v -3.7 2.2 -4.2
v -3.6 2 -4.2
v -3.6 2.2 -4.2
v -3.6 2.4 -4.2
v -3.5 0.7 -4.2
v -3.5 1.4 -4.2
v -3.5 2.2 -4.2
v -3.5 2.4 -4.2
v -3.4 0.7 -4.2
v -3.4 1.4 -4.2
v -3.4 2 -4.2
v -3.4 2.4 -4.2
v -3.3 2 -4.2
v -3.3 2.1 -4.2
v -3.3 2.3 -4.2
v -3.3 2.4 -4.2
v -3.2 2.1 -4.2
v -3.2 2.3 -4.2
v -3.1 2.1 -4.2
v -3.1 2.3 -4.2
v -3 2 -4.2
v -3 2.1 -4.2
v -3 2.3 -4.2
v -3 2.4 -4.2
v -2.9 2.2 -4.2
v -2.9 2.4 -4.2
v -2.8 2 -4.2
v -2.8 2.2 -4.2
v -2.8 2.4 -4.2
v -2.7 2 -4.2
v -2.7 2.2 -4.2
v -2.7 2.4 -4.2
v -2.6 2 -4.2
v -2.6 2.1 -4.2
v -2.6 2.2 -4.2
v -2.6 2.4 -4.2
v -2.5 2 -4.2
v -2.5 2.1 -4.2
v -2.5 2.3 -4.2
v -2.4 2.1 -4.2
v -2.4 2.3 -4.2
v -2.4 2.4 -4.2
v -2.3 0.7 -4.2
v -2.3 1.4 -4.2
v -2.3 2.2 -4.2
v -2.3 2.3 -4.2
v -2.2 0.7 -4.2
v -2.2 1.4 -4.2
v -2.2 2 -4.2
v -2.2 2.2 -4.2
v -2.2 2.4 -4.2
v -2.1 2 -4.2
v -2.1 2.2 -4.2
v -2 2 -4.2
v -2 2.4 -4.2
v -1.9 2.1 -4.2
v -1.9 2.4 -4.2
v -1.7 2 -4.2
v -1.7 2.1 -4.2
v -1.6 2 -4.2
v -1.6 2.4 -4.2
v -1.5 2.1 -4.2
v -1.5 2.4 -4.2
v -1.4 0.7 -4.2
v -1.4 1.4 -4.2
v -1.4 1.5 -4.2
v -1.4 1.6 -4.2
v -1.3 0.6 -4.2
v -1.3 1.7 -4.2
v -1.3 2 -4.2
v -1.3 2.1 -4.2
v -1.2 2 -4.2
v -1.2 2.4 -4.2
v -1.1 2.2 -4.2
v -1.1 2.3 -4.2
v -1 2.1 -4.2
v -1 2.2 -4.2
v -0.9 2 -4.2
v -0.9 2.1 -4.2
v -0.9 2.3 -4.2
v -0.9 2.4 -4.2
v -0.5 0.2 -4.2
v -0.5 1.6 -4.2
v 0.2 0.6 -4.2
v 0.2 1 -4.2
v 0.3 0.6 -4.2
v 0.3 1 -4.2
v 0.4 0.2 -4.2
v 0.4 1.6 -4.2
v 1 0.2 -4.2
v 1 3 -4.2
v 1.1 0.2 -4.2
v 1.1 3 -4.2
v 4.9 0.2 -4.2
v 4.9 3 -4.2
v -4.9 0.2 3.9
v -4.9 3 3.9
v -2.3 2.6 3.9
v -2.3 2.7 3.9
v -2.2 2.6 3.9
v -2.2 2.7 3.9
v -1 2.6 3.9
v -1 2.7 3.9
v -0.9 2.6 3.9
v -0.9 2.7 3.9
v 0.6 0.2 3.9
v 0.6 0.9 3.9
v 0.6 1 3.9
v 0.6 1.8 3.9
v 0.6 1.9 3.9
v 0.6 2.8 3.9
v 0.6 2.9 3.9
v 0.6 3 3.9
v 0.7 0 3.8
v 0.7 0.1 3.8
v 0.8 0 3.8
v 0.8 0.1 3.8
v 0.6 0.2 3.7
v 0.6 0.9 3.7
v 0.6 1 3.7
v 0.6 1.8 3.7
v 0.6 1.9 3.7
v 0.6 2.8 3.7
v 0.6 2.9 3.7
v 0.6 3 3.7
v 0.8 0.2 3.7
v 0.8 0.9 3.7
v 0.8 1 3.7
v 0.8 1.8 3.7
v 0.8 1.9 3.7
v 0.8 2.8 3.7
v 0.8 2.9 3.7
v 0.8 3 3.7
v -2.3 2.4 3.6
v -2.3 2.7 3.6
v -2.2 2.4 3.6
v -2.2 2.7 3.6
v -1.3 2.4 3.6
v -1.2 2.3 3.6
v -1.2 2.4 3.6
v -1.1 2.3 3.6
v -1.1 2.4 3.6
v -1.1 2.6 3.6
v -1 2.4 3.6
v -1 2.6 3.6
v -1 2.7 3.6
v -0.9 2.6 3.6
v -0.9 2.7 3.6
v 0.8 0 3.6
v 0.8 0.1 3.6
v 0.8 0.2 3.6
v 0.8 0.9 3.6
v 0.8 1 3.6
v 0.8 1.8 3.6
v 0.8 1.9 3.6
v 0.8 2.8 3.6
v 0.8 2.9 3.6
v 0.8 3 3.6
v 0.9 0 3.6
v 0.9 0.1 3.6
v 0.9 0.2 3.6
v 0.9 0.9 3.6
v 0.9 1 3.6
v 0.9 1.8 3.6
v 0.9 1.9 3.6
v 0.9 2.8 3.6
v 0.9 2.9 3.6
v 0.9 3 3.6
v 0.9 0 3.5
v 0.9 0.1 3.5
v 0.9 0.2 3.5
v 0.9 0.9 3.5
v 0.9 1 3.5
v 0.9 1.8 3.5
v 0.9 1.9 3.5
v 0.9 2.8 3.5
v 0.9 2.9 3.5
v 0.9 3 3.5
v 1.1 0 3.5
v 1.1 0.1 3.5
v 1.1 0.2 3.5
v 1.1 0.9 3.5
v 1.1 1 3.5
v 1.1 1.8 3.5
v 1.1 1.9 3.5
v 1.1 2.8 3.5
v 1.1 2.9 3.5
v 1.1 3 3.5
v 1.1 0 3.4
v 1.1 0.1 3.4
v 1.1 0.2 3.4
v 1.1 0.9 3.4
v 1.1 1 3.4
v 1.1 1.8 3.4
v 1.1 1.9 3.4
v 1.1 2.8 3.4
v 1.1 2.9 3.4
v 1.1 3 3.4
v 1.2 0 3.4
v 1.2 0.1 3.4
v 1.2 0.2 3.4
v 1.2 0.9 3.4
v 1.2 1 3.4
v 1.2 1.8 3.4
v 1.2 1.9 3.4
v 1.2 2.8 3.4
v 1.2 2.9 3.4
v 1.2 3 3.4
v 1.2 0 3.3
v 1.2 0.1 3.3
v 1.2 0.2 3.3
v 1.2 0.9 3.3
v 1.2 1 3.3
v 1.2 1.8 3.3
v 1.2 1.9 3.3
v 1.2 2.8 3.3
v 1.2 2.9 3.3
v 1.2 3 3.3
v 1.3 0 3.3
v 1.3 0.1 3.3
v 1.3 0.2 3.3
v 1.3 0.9 3.3
v 1.3 1 3.3
v 1.3 1.8 3.3
v 1.3 1.9 3.3
v 1.3 2.8 3.3
v 1.3 2.9 3.3
v 1.3 3 3.3
v -2.4 2.3 3.2
v -2.4 2.4 3.2
v -2.3 2.3 3.2
v -2.3 2.4 3.2
v -1.4 2.3 3.2
v -1.3 2.2 3.2
v -1.3 2.3 3.2
v -1.3 2.4 3.2
v -1.2 2.2 3.2
v -1.2 2.4 3.2
v 1.3 0 3.2
v 1.3 0.1 3.2
v 1.3 0.2 3.2
v 1.3 0.9 3.2
v 1.3 1 3.2
v 1.3 1.8 3.2
v 1.3 1.9 3.2
v 1.3 2.8 3.2
v 1.3 2.9 3.2
v 1.3 3 3.2
v 1.4 0 3.2
v 1.4 0.1 3.2
v 1.4 0.2 3.2
v 1.4 0.9 3.2
v 1.4 1 3.2
v 1.4 1.8 3.2
v 1.4 1.9 3.2
v 1.4 2.8 3.2
v 1.4 2.9 3.2
v 1.4 3 3.2
v 1.4 0 3.1
v 1.4 0.1 3.1
v 1.4 0.2 3.1
v 1.4 0.9 3.1
v 1.4 1 3.1
v 1.4 1.8 3.1
v 1.4 1.9 3.1
v 1.4 2.8 3.1
v 1.4 2.9 3.1
v 1.4 3 3.1
v 1.5 0 3.1
v 1.5 0.1 3.1
v 1.5 0.2 3.1
v 1.5 0.9 3.1
v 1.5 1 3.1
v 1.5 1.8 3.1
v 1.5 1.9 3.1
v 1.5 2.8 3.1
v 1.5 2.9 3.1
v 1.5 3 3.1
v 1.5 0 3
v 1.5 0.1 3
v 1.5 0.2 3
v 1.5 0.9 3
v 1.5 1 3
v 1.5 1.8 3
v 1.5 1.9 3
v 1.5 2.8 3
v 1.5 2.9 3
v 1.5 3 3
v 1.6 0 3
v 1.6 0.1 3
v 1.6 0.2 3
v 1.6 0.9 3
v 1.6 1 3
v 1.6 1.8 3
v 1.6 1.9 3
v 1.6 2.8 3
v 1.6 2.9 3
v 1.6 3 3
v -2.6 2 2.9
v -2.6 2.3 2.9
v -2.5 2 2.9
v -2.5 2.1 2.9
v -2.4 2.1 2.9
v -2.4 2.3 2.9
v -1.6 2 2.9
v -1.5 1.9 2.9
v -1.5 2 2.9
v -1.5 2.3 2.9
v -1.4 1.9 2.9
v -1.4 2.2 2.9
v -1.3 2.2 2.9
v -1.3 2.3 2.9
v 1.6 0 2.9
v 1.6 0.1 2.9
v 1.6 0.2 2.9
v 1.6 0.9 2.9
v 1.6 1 2.9
v 1.6 1.8 2.9
v 1.6 1.9 2.9
v 1.6 2.8 2.9
v 1.6 2.9 2.9
v 1.6 3 2.9
v 1.7 0.2 2.9
v 1.7 0.9 2.9
v 1.7 1 2.9
v 1.7 1.8 2.9
v 1.7 1.9 2.9
v 1.7 2.8 2.9
v 1.7 2.9 2.9
v 1.7 3 2.9
v 2 0 2.9
v 2 0.1 2.9
v 1.7 0.2 2.8
v 1.7 0.9 2.8
v 1.7 1 2.8
v 1.7 1.8 2.8
v 1.7 1.9 2.8
v 1.7 2.8 2.8
v 1.7 2.9 2.8
v 1.7 3 2.8
v 1.9 0.2 2.8
v 1.9 0.9 2.8
v 1.9 1 2.8
v 1.9 1.8 2.8
v 1.9 1.9 2.8
v 1.9 2.8 2.8
v 1.9 2.9 2.8
v 1.9 3 2.8
v 1.9 0.2 2.6
v 1.9 0.9 2.6
v 1.9 1 2.6
v 1.9 1.8 2.6
v 1.9 1.9 2.6
v 1.9 2.8 2.6
v 1.9 2.9 2.6
v 1.9 3 2.6
v 2.1 0.2 2.6
v 2.1 0.9 2.6
v 2.1 1 2.6
v 2.1 1.8 2.6
v 2.1 1.9 2.6
v 2.1 2.8 2.6
v 2.1 2.9 2.6
v 2.1 3 2.6
v -2.8 1.7 2.5
v -2.8 2 2.5
v -2.7 1.7 2.5
v -2.6 1.7 2.5
v -2.6 2 2.5
v -1.7 1.7 2.5
v -1.7 1.9 2.5
v -1.6 1.7 2.5
v -1.6 1.9 2.5
v -1.6 2 2.5
v -1.5 1.9 2.5
v -1.5 2 2.5
v 2.1 0.2 2.5
v 2.1 0.9 2.5
v 2.1 1 2.5
v 2.1 1.8 2.5
v 2.1 1.9 2.5
v 2.1 2.8 2.5
v 2.1 2.9 2.5
v 2.1 3 2.5
v 2.2 0.2 2.5
v 2.2 0.9 2.5
v 2.2 1 2.5
v 2.2 1.8 2.5
v 2.2 1.9 2.5
v 2.2 2.8 2.5
v 2.2 2.9 2.5
v 2.2 3 2.5
v 2.2 0.2 2.4
v 2.2 0.9 2.4
v 2.2 1 2.4
v 2.2 1.8 2.4
v 2.2 1.9 2.4
v 2.2 2.8 2.4
v 2.2 2.9 2.4
v 2.2 3 2.4
v 2.4 0.2 2.4
v 2.4 0.9 2.4
v 2.4 1 2.4
v 2.4 1.8 2.4
v 2.4 1.9 2.4
v 2.4 2.8 2.4
v 2.4 2.9 2.4
v 2.4 3 2.4
v 2.6 0.2 2.3
v 2.6 0.9 2.3
v 2.6 1 2.3
v 2.6 1.1 2.3
v 2.7 0.2 2.3
v 2.7 1.1 2.3
v 2.4 0.2 2.2
v 2.4 0.9 2.2
v 2.4 1 2.2
v 2.4 1.8 2.2
v 2.4 1.9 2.2
v 2.4 2.8 2.2
v 2.4 2.9 2.2
v 2.4 3 2.2
v 2.5 1.1 2.2
v 2.5 1.8 2.2
v 2.5 1.9 2.2
v 2.5 2.8 2.2
v 2.5 2.9 2.2
v 2.5 3 2.2
v 2.6 0.2 2.2
v 2.6 0.9 2.2
v 2.6 1 2.2
v 2.6 1.1 2.2
v -2.9 1.4 2.1
v -2.9 1.7 2.1
v -2.8 1.4 2.1
v -2.8 1.6 2.1
v -2.7 1.6 2.1
v -2.7 1.7 2.1
v -1.9 1.4 2.1
v -1.8 1.3 2.1
v -1.8 1.4 2.1
v -1.8 1.6 2.1
v -1.7 1.3 2.1
v -1.7 1.6 2.1
v -1.7 1.7 2.1
v -1.6 1.6 2.1
v -1.6 1.7 2.1
v 2.5 1.1 2.1
v 2.5 1.8 2.1
v 2.5 1.9 2.1
v 2.5 2.8 2.1
v 2.5 2.9 2.1
v 2.5 3 2.1
v 2.6 1.1 2.1
v 2.6 1.8 2.1
v 2.6 1.9 2.1
v 2.6 2.8 2.1
v 2.6 2.9 2.1
v 2.6 3 2.1
v 2.9 0 2
v 2.9 0.1 2
v 3 0 2
v 3 0.1 2
v 2.6 1.1 1.9
v 2.6 1.8 1.9
v 2.6 1.9 1.9
v 2.6 2.8 1.9
v 2.6 2.9 1.9
v 2.6 3 1.9
v 2.7 1.1 1.9
v 2.7 1.8 1.9
v 2.7 1.9 1.9
v 2.7 2.8 1.9
v 2.7 2.9 1.9
v 2.7 3 1.9
v 3 0 1.9
v 3 0.1 1.9
v 3.1 0 1.9
v 3.1 0.1 1.9
v 2.7 1.1 1.8
v 2.7 1.8 1.8
v 2.7 1.9 1.8
v 2.7 2.8 1.8
v 2.7 2.9 1.8
v 2.7 3 1.8
v 2.8 2 1.8
v 2.8 2.7 1.8
v 3 0.2 1.8
v 3 1.1 1.8
v 3 1.8 1.8
v 3 1.9 1.8
v 3 2 1.8
v 3 2.7 1.8
v 3 2.8 1.8
v 3 2.9 1.8
v 3 3 1.8
v 3.1 0.2 1.8
v 3.1 1.1 1.8
v -3 1.1 1.7
v -3 1.4 1.7
v -2.9 1.1 1.7
v -2.9 1.4 1.7
v -2 1.1 1.7
v -1.9 1 1.7
v -1.9 1.1 1.7
v -1.9 1.4 1.7
v -1.8 1 1.7
v -1.8 1.4 1.7
v 3.1 0 1.7
v 3.1 0.1 1.7
v 3.2 0 1.7
v 3.2 0.1 1.7
v 3.2 0 1.6
v 3.2 0.1 1.6
v 3.3 0 1.6
v 3.3 0.1 1.6
v 3 1.1 1.5
v 3 1.8 1.5
v 3 1.9 1.5
v 3 2.8 1.5
v 3 2.9 1.5
v 3 3 1.5
v 3.2 1.1 1.5
v 3.2 1.8 1.5
v 3.2 1.9 1.5
v 3.2 2.8 1.5
v 3.2 2.9 1.5
v 3.2 3 1.5
v 3.3 0 1.5
v 3.3 0.1 1.5
v 3.4 0 1.5
v 3.4 0.1 1.5
v -2 1 1.4
v -2 1.1 1.4
v -1.9 1 1.4
v -1.9 1.1 1.4
v 3.4 0 1.4
v 3.4 0.1 1.4
v 3.5 0 1.4
v 3.5 0.1 1.4
v -3.1 0.8 1.3
v -3.1 1.1 1.3
v -3 0.8 1.3
v -3 1 1.3
v -2.9 1 1.3
v -2.9 1.1 1.3
v -2.2 0.8 1.3
v -2.1 0.7 1.3
v -2.1 0.8 1.3
v -2.1 1.1 1.3
v -2 0.7 1.3
v -2 1.1 1.3
v 3.2 0.2 1
v 3.2 0.9 1
v 3.2 1 1
v 3.2 1.8 1
v 3.2 1.9 1
v 3.2 2.8 1
v 3.2 2.9 1
v 3.2 3 1
v 3.3 0.2 1
v 3.3 0.9 1
v 3.3 1 1
v 3.3 1.8 1
v 3.3 1.9 1
v 3.3 2.8 1
v 3.3 2.9 1
v 3.3 3 1
v -3.3 0.5 0.7
v -3.3 0.8 0.7
v -3.2 0.5 0.7
v -3.2 0.8 0.7
v -2.4 0.5 0.7
v -2.4 0.7 0.7
v -2.3 0.5 0.7
v -2.3 0.7 0.7
v -2.3 0.8 0.7
v -2.2 0.5 0.7
v -2.2 0.7 0.7
v -2.1 0.7 0.7
v -2.1 0.8 0.7
v 3.3 0.2 0.7
v 3.3 0.9 0.7
v 3.3 1 0.7
v 3.3 1.8 0.7
v 3.3 1.9 0.7
v 3.3 2.8 0.7
v 3.3 2.9 0.7
v 3.3 3 0.7
v 3.5 0.2 0.7
v 3.5 0.9 0.7
v 3.5 1 0.7
v 3.5 1.8 0.7
v 3.5 1.9 0.7
v 3.5 2.8 0.7
v 3.5 2.9 0.7
v 3.5 3 0.7
v -3 0.2 0.5
v -3 0.3 0.5
v -2.9 0.2 0.5
v -2.9 0.3 0.5
v -2.8 0.2 0.5
v -2.8 0.3 0.5
v -2.4 0.2 0.5
v -2.4 0.3 0.5
v -2.3 0.2 0.5
v -2.3 0.3 0.5
v 3.5 0 0.5
v 3.5 0.1 0.5
v 3.5 0.2 0.5
v 3.5 0.9 0.5
v 3.5 1 0.5
v 3.5 1.8 0.5
v 3.5 1.9 0.5
v 3.5 2.8 0.5
v 3.5 2.9 0.5
v 3.5 3 0.5
v 3.6 0.2 0.5
v 3.6 0.9 0.5
v 3.6 1 0.5
v 3.6 1.8 0.5
v 3.6 1.9 0.5
v 3.6 2.8 0.5
v 3.6 2.9 0.5
v 3.6 3 0.5
v 3.9 0 0.5
v 3.9 0.1 0.5
v 3.6 0.2 0.4
v 3.6 0.9 0.4
v 3.6 1 0.4
v 3.6 1.8 0.4
v 3.6 1.9 0.4
v 3.6 2.8 0.4
v 3.6 2.9 0.4
v 3.6 3 0.4
v 3.7 0.2 0.4
v 3.7 0.9 0.4
v 3.7 1 0.4
v 3.7 1.8 0.4
v 3.7 1.9 0.4
v 3.7 2.8 0.4
v 3.7 2.9 0.4
v 3.7 3 0.4
v -3.4 0.4 0.3
v -3.4 0.5 0.3
v -3.3 0.4 0.3
v -3.3 0.5 0.3
v -2.4 0.4 0.3
v -2.4 0.5 0.3
v -2.3 0.4 0.3
v -2.3 0.5 0.3
v 3.7 0.2 0.2
v 3.7 0.9 0.2
v 3.7 1 0.2
v 3.7 1.8 0.2
v 3.7 1.9 0.2
v 3.7 2.8 0.2
v 3.7 2.9 0.2
v 3.7 3 0.2
v 3.8 0.2 0.2
v 3.8 0.9 0.2
v 3.8 1 0.2
v 3.8 1.8 0.2
v 3.8 1.9 0.2
v 3.8 2.8 0.2
v 3.8 2.9 0.2
v 3.8 3 0.2
v -3.5 0.2 0
v -3.5 0.3 0
v -3.4 0.2 0
v -3.4 0.3 0
v -3.4 0.4 0
v -3.3 0.3 0
v -3.3 0.4 0
v -2.4 0.2 0
v -2.4 0.4 0
v -2.3 0.2 0
v -2.3 0.4 0
v 3.8 0.2 0
v 3.8 0.9 0
v 3.8 1 0
v 3.8 1.8 0
v 3.8 1.9 0
v 3.8 2.8 0
v 3.8 2.9 0
v 3.8 3 0
v 3.9 0.2 0
v 3.9 0.9 0
v 3.9 1 0
v 3.9 1.8 0
v 3.9 1.9 0
v 3.9 2.8 0
v 3.9 2.9 0
v 3.9 3 0
v 3.9 0 -0.1
v 3.9 0.1 -0.1
v 4 0 -0.1
v 4 0.1 -0.1
v 3.9 0.2 -0.2
v 3.9 0.9 -0.2
v 3.9 1 -0.2
v 3.9 1.8 -0.2
v 3.9 1.9 -0.2
v 3.9 2.8 -0.2
v 3.9 2.9 -0.2
v 3.9 3 -0.2
v 4 0.2 -0.2
v 4 0.9 -0.2
v 4 1 -0.2
v 4 1.8 -0.2
v 4 1.9 -0.2
v 4 2.8 -0.2
v 4 2.9 -0.2
v 4 3 -0.2
v -2.9 0 -0.4
v -2.9 0.1 -0.4
v -2.4 0 -0.4
v -2.4 0.1 -0.4
v 4 0.2 -0.5
v 4 0.9 -0.5
v 4 1 -0.5
v 4 1.8 -0.5
v 4 1.9 -0.5
v 4 2.8 -0.5
v 4 2.9 -0.5
v 4 3 -0.5
v 4.1 0.2 -0.5
v 4.1 0.9 -0.5
v 4.1 1 -0.5
v 4.1 1.8 -0.5
v 4.1 1.9 -0.5
v 4.1 2.8 -0.5
v 4.1 2.9 -0.5
v 4.1 3 -0.5
v 4 0 -0.6
v 4 0.1 -0.6
v 4.3 0 -0.6
v 4.3 0.1 -0.6
v 4.1 0.2 -0.8
v 4.1 0.9 -0.8
v 4.1 1 -0.8
v 4.1 1.8 -0.8
v 4.1 1.9 -0.8
v 4.1 2.8 -0.8
v 4.1 2.9 -0.8
v 4.1 3 -0.8
v 4.2 0.2 -0.8
v 4.2 0.9 -0.8
v 4.2 1 -0.8
v 4.2 1.8 -0.8
v 4.2 1.9 -0.8
v 4.2 2.8 -0.8
v 4.2 2.9 -0.8
v 4.2 3 -0.8
v 4.2 0.2 -1.2
v 4.2 0.9 -1.2
v 4.2 1 -1.2
v 4.2 1.8 -1.2
v 4.2 1.9 -1.2
v 4.2 2.8 -1.2
v 4.2 2.9 -1.2
v 4.2 3 -1.2
v 4.3 0.2 -1.2
v 4.3 0.9 -1.2
v 4.3 1 -1.2
v 4.3 1.8 -1.2
v 4.3 1.9 -1.2
v 4.3 2.8 -1.2
v 4.3 2.9 -1.2
v 4.3 3 -1.2
v 4.3 0 -1.4
v 4.3 0.1 -1.4
v 4.4 0 -1.4
v 4.4 0.1 -1.4
v 4.3 0.2 -1.5
v 4.3 0.9 -1.5
v 4.3 1 -1.5
v 4.3 1.8 -1.5
v 4.3 1.9 -1.5
v 4.3 2.8 -1.5
v 4.3 2.9 -1.5
v 4.3 3 -1.5
v 4.4 0.2 -1.5
v 4.4 0.9 -1.5
v 4.4 1 -1.5
v 4.4 1.8 -1.5
v 4.4 1.9 -1.5
v 4.4 2.8 -1.5
v 4.4 2.9 -1.5
v 4.4 3 -1.5
v 4.4 0.2 -1.8
v 4.4 0.9 -1.8
v 4.4 1 -1.8
v 4.4 1.8 -1.8
v 4.4 1.9 -1.8
v 4.4 2.8 -1.8
v 4.4 2.9 -1.8
v 4.4 3 -1.8
v 4.5 0.2 -1.8
v 4.5 0.9 -1.8
v 4.5 1 -1.8
v 4.5 1.8 -1.8
v 4.5 1.9 -1.8
v 4.5 2.8 -1.8
v 4.5 2.9 -1.8
v 4.5 3 -1.8
v 4.4 0 -2
v 4.4 0.1 -2
v 4.8 0 -2
v 4.8 0.1 -2
v 4.5 0.2 -2.1
v 4.5 0.9 -2.1
v 4.5 1 -2.1
v 4.5 1.8 -2.1
v 4.5 1.9 -2.1
v 4.5 3 -2.1
v 4.8 0 -2.1
v 4.8 0.1 -2.1
v 4.8 0.2 -2.1
v 4.8 0.9 -2.1
v 4.8 1 -2.1
v 4.8 1.8 -2.1
v 4.8 1.9 -2.1
v 4.8 2.9 -2.1
v 4.9 0 -2.1
v 4.9 0.1 -2.1
v 4.9 0.2 -2.1
v 4.9 2.9 -2.1
v 4.9 3 -2.1
v 1.5 1.9 -3.6
v 1.5 2.6 -3.6
v 1.6 2 -3.6
v 1.6 2.5 -3.6
v 1.7 2.1 -3.6
v 1.7 2.4 -3.6
v 1.8 2.2 -3.6
v 1.8 2.3 -3.6
v 2 2.2 -3.6
v 2 2.3 -3.6
v 2.1 2.2 -3.6
v 2.1 2.3 -3.6
v 2.3 2.2 -3.6
v 2.3 2.3 -3.6
v 2.4 2.1 -3.6
v 2.4 2.4 -3.6
v 2.5 2 -3.6
v 2.5 2.5 -3.6
v 2.6 1.9 -3.6
v 2.6 2.6 -3.6
v 1.1 0.2 -3.9
v 1.1 3 -3.9
v 1.6 0.2 -3.9
v 1.6 0.8 -3.9
v 1.6 1 -3.9
v 1.6 1.7 -3.9
v 1.8 0.8 -3.9
v 1.8 1 -3.9
v 2.5 0.2 -3.9
v 2.5 1.7 -3.9
v 4.9 0.2 -3.9
v 4.9 3 -3.9
v -5 0.2 -4.3
v -5 3 -4.3
v -0.5 0.2 -4.3
v -0.5 1.6 -4.3
v 0.2 0.6 -4.3
v 0.2 1 -4.3
v 0.3 0.6 -4.3
v 0.3 1 -4.3
v 0.4 0.2 -4.3
v 0.4 1.6 -4.3
v 5 0.2 -4.3
v 5 3 -4.3
v 0.7 0 3.9
v 0.8 0 3.9
v 0.9 0 3.9
v 0.7 0 3.8
v 0.8 0 3.8
v 0.9 0 3.8
v 1.1 0 3.8
v 1.1 0 3.7
v 1.3 0 3.7
v 0.8 0 3.6
v 0.9 0 3.6
v 1.3 0 3.6
v 1.4 0 3.6
v 0.9 0 3.5
v 1.1 0 3.5
v 1.4 0 3.5
v 1.6 0 3.5
v 1.1 0 3.4
v 1.2 0 3.4
v 1.6 0 3.4
v 1.7 0 3.4
v 1.2 0 3.3
v 1.3 0 3.3
v 1.3 0 3.2
v 1.4 0 3.2
v 1.7 0 3.2
v 1.8 0 3.2
v 1.4 0 3.1
v 1.5 0 3.1
v 1.8 0 3.1
v 2 0 3.1
v 1.5 0 3
v 1.6 0 3
v 1.6 0 2.9
v 2 0 2.9
v 2.9 0 2.1
v 3.1 0 2.1
v 2.9 0 2
v 3 0 2
v 3 0 1.9
v 3.1 0 1.9
v 3.2 0 1.9
v 3.1 0 1.7
v 3.2 0 1.7
v 3.4 0 1.7
v 3.2 0 1.6
v 3.3 0 1.6
v 3.4 0 1.6
v 3.5 0 1.6
v 3.3 0 1.5
v 3.4 0 1.5
v 3.4 0 1.4
v 3.5 0 1.4
v 3.6 0 1.4
v 3.5 0 1.2
v 3.6 0 1.2
v 3.7 0 1.2
v 3.6 0 1
v 3.7 0 1
v 3.8 0 1
v 3.7 0 0.8
v 3.8 0 0.8
v 3.9 0 0.8
v 3.8 0 0.6
v 3.9 0 0.6
v 4 0 0.6
v 3.5 0 0.5
v 3.9 0 0.5
v 3.9 0 0.4
v 4 0 0.4
v 4.1 0 0.4
v 4.1 0 0.2
v 4.2 0 0.2
v 4 0 0.0999999
v 4.1 0 0.0999999
v -2.9 0 0
v -2.4 0 0
v 4.1 0 0
v 4.2 0 0
v 4.3 0 0
v 3.9 0 -0.1
v 4 0 -0.1
v 4.2 0 -0.2
v 4.3 0 -0.2
v 4.4 0 -0.2
v -2.9 0 -0.4
v -2.4 0 -0.4
v 4.3 0 -0.5
v 4.4 0 -0.5
v 4.5 0 -0.5
v 4 0 -0.6
v 4.3 0 -0.6
v 4.4 0 -0.6
v 4.4 0 -0.8
v 4.5 0 -0.8
v 4.6 0 -0.8
v 4.5 0 -1.2
v 4.6 0 -1.2
v 4.7 0 -1.2
v 4.3 0 -1.4
v 4.4 0 -1.4
v 4.6 0 -1.4
v 4.7 0 -1.4
v 4.8 0 -1.4
v 4.7 0 -1.7
v 4.8 0 -1.7
v 4.9 0 -1.7
v 4.4 0 -2
v 4.8 0 -2
v 4.8 0 -2.1
v 4.9 0 -2.1
v -5 0.2 4
v 0.7 0.2 4
v -4.9 0.2 3.9
v 0.6 0.2 3.9
v 0.7 0.2 3.9
v 0.8 0.2 3.9
v 0.9 0.2 3.9
v 0.7 0.2 3.8
v 0.8 0.2 3.8
v 0.9 0.2 3.8
v 1.1 0.2 3.8
v 0.6 0.2 3.7
v 0.8 0.2 3.7
v 1.1 0.2 3.7
v 1.3 0.2 3.7
v 0.8 0.2 3.6
v 0.9 0.2 3.6
v 1.3 0.2 3.6
v 1.4 0.2 3.6
v 0.9 0.2 3.5
v 1.1 0.2 3.5
v 1.4 0.2 3.5
v 1.6 0.2 3.5
v 1.1 0.2 3.4
v 1.2 0.2 3.4
v 1.6 0.2 3.4
v 1.7 0.2 3.4
v 1.2 0.2 3.3
v 1.3 0.2 3.3
v 1.6 0.2 3.3
v 1.7 0.2 3.3
v 1.3 0.2 3.2
v 1.4 0.2 3.2
v 1.6 0.2 3.2
v 1.7 0.2 3.2
v 1.8 0.2 3.2
v 1.4 0.2 3.1
v 1.5 0.2 3.1
v 1.8 0.2 3.1
v 2 0.2 3.1
v 1.5 0.2 3
v 1.6 0.2 3
v 1.6 0.2 2.9
v 1.7 0.2 2.9
v 2 0.2 2.9
v 2.2 0.2 2.9
v 1.7 0.2 2.8
v 1.9 0.2 2.8
v 2.2 0.2 2.8
v 2.4 0.2 2.8
v 1.9 0.2 2.6
v 2.1 0.2 2.6
v 2.4 0.2 2.6
v 2.6 0.2 2.6
v 2.1 0.2 2.5
v 2.2 0.2 2.5
v 2.6 0.2 2.5
v 2.7 0.2 2.5
v 2.2 0.2 2.4
v 2.4 0.2 2.4
v 2.6 0.2 2.4
v 2.7 0.2 2.4
v 2.6 0.2 2.3
v 2.7 0.2 2.3
v 2.4 0.2 2.2
v 2.6 0.2 2.2
v 3 0.2 1.9
v 3.1 0.2 1.9
v 3 0.2 1.8
v 3.1 0.2 1.8
v 3.3 0.2 1.4
v 3.5 0.2 1.4
v 3.6 0.2 1.4
v 3.2 0.2 1.3
v 3.3 0.2 1.3
v 3.5 0.2 1.3
v 3.6 0.2 1.2
v 3.7 0.2 1.2
v 3.2 0.2 1
v 3.3 0.2 1
v 3.7 0.2 1
v 3.8 0.2 1
v 3.8 0.2 0.8
v 3.9 0.2 0.8
v -2.7 0.2 0.7
v -2.4 0.2 0.7
v -2.3 0.2 0.7
v 3.3 0.2 0.7
v 3.5 0.2 0.7
v -3 0.2 0.6
v -2.9 0.2 0.6
v -2.8 0.2 0.6
v -2.7 0.2 0.6
v 3.9 0.2 0.6
v 4 0.2 0.6
v -3 0.2 0.5
v -2.9 0.2 0.5
v -2.8 0.2 0.5
v -2.4 0.2 0.5
v -2.3 0.2 0.5
v 3.5 0.2 0.5
v 3.6 0.2 0.5
v 3.9 0.2 0.5
v 4 0.2 0.5
v 3.6 0.2 0.4
v 3.7 0.2 0.4
v 3.9 0.2 0.4
v 4 0.2 0.4
v 4.1 0.2 0.4
v -3.5 0.2 0.2
v -3.4 0.2 0.2
v -2.4 0.2 0.2
v -2.3 0.2 0.2
v 3.7 0.2 0.2
v 3.8 0.2 0.2
v 4.1 0.2 0.2
v 4.2 0.2 0.2
v -3.4 0.2 0.0999999
v -2.4 0.2 0.0999999
v -3.5 0.2 0
v -3.4 0.2 0
v -2.4 0.2 0
v -2.3 0.2 0
v 3.8 0.2 0
v 3.9 0.2 0
v 4.2 0.2 0
v 4.3 0.2 0
v 3.9 0.2 -0.2
v 4 0.2 -0.2
v 4.3 0.2 -0.2
v 4.4 0.2 -0.2
v 4 0.2 -0.5
v 4.1 0.2 -0.5
v 4.4 0.2 -0.5
v 4.5 0.2 -0.5
v 4.4 0.2 -0.6
v 4.5 0.2 -0.6
v 4.4 0.2 -0.7
v 4.5 0.2 -0.7
v 4.1 0.2 -0.8
v 4.2 0.2 -0.8
v 4.5 0.2 -0.8
v 4.6 0.2 -0.8
v 4.2 0.2 -1.2
v 4.3 0.2 -1.2
v 4.6 0.2 -1.2
v 4.7 0.2 -1.2
v 4.7 0.2 -1.4
v 4.8 0.2 -1.4
v 4.3 0.2 -1.5
v 4.4 0.2 -1.5
v 4.8 0.2 -1.7
v 4.9 0.2 -1.7
v 4.4 0.2 -1.8
v 4.5 0.2 -1.8
v 4.5 0.2 -2
v 4.8 0.2 -2
v 4.9 0.2 -2
v 4.5 0.2 -2.1
v 4.8 0.2 -2.1
v 4.9 0.2 -2.1
v 5 0.2 -2.1
v 1 0.2 -3.8
v 1.6 0.2 -3.8
v 2.5 0.2 -3.8
v 4.9 0.2 -3.8
v 1.1 0.2 -3.9
v 1.6 0.2 -3.9
v 2.5 0.2 -3.9
v 4.9 0.2 -3.9
v -4.9 0.2 -4.2
v -0.5 0.2 -4.2
v 0.4 0.2 -4.2
v 1 0.2 -4.2
v 1.1 0.2 -4.2
v 4.9 0.2 -4.2
v -5 0.2 -4.3
v -0.5 0.2 -4.3
v 0.4 0.2 -4.3
v 5 0.2 -4.3
v -3.3 0.3 0.9
v -3.2 0.3 0.9
v -2.4 0.3 0.9
v -2.3 0.3 0.9
v -3.4 0.3 0.7
v -3.3 0.3 0.7
v -3.2 0.3 0.7
v -2.7 0.3 0.7
v -2.4 0.3 0.7
v -2.3 0.3 0.7
v -3 0.3 0.6
v -2.9 0.3 0.6
v -2.8 0.3 0.6
v -2.7 0.3 0.6
v -3 0.3 0.5
v -2.9 0.3 0.5
v -2.8 0.3 0.5
v -2.4 0.3 0.5
v -2.3 0.3 0.5
v -3.3 0.3 0.4
v -2.4 0.3 0.4
v -3.4 0.3 0.2
v -3.3 0.3 0.2
v -2.4 0.3 0.2
v -2.3 0.3 0.2
v -2.3 0.5 0.9
v -2.2 0.5 0.9
v -2.3 0.5 0.7
v -2.2 0.5 0.7
v -4.2 0.6 -4.1
v -1.3 0.6 -4.1
v -4.2 0.6 -4.2
v -1.3 0.6 -4.2
v -3.2 0.7 1.4
v -3 0.7 1.4
v -2.1 0.7 1.4
v -2 0.7 1.4
v -3.1 0.7 1.3
v -3 0.7 1.3
v -2.2 0.7 1.3
v -2.1 0.7 1.3
v -2 0.7 1.3
v -3.2 0.7 0.9
v -3.1 0.7 0.9
v -2.4 0.7 0.9
v -2.2 0.7 0.9
v -2.2 0.7 0.7
v -2.1 0.7 0.7
v -3 1 1.8
v -2.9 1 1.8
v -2.1 1 1.8
v -1.8 1 1.8
v -3.1 1 1.7
v -3 1 1.7
v -2.9 1 1.7
v -2.1 1 1.7
v -2 1 1.7
v -1.9 1 1.7
v -1.8 1 1.7
v -3.1 1 1.4
v -3 1 1.4
v -2.9 1 1.4
v -2.1 1 1.4
v -2 1 1.4
v -1.9 1 1.4
v 2.6 1.1 2.3
v 2.7 1.1 2.3
v 2.9 1.1 2.3
v 2.5 1.1 2.2
v 2.6 1.1 2.2
v 2.5 1.1 2.1
v 2.6 1.1 2.1
v 2.9 1.1 2.1
v 3.1 1.1 2.1
v 2.6 1.1 1.9
v 2.7 1.1 1.9
v 3 1.1 1.9
v 3.1 1.1 1.9
v 3.2 1.1 1.9
v 2.7 1.1 1.8
v 3 1.1 1.8
v 3.1 1.1 1.8
v 3.2 1.1 1.7
v 3.4 1.1 1.7
v 3.4 1.1 1.6
v 3.5 1.1 1.6
v 3 1.1 1.5
v 3.2 1.1 1.5
v 3.3 1.1 1.5
v 3.5 1.1 1.5
v 3.3 1.1 1.4
v 3.5 1.1 1.4
v 3.2 1.1 1.3
v 3.3 1.1 1.3
v 2.8 1.1 -3.7
v 4.5 1.1 -3.7
v 2.8 1.1 -3.8
v 4.5 1.1 -3.8
v -3 1.3 2.2
v -2.8 1.3 2.2
v -1.8 1.3 2.2
v -1.7 1.3 2.2
v -2.9 1.3 2.1
v -2.8 1.3 2.1
v -1.9 1.3 2.1
v -1.8 1.3 2.1
v -1.7 1.3 2.1
v -3 1.3 1.8
v -2.9 1.3 1.8
v -1.9 1.3 1.8
v -1.8 1.3 1.8
v 3 1.3 -3.7
v 3.2 1.3 -3.7
v 3.3 1.3 -3.7
v 3.5 1.3 -3.7
v 3.8 1.3 -3.7
v 4 1.3 -3.7
v 4.1 1.3 -3.7
v 4.3 1.3 -3.7
v 3 1.3 -3.8
v 3.2 1.3 -3.8
v 3.3 1.3 -3.8
v 3.5 1.3 -3.8
v 3.8 1.3 -3.8
v 4 1.3 -3.8
v 4.1 1.3 -3.8
v 4.3 1.3 -3.8
v -4.1 1.4 -4.1
v -3.5 1.4 -4.1
v -3.4 1.4 -4.1
v -2.3 1.4 -4.1
v -2.2 1.4 -4.1
v -1.4 1.4 -4.1
v -4.1 1.4 -4.2
v -3.5 1.4 -4.2
v -3.4 1.4 -4.2
v -2.3 1.4 -4.2
v -2.2 1.4 -4.2
v -1.4 1.4 -4.2
v -2.8 1.6 2.6
v -2.6 1.6 2.6
v -1.7 1.6 2.6
v -1.6 1.6 2.6
v -2.7 1.6 2.5
v -2.6 1.6 2.5
v -1.7 1.6 2.5
v -2.8 1.6 2.2
v -2.7 1.6 2.2
v -1.8 1.6 2.2
v -1.7 1.6 2.2
v -1.7 1.6 2.1
v -1.6 1.6 2.1
v 3 1.6 -3.7
v 3.2 1.6 -3.7
v 3.3 1.6 -3.7
v 3.5 1.6 -3.7
v 3.8 1.6 -3.7
v 4 1.6 -3.7
v 4.1 1.6 -3.7
v 4.3 1.6 -3.7
v 3 1.6 -3.8
v 3.2 1.6 -3.8
v 3.3 1.6 -3.8
v 3.5 1.6 -3.8
v 3.8 1.6 -3.8
v 4 1.6 -3.8
v 4.1 1.6 -3.8
v 4.3 1.6 -3.8
v -1.4 1.6 -4
v -1.3 1.6 -4
v -4.1 1.6 -4.1
v -1.4 1.6 -4.1
v -1.3 1.6 -4.1
v -4.1 1.6 -4.2
v -1.4 1.6 -4.2
v -2.7 1.9 3
v -2.5 1.9 3
v -1.5 1.9 3
v -1.4 1.9 3
v -2.6 1.9 2.9
v -2.5 1.9 2.9
v -1.6 1.9 2.9
v -1.5 1.9 2.9
v -1.4 1.9 2.9
v -2.7 1.9 2.6
v -2.6 1.9 2.6
v -1.7 1.9 2.6
v -1.6 1.9 2.6
v -1.6 1.9 2.5
v -1.5 1.9 2.5
v 1.5 1.9 -3.5
v 2.6 1.9 -3.5
v 1.5 1.9 -3.6
v 2.6 1.9 -3.6
v 2.9 1.9 -3.7
v 3.6 1.9 -3.7
v 3.7 1.9 -3.7
v 4.4 1.9 -3.7
v 2.9 1.9 -3.8
v 3.6 1.9 -3.8
v 3.7 1.9 -3.8
v 4.4 1.9 -3.8
v -4.2 2 -4.1
v -3.9 2 -4.1
v -3.8 2 -4.1
v -3.7 2 -4.1
v -3.6 2 -4.1
v -3.4 2 -4.1
v -3.3 2 -4.1
v -3 2 -4.1
v -2.8 2 -4.1
v -2.7 2 -4.1
v -2.6 2 -4.1
v -2.5 2 -4.1
v -2.2 2 -4.1
v -2.1 2 -4.1
v -2 2 -4.1
v -1.7 2 -4.1
v -1.6 2 -4.1
v -1.3 2 -4.1
v -1.2 2 -4.1
v -0.9 2 -4.1
v -4.2 2 -4.2
v -3.9 2 -4.2
v -3.8 2 -4.2
v -3.7 2 -4.2
v -3.6 2 -4.2
v -3.4 2 -4.2
v -3.3 2 -4.2
v -3 2 -4.2
v -2.8 2 -4.2
v -2.7 2 -4.2
v -2.6 2 -4.2
v -2.5 2 -4.2
v -2.2 2 -4.2
v -2.1 2 -4.2
v -2 2 -4.2
v -1.7 2 -4.2
v -1.6 2 -4.2
v -1.3 2 -4.2
v -1.2 2 -4.2
v -0.9 2 -4.2
v -2.5 2.1 -4.1
v -2.4 2.1 -4.1
v -2.5 2.1 -4.2
v -2.4 2.1 -4.2
v -2.5 2.2 3.3
v -2.4 2.2 3.3
v -1.3 2.2 3.3
v -1.2 2.2 3.3
v -2.4 2.2 3.2
v -1.4 2.2 3.2
v -1.3 2.2 3.2
v -1.2 2.2 3.2
v -2.5 2.2 3
v -2.4 2.2 3
v -1.5 2.2 3
v -1.4 2.2 3
v -1.4 2.2 2.9
v -1.3 2.2 2.9
v 2 2.2 -3.6
v 2.1 2.2 -3.6
v 2.9 2.2 -3.7
v 4.4 2.2 -3.7
v 2 2.2 -3.8
v 2.1 2.2 -3.8
v 2.9 2.2 -3.8
v 4.4 2.2 -3.8
v -3.7 2.2 -4.1
v -3.6 2.2 -4.1
v -2.9 2.2 -4.1
v -2.8 2.2 -4.1
v -2.7 2.2 -4.1
v -2.6 2.2 -4.1
v -2.3 2.2 -4.1
v -2.2 2.2 -4.1
v -3.7 2.2 -4.2
v -3.6 2.2 -4.2
v -2.9 2.2 -4.2
v -2.8 2.2 -4.2
v -2.7 2.2 -4.2
v -2.6 2.2 -4.2
v -2.3 2.2 -4.2
v -2.2 2.2 -4.2
v -2.4 2.3 3.7
v -2.2 2.3 3.7
v -1.3 2.3 3.7
v -1.1 2.3 3.7
v -2.3 2.3 3.6
v -2.2 2.3 3.6
v -1.3 2.3 3.6
v -1.2 2.3 3.6
v -1.1 2.3 3.6
v -2.4 2.3 3.3
v -2.3 2.3 3.3
v -1.3 2.3 3.3
v -1.2 2.3 3.3
v -3.3 2.3 -4.1
v -3.2 2.3 -4.1
v -3.1 2.3 -4.1
v -3 2.3 -4.1
v -2.4 2.3 -4.1
v -2.3 2.3 -4.1
v -1.1 2.3 -4.1
v -0.9 2.3 -4.1
v -3.3 2.3 -4.2
v -3.2 2.3 -4.2
v -3.1 2.3 -4.2
v -3 2.3 -4.2
v -2.4 2.3 -4.2
v -2.3 2.3 -4.2
v -1.1 2.3 -4.2
v -0.9 2.3 -4.2
v -1.1 2.4 3.7
v -1 2.4 3.7
v -1.1 2.4 3.6
v -1 2.4 3.6
v -2.3 2.6 3.9
v -2.2 2.6 3.9
v -1 2.6 3.9
v -0.9 2.6 3.9
v -2.3 2.6 3.7
v -2.2 2.6 3.7
v -1.1 2.6 3.7
v -1 2.6 3.7
v -1 2.6 3.6
v -0.9 2.6 3.6
v 0.7 0.1 3.9
v 0.8 0.1 3.9
v 0.9 0.1 3.9
v 0.7 0.1 3.8
v 0.8 0.1 3.8
v 0.9 0.1 3.8
v 1.1 0.1 3.8
v 1.1 0.1 3.7
v 1.3 0.1 3.7
v 0.8 0.1 3.6
v 0.9 0.1 3.6
v 1.3 0.1 3.6
v 1.4 0.1 3.6
v 0.9 0.1 3.5
v 1.1 0.1 3.5
v 1.4 0.1 3.5
v 1.6 0.1 3.5
v 1.1 0.1 3.4
v 1.2 0.1 3.4
v 1.6 0.1 3.4
v 1.7 0.1 3.4
v 1.2 0.1 3.3
v 1.3 0.1 3.3
v 1.3 0.1 3.2
v 1.4 0.1 3.2
v 1.7 0.1 3.2
v 1.8 0.1 3.2
v 1.4 0.1 3.1
v 1.5 0.1 3.1
v 1.8 0.1 3.1
v 2 0.1 3.1
v 1.5 0.1 3
v 1.6 0.1 3
v 1.6 0.1 2.9
v 2 0.1 2.9
v 2.9 0.1 2.1
v 3.1 0.1 2.1
v 2.9 0.1 2
v 3 0.1 2
v 3 0.1 1.9
v 3.1 0.1 1.9
v 3.2 0.1 1.9
v 3.1 0.1 1.7
v 3.2 0.1 1.7
v 3.4 0.1 1.7
v 3.2 0.1 1.6
v 3.3 0.1 1.6
v 3.4 0.1 1.6
v 3.5 0.1 1.6
v 3.3 0.1 1.5
v 3.4 0.1 1.5
v 3.4 0.1 1.4
v 3.5 0.1 1.4
v 3.6 0.1 1.4
v 3.5 0.1 1.2
v 3.6 0.1 1.2
v 3.7 0.1 1.2
v 3.6 0.1 1
v 3.7 0.1 1
v 3.8 0.1 1
v 3.7 0.1 0.8
v 3.8 0.1 0.8
v 3.9 0.1 0.8
v 3.8 0.1 0.6
v 3.9 0.1 0.6
v 4 0.1 0.6
v 3.5 0.1 0.5
v 3.9 0.1 0.5
v 3.9 0.1 0.4
v 4 0.1 0.4
v 4.1 0.1 0.4
v 4.1 0.1 0.2
v 4.2 0.1 0.2
v 4 0.1 0.0999999
v 4.1 0.1 0.0999999
v -2.9 0.1 0
v -2.4 0.1 0
v 4.1 0.1 0
v 4.2 0.1 0
v 4.3 0.1 0
v 3.9 0.1 -0.1
v 4 0.1 -0.1
v 4.2 0.1 -0.2
v 4.3 0.1 -0.2
v 4.4 0.1 -0.2
v -2.9 0.1 -0.4
v -2.4 0.1 -0.4
v 4.3 0.1 -0.5
v 4.4 0.1 -0.5
v 4.5 0.1 -0.5
v 4 0.1 -0.6
v 4.3 0.1 -0.6
v 4.4 0.1 -0.6
v 4.4 0.1 -0.8
v 4.5 0.1 -0.8
v 4.6 0.1 -0.8
v 4.5 0.1 -1.2
v 4.6 0.1 -1.2
v 4.7 0.1 -1.2
v 4.3 0.1 -1.4
v 4.4 0.1 -1.4
v 4.6 0.1 -1.4
v 4.7 0.1 -1.4
v 4.8 0.1 -1.4
v 4.7 0.1 -1.7
v 4.8 0.1 -1.7
v 4.9 0.1 -1.7
v 4.4 0.1 -2
v 4.8 0.1 -2
v 4.8 0.1 -2.1
v 4.9 0.1 -2.1
v -3.5 0.3 0.2
v -3.4 0.3 0.2
v -3.5 0.3 0
v -3.4 0.3 0
v -3.4 0.4 0.3
v -3.3 0.4 0.3
v -2.4 0.4 0.3
v -2.3 0.4 0.3
v -3.4 0.4 0
v -3.3 0.4 0
v -2.4 0.4 0
v -2.3 0.4 0
v -3.4 0.5 0.7
v -3.3 0.5 0.7
v -3.2 0.5 0.7
v -2.4 0.5 0.7
v -2.3 0.5 0.7
v -3.3 0.5 0.4
v -2.4 0.5 0.4
v -3.4 0.5 0.3
v -3.3 0.5 0.3
v -2.4 0.5 0.3
v -2.3 0.5 0.3
v -4.1 0.7 -4.1
v -3.5 0.7 -4.1
v -3.4 0.7 -4.1
v -2.3 0.7 -4.1
v -2.2 0.7 -4.1
v -1.4 0.7 -4.1
v -4.1 0.7 -4.2
v -3.5 0.7 -4.2
v -3.4 0.7 -4.2
v -2.3 0.7 -4.2
v -2.2 0.7 -4.2
v -1.4 0.7 -4.2
v -3.2 0.8 1.4
v -3.1 0.8 1.4
v -3.1 0.8 1.3
v -3 0.8 1.3
v -2.2 0.8 1.3
v -2.1 0.8 1.3
v -3.3 0.8 0.9
v -3.2 0.8 0.9
v -3.1 0.8 0.9
v -2.3 0.8 0.8
v -2.2 0.8 0.8
v -3.3 0.8 0.7
v -3.2 0.8 0.7
v -2.3 0.8 0.7
v -2.1 0.8 0.7
v -3.1 1.1 1.7
v -3 1.1 1.7
v -2.9 1.1 1.7
v -2 1.1 1.7
v -1.9 1.1 1.7
v -2.1 1.1 1.4
v -2 1.1 1.4
v -1.9 1.1 1.4
v -3.1 1.1 1.3
v -2.9 1.1 1.3
v -2.1 1.1 1.3
v -2 1.1 1.3
v 2.9 1.2 -3.7
v 3.6 1.2 -3.7
v 3.7 1.2 -3.7
v 4.4 1.2 -3.7
v 2.9 1.2 -3.8
v 3.6 1.2 -3.8
v 3.7 1.2 -3.8
v 4.4 1.2 -3.8
v -3 1.4 2.2
v -2.9 1.4 2.2
v -2.9 1.4 2.1
v -2.8 1.4 2.1
v -1.9 1.4 2.1
v -1.8 1.4 2.1
v -3 1.4 1.7
v -2.9 1.4 1.7
v -1.9 1.4 1.7
v -1.8 1.4 1.7
v 3 1.5 -3.7
v 3.2 1.5 -3.7
v 3.3 1.5 -3.7
v 3.5 1.5 -3.7
v 3.8 1.5 -3.7
v 4 1.5 -3.7
v 4.1 1.5 -3.7
v 4.3 1.5 -3.7
v 3 1.5 -3.8
v 3.2 1.5 -3.8
v 3.3 1.5 -3.8
v 3.5 1.5 -3.8
v 3.8 1.5 -3.8
v 4 1.5 -3.8
v 4.1 1.5 -3.8
v 4.3 1.5 -3.8
v -4.1 1.5 -4.1
v -1.4 1.5 -4.1
v -4.1 1.5 -4.2
v -1.4 1.5 -4.2
v -2.8 1.7 2.5
v -2.7 1.7 2.5
v -2.6 1.7 2.5
v -1.7 1.7 2.5
v -1.6 1.7 2.5
v -2.9 1.7 2.2
v -2.8 1.7 2.2
v -2.9 1.7 2.1
v -2.7 1.7 2.1
v -1.7 1.7 2.1
v -1.6 1.7 2.1
v -1.4 1.7 -4
v -1.3 1.7 -4
v -4.2 1.7 -4.1
v -1.4 1.7 -4.1
v -4.2 1.7 -4.2
v -1.3 1.7 -4.2
v 3 1.8 -3.7
v 3.2 1.8 -3.7
v 3.3 1.8 -3.7
v 3.5 1.8 -3.7
v 3.8 1.8 -3.7
v 4 1.8 -3.7
v 4.1 1.8 -3.7
v 4.3 1.8 -3.7
v 3 1.8 -3.8
v 3.2 1.8 -3.8
v 3.3 1.8 -3.8
v 3.5 1.8 -3.8
v 3.8 1.8 -3.8
v 4 1.8 -3.8
v 4.1 1.8 -3.8
v 4.3 1.8 -3.8
v -2.7 2 3
v -2.6 2 3
v -2.6 2 2.9
v -2.5 2 2.9
v -1.6 2 2.9
v -1.5 2 2.9
v -2.8 2 2.6
v -2.7 2 2.6
v -2.8 2 2.5
v -2.6 2 2.5
v -1.6 2 2.5
v -1.5 2 2.5
v 2.9 2 -3.7
v 4.4 2 -3.7
v 2.9 2 -3.8
v 4.4 2 -3.8
v -4.1 2.1 -4.1
v -4 2.1 -4.1
v -3.3 2.1 -4.1
v -3.2 2.1 -4.1
v -3.1 2.1 -4.1
v -3 2.1 -4.1
v -2.6 2.1 -4.1
v -2.5 2.1 -4.1
v -1.9 2.1 -4.1
v -1.7 2.1 -4.1
v -1.5 2.1 -4.1
v -1.3 2.1 -4.1
v -1 2.1 -4.1
v -0.9 2.1 -4.1
v -4.1 2.1 -4.2
v -4 2.1 -4.2
v -3.3 2.1 -4.2
v -3.2 2.1 -4.2
v -3.1 2.1 -4.2
v -3 2.1 -4.2
v -2.6 2.1 -4.2
v -2.5 2.1 -4.2
v -1.9 2.1 -4.2
v -1.7 2.1 -4.2
v -1.5 2.1 -4.2
v -1.3 2.1 -4.2
v -1 2.1 -4.2
v -0.9 2.1 -4.2
v -3.6 2.2 -4.1
v -3.5 2.2 -4.1
v -2.8 2.2 -4.1
v -2.7 2.2 -4.1
v -2.2 2.2 -4.1
v -2.1 2.2 -4.1
v -1.1 2.2 -4.1
v -1 2.2 -4.1
v -3.6 2.2 -4.2
v -3.5 2.2 -4.2
v -2.8 2.2 -4.2
v -2.7 2.2 -4.2
v -2.2 2.2 -4.2
v -2.1 2.2 -4.2
v -1.1 2.2 -4.2
v -1 2.2 -4.2
v -2.5 2.3 3.3
v -2.4 2.3 3.3
v -2.4 2.3 3.2
v -2.3 2.3 3.2
v -1.4 2.3 3.2
v -1.3 2.3 3.2
v -2.6 2.3 3
v -2.5 2.3 3
v -1.5 2.3 3
v -1.4 2.3 3
v -2.6 2.3 2.9
v -2.4 2.3 2.9
v -1.5 2.3 2.9
v -1.3 2.3 2.9
v 2 2.3 -3.6
v 2.1 2.3 -3.6
v 2.8 2.3 -3.7
v 4.5 2.3 -3.7
v 2 2.3 -3.8
v 2.1 2.3 -3.8
v 2.8 2.3 -3.8
v 4.5 2.3 -3.8
v -2.5 2.3 -4.1
v -2.4 2.3 -4.1
v -2.5 2.3 -4.2
v -2.4 2.3 -4.2
v -2.4 2.4 3.7
v -2.3 2.4 3.7
v -2.3 2.4 3.6
v -2.2 2.4 3.6
v -1.3 2.4 3.6
v -1.2 2.4 3.6
v -2.4 2.4 3.2
v -2.3 2.4 3.2
v -1.3 2.4 3.2
v -1.2 2.4 3.2
v -4.2 2.4 -4.1
v -4.1 2.4 -4.1
v -4 2.4 -4.1
v -3.9 2.4 -4.1
v -3.8 2.4 -4.1
v -3.6 2.4 -4.1
v -3.5 2.4 -4.1
v -3.4 2.4 -4.1
v -3.3 2.4 -4.1
v -3 2.4 -4.1
v -2.9 2.4 -4.1
v -2.8 2.4 -4.1
v -2.7 2.4 -4.1
v -2.6 2.4 -4.1
v -2.4 2.4 -4.1
v -2.2 2.4 -4.1
v -2 2.4 -4.1
v -1.9 2.4 -4.1
v -1.6 2.4 -4.1
v -1.5 2.4 -4.1
v -1.2 2.4 -4.1
v -0.9 2.4 -4.1
v -4.2 2.4 -4.2
v -4.1 2.4 -4.2
v -4 2.4 -4.2
v -3.9 2.4 -4.2
v -3.8 2.4 -4.2
v -3.6 2.4 -4.2
v -3.5 2.4 -4.2
v -3.4 2.4 -4.2
v -3.3 2.4 -4.2
v -3 2.4 -4.2
v -2.9 2.4 -4.2
v -2.8 2.4 -4.2
v -2.7 2.4 -4.2
v -2.6 2.4 -4.2
v -2.4 2.4 -4.2
v -2.2 2.4 -4.2
v -2 2.4 -4.2
v -1.9 2.4 -4.2
v -1.6 2.4 -4.2
v -1.5 2.4 -4.2
v -1.2 2.4 -4.2
v -0.9 2.4 -4.2
v 1.5 2.6 -3.5
v 2.6 2.6 -3.5
v 1.5 2.6 -3.6
v 2.6 2.6 -3.6
v -2.3 2.7 3.9
v -2.2 2.7 3.9
v -1 2.7 3.9
v -0.9 2.7 3.9
v -2.3 2.7 3.6
v -2.2 2.7 3.6
v -1 2.7 3.6
v -0.9 2.7 3.6
v -5 3 4
v 0.7 3 4
v -4.9 3 3.9
v 0.6 3 3.9
v 0.7 3 3.9
v 0.9 3 3.9
v 0.9 3 3.8
v 1.1 3 3.8
v 0.6 3 3.7
v 0.8 3 3.7
v 1.1 3 3.7
v 1.3 3 3.7
v 0.8 3 3.6
v 0.9 3 3.6
v 1.3 3 3.6
v 1.4 3 3.6
v 0.9 3 3.5
v 1.1 3 3.5
v 1.4 3 3.5
v 1.6 3 3.5
v 1.1 3 3.4
v 1.2 3 3.4
v 1.6 3 3.4
v 1.7 3 3.4
v 1.2 3 3.3
v 1.3 3 3.3
v 1.3 3 3.2
v 1.4 3 3.2
v 1.7 3 3.2
v 1.8 3 3.2
v 1.4 3 3.1
v 1.5 3 3.1
v 1.8 3 3.1
v 2 3 3.1
v 1.5 3 3
v 1.6 3 3
v 1.6 3 2.9
v 1.7 3 2.9
v 2 3 2.9
v 2.2 3 2.9
v 1.7 3 2.8
v 1.9 3 2.8
v 2.2 3 2.8
v 2.4 3 2.8
v 1.9 3 2.6
v 2.1 3 2.6
v 2.4 3 2.6
v 2.6 3 2.6
v 2.1 3 2.5
v 2.2 3 2.5
v 2.6 3 2.5
v 2.7 3 2.5
v 2.2 3 2.4
v 2.4 3 2.4
v 2.7 3 2.3
v 2.9 3 2.3
v 2.4 3 2.2
v 2.5 3 2.2
v 2.5 3 2.1
v 2.6 3 2.1
v 2.9 3 2.1
v 3.1 3 2.1
v 2.6 3 1.9
v 2.7 3 1.9
v 3.1 3 1.9
v 3.2 3 1.9
v 2.7 3 1.8
v 3 3 1.8
v 3.2 3 1.7
v 3.4 3 1.7
v 3.4 3 1.6
v 3.5 3 1.6
v 3 3 1.5
v 3.2 3 1.5
v 3.5 3 1.4
v 3.6 3 1.4
v 3.6 3 1.2
v 3.7 3 1.2
v 3.2 3 1
v 3.3 3 1
v 3.7 3 1
v 3.8 3 1
v 3.8 3 0.8
v 3.9 3 0.8
v 3.3 3 0.7
v 3.5 3 0.7
v 3.9 3 0.6
v 4 3 0.6
v 3.5 3 0.5
v 3.6 3 0.5
v 3.6 3 0.4
v 3.7 3 0.4
v 4 3 0.4
v 4.1 3 0.4
v 3.7 3 0.2
v 3.8 3 0.2
v 4.1 3 0.2
v 4.2 3 0.2
v 3.8 3 0
v 3.9 3 0
v 4.2 3 0
v 4.3 3 0
v 3.9 3 -0.2
v 4 3 -0.2
v 4.3 3 -0.2
v 4.4 3 -0.2
v 4 3 -0.5
v 4.1 3 -0.5
v 4.4 3 -0.5
v 4.5 3 -0.5
v 4.1 3 -0.8
v 4.2 3 -0.8
v 4.5 3 -0.8
v 4.6 3 -0.8
v 4.2 3 -1.2
v 4.3 3 -1.2
v 4.6 3 -1.2
v 4.7 3 -1.2
v 4.7 3 -1.4
v 4.8 3 -1.4
v 4.3 3 -1.5
v 4.4 3 -1.5
v 4.8 3 -1.7
v 4.9 3 -1.7
v 4.4 3 -1.8
v 4.5 3 -1.8
v 4.5 3 -2.1
v 4.9 3 -2.1
v 5 3 -2.1
v 1 3 -3.8
v 4.9 3 -3.8
v 1.1 3 -3.9
v 4.9 3 -3.9
v -4.9 3 -4.2
v 1 3 -4.2
v 1.1 3 -4.2
v 4.9 3 -4.2
v -5 3 -4.3
v 5 3 -4.3

# faces
f 3/11/1 2/11/1 1/11/1
f 4/11/1 2/11/1 3/11/1
f 7/9/1 6/9/1 5/9/1
f 8/9/1 6/9/1 7/9/1
f 11/4/1 10/4/1 9/4/1
f 12/4/1 10/4/1 11/4/1
f 15/4/1 14/4/1 13/4/1
f 16/4/1 14/4/1 15/4/1
f 19/4/1 18/4/1 17/4/1
f 20/4/1 18/4/1 19/4/1
f 23/4/1 22/4/1 21/4/1
f 24/4/1 22/4/1 23/4/1
f 27/12/1 26/12/1 25/12/1
f 28/12/1 26/12/1 27/12/1
f 31/9/1 30/9/1 29/9/1
f 32/9/1 30/9/1 31/9/1
f 35/4/1 34/4/1 33/4/1
f 36/4/1 34/4/1 35/4/1
f 40/12/1 38/12/1 37/12/1
f 40/12/1 39/12/1 38/12/1
f 41/12/1 39/12/1 40/12/1
f 42/12/1 40/12/1 37/12/1
f 43/12/1 40/12/1 42/12/1
f 46/12/1 45/12/1 44/12/1
f 47/12/1 46/12/1 44/12/1
f 48/12/1 46/12/1 47/12/1
f 51/4/1 50/4/1 49/4/1
f 52/4/1 50/4/1 51/4/1
f 55/4/1 54/4/1 53/4/1
f 56/4/1 54/4/1 55/4/1
f 59/12/1 58/12/1 57/12/1
f 60/12/1 58/12/1 59/12/1
f 63/4/1 62/4/1 61/4/1
f 64/4/1 62/4/1 63/4/1
f 68/12/1 66/12/1 65/12/1
f 69/12/1 68/12/1 67/12/1
f 70/12/1 66/12/1 68/12/1
f 70/12/1 68/12/1 69/12/1
f 73/11/1 72/11/1 71/11/1
f 74/11/1 72/11/1 73/11/1
f 77/12/1 76/12/1 75/12/1
f 79/12/1 77/12/1 75/12/1
f 80/12/1 79/12/1 78/12/1
f 81/12/1 77/12/1 79/12/1
f 81/12/1 79/12/1 80/12/1
f 84/11/1 83/11/1 82/11/1
f 85/11/1 83/11/1 84/11/1
f 88/12/1 87/12/1 86/12/1
f 89/12/1 87/12/1 88/12/1
f 92/4/1 91/4/1 90/4/1
f 93/4/1 91/4/1 92/4/1
f 96/11/1 95/11/1 94/11/1
f 97/11/1 95/11/1 96/11/1
f 100/12/1 99/12/1 98/12/1
f 101/12/1 99/12/1 100/12/1
f 102/12/1 100/12/1 98/12/1
f 103/12/1 100/12/1 102/12/1
f 106/4/1 105/4/1 104/4/1
f 107/4/1 105/4/1 106/4/1
f 110/11/1 109/11/1 108/11/1
f 111/11/1 109/11/1 110/11/1
f 114/12/1 113/12/1 112/12/1
f 115/12/1 113/12/1 114/12/1
f 118/4/1 117/4/1 116/4/1
f 119/4/1 117/4/1 118/4/1
f 124/4/1 123/4/1 122/4/1
f 125/4/1 123/4/1 124/4/1
f 126/12/1 121/12/1 120/12/1
f 127/12/1 121/12/1 126/12/1
f 132/12/1 131/12/1 130/12/1
f 133/12/1 131/12/1 132/12/1
f 134/4/1 129/4/1 128/4/1
f 135/4/1 129/4/1 134/4/1
f 141/12/1 137/12/1 136/12/1
f 141/12/1 138/12/1 137/12/1
f 142/12/1 138/12/1 141/12/1
f 143/4/1 140/4/1 139/4/1
f 144/4/1 140/4/1 143/4/1
f 147/9/1 146/9/1 145/9/1
f 148/9/1 146/9/1 147/9/1
f 151/4/1 150/4/1 149/4/1
f 152/4/1 150/4/1 151/4/1
f 156/12/1 154/12/1 153/12/1
f 157/12/1 156/12/1 155/12/1
f 158/12/1 154/12/1 156/12/1
f 158/12/1 156/12/1 157/12/1
f 161/4/1 160/4/1 159/4/1
f 162/4/1 160/4/1 161/4/1
f 165/4/1 164/4/1 163/4/1
f 166/4/1 164/4/1 165/4/1
f 169/4/1 168/4/1 167/4/1
f 170/4/1 168/4/1 169/4/1
f 173/9/1 172/9/1 171/9/1
f 174/9/1 172/9/1 173/9/1
f 178/9/1 176/9/1 175/9/1
f 179/9/1 176/9/1 178/9/1
f 180/9/1 178/9/1 177/9/1
f 181/9/1 178/9/1 180/9/1
f 184/4/1 183/4/1 182/4/1
f 185/4/1 183/4/1 184/4/1
f 188/6/1 187/6/1 186/6/1
f 189/6/1 187/6/1 188/6/1
f 190/14/1 189/14/1 188/14/1
f 191/14/1 189/14/1 190/14/1
f 192/6/1 191/6/1 190/6/1
f 193/6/1 191/6/1 192/6/1
f 194/14/1 193/14/1 192/14/1
f 195/14/1 193/14/1 194/14/1
f 196/14/1 193/14/1 195/14/1
f 197/11/1 195/11/1 194/11/1
f 198/6/1 196/6/1 195/6/1
f 198/11/1 195/11/1 197/11/1
f 199/6/1 196/6/1 198/6/1
f 200/14/1 198/14/1 197/14/1
f 200/14/1 199/14/1 198/14/1
f 201/14/1 199/14/1 200/14/1
f 202/11/1 201/11/1 200/11/1
f 203/11/1 201/11/1 202/11/1
f 206/14/1 205/14/1 204/14/1
f 207/14/1 205/14/1 206/14/1
f 210/12/1 209/12/1 208/12/1
f 211/12/1 209/12/1 210/12/1
f 214/6/1 213/6/1 212/6/1
f 215/6/1 213/6/1 214/6/1
f 216/14/1 215/14/1 214/14/1
f 217/14/1 215/14/1 216/14/1
f 218/6/1 217/6/1 216/6/1
f 219/6/1 217/6/1 218/6/1
f 220/14/1 219/14/1 218/14/1
f 221/14/1 219/14/1 220/14/1
f 222/6/1 221/6/1 220/6/1
f 223/6/1 221/6/1 222/6/1
f 224/14/1 223/14/1 222/14/1
f 225/14/1 223/14/1 224/14/1
f 226/11/1 225/11/1 224/11/1
f 227/11/1 225/11/1 226/11/1
f 230/12/1 229/12/1 228/12/1
f 231/12/1 229/12/1 230/12/1
f 234/6/1 233/6/1 232/6/1
f 235/6/1 233/6/1 234/6/1
f 236/14/1 235/14/1 234/14/1
f 237/14/1 235/14/1 236/14/1
f 238/6/1 237/6/1 236/6/1
f 239/6/1 237/6/1 238/6/1
f 240/14/1 239/14/1 238/14/1
f 241/14/1 239/14/1 240/14/1
f 242/6/1 241/6/1 240/6/1
f 243/6/1 241/6/1 242/6/1
f 244/14/1 243/14/1 242/14/1
f 245/14/1 243/14/1 244/14/1
f 246/11/1 245/11/1 244/11/1
f 247/11/1 245/11/1 246/11/1
f 250/11/1 249/11/1 248/11/1
f 251/11/1 249/11/1 250/11/1
f 254/12/1 253/12/1 252/12/1
f 255/12/1 253/12/1 254/12/1
f 258/6/1 257/6/1 256/6/1
f 259/6/1 257/6/1 258/6/1
f 260/14/1 259/14/1 258/14/1
f 261/14/1 259/14/1 260/14/1
f 262/6/1 261/6/1 260/6/1
f 263/6/1 261/6/1 262/6/1
f 264/14/1 263/14/1 262/14/1
f 265/14/1 263/14/1 264/14/1
f 266/6/1 265/6/1 264/6/1
f 267/6/1 265/6/1 266/6/1
f 268/14/1 267/14/1 266/14/1
f 269/14/1 267/14/1 268/14/1
f 270/11/1 269/11/1 268/11/1
f 271/11/1 269/11/1 270/11/1
f 274/12/1 273/12/1 272/12/1
f 275/12/1 273/12/1 274/12/1
f 278/6/1 277/6/1 276/6/1
f 279/6/1 277/6/1 278/6/1
f 280/14/1 279/14/1 278/14/1
f 281/14/1 279/14/1 280/14/1
f 282/6/1 281/6/1 280/6/1
f 283/6/1 281/6/1 282/6/1
f 284/14/1 283/14/1 282/14/1
f 285/14/1 283/14/1 284/14/1
f 286/6/1 285/6/1 284/6/1
f 287/6/1 285/6/1 286/6/1
f 288/14/1 287/14/1 286/14/1
f 289/14/1 287/14/1 288/14/1
f 290/11/1 289/11/1 288/11/1
f 291/11/1 289/11/1 290/11/1
f 294/12/1 293/12/1 292/12/1
f 295/12/1 293/12/1 294/12/1
f 298/6/1 297/6/1 296/6/1
f 299/6/1 297/6/1 298/6/1
f 300/14/1 299/14/1 298/14/1
f 301/14/1 299/14/1 300/14/1
f 302/6/1 301/6/1 300/6/1
f 303/6/1 301/6/1 302/6/1
f 304/14/1 303/14/1 302/14/1
f 305/14/1 303/14/1 304/14/1
f 306/6/1 305/6/1 304/6/1
f 307/6/1 305/6/1 306/6/1
f 308/14/1 307/14/1 306/14/1
f 309/14/1 307/14/1 308/14/1
f 310/11/1 309/11/1 308/11/1
f 311/11/1 309/11/1 310/11/1
f 314/12/1 313/12/1 312/12/1
f 315/12/1 313/12/1 314/12/1
f 318/6/1 317/6/1 316/6/1
f 319/6/1 317/6/1 318/6/1
f 320/14/1 319/14/1 318/14/1
f 321/14/1 319/14/1 320/14/1
f 322/6/1 321/6/1 320/6/1
f 323/6/1 321/6/1 322/6/1
f 324/14/1 323/14/1 322/14/1
f 325/14/1 323/14/1 324/14/1
f 326/6/1 325/6/1 324/6/1
f 327/6/1 325/6/1 326/6/1
f 328/14/1 327/14/1 326/14/1
f 329/14/1 327/14/1 328/14/1
f 330/11/1 329/11/1 328/11/1
f 331/11/1 329/11/1 330/11/1
f 334/12/1 333/12/1 332/12/1
f 335/12/1 333/12/1 334/12/1
f 338/6/1 337/6/1 336/6/1
f 339/6/1 337/6/1 338/6/1
f 340/14/1 339/14/1 338/14/1
f 341/14/1 339/14/1 340/14/1
f 342/6/1 341/6/1 340/6/1
f 343/6/1 341/6/1 342/6/1
f 344/14/1 343/14/1 342/14/1
f 345/14/1 343/14/1 344/14/1
f 348/13/1 347/13/1 346/13/1
f 349/13/1 347/13/1 348/13/1
f 350/6/1 345/6/1 344/6/1
f 351/6/1 345/6/1 350/6/1
f 352/14/1 351/14/1 350/14/1
f 353/14/1 351/14/1 352/14/1
f 354/11/1 353/11/1 352/11/1
f 355/11/1 353/11/1 354/11/1
f 358/12/1 357/12/1 356/12/1
f 359/12/1 357/12/1 358/12/1
f 362/6/1 361/6/1 360/6/1
f 363/6/1 361/6/1 362/6/1
f 364/14/1 363/14/1 362/14/1
f 365/14/1 363/14/1 364/14/1
f 366/6/1 365/6/1 364/6/1
f 367/6/1 365/6/1 366/6/1
f 368/14/1 367/14/1 366/14/1
f 369/14/1 367/14/1 368/14/1
f 370/6/1 369/6/1 368/6/1
f 371/6/1 369/6/1 370/6/1
f 372/14/1 371/14/1 370/14/1
f 373/14/1 371/14/1 372/14/1
f 374/11/1 373/11/1 372/11/1
f 375/11/1 373/11/1 374/11/1
f 378/6/1 377/6/1 376/6/1
f 379/6/1 377/6/1 378/6/1
f 380/14/1 379/14/1 378/14/1
f 381/14/1 379/14/1 380/14/1
f 382/6/1 381/6/1 380/6/1
f 383/6/1 381/6/1 382/6/1
f 384/14/1 383/14/1 382/14/1
f 385/14/1 383/14/1 384/14/1
f 386/6/1 385/6/1 384/6/1
f 387/6/1 385/6/1 386/6/1
f 388/14/1 387/14/1 386/14/1
f 389/14/1 387/14/1 388/14/1
f 390/11/1 389/11/1 388/11/1
f 391/11/1 389/11/1 390/11/1
f 394/6/1 393/6/1 392/6/1
f 395/6/1 393/6/1 394/6/1
f 396/14/1 395/14/1 394/14/1
f 397/14/1 395/14/1 396/14/1
f 398/6/1 397/6/1 396/6/1
f 399/6/1 397/6/1 398/6/1
f 400/14/1 399/14/1 398/14/1
f 401/14/1 399/14/1 400/14/1
f 402/6/1 401/6/1 400/6/1
f 403/6/1 401/6/1 402/6/1
f 404/14/1 403/14/1 402/14/1
f 405/14/1 403/14/1 404/14/1
f 406/11/1 405/11/1 404/11/1
f 407/11/1 405/11/1 406/11/1
f 410/9/1 409/9/1 408/9/1
f 411/9/1 409/9/1 410/9/1
f 414/6/1 413/6/1 412/6/1
f 415/6/1 413/6/1 414/6/1
f 416/14/1 415/14/1 414/14/1
f 417/14/1 415/14/1 416/14/1
f 418/6/1 417/6/1 416/6/1
f 419/6/1 417/6/1 418/6/1
f 420/14/1 419/14/1 418/14/1
f 421/14/1 419/14/1 420/14/1
f 422/6/1 421/6/1 420/6/1
f 423/6/1 421/6/1 422/6/1
f 424/14/1 423/14/1 422/14/1
f 425/14/1 423/14/1 424/14/1
f 426/11/1 425/11/1 424/11/1
f 427/11/1 425/11/1 426/11/1
f 430/6/1 429/6/1 428/6/1
f 431/6/1 429/6/1 430/6/1
f 432/14/1 431/14/1 430/14/1
f 433/14/1 431/14/1 432/14/1
f 434/6/1 433/6/1 432/6/1
f 435/6/1 433/6/1 434/6/1
f 436/14/1 435/14/1 434/14/1
f 437/14/1 435/14/1 436/14/1
f 438/6/1 437/6/1 436/6/1
f 439/6/1 437/6/1 438/6/1
f 440/14/1 439/14/1 438/14/1
f 441/14/1 439/14/1 440/14/1
f 442/11/1 441/11/1 440/11/1
f 443/11/1 441/11/1 442/11/1
f 446/6/1 445/6/1 444/6/1
f 447/6/1 445/6/1 446/6/1
f 448/14/1 447/14/1 446/14/1
f 449/14/1 447/14/1 448/14/1
f 450/6/1 449/6/1 448/6/1
f 451/6/1 449/6/1 450/6/1
f 452/14/1 451/14/1 450/14/1
f 453/14/1 451/14/1 452/14/1
f 454/6/1 453/6/1 452/6/1
f 455/6/1 453/6/1 454/6/1
f 456/14/1 455/14/1 454/14/1
f 457/14/1 455/14/1 456/14/1
f 458/11/1 457/11/1 456/11/1
f 459/11/1 457/11/1 458/11/1
f 462/6/1 461/6/1 460/6/1
f 463/6/1 461/6/1 462/6/1
f 464/14/1 463/14/1 462/14/1
f 465/14/1 463/14/1 464/14/1
f 466/6/1 465/6/1 464/6/1
f 467/6/1 465/6/1 466/6/1
f 468/14/1 467/14/1 466/14/1
f 469/14/1 467/14/1 468/14/1
f 470/11/1 469/11/1 468/11/1
f 471/11/1 469/11/1 470/11/1
f 474/6/1 473/6/1 472/6/1
f 475/6/1 473/6/1 474/6/1
f 476/14/1 475/14/1 474/14/1
f 477/14/1 475/14/1 476/14/1
f 478/6/1 477/6/1 476/6/1
f 479/6/1 477/6/1 478/6/1
f 480/14/1 479/14/1 478/14/1
f 481/14/1 479/14/1 480/14/1
f 482/11/1 481/11/1 480/11/1
f 483/11/1 481/11/1 482/11/1
f 486/6/1 485/6/1 484/6/1
f 487/6/1 485/6/1 486/6/1
f 488/14/1 487/14/1 486/14/1
f 489/14/1 487/14/1 488/14/1
f 490/6/1 489/6/1 488/6/1
f 491/6/1 489/6/1 490/6/1
f 492/14/1 491/14/1 490/14/1
f 493/14/1 491/14/1 492/14/1
f 494/11/1 493/11/1 492/11/1
f 495/11/1 493/11/1 494/11/1
f 498/9/1 497/9/1 496/9/1
f 499/9/1 497/9/1 498/9/1
f 502/12/1 501/12/1 500/12/1
f 503/12/1 501/12/1 502/12/1
f 506/12/1 505/12/1 504/12/1
f 507/12/1 505/12/1 506/12/1
f 510/6/1 509/6/1 508/6/1
f 511/6/1 509/6/1 510/6/1
f 515/9/1 514/9/1 513/9/1
f 516/9/1 514/9/1 515/9/1
f 519/6/1 512/6/1 511/6/1
f 520/6/1 512/6/1 519/6/1
f 521/9/1 518/9/1 517/9/1
f 522/9/1 518/9/1 521/9/1
f 523/14/1 520/14/1 519/14/1
f 524/14/1 520/14/1 523/14/1
f 525/6/1 524/6/1 523/6/1
f 526/6/1 524/6/1 525/6/1
f 527/4/1 526/4/1 525/4/1
f 528/6/1 524/6/1 526/6/1
f 528/4/1 526/4/1 527/4/1
f 529/6/1 528/6/1 527/6/1
f 530/6/1 524/6/1 528/6/1
f 530/6/1 528/6/1 529/6/1
f 531/14/1 530/14/1 529/14/1
f 532/14/1 530/14/1 531/14/1
f 533/11/1 532/11/1 531/11/1
f 534/11/1 532/11/1 533/11/1
f 537/12/1 536/12/1 535/12/1
f 538/12/1 536/12/1 537/12/1
f 541/12/1 540/12/1 539/12/1
f 542/12/1 540/12/1 541/12/1
f 545/6/1 544/6/1 543/6/1
f 546/6/1 544/6/1 545/6/1
f 547/11/1 546/11/1 545/11/1
f 548/11/1 546/11/1 547/11/1
f 550/11/1 547/11/1 545/11/1
f 551/6/1 548/6/1 547/6/1
f 551/11/1 547/11/1 550/11/1
f 552/6/1 550/6/1 549/6/1
f 552/6/1 551/6/1 550/6/1
f 553/6/1 548/6/1 551/6/1
f 553/6/1 551/6/1 552/6/1
f 554/14/1 553/14/1 552/14/1
f 555/14/1 553/14/1 554/14/1
f 556/6/1 555/6/1 554/6/1
f 557/6/1 555/6/1 556/6/1
f 558/14/1 557/14/1 556/14/1
f 559/14/1 557/14/1 558/14/1
f 560/11/1 559/11/1 558/11/1
f 561/11/1 559/11/1 560/11/1
f 564/12/1 563/12/1 562/12/1
f 565/12/1 563/12/1 564/12/1
f 570/14/1 567/14/1 566/14/1
f 571/6/1 569/6/1 568/6/1
f 572/6/1 569/6/1 571/6/1
f 573/14/1 572/14/1 571/14/1
f 574/14/1 572/14/1 573/14/1
f 575/14/1 570/14/1 566/14/1
f 576/14/1 570/14/1 575/14/1
f 579/9/1 578/9/1 577/9/1
f 580/9/1 578/9/1 579/9/1
f 583/6/1 574/6/1 573/6/1
f 584/6/1 574/6/1 583/6/1
f 585/9/1 582/9/1 581/9/1
f 586/9/1 582/9/1 585/9/1
f 587/14/1 584/14/1 583/14/1
f 588/14/1 584/14/1 587/14/1
f 589/6/1 588/6/1 587/6/1
f 590/6/1 588/6/1 589/6/1
f 591/14/1 590/14/1 589/14/1
f 592/14/1 590/14/1 591/14/1
f 593/11/1 592/11/1 591/11/1
f 594/11/1 592/11/1 593/11/1
f 597/12/1 596/12/1 595/12/1
f 598/12/1 596/12/1 597/12/1
f 602/12/1 600/12/1 599/12/1
f 603/8/1 601/8/1 600/8/1
f 603/12/1 600/12/1 602/12/1
f 604/8/1 601/8/1 603/8/1
f 607/6/1 606/6/1 605/6/1
f 608/6/1 606/6/1 607/6/1
f 609/14/1 608/14/1 607/14/1
f 610/14/1 608/14/1 609/14/1
f 611/6/1 610/6/1 609/6/1
f 612/6/1 610/6/1 611/6/1
f 613/14/1 612/14/1 611/14/1
f 614/14/1 612/14/1 613/14/1
f 615/6/1 614/6/1 613/6/1
f 616/6/1 614/6/1 615/6/1
f 617/14/1 616/14/1 615/14/1
f 618/14/1 616/14/1 617/14/1
f 619/11/1 618/11/1 617/11/1
f 620/11/1 618/11/1 619/11/1
f 623/6/1 622/6/1 621/6/1
f 624/6/1 622/6/1 623/6/1
f 625/14/1 624/14/1 623/14/1
f 626/14/1 624/14/1 625/14/1
f 629/6/1 626/6/1 625/6/1
f 630/6/1 626/6/1 629/6/1
f 631/14/1 630/14/1 629/14/1
f 632/14/1 630/14/1 631/14/1
f 633/9/1 628/9/1 627/9/1
f 634/9/1 628/9/1 633/9/1
f 635/6/1 632/6/1 631/6/1
f 636/6/1 632/6/1 635/6/1
f 637/14/1 636/14/1 635/14/1
f 638/14/1 636/14/1 637/14/1
f 639/11/1 638/11/1 637/11/1
f 640/11/1 638/11/1 639/11/1
f 643/6/1 642/6/1 641/6/1
f 644/6/1 642/6/1 643/6/1
f 645/14/1 644/14/1 643/14/1
f 646/14/1 644/14/1 645/14/1
f 647/6/1 646/6/1 645/6/1
f 648/6/1 646/6/1 647/6/1
f 649/14/1 648/14/1 647/14/1
f 650/14/1 648/14/1 649/14/1
f 651/6/1 650/6/1 649/6/1
f 652/6/1 650/6/1 651/6/1
f 653/14/1 652/14/1 651/14/1
f 654/14/1 652/14/1 653/14/1
f 655/11/1 654/11/1 653/11/1
f 656/11/1 654/11/1 655/11/1
f 659/6/1 658/6/1 657/6/1
f 660/6/1 658/6/1 659/6/1
f 661/14/1 660/14/1 659/14/1
f 662/14/1 660/14/1 661/14/1
f 665/9/1 664/9/1 663/9/1
f 666/9/1 664/9/1 665/9/1
f 669/6/1 662/6/1 661/6/1
f 670/6/1 662/6/1 669/6/1
f 671/9/1 668/9/1 667/9/1
f 672/9/1 668/9/1 671/9/1
f 673/14/1 670/14/1 669/14/1
f 674/14/1 670/14/1 673/14/1
f 675/6/1 674/6/1 673/6/1
f 676/6/1 674/6/1 675/6/1
f 677/14/1 676/14/1 675/14/1
f 678/14/1 676/14/1 677/14/1
f 679/11/1 678/11/1 677/11/1
f 680/11/1 678/11/1 679/11/1
f 684/12/1 682/12/1 681/12/1
f 685/11/1 683/11/1 682/11/1
f 685/12/1 682/12/1 684/12/1
f 686/11/1 683/11/1 685/11/1
f 689/6/1 688/6/1 687/6/1
f 690/6/1 688/6/1 689/6/1
f 691/14/1 690/14/1 689/14/1
f 692/14/1 690/14/1 691/14/1
f 693/6/1 692/6/1 691/6/1
f 694/6/1 692/6/1 693/6/1
f 695/14/1 694/14/1 693/14/1
f 696/14/1 694/14/1 695/14/1
f 697/6/1 696/6/1 695/6/1
f 698/6/1 696/6/1 697/6/1
f 699/14/1 698/14/1 697/14/1
f 700/14/1 698/14/1 699/14/1
f 701/11/1 700/11/1 699/11/1
f 702/11/1 700/11/1 701/11/1
f 705/8/1 704/8/1 703/8/1
f 706/8/1 704/8/1 705/8/1
f 709/6/1 708/6/1 707/6/1
f 710/6/1 708/6/1 709/6/1
f 711/14/1 710/14/1 709/14/1
f 712/14/1 710/14/1 711/14/1
f 713/6/1 712/6/1 711/6/1
f 714/6/1 712/6/1 713/6/1
f 715/14/1 714/14/1 713/14/1
f 716/14/1 714/14/1 715/14/1
f 717/6/1 716/6/1 715/6/1
f 718/6/1 716/6/1 717/6/1
f 719/14/1 718/14/1 717/14/1
f 720/14/1 718/14/1 719/14/1
f 721/11/1 720/11/1 719/11/1
f 722/11/1 720/11/1 721/11/1
f 725/6/1 724/6/1 723/6/1
f 726/6/1 724/6/1 725/6/1
f 727/14/1 726/14/1 725/14/1
f 728/14/1 726/14/1 727/14/1
f 731/9/1 730/9/1 729/9/1
f 732/9/1 730/9/1 731/9/1
f 735/6/1 728/6/1 727/6/1
f 736/6/1 728/6/1 735/6/1
f 737/9/1 734/9/1 733/9/1
f 738/9/1 734/9/1 737/9/1
f 739/14/1 736/14/1 735/14/1
f 740/14/1 736/14/1 739/14/1
f 741/6/1 740/6/1 739/6/1
f 742/6/1 740/6/1 741/6/1
f 743/14/1 742/14/1 741/14/1
f 744/14/1 742/14/1 743/14/1
f 745/11/1 744/11/1 743/11/1
f 746/11/1 744/11/1 745/11/1
f 749/6/1 748/6/1 747/6/1
f 750/6/1 748/6/1 749/6/1
f 751/14/1 750/14/1 749/14/1
f 752/14/1 750/14/1 751/14/1
f 753/6/1 752/6/1 751/6/1
f 754/6/1 752/6/1 753/6/1
f 755/14/1 754/14/1 753/14/1
f 756/14/1 754/14/1 755/14/1
f 757/6/1 756/6/1 755/6/1
f 758/6/1 756/6/1 757/6/1
f 759/14/1 758/14/1 757/14/1
f 760/14/1 758/14/1 759/14/1
f 761/11/1 760/11/1 759/11/1
f 762/11/1 760/11/1 761/11/1
f 765/11/1 764/11/1 763/11/1
f 766/11/1 764/11/1 765/11/1
f 769/6/1 768/6/1 767/6/1
f 770/6/1 768/6/1 769/6/1
f 771/14/1 770/14/1 769/14/1
f 772/14/1 770/14/1 771/14/1
f 773/6/1 772/6/1 771/6/1
f 774/6/1 772/6/1 773/6/1
f 775/14/1 774/14/1 773/14/1
f 776/14/1 774/14/1 775/14/1
f 777/6/1 776/6/1 775/6/1
f 778/6/1 776/6/1 777/6/1
f 779/14/1 778/14/1 777/14/1
f 780/14/1 778/14/1 779/14/1
f 781/11/1 780/11/1 779/11/1
f 782/11/1 780/11/1 781/11/1
f 785/8/1 784/8/1 783/8/1
f 786/8/1 784/8/1 785/8/1
f 789/6/1 788/6/1 787/6/1
f 790/6/1 788/6/1 789/6/1
f 791/14/1 790/14/1 789/14/1
f 792/14/1 790/14/1 791/14/1
f 795/6/1 792/6/1 791/6/1
f 796/6/1 792/6/1 795/6/1
f 797/14/1 796/14/1 795/14/1
f 798/14/1 796/14/1 797/14/1
f 799/9/1 794/9/1 793/9/1
f 800/9/1 794/9/1 799/9/1
f 803/9/1 802/9/1 801/9/1
f 804/9/1 802/9/1 803/9/1
f 805/6/1 798/6/1 797/6/1
f 806/6/1 798/6/1 805/6/1
f 807/14/1 806/14/1 805/14/1
f 808/14/1 806/14/1 807/14/1
f 809/11/1 808/11/1 807/11/1
f 810/11/1 808/11/1 809/11/1
f 814/6/1 812/6/1 811/6/1
f 815/11/1 813/11/1 812/11/1
f 815/6/1 812/6/1 814/6/1
f 816/11/1 813/11/1 815/11/1
f 817/14/1 815/14/1 814/14/1
f 817/14/1 816/14/1 815/14/1
f 818/14/1 816/14/1 817/14/1
f 819/14/1 816/14/1 818/14/1
f 820/6/1 818/6/1 817/6/1
f 821/11/1 819/11/1 818/11/1
f 821/6/1 818/6/1 820/6/1
f 822/11/1 819/11/1 821/11/1
f 823/14/1 821/14/1 820/14/1
f 823/14/1 822/14/1 821/14/1
f 824/14/1 822/14/1 823/14/1
f 825/14/1 822/14/1 824/14/1
f 826/6/1 824/6/1 823/6/1
f 827/11/1 825/11/1 824/11/1
f 827/6/1 824/6/1 826/6/1
f 828/14/1 827/14/1 826/14/1
f 829/11/1 825/11/1 827/11/1
f 829/14/1 827/14/1 828/14/1
f 830/11/1 829/11/1 828/11/1
f 831/11/1 825/11/1 829/11/1
f 831/11/1 829/11/1 830/11/1
f 834/12/1 833/12/1 832/12/1
f 835/12/1 833/12/1 834/12/1
f 840/11/1 837/11/1 836/11/1
f 841/11/1 837/11/1 840/11/1
f 842/11/1 837/11/1 841/11/1
f 843/11/1 839/11/1 838/11/1
f 844/11/1 839/11/1 843/11/1
f 845/11/2 846/11/2 847/11/2
f 847/11/2 846/11/2 848/11/2
f 849/9/2 850/9/2 851/9/2
f 851/9/2 850/9/2 852/9/2
f 853/9/2 854/9/2 855/9/2
f 855/9/2 854/9/2 856/9/2
f 857/4/2 858/4/2 859/4/2
f 859/4/2 858/4/2 860/4/2
f 861/4/2 862/4/2 863/4/2
f 863/4/2 862/4/2 864/4/2
f 865/4/2 866/4/2 867/4/2
f 867/4/2 866/4/2 868/4/2
f 869/4/2 870/4/2 871/4/2
f 871/4/2 870/4/2 872/4/2
f 873/9/2 874/9/2 875/9/2
f 875/9/2 874/9/2 876/9/2
f 877/4/2 878/4/2 879/4/2
f 879/4/2 878/4/2 880/4/2
f 881/4/2 882/4/2 883/4/2
f 883/4/2 882/4/2 884/4/2
f 885/4/2 886/4/2 887/4/2
f 887/4/2 886/4/2 888/4/2
f 889/4/2 890/4/2 891/4/2
f 891/4/2 890/4/2 892/4/2
f 893/11/2 894/11/2 895/11/2
f 895/11/2 894/11/2 896/11/2
f 897/4/2 898/4/2 899/4/2
f 899/4/2 898/4/2 900/4/2
f 901/4/2 902/4/2 903/4/2
f 903/4/2 902/4/2 904/4/2
f 905/4/2 906/4/2 907/4/2
f 907/4/2 906/4/2 908/4/2
f 909/4/2 910/4/2 911/4/2
f 911/4/2 910/4/2 912/4/2
f 913/11/2 914/11/2 915/11/2
f 915/11/2 914/11/2 916/11/2
f 917/4/2 918/4/2 919/4/2
f 919/4/2 918/4/2 920/4/2
f 921/12/2 922/12/2 926/12/2
f 926/12/2 922/12/2 927/12/2
f 923/12/2 924/12/2 928/12/2
f 926/12/2 927/12/2 929/12/2
f 927/12/2 928/12/2 929/12/2
f 925/12/2 926/12/2 929/12/2
f 928/12/2 924/12/2 930/12/2
f 929/12/2 928/12/2 930/12/2
f 925/12/2 929/12/2 931/12/2
f 931/12/2 929/12/2 932/12/2
f 932/12/2 929/12/2 933/12/2
f 934/12/2 935/12/2 936/12/2
f 936/12/2 935/12/2 937/12/2
f 938/9/2 939/9/2 940/9/2
f 940/9/2 939/9/2 941/9/2
f 942/4/2 943/4/2 944/4/2
f 944/4/2 943/4/2 945/4/2
f 946/12/2 947/12/2 948/12/2
f 948/12/2 947/12/2 949/12/2
f 950/4/2 951/4/2 952/4/2
f 952/4/2 951/4/2 953/4/2
f 954/12/2 955/12/2 956/12/2
f 956/12/2 955/12/2 957/12/2
f 957/12/2 955/12/2 958/12/2
f 959/12/2 960/12/2 961/12/2
f 961/12/2 960/12/2 962/12/2
f 963/4/2 964/4/2 965/4/2
f 965/4/2 964/4/2 966/4/2
f 967/12/2 968/12/2 970/12/2
f 969/12/2 970/12/2 971/12/2
f 970/12/2 968/12/2 972/12/2
f 971/12/2 970/12/2 972/12/2
f 973/12/2 974/12/2 975/12/2
f 975/12/2 974/12/2 976/12/2
f 977/4/2 978/4/2 979/4/2
f 979/4/2 978/4/2 980/4/2
f 981/12/2 982/12/2 983/12/2
f 983/12/2 982/12/2 984/12/2
f 981/12/2 983/12/2 985/12/2
f 985/12/2 983/12/2 986/12/2
f 987/12/2 988/12/2 989/12/2
f 989/12/2 988/12/2 990/12/2
f 991/4/2 992/4/2 993/4/2
f 993/4/2 992/4/2 994/4/2
f 995/12/2 996/12/2 997/12/2
f 997/12/2 996/12/2 998/12/2
f 999/9/2 1000/9/2 1002/9/2
f 1001/9/2 1002/9/2 1003/9/2
f 1002/9/2 1000/9/2 1004/9/2
f 1003/9/2 1002/9/2 1004/9/2
f 1005/4/2 1006/4/2 1007/4/2
f 1007/4/2 1006/4/2 1008/4/2
f 1009/12/2 1010/12/2 1011/12/2
f 1011/12/2 1010/12/2 1012/12/2
f 1013/12/2 1014/12/2 1016/12/2
f 1015/12/2 1016/12/2 1017/12/2
f 1016/12/2 1014/12/2 1018/12/2
f 1017/12/2 1016/12/2 1018/12/2
f 1019/4/2 1020/4/2 1023/4/2
f 1023/4/2 1020/4/2 1024/4/2
f 1021/12/2 1022/12/2 1025/12/2
f 1025/12/2 1022/12/2 1026/12/2
f 1027/4/2 1028/4/2 1029/4/2
f 1029/4/2 1028/4/2 1030/4/2
f 1031/12/2 1032/12/2 1033/12/2
f 1033/12/2 1032/12/2 1034/12/2
f 1035/4/2 1036/4/2 1037/4/2
f 1037/4/2 1036/4/2 1038/4/2
f 1039/4/2 1040/4/2 1041/4/2
f 1041/4/2 1040/4/2 1042/4/2
f 1043/12/2 1044/12/2 1045/12/2
f 1045/12/2 1044/12/2 1046/12/2
f 1047/11/2 1048/11/2 1049/11/2
f 1047/11/2 1049/11/2 1050/11/2
f 1050/11/2 1049/11/2 1051/11/2
f 1052/12/2 1053/12/2 1054/12/2
f 1054/12/2 1053/12/2 1055/12/2
f 1056/6/2 1057/6/2 1058/6/2
f 1058/6/2 1057/6/2 1059/6/2
f 1058/14/2 1059/14/2 1060/14/2
f 1060/14/2 1059/14/2 1061/14/2
f 1060/6/2 1061/6/2 1062/6/2
f 1062/6/2 1061/6/2 1063/6/2
f 1062/14/2 1063/14/2 1064/14/2
f 1064/14/2 1063/14/2 1065/14/2
f 1064/6/2 1065/6/2 1066/6/2
f 1066/6/2 1065/6/2 1067/6/2
f 1066/14/2 1067/14/2 1068/14/2
f 1068/14/2 1067/14/2 1069/14/2
f 1068/11/2 1069/11/2 1070/11/2
f 1070/11/2 1069/11/2 1071/11/2
f 1072/12/2 1073/12/2 1074/12/2
f 1074/12/2 1073/12/2 1075/12/2
f 1076/6/2 1077/6/2 1080/6/2
f 1080/6/2 1077/6/2 1081/6/2
f 1080/14/2 1081/14/2 1082/14/2
f 1082/14/2 1081/14/2 1083/14/2
f 1082/6/2 1083/6/2 1084/6/2
f 1084/6/2 1083/6/2 1085/6/2
f 1084/14/2 1085/14/2 1086/14/2
f 1086/14/2 1085/14/2 1087/14/2
f 1086/6/2 1087/6/2 1088/6/2
f 1088/6/2 1087/6/2 1089/6/2
f 1088/14/2 1089/14/2 1090/14/2
f 1090/14/2 1089/14/2 1091/14/2
f 1090/11/2 1091/11/2 1092/11/2
f 1092/11/2 1091/11/2 1093/11/2
f 1078/11/2 1079/11/2 1094/11/2
f 1094/11/2 1079/11/2 1095/11/2
f 1096/12/2 1097/12/2 1098/12/2
f 1098/12/2 1097/12/2 1099/12/2
f 1100/6/2 1101/6/2 1102/6/2
f 1102/6/2 1101/6/2 1103/6/2
f 1102/14/2 1103/14/2 1104/14/2
f 1104/14/2 1103/14/2 1105/14/2
f 1104/6/2 1105/6/2 1106/6/2
f 1106/6/2 1105/6/2 1107/6/2
f 1106/14/2 1107/14/2 1108/14/2
f 1108/14/2 1107/14/2 1109/14/2
f 1108/6/2 1109/6/2 1110/6/2
f 1110/6/2 1109/6/2 1111/6/2
f 1110/14/2 1111/14/2 1112/14/2
f 1112/14/2 1111/14/2 1113/14/2
f 1112/11/2 1113/11/2 1114/11/2
f 1114/11/2 1113/11/2 1115/11/2
f 1116/12/2 1117/12/2 1118/12/2
f 1118/12/2 1117/12/2 1119/12/2
f 1120/6/2 1121/6/2 1122/6/2
f 1122/6/2 1121/6/2 1123/6/2
f 1122/14/2 1123/14/2 1124/14/2
f 1124/14/2 1123/14/2 1125/14/2
f 1124/6/2 1125/6/2 1126/6/2
f 1126/6/2 1125/6/2 1127/6/2
f 1126/14/2 1127/14/2 1128/14/2
f 1128/14/2 1127/14/2 1129/14/2
f 1128/6/2 1129/6/2 1130/6/2
f 1130/6/2 1129/6/2 1131/6/2
f 1130/14/2 1131/14/2 1132/14/2
f 1132/14/2 1131/14/2 1133/14/2
f 1132/11/2 1133/11/2 1134/11/2
f 1134/11/2 1133/11/2 1135/11/2
f 1136/12/2 1137/12/2 1138/12/2
f 1138/12/2 1137/12/2 1139/12/2
f 1140/6/2 1141/6/2 1142/6/2
f 1142/6/2 1141/6/2 1143/6/2
f 1142/14/2 1143/14/2 1144/14/2
f 1144/14/2 1143/14/2 1145/14/2
f 1144/6/2 1145/6/2 1146/6/2
f 1146/6/2 1145/6/2 1147/6/2
f 1146/14/2 1147/14/2 1148/14/2
f 1148/14/2 1147/14/2 1149/14/2
f 1148/6/2 1149/6/2 1150/6/2
f 1150/6/2 1149/6/2 1151/6/2
f 1150/14/2 1151/14/2 1152/14/2
f 1152/14/2 1151/14/2 1153/14/2
f 1152/11/2 1153/11/2 1154/11/2
f 1154/11/2 1153/11/2 1155/11/2
f 1156/12/2 1157/12/2 1158/12/2
f 1158/12/2 1157/12/2 1159/12/2
f 1160/6/2 1161/6/2 1163/6/2
f 1161/14/2 1162/14/2 1164/14/2
f 1163/6/2 1161/6/2 1164/6/2
f 1164/14/2 1162/14/2 1165/14/2
f 1163/14/2 1164/14/2 1166/14/2
f 1164/14/2 1165/14/2 1166/14/2
f 1166/14/2 1165/14/2 1167/14/2
f 1167/14/2 1165/14/2 1168/14/2
f 1166/6/2 1167/6/2 1169/6/2
f 1167/14/2 1168/14/2 1170/14/2
f 1169/6/2 1167/6/2 1170/6/2
f 1170/14/2 1168/14/2 1171/14/2
f 1169/14/2 1170/14/2 1172/14/2
f 1170/14/2 1171/14/2 1172/14/2
f 1172/14/2 1171/14/2 1173/14/2
f 1173/14/2 1171/14/2 1174/14/2
f 1172/6/2 1173/6/2 1175/6/2
f 1173/14/2 1174/14/2 1176/14/2
f 1175/6/2 1173/6/2 1176/6/2
f 1176/14/2 1174/14/2 1177/14/2
f 1175/14/2 1176/14/2 1178/14/2
f 1176/14/2 1177/14/2 1178/14/2
f 1178/14/2 1177/14/2 1179/14/2
f 1178/11/2 1179/11/2 1180/11/2
f 1180/11/2 1179/11/2 1181/11/2
f 1182/12/2 1183/12/2 1184/12/2
f 1184/12/2 1183/12/2 1185/12/2
f 1186/6/2 1187/6/2 1188/6/2
f 1188/6/2 1187/6/2 1189/6/2
f 1188/14/2 1189/14/2 1190/14/2
f 1190/14/2 1189/14/2 1191/14/2
f 1190/6/2 1191/6/2 1192/6/2
f 1192/6/2 1191/6/2 1193/6/2
f 1192/14/2 1193/14/2 1194/14/2
f 1194/14/2 1193/14/2 1195/14/2
f 1194/6/2 1195/6/2 1196/6/2
f 1196/6/2 1195/6/2 1197/6/2
f 1196/14/2 1197/14/2 1198/14/2
f 1198/14/2 1197/14/2 1199/14/2
f 1198/11/2 1199/11/2 1200/11/2
f 1200/11/2 1199/11/2 1201/11/2
f 1202/12/2 1203/12/2 1204/12/2
f 1204/12/2 1203/12/2 1205/12/2
f 1206/6/2 1207/6/2 1208/6/2
f 1208/6/2 1207/6/2 1209/6/2
f 1208/14/2 1209/14/2 1210/14/2
f 1210/14/2 1209/14/2 1211/14/2
f 1210/6/2 1211/6/2 1212/6/2
f 1212/6/2 1211/6/2 1213/6/2
f 1212/14/2 1213/14/2 1214/14/2
f 1214/14/2 1213/14/2 1215/14/2
f 1214/6/2 1215/6/2 1216/6/2
f 1216/6/2 1215/6/2 1217/6/2
f 1216/14/2 1217/14/2 1218/14/2
f 1218/14/2 1217/14/2 1219/14/2
f 1218/11/2 1219/11/2 1220/11/2
f 1220/11/2 1219/11/2 1221/11/2
f 1222/9/2 1223/9/2 1224/9/2
f 1224/9/2 1223/9/2 1225/9/2
f 1226/6/2 1227/6/2 1228/6/2
f 1228/6/2 1227/6/2 1229/6/2
f 1228/14/2 1229/14/2 1230/14/2
f 1230/14/2 1229/14/2 1231/14/2
f 1230/6/2 1231/6/2 1232/6/2
f 1232/6/2 1231/6/2 1233/6/2
f 1232/14/2 1233/14/2 1234/14/2
f 1234/14/2 1233/14/2 1235/14/2
f 1234/6/2 1235/6/2 1236/6/2
f 1236/6/2 1235/6/2 1237/6/2
f 1236/14/2 1237/14/2 1238/14/2
f 1238/14/2 1237/14/2 1239/14/2
f 1238/11/2 1239/11/2 1240/11/2
f 1240/11/2 1239/11/2 1241/11/2
f 1242/6/2 1243/6/2 1244/6/2
f 1244/6/2 1243/6/2 1245/6/2
f 1244/14/2 1245/14/2 1246/14/2
f 1246/14/2 1245/14/2 1247/14/2
f 1246/6/2 1247/6/2 1248/6/2
f 1248/6/2 1247/6/2 1249/6/2
f 1248/14/2 1249/14/2 1250/14/2
f 1250/14/2 1249/14/2 1251/14/2
f 1250/6/2 1251/6/2 1252/6/2
f 1252/6/2 1251/6/2 1253/6/2
f 1252/14/2 1253/14/2 1254/14/2
f 1254/14/2 1253/14/2 1255/14/2
f 1254/11/2 1255/11/2 1256/11/2
f 1256/11/2 1255/11/2 1257/11/2
f 1258/6/2 1259/6/2 1262/6/2
f 1262/6/2 1259/6/2 1263/6/2
f 1260/6/2 1261/6/2 1264/6/2
f 1264/6/2 1261/6/2 1265/6/2
f 1262/14/2 1263/14/2 1266/14/2
f 1266/14/2 1263/14/2 1267/14/2
f 1264/14/2 1265/14/2 1268/14/2
f 1268/14/2 1265/14/2 1269/14/2
f 1268/6/2 1269/6/2 1270/6/2
f 1270/6/2 1269/6/2 1271/6/2
f 1266/6/2 1267/6/2 1272/6/2
f 1272/6/2 1267/6/2 1273/6/2
f 1272/14/2 1273/14/2 1274/14/2
f 1274/14/2 1273/14/2 1275/14/2
f 1276/13/2 1277/13/2 1278/13/2
f 1278/13/2 1277/13/2 1279/13/2
f 1274/6/2 1275/6/2 1280/6/2
f 1280/6/2 1275/6/2 1281/6/2
f 1280/14/2 1281/14/2 1282/14/2
f 1282/14/2 1281/14/2 1283/14/2
f 1282/11/2 1283/11/2 1284/11/2
f 1284/11/2 1283/11/2 1285/11/2
f 1286/6/2 1287/6/2 1289/6/2
f 1287/14/2 1288/14/2 1290/14/2
f 1289/6/2 1287/6/2 1290/6/2
f 1289/14/2 1290/14/2 1291/14/2
f 1290/14/2 1288/14/2 1292/14/2
f 1291/14/2 1290/14/2 1292/14/2
f 1292/14/2 1288/14/2 1293/14/2
f 1291/6/2 1292/6/2 1294/6/2
f 1292/14/2 1293/14/2 1295/14/2
f 1294/6/2 1292/6/2 1295/6/2
f 1295/14/2 1293/14/2 1296/14/2
f 1294/14/2 1295/14/2 1297/14/2
f 1295/14/2 1296/14/2 1297/14/2
f 1297/14/2 1296/14/2 1298/14/2
f 1298/14/2 1296/14/2 1299/14/2
f 1297/6/2 1298/6/2 1300/6/2
f 1298/14/2 1299/14/2 1301/14/2
f 1300/6/2 1298/6/2 1301/6/2
f 1301/14/2 1299/14/2 1302/14/2
f 1300/14/2 1301/14/2 1303/14/2
f 1301/14/2 1302/14/2 1303/14/2
f 1303/14/2 1302/14/2 1304/14/2
f 1303/11/2 1304/11/2 1305/11/2
f 1305/11/2 1304/11/2 1306/11/2
f 1307/6/2 1308/6/2 1311/6/2
f 1311/6/2 1308/6/2 1312/6/2
f 1311/14/2 1312/14/2 1313/14/2
f 1313/14/2 1312/14/2 1314/14/2
f 1309/9/2 1310/9/2 1315/9/2
f 1315/9/2 1310/9/2 1316/9/2
f 1313/6/2 1314/6/2 1317/6/2
f 1317/6/2 1314/6/2 1318/6/2
f 1317/4/2 1318/4/2 1321/4/2
f 1321/4/2 1318/4/2 1322/4/2
f 1321/7/2 1322/7/2 1323/7/2
f 1319/9/2 1320/9/2 1324/9/2
f 1324/9/2 1320/9/2 1325/9/2
f 1321/7/2 1323/7/2 1326/7/2
f 1317/4/2 1321/4/2 1326/4/2
f 1326/7/2 1323/7/2 1327/7/2
f 1326/4/2 1327/4/2 1328/4/2
f 1317/4/2 1326/4/2 1329/4/2
f 1326/4/2 1328/4/2 1329/4/2
f 1329/4/2 1328/4/2 1330/4/2
f 1329/6/2 1330/6/2 1331/6/2
f 1331/6/2 1330/6/2 1332/6/2
f 1331/14/2 1332/14/2 1333/14/2
f 1333/14/2 1332/14/2 1334/14/2
f 1333/11/2 1334/11/2 1335/11/2
f 1335/11/2 1334/11/2 1336/11/2
f 1337/12/2 1338/12/2 1339/12/2
f 1339/12/2 1338/12/2 1340/12/2
f 1341/6/2 1342/6/2 1344/6/2
f 1344/6/2 1342/6/2 1345/6/2
f 1343/6/2 1344/6/2 1346/6/2
f 1346/6/2 1344/6/2 1347/6/2
f 1346/14/2 1347/14/2 1348/14/2
f 1348/14/2 1347/14/2 1349/14/2
f 1348/6/2 1349/6/2 1350/6/2
f 1350/6/2 1349/6/2 1351/6/2
f 1350/4/2 1351/4/2 1352/4/2
f 1352/4/2 1351/4/2 1353/4/2
f 1352/7/2 1353/7/2 1354/7/2
f 1354/7/2 1353/7/2 1355/7/2
f 1355/7/2 1353/7/2 1356/7/2
f 1354/4/2 1355/4/2 1357/4/2
f 1355/7/2 1356/7/2 1358/7/2
f 1357/4/2 1355/4/2 1358/4/2
f 1358/7/2 1356/7/2 1359/7/2
f 1357/7/2 1358/7/2 1360/7/2
f 1358/4/2 1359/4/2 1361/4/2
f 1360/7/2 1358/7/2 1361/7/2
f 1361/4/2 1359/4/2 1362/4/2
f 1360/4/2 1361/4/2 1363/4/2
f 1361/7/2 1362/7/2 1364/7/2
f 1363/4/2 1361/4/2 1364/4/2
f 1364/7/2 1362/7/2 1365/7/2
f 1363/7/2 1364/7/2 1366/7/2
f 1364/4/2 1365/4/2 1367/4/2
f 1366/7/2 1364/7/2 1367/7/2
f 1366/4/2 1367/4/2 1368/4/2
f 1367/4/2 1365/4/2 1369/4/2
f 1368/4/2 1367/4/2 1369/4/2
f 1368/6/2 1369/6/2 1370/6/2
f 1370/6/2 1369/6/2 1371/6/2
f 1370/14/2 1371/14/2 1372/14/2
f 1372/14/2 1371/14/2 1373/14/2
f 1372/11/2 1373/11/2 1374/11/2
f 1374/11/2 1373/11/2 1375/11/2
f 1376/12/2 1377/12/2 1378/12/2
f 1378/12/2 1377/12/2 1379/12/2
f 1382/9/2 1383/9/2 1384/9/2
f 1384/9/2 1383/9/2 1385/9/2
f 1380/6/2 1381/6/2 1388/6/2
f 1388/6/2 1381/6/2 1389/6/2
f 1386/9/2 1387/9/2 1390/9/2
f 1390/9/2 1387/9/2 1391/9/2
f 1388/14/2 1389/14/2 1392/14/2
f 1392/14/2 1389/14/2 1393/14/2
f 1392/6/2 1393/6/2 1394/6/2
f 1394/6/2 1393/6/2 1395/6/2
f 1394/4/2 1395/4/2 1396/4/2
f 1396/4/2 1395/4/2 1397/4/2
f 1396/7/2 1397/7/2 1398/7/2
f 1397/4/2 1395/4/2 1399/4/2
f 1398/7/2 1397/7/2 1399/7/2
f 1399/4/2 1395/4/2 1400/4/2
f 1398/4/2 1399/4/2 1401/4/2
f 1399/7/2 1400/7/2 1401/7/2
f 1401/7/2 1400/7/2 1402/7/2
f 1398/4/2 1401/4/2 1403/4/2
f 1401/4/2 1402/4/2 1403/4/2
f 1403/4/2 1402/4/2 1404/4/2
f 1403/6/2 1404/6/2 1405/6/2
f 1405/6/2 1404/6/2 1406/6/2
f 1405/14/2 1406/14/2 1407/14/2
f 1407/14/2 1406/14/2 1408/14/2
f 1407/11/2 1408/11/2 1409/11/2
f 1409/11/2 1408/11/2 1410/11/2
f 1411/12/2 1412/12/2 1413/12/2
f 1413/12/2 1412/12/2 1414/12/2
f 1415/6/2 1416/6/2 1417/6/2
f 1417/6/2 1416/6/2 1418/6/2
f 1417/14/2 1418/14/2 1419/14/2
f 1419/14/2 1418/14/2 1420/14/2
f 1419/6/2 1420/6/2 1421/6/2
f 1421/6/2 1420/6/2 1422/6/2
f 1421/4/2 1422/4/2 1423/4/2
f 1423/4/2 1422/4/2 1424/4/2
f 1423/6/2 1424/6/2 1425/6/2
f 1425/6/2 1424/6/2 1426/6/2
f 1425/14/2 1426/14/2 1427/14/2
f 1427/14/2 1426/14/2 1428/14/2
f 1427/11/2 1428/11/2 1429/11/2
f 1429/11/2 1428/11/2 1430/11/2
f 1431/12/2 1432/12/2 1433/12/2
f 1433/12/2 1432/12/2 1434/12/2
f 1438/9/2 1439/9/2 1440/9/2
f 1440/9/2 1439/9/2 1441/9/2
f 1435/6/2 1436/6/2 1444/6/2
f 1436/14/2 1437/14/2 1445/14/2
f 1444/6/2 1436/6/2 1445/6/2
f 1445/14/2 1437/14/2 1446/14/2
f 1442/9/2 1443/9/2 1447/9/2
f 1447/9/2 1443/9/2 1448/9/2
f 1445/14/2 1446/14/2 1449/14/2
f 1444/14/2 1445/14/2 1449/14/2
f 1449/14/2 1446/14/2 1450/14/2
f 1450/14/2 1446/14/2 1451/14/2
f 1449/6/2 1450/6/2 1452/6/2
f 1450/14/2 1451/14/2 1453/14/2
f 1452/6/2 1450/6/2 1453/6/2
f 1453/14/2 1451/14/2 1454/14/2
f 1452/14/2 1453/14/2 1455/14/2
f 1453/14/2 1454/14/2 1455/14/2
f 1455/14/2 1454/14/2 1456/14/2
f 1455/11/2 1456/11/2 1457/11/2
f 1457/11/2 1456/11/2 1458/11/2
f 1459/12/2 1460/12/2 1461/12/2
f 1461/12/2 1460/12/2 1462/12/2
f 1463/6/2 1464/6/2 1465/6/2
f 1465/6/2 1464/6/2 1466/6/2
f 1465/14/2 1466/14/2 1467/14/2
f 1467/14/2 1466/14/2 1468/14/2
f 1467/6/2 1468/6/2 1469/6/2
f 1469/6/2 1468/6/2 1470/6/2
f 1469/14/2 1470/14/2 1471/14/2
f 1471/14/2 1470/14/2 1472/14/2
f 1471/6/2 1472/6/2 1473/6/2
f 1473/6/2 1472/6/2 1474/6/2
f 1473/14/2 1474/14/2 1475/14/2
f 1475/14/2 1474/14/2 1476/14/2
f 1475/11/2 1476/11/2 1477/11/2
f 1477/11/2 1476/11/2 1478/11/2
f 1479/12/2 1480/12/2 1481/12/2
f 1481/12/2 1480/12/2 1482/12/2
f 1483/6/2 1484/6/2 1485/6/2
f 1485/6/2 1484/6/2 1486/6/2
f 1485/14/2 1486/14/2 1487/14/2
f 1487/14/2 1486/14/2 1488/14/2
f 1487/6/2 1488/6/2 1491/6/2
f 1491/6/2 1488/6/2 1492/6/2
f 1491/14/2 1492/14/2 1493/14/2
f 1493/14/2 1492/14/2 1494/14/2
f 1489/9/2 1490/9/2 1495/9/2
f 1495/9/2 1490/9/2 1496/9/2
f 1493/6/2 1494/6/2 1497/6/2
f 1497/6/2 1494/6/2 1498/6/2
f 1497/14/2 1498/14/2 1499/14/2
f 1499/14/2 1498/14/2 1500/14/2
f 1499/11/2 1500/11/2 1501/11/2
f 1501/11/2 1500/11/2 1502/11/2
f 1503/12/2 1504/12/2 1505/12/2
f 1505/12/2 1504/12/2 1506/12/2
f 1507/6/2 1508/6/2 1509/6/2
f 1509/6/2 1508/6/2 1510/6/2
f 1509/14/2 1510/14/2 1511/14/2
f 1511/14/2 1510/14/2 1512/14/2
f 1511/6/2 1512/6/2 1513/6/2
f 1513/6/2 1512/6/2 1514/6/2
f 1513/14/2 1514/14/2 1515/14/2
f 1515/14/2 1514/14/2 1516/14/2
f 1515/6/2 1516/6/2 1517/6/2
f 1517/6/2 1516/6/2 1518/6/2
f 1517/14/2 1518/14/2 1519/14/2
f 1519/14/2 1518/14/2 1520/14/2
f 1519/11/2 1520/11/2 1521/11/2
f 1521/11/2 1520/11/2 1522/11/2
f 1523/12/2 1524/12/2 1525/12/2
f 1525/12/2 1524/12/2 1526/12/2
f 1527/6/2 1528/6/2 1529/6/2
f 1529/6/2 1528/6/2 1530/6/2
f 1529/14/2 1530/14/2 1531/14/2
f 1531/14/2 1530/14/2 1532/14/2
f 1531/6/2 1532/6/2 1533/6/2
f 1533/6/2 1532/6/2 1534/6/2
f 1533/14/2 1534/14/2 1535/14/2
f 1535/14/2 1534/14/2 1536/14/2
f 1535/6/2 1536/6/2 1537/6/2
f 1537/6/2 1536/6/2 1538/6/2
f 1537/14/2 1538/14/2 1539/14/2
f 1539/14/2 1538/14/2 1540/14/2
f 1539/11/2 1540/11/2 1541/11/2
f 1541/11/2 1540/11/2 1542/11/2
f 1543/12/2 1544/12/2 1545/12/2
f 1545/12/2 1544/12/2 1546/12/2
f 1547/6/2 1548/6/2 1550/6/2
f 1548/14/2 1549/14/2 1551/14/2
f 1550/6/2 1548/6/2 1551/6/2
f 1551/14/2 1549/14/2 1552/14/2
f 1550/14/2 1551/14/2 1553/14/2
f 1551/14/2 1552/14/2 1553/14/2
f 1553/14/2 1552/14/2 1554/14/2
f 1554/14/2 1552/14/2 1555/14/2
f 1556/9/2 1557/9/2 1558/9/2
f 1558/9/2 1557/9/2 1559/9/2
f 1553/6/2 1554/6/2 1562/6/2
f 1554/14/2 1555/14/2 1563/14/2
f 1562/6/2 1554/6/2 1563/6/2
f 1563/14/2 1555/14/2 1564/14/2
f 1560/9/2 1561/9/2 1565/9/2
f 1565/9/2 1561/9/2 1566/9/2
f 1563/14/2 1564/14/2 1567/14/2
f 1562/14/2 1563/14/2 1567/14/2
f 1567/14/2 1564/14/2 1568/14/2
f 1568/14/2 1564/14/2 1569/14/2
f 1567/6/2 1568/6/2 1570/6/2
f 1568/14/2 1569/14/2 1571/14/2
f 1570/6/2 1568/6/2 1571/6/2
f 1571/14/2 1569/14/2 1572/14/2
f 1570/14/2 1571/14/2 1573/14/2
f 1571/14/2 1572/14/2 1573/14/2
f 1573/14/2 1572/14/2 1574/14/2
f 1573/11/2 1574/11/2 1575/11/2
f 1575/11/2 1574/11/2 1576/11/2
f 1577/12/2 1578/12/2 1579/12/2
f 1579/12/2 1578/12/2 1580/12/2
f 1581/6/2 1582/6/2 1583/6/2
f 1583/6/2 1582/6/2 1584/6/2
f 1583/14/2 1584/14/2 1585/14/2
f 1585/14/2 1584/14/2 1586/14/2
f 1585/6/2 1586/6/2 1587/6/2
f 1587/6/2 1586/6/2 1588/6/2
f 1587/14/2 1588/14/2 1589/14/2
f 1589/14/2 1588/14/2 1590/14/2
f 1589/6/2 1590/6/2 1591/6/2
f 1591/6/2 1590/6/2 1592/6/2
f 1591/14/2 1592/14/2 1593/14/2
f 1593/14/2 1592/14/2 1594/14/2
f 1593/11/2 1594/11/2 1595/11/2
f 1595/11/2 1594/11/2 1596/11/2
f 1597/12/2 1598/12/2 1599/12/2
f 1599/12/2 1598/12/2 1600/12/2
f 1601/6/2 1602/6/2 1603/6/2
f 1603/6/2 1602/6/2 1604/6/2
f 1603/14/2 1604/14/2 1605/14/2
f 1605/14/2 1604/14/2 1606/14/2
f 1605/6/2 1606/6/2 1607/6/2
f 1607/6/2 1606/6/2 1608/6/2
f 1607/14/2 1608/14/2 1609/14/2
f 1609/14/2 1608/14/2 1610/14/2
f 1609/6/2 1610/6/2 1611/6/2
f 1611/6/2 1610/6/2 1612/6/2
f 1611/14/2 1612/14/2 1613/14/2
f 1613/14/2 1612/14/2 1614/14/2
f 1613/11/2 1614/11/2 1615/11/2
f 1615/11/2 1614/11/2 1616/11/2
f 1617/12/2 1618/12/2 1619/12/2
f 1619/12/2 1618/12/2 1620/12/2
f 1621/6/2 1622/6/2 1623/6/2
f 1623/6/2 1622/6/2 1624/6/2
f 1623/14/2 1624/14/2 1625/14/2
f 1625/14/2 1624/14/2 1626/14/2
f 1627/9/2 1628/9/2 1629/9/2
f 1629/9/2 1628/9/2 1630/9/2
f 1625/6/2 1626/6/2 1633/6/2
f 1633/6/2 1626/6/2 1634/6/2
f 1631/9/2 1632/9/2 1635/9/2
f 1635/9/2 1632/9/2 1636/9/2
f 1633/14/2 1634/14/2 1637/14/2
f 1637/14/2 1634/14/2 1638/14/2
f 1637/6/2 1638/6/2 1639/6/2
f 1639/6/2 1638/6/2 1640/6/2
f 1639/14/2 1640/14/2 1641/14/2
f 1641/14/2 1640/14/2 1642/14/2
f 1641/11/2 1642/11/2 1643/11/2
f 1643/11/2 1642/11/2 1644/11/2
f 1645/12/2 1646/12/2 1647/12/2
f 1647/12/2 1646/12/2 1648/12/2
f 1649/6/2 1650/6/2 1651/6/2
f 1651/6/2 1650/6/2 1652/6/2
f 1651/14/2 1652/14/2 1653/14/2
f 1653/14/2 1652/14/2 1654/14/2
f 1653/6/2 1654/6/2 1655/6/2
f 1655/6/2 1654/6/2 1656/6/2
f 1655/14/2 1656/14/2 1657/14/2
f 1657/14/2 1656/14/2 1658/14/2
f 1657/6/2 1658/6/2 1659/6/2
f 1659/6/2 1658/6/2 1660/6/2
f 1659/14/2 1660/14/2 1661/14/2
f 1661/14/2 1660/14/2 1662/14/2
f 1661/11/2 1662/11/2 1663/11/2
f 1663/11/2 1662/11/2 1664/11/2
f 1665/12/2 1666/12/2 1667/12/2
f 1667/12/2 1666/12/2 1668/12/2
f 1669/6/2 1670/6/2 1673/6/2
f 1670/14/2 1671/14/2 1674/14/2
f 1673/6/2 1670/6/2 1674/6/2
f 1671/6/2 1672/6/2 1675/6/2
f 1674/14/2 1671/14/2 1675/14/2
f 1675/6/2 1672/6/2 1676/6/2
f 1673/14/2 1674/14/2 1677/14/2
f 1674/14/2 1675/14/2 1677/14/2
f 1675/14/2 1676/14/2 1677/14/2
f 1677/14/2 1676/14/2 1678/14/2
f 1678/14/2 1676/14/2 1679/14/2
f 1679/14/2 1676/14/2 1680/14/2
f 1677/6/2 1678/6/2 1683/6/2
f 1678/14/2 1679/14/2 1684/14/2
f 1683/6/2 1678/6/2 1684/6/2
f 1679/6/2 1680/6/2 1685/6/2
f 1684/14/2 1679/14/2 1685/14/2
f 1685/6/2 1680/6/2 1686/6/2
f 1683/14/2 1684/14/2 1687/14/2
f 1684/14/2 1685/14/2 1687/14/2
f 1685/14/2 1686/14/2 1687/14/2
f 1687/14/2 1686/14/2 1688/14/2
f 1688/14/2 1686/14/2 1689/14/2
f 1689/14/2 1686/14/2 1690/14/2
f 1681/9/2 1682/9/2 1691/9/2
f 1691/9/2 1682/9/2 1692/9/2
f 1687/6/2 1688/6/2 1693/6/2
f 1688/14/2 1689/14/2 1694/14/2
f 1693/6/2 1688/6/2 1694/6/2
f 1689/6/2 1690/6/2 1695/6/2
f 1694/14/2 1689/14/2 1695/14/2
f 1695/6/2 1690/6/2 1696/6/2
f 1693/14/2 1694/14/2 1697/14/2
f 1694/14/2 1695/14/2 1697/14/2
f 1695/14/2 1696/14/2 1697/14/2
f 1697/14/2 1696/14/2 1698/14/2
f 1697/11/2 1698/11/2 1699/11/2
f 1699/11/2 1698/11/2 1700/11/2
f 1701/12/2 1702/12/2 1703/12/2
f 1703/12/2 1702/12/2 1704/12/2
f 1705/6/2 1706/6/2 1707/6/2
f 1707/6/2 1706/6/2 1708/6/2
f 1707/14/2 1708/14/2 1709/14/2
f 1709/14/2 1708/14/2 1710/14/2
f 1709/6/2 1710/6/2 1711/6/2
f 1711/6/2 1710/6/2 1712/6/2
f 1711/14/2 1712/14/2 1713/14/2
f 1713/14/2 1712/14/2 1714/14/2
f 1713/6/2 1714/6/2 1715/6/2
f 1715/6/2 1714/6/2 1716/6/2
f 1715/14/2 1716/14/2 1717/14/2
f 1717/14/2 1716/14/2 1718/14/2
f 1717/11/2 1718/11/2 1719/11/2
f 1719/11/2 1718/11/2 1720/11/2
f 1721/12/2 1722/12/2 1723/12/2
f 1723/12/2 1722/12/2 1724/12/2
f 1725/6/2 1726/6/2 1727/6/2
f 1727/6/2 1726/6/2 1728/6/2
f 1727/14/2 1728/14/2 1729/14/2
f 1729/14/2 1728/14/2 1730/14/2
f 1729/6/2 1730/6/2 1731/6/2
f 1731/6/2 1730/6/2 1732/6/2
f 1731/14/2 1732/14/2 1733/14/2
f 1733/14/2 1732/14/2 1734/14/2
f 1733/6/2 1734/6/2 1735/6/2
f 1735/6/2 1734/6/2 1736/6/2
f 1735/14/2 1736/14/2 1737/14/2
f 1737/14/2 1736/14/2 1738/14/2
f 1737/11/2 1738/11/2 1739/11/2
f 1739/11/2 1738/11/2 1740/11/2
f 1741/12/2 1742/12/2 1743/12/2
f 1743/12/2 1742/12/2 1744/12/2
f 1745/6/2 1746/6/2 1747/6/2
f 1747/6/2 1746/6/2 1748/6/2
f 1747/14/2 1748/14/2 1749/14/2
f 1749/14/2 1748/14/2 1750/14/2
f 1749/6/2 1750/6/2 1751/6/2
f 1751/6/2 1750/6/2 1752/6/2
f 1751/14/2 1752/14/2 1753/14/2
f 1753/14/2 1752/14/2 1754/14/2
f 1753/6/2 1754/6/2 1755/6/2
f 1755/6/2 1754/6/2 1756/6/2
f 1755/14/2 1756/14/2 1757/14/2
f 1757/14/2 1756/14/2 1758/14/2
f 1757/11/2 1758/11/2 1759/11/2
f 1759/11/2 1758/11/2 1760/11/2
f 1761/12/2 1762/12/2 1763/12/2
f 1763/12/2 1762/12/2 1764/12/2
f 1765/6/2 1766/6/2 1768/6/2
f 1766/14/2 1767/14/2 1769/14/2
f 1768/6/2 1766/6/2 1769/6/2
f 1768/14/2 1769/14/2 1770/14/2
f 1769/14/2 1767/14/2 1771/14/2
f 1770/14/2 1769/14/2 1771/14/2
f 1770/6/2 1771/6/2 1772/6/2
f 1771/14/2 1767/14/2 1773/14/2
f 1772/6/2 1771/6/2 1773/6/2
f 1772/14/2 1773/14/2 1774/14/2
f 1773/14/2 1767/14/2 1775/14/2
f 1774/14/2 1773/14/2 1775/14/2
f 1774/6/2 1775/6/2 1776/6/2
f 1775/14/2 1767/14/2 1777/14/2
f 1776/6/2 1775/6/2 1777/6/2
f 1776/14/2 1777/14/2 1778/14/2
f 1777/14/2 1767/14/2 1779/14/2
f 1778/14/2 1777/14/2 1779/14/2
f 1778/11/2 1779/11/2 1780/11/2
f 1780/11/2 1779/11/2 1781/11/2
f 1782/11/2 1783/11/2 1784/11/2
f 1784/11/2 1783/11/2 1785/11/2
f 1788/11/3 1787/11/3 1786/11/3
f 1789/11/3 1787/11/3 1788/11/3
f 1790/11/3 1788/11/3 1786/11/3
f 1790/12/3 1789/12/3 1788/12/3
f 1791/11/3 1787/11/3 1789/11/3
f 1791/12/3 1789/12/3 1790/12/3
f 1792/11/3 1790/11/3 1786/11/3
f 1792/11/3 1791/11/3 1790/11/3
f 1793/11/3 1787/11/3 1791/11/3
f 1793/11/3 1791/11/3 1792/11/3
f 1799/14/3 1795/14/3 1794/14/3
f 1800/14/3 1795/14/3 1799/14/3
f 1801/14/3 1797/14/3 1796/14/3
f 1802/14/3 1797/14/3 1801/14/3
f 1803/14/3 1797/14/3 1802/14/3
f 1804/14/3 1797/14/3 1803/14/3
f 1805/14/3 1797/14/3 1804/14/3
f 1806/14/3 1797/14/3 1805/14/3
f 1807/12/3 1800/12/3 1799/12/3
f 1808/12/3 1800/12/3 1807/12/3
f 1809/6/3 1802/6/3 1801/6/3
f 1810/14/3 1803/14/3 1802/14/3
f 1810/6/3 1802/6/3 1809/6/3
f 1811/6/3 1804/6/3 1803/6/3
f 1811/14/3 1803/14/3 1810/14/3
f 1812/14/3 1805/14/3 1804/14/3
f 1812/6/3 1804/6/3 1811/6/3
f 1813/6/3 1806/6/3 1805/6/3
f 1813/14/3 1805/14/3 1812/14/3
f 1814/14/3 1797/14/3 1806/14/3
f 1814/6/3 1806/6/3 1813/6/3
f 1815/11/3 1798/11/3 1797/11/3
f 1815/14/3 1797/14/3 1814/14/3
f 1816/11/3 1798/11/3 1815/11/3
f 1827/12/3 1818/12/3 1817/12/3
f 1828/12/3 1818/12/3 1827/12/3
f 1829/6/3 1820/6/3 1819/6/3
f 1830/14/3 1821/14/3 1820/14/3
f 1830/6/3 1820/6/3 1829/6/3
f 1831/6/3 1822/6/3 1821/6/3
f 1831/14/3 1821/14/3 1830/14/3
f 1832/14/3 1823/14/3 1822/14/3
f 1832/6/3 1822/6/3 1831/6/3
f 1833/6/3 1824/6/3 1823/6/3
f 1833/14/3 1823/14/3 1832/14/3
f 1834/14/3 1825/14/3 1824/14/3
f 1834/6/3 1824/6/3 1833/6/3
f 1835/11/3 1826/11/3 1825/11/3
f 1835/14/3 1825/14/3 1834/14/3
f 1836/11/3 1826/11/3 1835/11/3
f 1839/12/3 1838/12/3 1837/12/3
f 1841/12/3 1839/12/3 1837/12/3
f 1841/12/3 1840/12/3 1839/12/3
f 1842/12/3 1840/12/3 1841/12/3
f 1843/12/3 1840/12/3 1842/12/3
f 1844/11/3 1842/11/3 1841/11/3
f 1845/8/3 1843/8/3 1842/8/3
f 1845/11/3 1842/11/3 1844/11/3
f 1846/12/3 1845/12/3 1844/12/3
f 1847/8/3 1843/8/3 1845/8/3
f 1847/12/3 1845/12/3 1846/12/3
f 1848/8/3 1843/8/3 1847/8/3
f 1849/12/3 1848/12/3 1847/12/3
f 1850/12/3 1848/12/3 1849/12/3
f 1861/12/3 1852/12/3 1851/12/3
f 1862/12/3 1852/12/3 1861/12/3
f 1863/6/3 1854/6/3 1853/6/3
f 1864/14/3 1855/14/3 1854/14/3
f 1864/6/3 1854/6/3 1863/6/3
f 1865/6/3 1856/6/3 1855/6/3
f 1865/14/3 1855/14/3 1864/14/3
f 1866/14/3 1857/14/3 1856/14/3
f 1866/6/3 1856/6/3 1865/6/3
f 1867/6/3 1858/6/3 1857/6/3
f 1867/14/3 1857/14/3 1866/14/3
f 1868/14/3 1859/14/3 1858/14/3
f 1868/6/3 1858/6/3 1867/6/3
f 1869/11/3 1860/11/3 1859/11/3
f 1869/14/3 1859/14/3 1868/14/3
f 1870/11/3 1860/11/3 1869/11/3
f 1881/12/3 1872/12/3 1871/12/3
f 1882/12/3 1872/12/3 1881/12/3
f 1883/6/3 1874/6/3 1873/6/3
f 1884/14/3 1875/14/3 1874/14/3
f 1884/6/3 1874/6/3 1883/6/3
f 1885/6/3 1876/6/3 1875/6/3
f 1885/14/3 1875/14/3 1884/14/3
f 1886/14/3 1877/14/3 1876/14/3
f 1886/6/3 1876/6/3 1885/6/3
f 1887/6/3 1878/6/3 1877/6/3
f 1887/14/3 1877/14/3 1886/14/3
f 1888/14/3 1879/14/3 1878/14/3
f 1888/6/3 1878/6/3 1887/6/3
f 1889/11/3 1880/11/3 1879/11/3
f 1889/14/3 1879/14/3 1888/14/3
f 1890/11/3 1880/11/3 1889/11/3
f 1901/12/3 1892/12/3 1891/12/3
f 1902/12/3 1892/12/3 1901/12/3
f 1903/6/3 1894/6/3 1893/6/3
f 1904/14/3 1895/14/3 1894/14/3
f 1904/6/3 1894/6/3 1903/6/3
f 1905/6/3 1896/6/3 1895/6/3
f 1905/14/3 1895/14/3 1904/14/3
f 1906/14/3 1897/14/3 1896/14/3
f 1906/6/3 1896/6/3 1905/6/3
f 1907/6/3 1898/6/3 1897/6/3
f 1907/14/3 1897/14/3 1906/14/3
f 1908/14/3 1899/14/3 1898/14/3
f 1908/6/3 1898/6/3 1907/6/3
f 1909/11/3 1900/11/3 1899/11/3
f 1909/14/3 1899/14/3 1908/14/3
f 1910/11/3 1900/11/3 1909/11/3
f 1921/12/3 1912/12/3 1911/12/3
f 1922/12/3 1912/12/3 1921/12/3
f 1923/6/3 1914/6/3 1913/6/3
f 1924/14/3 1915/14/3 1914/14/3
f 1924/6/3 1914/6/3 1923/6/3
f 1925/6/3 1916/6/3 1915/6/3
f 1925/14/3 1915/14/3 1924/14/3
f 1926/14/3 1917/14/3 1916/14/3
f 1926/6/3 1916/6/3 1925/6/3
f 1927/6/3 1918/6/3 1917/6/3
f 1927/14/3 1917/14/3 1926/14/3
f 1928/14/3 1919/14/3 1918/14/3
f 1928/6/3 1918/6/3 1927/6/3
f 1929/11/3 1920/11/3 1919/11/3
f 1929/14/3 1919/14/3 1928/14/3
f 1930/11/3 1920/11/3 1929/11/3
f 1933/12/3 1932/12/3 1931/12/3
f 1934/12/3 1932/12/3 1933/12/3
f 1935/11/3 1934/11/3 1933/11/3
f 1936/11/3 1935/11/3 1933/11/3
f 1937/11/3 1935/11/3 1936/11/3
f 1938/12/3 1937/12/3 1936/12/3
f 1939/12/3 1937/12/3 1938/12/3
f 1950/12/3 1941/12/3 1940/12/3
f 1951/12/3 1941/12/3 1950/12/3
f 1952/6/3 1943/6/3 1942/6/3
f 1953/14/3 1944/14/3 1943/14/3
f 1953/6/3 1943/6/3 1952/6/3
f 1954/6/3 1945/6/3 1944/6/3
f 1954/14/3 1944/14/3 1953/14/3
f 1955/14/3 1946/14/3 1945/14/3
f 1955/6/3 1945/6/3 1954/6/3
f 1956/6/3 1947/6/3 1946/6/3
f 1956/14/3 1946/14/3 1955/14/3
f 1957/14/3 1948/14/3 1947/14/3
f 1957/6/3 1947/6/3 1956/6/3
f 1958/11/3 1949/11/3 1948/11/3
f 1958/14/3 1948/14/3 1957/14/3
f 1959/11/3 1949/11/3 1958/11/3
f 1970/12/3 1961/12/3 1960/12/3
f 1971/12/3 1961/12/3 1970/12/3
f 1972/6/3 1963/6/3 1962/6/3
f 1973/14/3 1964/14/3 1963/14/3
f 1973/6/3 1963/6/3 1972/6/3
f 1974/6/3 1965/6/3 1964/6/3
f 1974/14/3 1964/14/3 1973/14/3
f 1975/14/3 1966/14/3 1965/14/3
f 1975/6/3 1965/6/3 1974/6/3
f 1976/6/3 1967/6/3 1966/6/3
f 1976/14/3 1966/14/3 1975/14/3
f 1977/14/3 1968/14/3 1967/14/3
f 1977/6/3 1967/6/3 1976/6/3
f 1978/11/3 1969/11/3 1968/11/3
f 1978/14/3 1968/14/3 1977/14/3
f 1979/11/3 1969/11/3 1978/11/3
f 1982/12/3 1981/12/3 1980/12/3
f 1984/12/3 1982/12/3 1980/12/3
f 1984/12/3 1983/12/3 1982/12/3
f 1985/12/3 1983/12/3 1984/12/3
f 1986/12/3 1983/12/3 1985/12/3
f 1987/12/3 1983/12/3 1986/12/3
f 1988/12/3 1983/12/3 1987/12/3
f 1989/8/3 1986/8/3 1985/8/3
f 1989/12/3 1987/12/3 1986/12/3
f 1990/12/3 1987/12/3 1989/12/3
f 1991/11/3 1985/11/3 1984/11/3
f 1992/8/3 1989/8/3 1985/8/3
f 1992/11/3 1985/11/3 1991/11/3
f 1992/8/3 1990/8/3 1989/8/3
f 1993/8/3 1990/8/3 1992/8/3
f 1994/12/3 1992/12/3 1991/12/3
f 1994/12/3 1993/12/3 1992/12/3
f 1995/12/3 1993/12/3 1994/12/3
f 2004/6/3 1997/6/3 1996/6/3
f 2005/14/3 1998/14/3 1997/14/3
f 2005/6/3 1997/6/3 2004/6/3
f 2006/6/3 1999/6/3 1998/6/3
f 2006/14/3 1998/14/3 2005/14/3
f 2007/14/3 2000/14/3 1999/14/3
f 2007/6/3 1999/6/3 2006/6/3
f 2008/6/3 2001/6/3 2000/6/3
f 2008/14/3 2000/14/3 2007/14/3
f 2009/14/3 2002/14/3 2001/14/3
f 2009/6/3 2001/6/3 2008/6/3
f 2010/11/3 2003/11/3 2002/11/3
f 2010/14/3 2002/14/3 2009/14/3
f 2011/11/3 2003/11/3 2010/11/3
f 2020/6/3 2013/6/3 2012/6/3
f 2021/14/3 2014/14/3 2013/14/3
f 2021/6/3 2013/6/3 2020/6/3
f 2022/6/3 2015/6/3 2014/6/3
f 2022/14/3 2014/14/3 2021/14/3
f 2023/14/3 2016/14/3 2015/14/3
f 2023/6/3 2015/6/3 2022/6/3
f 2024/6/3 2017/6/3 2016/6/3
f 2024/14/3 2016/14/3 2023/14/3
f 2025/14/3 2018/14/3 2017/14/3
f 2025/6/3 2017/6/3 2024/6/3
f 2026/11/3 2019/11/3 2018/11/3
f 2026/14/3 2018/14/3 2025/14/3
f 2027/11/3 2019/11/3 2026/11/3
f 2030/12/3 2029/12/3 2028/12/3
f 2031/12/3 2029/12/3 2030/12/3
f 2032/12/3 2030/12/3 2028/12/3
f 2033/12/3 2030/12/3 2032/12/3
f 2034/12/3 2030/12/3 2033/12/3
f 2035/11/3 2033/11/3 2032/11/3
f 2036/8/3 2034/8/3 2033/8/3
f 2036/11/3 2033/11/3 2035/11/3
f 2037/8/3 2034/8/3 2036/8/3
f 2038/12/3 2036/12/3 2035/12/3
f 2038/12/3 2037/12/3 2036/12/3
f 2039/12/3 2037/12/3 2038/12/3
f 2048/6/3 2041/6/3 2040/6/3
f 2049/14/3 2042/14/3 2041/14/3
f 2049/6/3 2041/6/3 2048/6/3
f 2050/6/3 2043/6/3 2042/6/3
f 2050/14/3 2042/14/3 2049/14/3
f 2051/14/3 2044/14/3 2043/14/3
f 2051/6/3 2043/6/3 2050/6/3
f 2052/6/3 2045/6/3 2044/6/3
f 2052/14/3 2044/14/3 2051/14/3
f 2053/14/3 2046/14/3 2045/14/3
f 2053/6/3 2045/6/3 2052/6/3
f 2054/11/3 2047/11/3 2046/11/3
f 2054/14/3 2046/14/3 2053/14/3
f 2055/11/3 2047/11/3 2054/11/3
f 2064/6/3 2057/6/3 2056/6/3
f 2065/14/3 2058/14/3 2057/14/3
f 2065/6/3 2057/6/3 2064/6/3
f 2066/6/3 2059/6/3 2058/6/3
f 2066/14/3 2058/14/3 2065/14/3
f 2067/14/3 2060/14/3 2059/14/3
f 2067/6/3 2059/6/3 2066/6/3
f 2068/6/3 2061/6/3 2060/6/3
f 2068/14/3 2060/14/3 2067/14/3
f 2069/14/3 2062/14/3 2061/14/3
f 2069/6/3 2061/6/3 2068/6/3
f 2070/11/3 2063/11/3 2062/11/3
f 2070/14/3 2062/14/3 2069/14/3
f 2071/11/3 2063/11/3 2070/11/3
f 2078/6/3 2075/6/3 2074/6/3
f 2079/6/3 2075/6/3 2078/6/3
f 2080/6/3 2073/6/3 2072/6/3
f 2081/14/3 2074/14/3 2073/14/3
f 2081/6/3 2073/6/3 2080/6/3
f 2082/6/3 2078/6/3 2074/6/3
f 2082/14/3 2074/14/3 2081/14/3
f 2083/4/3 2079/4/3 2078/4/3
f 2083/6/3 2078/6/3 2082/6/3
f 2084/6/3 2075/6/3 2079/6/3
f 2084/4/3 2079/4/3 2083/4/3
f 2085/14/3 2076/14/3 2075/14/3
f 2085/6/3 2075/6/3 2084/6/3
f 2086/11/3 2077/11/3 2076/11/3
f 2086/14/3 2076/14/3 2085/14/3
f 2087/11/3 2077/11/3 2086/11/3
f 2090/12/3 2089/12/3 2088/12/3
f 2092/12/3 2090/12/3 2088/12/3
f 2092/12/3 2091/12/3 2090/12/3
f 2093/12/3 2091/12/3 2092/12/3
f 2094/12/3 2091/12/3 2093/12/3
f 2095/12/3 2091/12/3 2094/12/3
f 2096/8/3 2094/8/3 2093/8/3
f 2097/11/3 2093/11/3 2092/11/3
f 2098/8/3 2096/8/3 2093/8/3
f 2098/11/3 2093/11/3 2097/11/3
f 2099/8/3 2096/8/3 2098/8/3
f 2100/12/3 2098/12/3 2097/12/3
f 2100/12/3 2099/12/3 2098/12/3
f 2101/12/3 2099/12/3 2100/12/3
f 2116/4/3 2110/4/3 2109/4/3
f 2117/4/3 2110/4/3 2116/4/3
f 2118/12/3 2103/12/3 2102/12/3
f 2119/12/3 2103/12/3 2118/12/3
f 2120/6/3 2105/6/3 2104/6/3
f 2121/14/3 2106/14/3 2105/14/3
f 2121/6/3 2105/6/3 2120/6/3
f 2122/6/3 2107/6/3 2106/6/3
f 2122/14/3 2106/14/3 2121/14/3
f 2123/4/3 2108/4/3 2107/4/3
f 2123/6/3 2107/6/3 2122/6/3
f 2124/7/3 2109/7/3 2108/7/3
f 2124/4/3 2108/4/3 2123/4/3
f 2125/4/3 2116/4/3 2109/4/3
f 2125/7/3 2109/7/3 2124/7/3
f 2126/7/3 2117/7/3 2116/7/3
f 2126/4/3 2116/4/3 2125/4/3
f 2127/4/3 2110/4/3 2117/4/3
f 2127/7/3 2117/7/3 2126/7/3
f 2128/7/3 2111/7/3 2110/7/3
f 2128/4/3 2110/4/3 2127/4/3
f 2129/4/3 2112/4/3 2111/4/3
f 2129/7/3 2111/7/3 2128/7/3
f 2130/6/3 2113/6/3 2112/6/3
f 2130/4/3 2112/4/3 2129/4/3
f 2131/14/3 2114/14/3 2113/14/3
f 2131/6/3 2113/6/3 2130/6/3
f 2132/11/3 2115/11/3 2114/11/3
f 2132/14/3 2114/14/3 2131/14/3
f 2133/11/3 2115/11/3 2132/11/3
f 2138/6/3 2135/6/3 2134/6/3
f 2139/6/3 2135/6/3 2138/6/3
f 2152/12/3 2137/12/3 2136/12/3
f 2153/12/3 2137/12/3 2152/12/3
f 2154/6/3 2140/6/3 2139/6/3
f 2155/14/3 2141/14/3 2140/14/3
f 2155/6/3 2140/6/3 2154/6/3
f 2156/6/3 2142/6/3 2141/6/3
f 2156/14/3 2141/14/3 2155/14/3
f 2157/4/3 2143/4/3 2142/4/3
f 2157/6/3 2142/6/3 2156/6/3
f 2157/4/3 2144/4/3 2143/4/3
f 2158/7/3 2145/7/3 2144/7/3
f 2158/4/3 2144/4/3 2157/4/3
f 2158/7/3 2146/7/3 2145/7/3
f 2158/7/3 2147/7/3 2146/7/3
f 2159/4/3 2148/4/3 2147/4/3
f 2159/7/3 2147/7/3 2158/7/3
f 2160/6/3 2149/6/3 2148/6/3
f 2160/4/3 2148/4/3 2159/4/3
f 2161/14/3 2150/14/3 2149/14/3
f 2161/6/3 2149/6/3 2160/6/3
f 2162/11/3 2151/11/3 2150/11/3
f 2162/14/3 2150/14/3 2161/14/3
f 2163/11/3 2151/11/3 2162/11/3
f 2166/12/3 2165/12/3 2164/12/3
f 2167/12/3 2165/12/3 2166/12/3
f 2168/12/3 2165/12/3 2167/12/3
f 2169/11/3 2167/11/3 2166/11/3
f 2170/8/3 2168/8/3 2167/8/3
f 2170/11/3 2167/11/3 2169/11/3
f 2171/12/3 2170/12/3 2169/12/3
f 2171/8/3 2168/8/3 2170/8/3
f 2172/8/3 2168/8/3 2171/8/3
f 2173/12/3 2171/12/3 2169/12/3
f 2173/12/3 2172/12/3 2171/12/3
f 2174/12/3 2172/12/3 2173/12/3
f 2177/12/3 2176/12/3 2175/12/3
f 2178/12/3 2176/12/3 2177/12/3
f 2191/12/3 2180/12/3 2179/12/3
f 2192/12/3 2180/12/3 2191/12/3
f 2193/6/3 2182/6/3 2181/6/3
f 2194/14/3 2183/14/3 2182/14/3
f 2194/6/3 2182/6/3 2193/6/3
f 2195/6/3 2184/6/3 2183/6/3
f 2195/14/3 2183/14/3 2194/14/3
f 2196/4/3 2185/4/3 2184/4/3
f 2196/6/3 2184/6/3 2195/6/3
f 2196/4/3 2186/4/3 2185/4/3
f 2196/4/3 2187/4/3 2186/4/3
f 2197/6/3 2188/6/3 2187/6/3
f 2197/4/3 2187/4/3 2196/4/3
f 2198/14/3 2189/14/3 2188/14/3
f 2198/6/3 2188/6/3 2197/6/3
f 2199/11/3 2190/11/3 2189/11/3
f 2199/14/3 2189/14/3 2198/14/3
f 2200/11/3 2190/11/3 2199/11/3
f 2211/12/3 2202/12/3 2201/12/3
f 2212/12/3 2202/12/3 2211/12/3
f 2213/6/3 2204/6/3 2203/6/3
f 2214/14/3 2205/14/3 2204/14/3
f 2214/6/3 2204/6/3 2213/6/3
f 2215/6/3 2206/6/3 2205/6/3
f 2215/14/3 2205/14/3 2214/14/3
f 2215/6/3 2207/6/3 2206/6/3
f 2215/6/3 2208/6/3 2207/6/3
f 2216/14/3 2209/14/3 2208/14/3
f 2216/6/3 2208/6/3 2215/6/3
f 2217/11/3 2210/11/3 2209/11/3
f 2217/14/3 2209/14/3 2216/14/3
f 2218/11/3 2210/11/3 2217/11/3
f 2221/12/3 2220/12/3 2219/12/3
f 2223/12/3 2221/12/3 2219/12/3
f 2223/12/3 2222/12/3 2221/12/3
f 2224/12/3 2222/12/3 2223/12/3
f 2225/12/3 2222/12/3 2224/12/3
f 2226/8/3 2225/8/3 2224/8/3
f 2227/11/3 2224/11/3 2223/11/3
f 2228/8/3 2226/8/3 2224/8/3
f 2228/11/3 2224/11/3 2227/11/3
f 2229/8/3 2226/8/3 2228/8/3
f 2230/12/3 2228/12/3 2227/12/3
f 2230/12/3 2229/12/3 2228/12/3
f 2231/12/3 2229/12/3 2230/12/3
f 2236/14/3 2233/14/3 2232/14/3
f 2237/14/3 2233/14/3 2236/14/3
f 2238/14/3 2233/14/3 2237/14/3
f 2239/14/3 2233/14/3 2238/14/3
f 2245/12/3 2235/12/3 2234/12/3
f 2246/12/3 2235/12/3 2245/12/3
f 2247/6/3 2237/6/3 2236/6/3
f 2248/14/3 2238/14/3 2237/14/3
f 2248/6/3 2237/6/3 2247/6/3
f 2249/6/3 2239/6/3 2238/6/3
f 2249/14/3 2238/14/3 2248/14/3
f 2249/6/3 2240/6/3 2239/6/3
f 2250/14/3 2241/14/3 2240/14/3
f 2250/6/3 2240/6/3 2249/6/3
f 2251/6/3 2242/6/3 2241/6/3
f 2251/14/3 2241/14/3 2250/14/3
f 2252/14/3 2243/14/3 2242/14/3
f 2252/6/3 2242/6/3 2251/6/3
f 2253/11/3 2244/11/3 2243/11/3
f 2253/14/3 2243/14/3 2252/14/3
f 2254/11/3 2244/11/3 2253/11/3
f 2258/6/3 2256/6/3 2255/6/3
f 2259/11/3 2257/11/3 2256/11/3
f 2259/6/3 2256/6/3 2258/6/3
f 2260/11/3 2257/11/3 2259/11/3
f 2271/12/3 2262/12/3 2261/12/3
f 2272/12/3 2262/12/3 2271/12/3
f 2273/6/3 2264/6/3 2263/6/3
f 2274/14/3 2265/14/3 2264/14/3
f 2274/6/3 2264/6/3 2273/6/3
f 2275/6/3 2266/6/3 2265/6/3
f 2275/14/3 2265/14/3 2274/14/3
f 2276/14/3 2267/14/3 2266/14/3
f 2276/6/3 2266/6/3 2275/6/3
f 2277/6/3 2268/6/3 2267/6/3
f 2277/14/3 2267/14/3 2276/14/3
f 2278/14/3 2269/14/3 2268/14/3
f 2278/6/3 2268/6/3 2277/6/3
f 2279/11/3 2270/11/3 2269/11/3
f 2279/14/3 2269/14/3 2278/14/3
f 2280/11/3 2270/11/3 2279/11/3
f 2291/12/3 2282/12/3 2281/12/3
f 2292/12/3 2282/12/3 2291/12/3
f 2293/6/3 2284/6/3 2283/6/3
f 2294/14/3 2285/14/3 2284/14/3
f 2294/6/3 2284/6/3 2293/6/3
f 2295/6/3 2286/6/3 2285/6/3
f 2295/14/3 2285/14/3 2294/14/3
f 2296/14/3 2287/14/3 2286/14/3
f 2296/6/3 2286/6/3 2295/6/3
f 2297/6/3 2288/6/3 2287/6/3
f 2297/14/3 2287/14/3 2296/14/3
f 2298/14/3 2289/14/3 2288/14/3
f 2298/6/3 2288/6/3 2297/6/3
f 2299/11/3 2290/11/3 2289/11/3
f 2299/14/3 2289/14/3 2298/14/3
f 2300/11/3 2290/11/3 2299/11/3
f 2303/12/3 2302/12/3 2301/12/3
f 2304/12/3 2302/12/3 2303/12/3
f 2305/12/3 2302/12/3 2304/12/3
f 2306/11/3 2304/11/3 2303/11/3
f 2307/11/3 2306/11/3 2303/11/3
f 2308/11/3 2306/11/3 2307/11/3
f 2309/12/3 2308/12/3 2307/12/3
f 2310/12/3 2308/12/3 2309/12/3
f 2311/12/3 2308/12/3 2310/12/3
f 2312/12/3 2308/12/3 2311/12/3
f 2323/12/3 2314/12/3 2313/12/3
f 2324/12/3 2314/12/3 2323/12/3
f 2325/6/3 2316/6/3 2315/6/3
f 2326/14/3 2317/14/3 2316/14/3
f 2326/6/3 2316/6/3 2325/6/3
f 2327/6/3 2318/6/3 2317/6/3
f 2327/14/3 2317/14/3 2326/14/3
f 2328/14/3 2319/14/3 2318/14/3
f 2328/6/3 2318/6/3 2327/6/3
f 2329/6/3 2320/6/3 2319/6/3
f 2329/14/3 2319/14/3 2328/14/3
f 2330/14/3 2321/14/3 2320/14/3
f 2330/6/3 2320/6/3 2329/6/3
f 2331/11/3 2322/11/3 2321/11/3
f 2331/14/3 2321/14/3 2330/14/3
f 2332/11/3 2322/11/3 2331/11/3
f 2335/12/3 2334/12/3 2333/12/3
f 2336/12/3 2334/12/3 2335/12/3
f 2339/11/3 2338/11/3 2337/11/3
f 2340/11/3 2338/11/3 2339/11/3
f 2341/12/3 2340/12/3 2339/12/3
f 2342/12/3 2340/12/3 2341/12/3
f 2345/11/3 2344/11/3 2343/11/3
f 2346/11/3 2344/11/3 2345/11/3
f 2349/11/3 2348/11/3 2347/11/3
f 2350/11/3 2348/11/3 2349/11/3
f 2361/12/3 2352/12/3 2351/12/3
f 2362/12/3 2352/12/3 2361/12/3
f 2363/6/3 2354/6/3 2353/6/3
f 2364/14/3 2355/14/3 2354/14/3
f 2364/6/3 2354/6/3 2363/6/3
f 2365/6/3 2356/6/3 2355/6/3
f 2365/14/3 2355/14/3 2364/14/3
f 2366/14/3 2357/14/3 2356/14/3
f 2366/6/3 2356/6/3 2365/6/3
f 2367/6/3 2358/6/3 2357/6/3
f 2367/14/3 2357/14/3 2366/14/3
f 2368/14/3 2359/14/3 2358/14/3
f 2368/6/3 2358/6/3 2367/6/3
f 2369/11/3 2360/11/3 2359/11/3
f 2369/14/3 2359/14/3 2368/14/3
f 2370/11/3 2360/11/3 2369/11/3
f 2381/12/3 2372/12/3 2371/12/3
f 2382/12/3 2372/12/3 2381/12/3
f 2383/6/3 2374/6/3 2373/6/3
f 2384/14/3 2375/14/3 2374/14/3
f 2384/6/3 2374/6/3 2383/6/3
f 2385/6/3 2376/6/3 2375/6/3
f 2385/14/3 2375/14/3 2384/14/3
f 2386/14/3 2377/14/3 2376/14/3
f 2386/6/3 2376/6/3 2385/6/3
f 2387/6/3 2378/6/3 2377/6/3
f 2387/14/3 2377/14/3 2386/14/3
f 2388/14/3 2379/14/3 2378/14/3
f 2388/6/3 2378/6/3 2387/6/3
f 2389/11/3 2380/11/3 2379/11/3
f 2389/14/3 2379/14/3 2388/14/3
f 2390/11/3 2380/11/3 2389/11/3
f 2393/12/3 2392/12/3 2391/12/3
f 2394/12/3 2392/12/3 2393/12/3
f 2395/11/3 2394/11/3 2393/11/3
f 2396/11/3 2395/11/3 2393/11/3
f 2397/11/3 2395/11/3 2396/11/3
f 2398/12/3 2397/12/3 2396/12/3
f 2399/12/3 2397/12/3 2398/12/3
f 2410/12/3 2401/12/3 2400/12/3
f 2411/12/3 2401/12/3 2410/12/3
f 2412/6/3 2403/6/3 2402/6/3
f 2413/14/3 2404/14/3 2403/14/3
f 2413/6/3 2403/6/3 2412/6/3
f 2414/6/3 2405/6/3 2404/6/3
f 2414/14/3 2404/14/3 2413/14/3
f 2415/14/3 2406/14/3 2405/14/3
f 2415/6/3 2405/6/3 2414/6/3
f 2416/6/3 2407/6/3 2406/6/3
f 2416/14/3 2406/14/3 2415/14/3
f 2417/14/3 2408/14/3 2407/14/3
f 2417/6/3 2407/6/3 2416/6/3
f 2418/11/3 2409/11/3 2408/11/3
f 2418/14/3 2408/14/3 2417/14/3
f 2419/11/3 2409/11/3 2418/11/3
f 2422/11/3 2421/11/3 2420/11/3
f 2423/11/3 2421/11/3 2422/11/3
f 2434/12/3 2425/12/3 2424/12/3
f 2435/12/3 2425/12/3 2434/12/3
f 2436/6/3 2427/6/3 2426/6/3
f 2437/14/3 2428/14/3 2427/14/3
f 2437/6/3 2427/6/3 2436/6/3
f 2438/6/3 2429/6/3 2428/6/3
f 2438/14/3 2428/14/3 2437/14/3
f 2439/14/3 2430/14/3 2429/14/3
f 2439/6/3 2429/6/3 2438/6/3
f 2440/6/3 2431/6/3 2430/6/3
f 2440/14/3 2430/14/3 2439/14/3
f 2441/14/3 2432/14/3 2431/14/3
f 2441/6/3 2431/6/3 2440/6/3
f 2442/11/3 2433/11/3 2432/11/3
f 2442/14/3 2432/14/3 2441/14/3
f 2443/11/3 2433/11/3 2442/11/3
f 2454/12/3 2445/12/3 2444/12/3
f 2455/12/3 2445/12/3 2454/12/3
f 2456/6/3 2447/6/3 2446/6/3
f 2457/14/3 2448/14/3 2447/14/3
f 2457/6/3 2447/6/3 2456/6/3
f 2458/6/3 2449/6/3 2448/6/3
f 2458/14/3 2448/14/3 2457/14/3
f 2459/14/3 2450/14/3 2449/14/3
f 2459/6/3 2449/6/3 2458/6/3
f 2460/6/3 2451/6/3 2450/6/3
f 2460/14/3 2450/14/3 2459/14/3
f 2461/14/3 2452/14/3 2451/14/3
f 2461/6/3 2451/6/3 2460/6/3
f 2462/11/3 2453/11/3 2452/11/3
f 2462/14/3 2452/14/3 2461/14/3
f 2463/11/3 2453/11/3 2462/11/3
f 2474/12/3 2465/12/3 2464/12/3
f 2475/12/3 2465/12/3 2474/12/3
f 2476/6/3 2467/6/3 2466/6/3
f 2477/14/3 2468/14/3 2467/14/3
f 2477/6/3 2467/6/3 2476/6/3
f 2478/6/3 2469/6/3 2468/6/3
f 2478/14/3 2468/14/3 2477/14/3
f 2479/14/3 2470/14/3 2469/14/3
f 2479/6/3 2469/6/3 2478/6/3
f 2480/6/3 2471/6/3 2470/6/3
f 2480/14/3 2470/14/3 2479/14/3
f 2481/14/3 2472/14/3 2471/14/3
f 2481/6/3 2471/6/3 2480/6/3
f 2482/11/3 2473/11/3 2472/11/3
f 2482/14/3 2472/14/3 2481/14/3
f 2483/11/3 2473/11/3 2482/11/3
f 2494/12/3 2485/12/3 2484/12/3
f 2495/12/3 2485/12/3 2494/12/3
f 2496/6/3 2487/6/3 2486/6/3
f 2497/14/3 2488/14/3 2487/14/3
f 2497/6/3 2487/6/3 2496/6/3
f 2498/6/3 2489/6/3 2488/6/3
f 2498/14/3 2488/14/3 2497/14/3
f 2499/14/3 2490/14/3 2489/14/3
f 2499/6/3 2489/6/3 2498/6/3
f 2500/6/3 2491/6/3 2490/6/3
f 2500/14/3 2490/14/3 2499/14/3
f 2501/14/3 2492/14/3 2491/14/3
f 2501/6/3 2491/6/3 2500/6/3
f 2502/11/3 2493/11/3 2492/11/3
f 2502/14/3 2492/14/3 2501/14/3
f 2503/11/3 2493/11/3 2502/11/3
f 2514/12/3 2505/12/3 2504/12/3
f 2515/12/3 2505/12/3 2514/12/3
f 2516/6/3 2507/6/3 2506/6/3
f 2517/14/3 2508/14/3 2507/14/3
f 2517/6/3 2507/6/3 2516/6/3
f 2518/6/3 2509/6/3 2508/6/3
f 2518/14/3 2508/14/3 2517/14/3
f 2519/14/3 2510/14/3 2509/14/3
f 2519/6/3 2509/6/3 2518/6/3
f 2520/6/3 2511/6/3 2510/6/3
f 2520/14/3 2510/14/3 2519/14/3
f 2521/14/3 2512/14/3 2511/14/3
f 2521/6/3 2511/6/3 2520/6/3
f 2522/11/3 2513/11/3 2512/11/3
f 2522/14/3 2512/14/3 2521/14/3
f 2523/11/3 2513/11/3 2522/11/3
f 2534/12/3 2525/12/3 2524/12/3
f 2535/12/3 2525/12/3 2534/12/3
f 2536/6/3 2527/6/3 2526/6/3
f 2537/14/3 2528/14/3 2527/14/3
f 2537/6/3 2527/6/3 2536/6/3
f 2538/6/3 2529/6/3 2528/6/3
f 2538/14/3 2528/14/3 2537/14/3
f 2539/14/3 2530/14/3 2529/14/3
f 2539/6/3 2529/6/3 2538/6/3
f 2540/6/3 2531/6/3 2530/6/3
f 2540/14/3 2530/14/3 2539/14/3
f 2541/14/3 2532/14/3 2531/14/3
f 2541/6/3 2531/6/3 2540/6/3
f 2542/11/3 2533/11/3 2532/11/3
f 2542/14/3 2532/14/3 2541/14/3
f 2543/11/3 2533/11/3 2542/11/3
f 2554/12/3 2545/12/3 2544/12/3
f 2555/12/3 2545/12/3 2554/12/3
f 2556/6/3 2547/6/3 2546/6/3
f 2557/14/3 2548/14/3 2547/14/3
f 2557/6/3 2547/6/3 2556/6/3
f 2558/6/3 2549/6/3 2548/6/3
f 2558/14/3 2548/14/3 2557/14/3
f 2559/14/3 2550/14/3 2549/14/3
f 2559/6/3 2549/6/3 2558/6/3
f 2560/6/3 2551/6/3 2550/6/3
f 2560/14/3 2550/14/3 2559/14/3
f 2561/14/3 2552/14/3 2551/14/3
f 2561/6/3 2551/6/3 2560/6/3
f 2562/11/3 2553/11/3 2552/11/3
f 2562/14/3 2552/14/3 2561/14/3
f 2563/11/3 2553/11/3 2562/11/3
f 2567/11/3 2565/11/3 2564/11/3
f 2567/11/3 2566/11/3 2565/11/3
f 2568/11/3 2566/11/3 2567/11/3
f 2571/13/3 2570/13/3 2569/13/3
f 2572/13/3 2570/13/3 2571/13/3
f 2573/3/3 2572/3/3 2571/3/3
f 2574/3/3 2572/3/3 2573/3/3
f 2575/2/3 2574/2/3 2573/2/3
f 2576/2/3 2574/2/3 2575/2/3
f 2577/2/3 2575/2/3 2573/2/3
f 2577/1/3 2576/1/3 2575/1/3
f 2578/2/3 2574/2/3 2576/2/3
f 2578/1/3 2576/1/3 2577/1/3
f 2579/3/3 2573/3/3 2571/3/3
f 2579/2/3 2577/2/3 2573/2/3
f 2579/2/3 2578/2/3 2577/2/3
f 2580/2/3 2574/2/3 2578/2/3
f 2580/2/3 2578/2/3 2579/2/3
f 2580/3/3 2572/3/3 2574/3/3
f 2581/13/3 2571/13/3 2569/13/3
f 2581/3/3 2579/3/3 2571/3/3
f 2581/3/3 2580/3/3 2579/3/3
f 2582/3/3 2572/3/3 2580/3/3
f 2582/3/3 2580/3/3 2581/3/3
f 2582/13/3 2570/13/3 2572/13/3
f 2583/13/3 2581/13/3 2569/13/3
f 2583/13/3 2582/13/3 2581/13/3
f 2584/13/3 2570/13/3 2582/13/3
f 2584/13/3 2582/13/3 2583/13/3
f 2587/9/3 2586/9/3 2585/9/3
f 2588/9/3 2586/9/3 2587/9/3
f 2589/9/3 2586/9/3 2588/9/3
f 2590/9/3 2586/9/3 2589/9/3
f 2595/9/3 2592/9/3 2591/9/3
f 2596/9/3 2592/9/3 2595/9/3
f 2597/9/3 2594/9/3 2593/9/3
f 2598/9/3 2594/9/3 2597/9/3
f 2603/9/3 2600/9/3 2599/9/3
f 2604/9/3 2600/9/3 2603/9/3
f 2605/9/3 2602/9/3 2601/9/3
f 2606/9/3 2602/9/3 2605/9/3
f 2607/9/3 2587/9/3 2585/9/3
f 2608/9/3 2589/9/3 2588/9/3
f 2609/9/3 2607/9/3 2585/9/3
f 2609/9/3 2608/9/3 2607/9/3
f 2610/9/3 2589/9/3 2608/9/3
f 2610/9/3 2608/9/3 2609/9/3
f 2615/9/3 2612/9/3 2611/9/3
f 2616/9/3 2612/9/3 2615/9/3
f 2617/9/3 2614/9/3 2613/9/3
f 2618/9/3 2614/9/3 2617/9/3
f 2623/9/3 2620/9/3 2619/9/3
f 2624/9/3 2620/9/3 2623/9/3
f 2625/9/3 2622/9/3 2621/9/3
f 2626/9/3 2622/9/3 2625/9/3
f 2627/9/3 2609/9/3 2585/9/3
f 2628/9/3 2589/9/3 2610/9/3
f 2629/9/3 2589/9/3 2628/9/3
f 2630/9/3 2586/9/3 2590/9/3
f 2631/9/3 2627/9/3 2585/9/3
f 2631/9/3 2630/9/3 2629/9/3
f 2631/9/3 2629/9/3 2628/9/3
f 2631/9/3 2628/9/3 2627/9/3
f 2632/9/3 2586/9/3 2630/9/3
f 2632/9/3 2630/9/3 2631/9/3
f 2635/11/3 2634/11/3 2633/11/3
f 2636/11/3 2634/11/3 2635/11/3
f 2637/11/3 2634/11/3 2636/11/3
f 2638/11/3 2634/11/3 2637/11/3
f 2639/5/3 2636/5/3 2635/5/3
f 2639/13/3 2637/13/3 2636/13/3
f 2640/5/3 2638/5/3 2637/5/3
f 2640/13/3 2637/13/3 2639/13/3
f 2641/11/3 2634/11/3 2638/11/3
f 2642/11/3 2634/11/3 2641/11/3
f 2643/11/3 2641/11/3 2638/11/3
f 2644/11/3 2634/11/3 2642/11/3
f 2645/5/3 2639/5/3 2635/5/3
f 2645/5/3 2640/5/3 2639/5/3
f 2646/5/3 2638/5/3 2640/5/3
f 2646/5/3 2640/5/3 2645/5/3
f 2646/11/3 2644/11/3 2643/11/3
f 2646/11/3 2643/11/3 2638/11/3
f 2647/11/3 2646/11/3 2645/11/3
f 2648/11/3 2634/11/3 2644/11/3
f 2648/11/3 2646/11/3 2647/11/3
f 2648/11/3 2644/11/3 2646/11/3
f 2653/11/3 2650/11/3 2649/11/3
f 2654/11/3 2650/11/3 2653/11/3
f 2655/11/3 2650/11/3 2654/11/3
f 2656/11/3 2650/11/3 2655/11/3
f 2657/11/3 2653/11/3 2649/11/3
f 2658/11/3 2655/11/3 2654/11/3
f 2659/11/3 2655/11/3 2658/11/3
f 2660/11/3 2650/11/3 2656/11/3
f 2661/11/3 2659/11/3 2658/11/3
f 2661/11/3 2660/11/3 2659/11/3
f 2661/11/3 2657/11/3 2649/11/3
f 2661/11/3 2658/11/3 2657/11/3
f 2662/11/3 2660/11/3 2661/11/3
f 2663/11/3 2660/11/3 2662/11/3
f 2664/11/3 2650/11/3 2660/11/3
f 2664/11/3 2660/11/3 2663/11/3
f 2665/11/3 2661/11/3 2649/11/3
f 2666/11/3 2663/11/3 2662/11/3
f 2667/11/3 2663/11/3 2666/11/3
f 2668/11/3 2650/11/3 2664/11/3
f 2669/11/3 2665/11/3 2649/11/3
f 2669/11/3 2668/11/3 2667/11/3
f 2669/11/3 2667/11/3 2666/11/3
f 2669/11/3 2666/11/3 2665/11/3
f 2670/11/3 2650/11/3 2668/11/3
f 2670/11/3 2668/11/3 2669/11/3
f 2673/11/3 2672/11/3 2671/11/3
f 2674/11/3 2672/11/3 2673/11/3
f 2675/11/3 2672/11/3 2674/11/3
f 2676/11/3 2672/11/3 2675/11/3
f 2677/11/3 2673/11/3 2671/11/3
f 2678/11/3 2675/11/3 2674/11/3
f 2679/11/3 2675/11/3 2678/11/3
f 2680/11/3 2672/11/3 2676/11/3
f 2681/11/3 2679/11/3 2678/11/3
f 2681/11/3 2680/11/3 2679/11/3
f 2681/11/3 2677/11/3 2671/11/3
f 2681/11/3 2678/11/3 2677/11/3
f 2682/11/3 2680/11/3 2681/11/3
f 2683/11/3 2680/11/3 2682/11/3
f 2684/11/3 2672/11/3 2680/11/3
f 2684/11/3 2680/11/3 2683/11/3
f 2685/11/3 2681/11/3 2671/11/3
f 2686/11/3 2683/11/3 2682/11/3
f 2687/11/3 2683/11/3 2686/11/3
f 2688/11/3 2672/11/3 2684/11/3
f 2689/11/3 2685/11/3 2671/11/3
f 2689/11/3 2688/11/3 2687/11/3
f 2689/11/3 2687/11/3 2686/11/3
f 2689/11/3 2686/11/3 2685/11/3
f 2690/11/3 2672/11/3 2688/11/3
f 2690/11/3 2688/11/3 2689/11/3
f 2691/11/3 2652/11/3 2651/11/3
f 2692/11/3 2652/11/3 2691/11/3
f 2693/11/3 2647/11/3 2645/11/3
f 2694/11/3 2634/11/3 2648/11/3
f 2695/11/3 2693/11/3 2645/11/3
f 2695/11/3 2694/11/3 2693/11/3
f 2696/11/3 2634/11/3 2694/11/3
f 2696/11/3 2694/11/3 2695/11/3
f 2699/9/3 2698/9/3 2697/9/3
f 2700/9/3 2698/9/3 2699/9/3
f 2705/9/3 2702/9/3 2701/9/3
f 2706/9/3 2702/9/3 2705/9/3
f 2707/9/3 2702/9/3 2706/9/3
f 2708/9/3 2702/9/3 2707/9/3
f 2709/4/3 2704/4/3 2703/4/3
f 2710/4/3 2704/4/3 2709/4/3
f 2711/4/3 2709/4/3 2703/4/3
f 2713/4/3 2711/4/3 2703/4/3
f 2713/4/3 2712/4/3 2711/4/3
f 2714/4/3 2712/4/3 2713/4/3
f 2717/4/3 2716/4/3 2715/4/3
f 2718/4/3 2716/4/3 2717/4/3
f 2720/4/3 2716/4/3 2718/4/3
f 2721/4/3 2716/4/3 2720/4/3
f 2722/9/3 2705/9/3 2701/9/3
f 2723/9/3 2707/9/3 2706/9/3
f 2724/4/3 2720/4/3 2719/4/3
f 2726/9/3 2722/9/3 2701/9/3
f 2726/9/3 2723/9/3 2722/9/3
f 2727/9/3 2707/9/3 2723/9/3
f 2727/9/3 2723/9/3 2726/9/3
f 2728/4/3 2725/4/3 2724/4/3
f 2728/4/3 2724/4/3 2719/4/3
f 2729/4/3 2725/4/3 2728/4/3
f 2734/4/3 2731/4/3 2730/4/3
f 2735/4/3 2733/4/3 2732/4/3
f 2736/4/3 2734/4/3 2730/4/3
f 2736/4/3 2735/4/3 2734/4/3
f 2737/4/3 2733/4/3 2735/4/3
f 2737/4/3 2735/4/3 2736/4/3
f 2738/4/3 2736/4/3 2730/4/3
f 2739/4/3 2736/4/3 2738/4/3
f 2740/4/3 2733/4/3 2737/4/3
f 2741/4/3 2733/4/3 2740/4/3
f 2745/4/3 2743/4/3 2742/4/3
f 2746/4/3 2743/4/3 2745/4/3
f 2747/4/3 2745/4/3 2744/4/3
f 2748/4/3 2745/4/3 2747/4/3
f 2752/4/3 2749/4/3 2748/4/3
f 2753/4/3 2749/4/3 2752/4/3
f 2754/4/3 2751/4/3 2750/4/3
f 2755/4/3 2751/4/3 2754/4/3
f 2757/4/3 2756/4/3 2755/4/3
f 2758/4/3 2756/4/3 2757/4/3
f 2760/9/3 2726/9/3 2701/9/3
f 2761/9/3 2707/9/3 2727/9/3
f 2763/4/3 2759/4/3 2758/4/3
f 2764/9/3 2760/9/3 2701/9/3
f 2764/9/3 2761/9/3 2760/9/3
f 2765/9/3 2707/9/3 2761/9/3
f 2765/9/3 2761/9/3 2764/9/3
f 2767/4/3 2763/4/3 2762/4/3
f 2768/4/3 2759/4/3 2763/4/3
f 2768/4/3 2763/4/3 2767/4/3
f 2769/4/3 2767/4/3 2766/4/3
f 2770/4/3 2767/4/3 2769/4/3
f 2773/4/3 2772/4/3 2771/4/3
f 2774/4/3 2772/4/3 2773/4/3
f 2775/4/3 2773/4/3 2771/4/3
f 2776/4/3 2773/4/3 2775/4/3
f 2779/4/3 2778/4/3 2777/4/3
f 2780/4/3 2778/4/3 2779/4/3
f 2781/9/3 2764/9/3 2701/9/3
f 2782/9/3 2707/9/3 2765/9/3
f 2783/9/3 2707/9/3 2782/9/3
f 2784/9/3 2702/9/3 2708/9/3
f 2785/9/3 2702/9/3 2784/9/3
f 2786/9/3 2783/9/3 2782/9/3
f 2786/9/3 2781/9/3 2701/9/3
f 2786/9/3 2784/9/3 2783/9/3
f 2786/9/3 2782/9/3 2781/9/3
f 2787/9/3 2784/9/3 2786/9/3
f 2788/4/3 2779/4/3 2777/4/3
f 2789/4/3 2779/4/3 2788/4/3
f 2792/4/3 2791/4/3 2790/4/3
f 2793/4/3 2791/4/3 2792/4/3
f 2794/4/3 2792/4/3 2790/4/3
f 2795/4/3 2792/4/3 2794/4/3
f 2796/4/3 2794/4/3 2790/4/3
f 2797/4/3 2794/4/3 2796/4/3
f 2798/4/3 2791/4/3 2793/4/3
f 2799/4/3 2791/4/3 2798/4/3
f 2802/11/3 2801/11/3 2800/11/3
f 2803/11/3 2801/11/3 2802/11/3
f 2804/11/3 2801/11/3 2803/11/3
f 2805/11/3 2801/11/3 2804/11/3
f 2811/11/3 2801/11/3 2805/11/3
f 2812/11/3 2811/11/3 2810/11/3
f 2813/11/3 2801/11/3 2811/11/3
f 2813/11/3 2811/11/3 2812/11/3
f 2814/11/3 2804/11/3 2803/11/3
f 2815/11/3 2801/11/3 2813/11/3
f 2816/11/3 2814/11/3 2803/11/3
f 2816/11/3 2815/11/3 2814/11/3
f 2817/11/3 2801/11/3 2815/11/3
f 2817/11/3 2815/11/3 2816/11/3
f 2818/11/3 2816/11/3 2803/11/3
f 2820/11/3 2818/11/3 2803/11/3
f 2820/11/3 2819/11/3 2818/11/3
f 2821/11/3 2819/11/3 2820/11/3
f 2822/11/3 2801/11/3 2817/11/3
f 2823/11/3 2807/11/3 2806/11/3
f 2824/11/3 2807/11/3 2823/11/3
f 2825/11/3 2822/11/3 2821/11/3
f 2826/11/3 2801/11/3 2822/11/3
f 2826/11/3 2822/11/3 2825/11/3
f 2829/11/3 2820/11/3 2803/11/3
f 2830/11/3 2801/11/3 2826/11/3
f 2831/11/3 2829/11/3 2803/11/3
f 2831/11/3 2830/11/3 2829/11/3
f 2832/11/3 2830/11/3 2831/11/3
f 2833/11/3 2830/11/3 2832/11/3
f 2834/11/3 2801/11/3 2830/11/3
f 2834/11/3 2830/11/3 2833/11/3
f 2835/11/3 2833/11/3 2832/11/3
f 2836/11/3 2833/11/3 2835/11/3
f 2839/11/3 2831/11/3 2803/11/3
f 2840/11/3 2838/11/3 2837/11/3
f 2841/11/3 2838/11/3 2840/11/3
f 2842/11/3 2801/11/3 2834/11/3
f 2843/11/3 2841/11/3 2840/11/3
f 2843/11/3 2842/11/3 2841/11/3
f 2843/11/3 2840/11/3 2839/11/3
f 2844/11/3 2801/11/3 2842/11/3
f 2844/11/3 2842/11/3 2843/11/3
f 2845/11/3 2843/11/3 2839/11/3
f 2845/11/3 2839/11/3 2803/11/3
f 2846/11/3 2843/11/3 2845/11/3
f 2847/11/3 2801/11/3 2844/11/3
f 2848/11/3 2845/11/3 2803/11/3
f 2849/11/3 2847/11/3 2846/11/3
f 2850/11/3 2801/11/3 2847/11/3
f 2850/11/3 2847/11/3 2849/11/3
f 2851/11/3 2848/11/3 2803/11/3
f 2851/11/3 2849/11/3 2848/11/3
f 2852/11/3 2849/11/3 2851/11/3
f 2853/11/3 2849/11/3 2852/11/3
f 2854/11/3 2801/11/3 2850/11/3
f 2855/11/3 2851/11/3 2803/11/3
f 2856/11/3 2853/11/3 2852/11/3
f 2856/11/3 2854/11/3 2853/11/3
f 2857/11/3 2854/11/3 2856/11/3
f 2858/11/3 2856/11/3 2855/11/3
f 2859/11/3 2854/11/3 2857/11/3
f 2860/11/3 2801/11/3 2854/11/3
f 2860/11/3 2854/11/3 2859/11/3
f 2861/11/3 2828/11/3 2827/11/3
f 2862/11/3 2828/11/3 2861/11/3
f 2863/11/3 2859/11/3 2858/11/3
f 2864/11/3 2859/11/3 2863/11/3
f 2867/11/3 2855/11/3 2803/11/3
f 2867/11/3 2858/11/3 2855/11/3
f 2867/11/3 2863/11/3 2858/11/3
f 2868/11/3 2863/11/3 2867/11/3
f 2869/11/3 2801/11/3 2860/11/3
f 2870/11/3 2867/11/3 2803/11/3
f 2871/11/3 2869/11/3 2868/11/3
f 2872/11/3 2870/11/3 2803/11/3
f 2872/11/3 2871/11/3 2870/11/3
f 2873/11/3 2869/11/3 2871/11/3
f 2873/11/3 2871/11/3 2872/11/3
f 2873/11/3 2801/11/3 2869/11/3
f 2875/11/3 2801/11/3 2873/11/3
f 2876/11/3 2872/11/3 2803/11/3
f 2877/11/3 2875/11/3 2874/11/3
f 2878/11/3 2876/11/3 2803/11/3
f 2878/11/3 2877/11/3 2876/11/3
f 2879/11/3 2875/11/3 2877/11/3
f 2879/11/3 2877/11/3 2878/11/3
f 2879/11/3 2801/11/3 2875/11/3
f 2881/11/3 2801/11/3 2879/11/3
f 2882/11/3 2866/11/3 2865/11/3
f 2883/11/3 2866/11/3 2882/11/3
f 2884/11/3 2809/11/3 2808/11/3
f 2885/11/3 2809/11/3 2884/11/3
f 2886/11/3 2802/11/3 2800/11/3
f 2887/11/3 2878/11/3 2803/11/3
f 2888/11/3 2878/11/3 2887/11/3
f 2889/11/3 2881/11/3 2880/11/3
f 2890/11/3 2888/11/3 2887/11/3
f 2890/11/3 2889/11/3 2888/11/3
f 2890/11/3 2887/11/3 2886/11/3
f 2891/11/3 2881/11/3 2889/11/3
f 2891/11/3 2889/11/3 2890/11/3
f 2891/11/3 2801/11/3 2881/11/3
f 2895/11/3 2893/11/3 2892/11/3
f 2896/11/3 2890/11/3 2886/11/3
f 2897/11/3 2895/11/3 2894/11/3
f 2898/11/3 2893/11/3 2895/11/3
f 2898/11/3 2895/11/3 2897/11/3
f 2899/11/3 2801/11/3 2891/11/3
f 2900/11/3 2886/11/3 2800/11/3
f 2900/11/3 2899/11/3 2898/11/3
f 2900/11/3 2896/11/3 2886/11/3
f 2900/11/3 2898/11/3 2897/11/3
f 2900/11/3 2897/11/3 2896/11/3
f 2901/11/3 2899/11/3 2900/11/3
f 2902/12/3 2901/12/3 2900/12/3
f 2903/12/3 2901/12/3 2902/12/3
f 2904/12/3 2902/12/3 2900/12/3
f 2904/10/3 2903/10/3 2902/10/3
f 2905/12/3 2901/12/3 2903/12/3
f 2905/10/3 2903/10/3 2904/10/3
f 2906/12/3 2904/12/3 2900/12/3
f 2906/12/3 2905/12/3 2904/12/3
f 2907/11/3 2899/11/3 2901/11/3
f 2907/12/3 2905/12/3 2906/12/3
f 2907/12/3 2901/12/3 2905/12/3
f 2908/11/3 2907/11/3 2906/11/3
f 2909/11/3 2801/11/3 2899/11/3
f 2909/11/3 2907/11/3 2908/11/3
f 2909/11/3 2899/11/3 2907/11/3
f 2912/11/3 2911/11/3 2910/11/3
f 2913/11/3 2911/11/3 2912/11/3
f 2914/11/4 2915/11/4 2916/11/4
f 2916/11/4 2915/11/4 2917/11/4
f 2914/11/4 2916/11/4 2918/11/4
f 2917/11/4 2915/11/4 2919/11/4
f 2914/11/4 2918/11/4 2920/11/4
f 2919/11/4 2915/11/4 2921/11/4
f 2914/11/4 2920/11/4 2922/11/4
f 2921/11/4 2915/11/4 2923/11/4
f 2914/11/4 2922/11/4 2924/11/4
f 2922/11/4 2923/11/4 2924/11/4
f 2924/11/4 2923/11/4 2925/11/4
f 2925/11/4 2923/11/4 2926/11/4
f 2926/11/4 2923/11/4 2927/11/4
f 2927/11/4 2923/11/4 2928/11/4
f 2923/11/4 2915/11/4 2929/11/4
f 2928/11/4 2923/11/4 2929/11/4
f 2929/11/4 2915/11/4 2930/11/4
f 2930/11/4 2915/11/4 2931/11/4
f 2932/14/4 2933/14/4 2934/14/4
f 2934/14/4 2933/14/4 2935/14/4
f 2936/6/4 2937/6/4 2944/6/4
f 2937/14/4 2938/14/4 2945/14/4
f 2944/6/4 2937/6/4 2945/6/4
f 2938/6/4 2939/6/4 2946/6/4
f 2945/14/4 2938/14/4 2946/14/4
f 2939/14/4 2940/14/4 2947/14/4
f 2946/6/4 2939/6/4 2947/6/4
f 2940/6/4 2941/6/4 2948/6/4
f 2947/14/4 2940/14/4 2948/14/4
f 2941/14/4 2942/14/4 2949/14/4
f 2948/6/4 2941/6/4 2949/6/4
f 2942/11/4 2943/11/4 2950/11/4
f 2949/14/4 2942/14/4 2950/14/4
f 2950/11/4 2943/11/4 2951/11/4
f 2952/12/4 2953/12/4 2954/12/4
f 2954/12/4 2953/12/4 2955/12/4
f 2954/8/4 2955/8/4 2956/8/4
f 2956/8/4 2955/8/4 2958/8/4
f 2957/12/4 2958/12/4 2959/12/4
f 2958/8/4 2955/8/4 2960/8/4
f 2959/12/4 2958/12/4 2960/12/4
f 2960/8/4 2955/8/4 2961/8/4
f 2960/12/4 2961/12/4 2962/12/4
f 2961/8/4 2955/8/4 2963/8/4
f 2962/12/4 2961/12/4 2963/12/4
f 2963/8/4 2955/8/4 2964/8/4
f 2963/12/4 2964/12/4 2965/12/4
f 2965/12/4 2964/12/4 2966/12/4
f 2967/12/4 2968/12/4 2977/12/4
f 2977/12/4 2968/12/4 2978/12/4
f 2969/6/4 2970/6/4 2979/6/4
f 2970/14/4 2971/14/4 2980/14/4
f 2979/6/4 2970/6/4 2980/6/4
f 2971/6/4 2972/6/4 2981/6/4
f 2980/14/4 2971/14/4 2981/14/4
f 2972/14/4 2973/14/4 2982/14/4
f 2981/6/4 2972/6/4 2982/6/4
f 2973/6/4 2974/6/4 2983/6/4
f 2982/14/4 2973/14/4 2983/14/4
f 2974/14/4 2975/14/4 2984/14/4
f 2983/6/4 2974/6/4 2984/6/4
f 2975/11/4 2976/11/4 2985/11/4
f 2984/14/4 2975/14/4 2985/14/4
f 2985/11/4 2976/11/4 2986/11/4
f 2987/12/4 2988/12/4 2997/12/4
f 2997/12/4 2988/12/4 2998/12/4
f 2989/6/4 2990/6/4 2999/6/4
f 2990/14/4 2991/14/4 3000/14/4
f 2999/6/4 2990/6/4 3000/6/4
f 2991/6/4 2992/6/4 3001/6/4
f 3000/14/4 2991/14/4 3001/14/4
f 2992/14/4 2993/14/4 3002/14/4
f 3001/6/4 2992/6/4 3002/6/4
f 2993/6/4 2994/6/4 3003/6/4
f 3002/14/4 2993/14/4 3003/14/4
f 2994/14/4 2995/14/4 3004/14/4
f 3003/6/4 2994/6/4 3004/6/4
f 2995/11/4 2996/11/4 3005/11/4
f 3004/14/4 2995/14/4 3005/14/4
f 3005/11/4 2996/11/4 3006/11/4
f 3007/12/4 3008/12/4 3017/12/4
f 3017/12/4 3008/12/4 3018/12/4
f 3009/6/4 3010/6/4 3019/6/4
f 3010/14/4 3011/14/4 3020/14/4
f 3019/6/4 3010/6/4 3020/6/4
f 3011/6/4 3012/6/4 3021/6/4
f 3020/14/4 3011/14/4 3021/14/4
f 3012/14/4 3013/14/4 3022/14/4
f 3021/6/4 3012/6/4 3022/6/4
f 3013/6/4 3014/6/4 3023/6/4
f 3022/14/4 3013/14/4 3023/14/4
f 3014/14/4 3015/14/4 3024/14/4
f 3023/6/4 3014/6/4 3024/6/4
f 3015/11/4 3016/11/4 3025/11/4
f 3024/14/4 3015/14/4 3025/14/4
f 3025/11/4 3016/11/4 3026/11/4
f 3027/12/4 3028/12/4 3037/12/4
f 3037/12/4 3028/12/4 3038/12/4
f 3029/6/4 3030/6/4 3039/6/4
f 3030/14/4 3031/14/4 3040/14/4
f 3039/6/4 3030/6/4 3040/6/4
f 3031/6/4 3032/6/4 3041/6/4
f 3040/14/4 3031/14/4 3041/14/4
f 3032/14/4 3033/14/4 3042/14/4
f 3041/6/4 3032/6/4 3042/6/4
f 3033/6/4 3034/6/4 3043/6/4
f 3042/14/4 3033/14/4 3043/14/4
f 3034/14/4 3035/14/4 3044/14/4
f 3043/6/4 3034/6/4 3044/6/4
f 3035/11/4 3036/11/4 3045/11/4
f 3044/14/4 3035/14/4 3045/14/4
f 3045/11/4 3036/11/4 3046/11/4
f 3047/12/4 3048/12/4 3049/12/4
f 3049/12/4 3048/12/4 3050/12/4
f 3049/8/4 3050/8/4 3051/8/4
f 3051/8/4 3050/8/4 3053/8/4
f 3053/8/4 3050/8/4 3054/8/4
f 3052/12/4 3053/12/4 3055/12/4
f 3053/12/4 3054/12/4 3055/12/4
f 3055/12/4 3054/12/4 3056/12/4
f 3057/12/4 3058/12/4 3067/12/4
f 3067/12/4 3058/12/4 3068/12/4
f 3059/6/4 3060/6/4 3069/6/4
f 3060/14/4 3061/14/4 3070/14/4
f 3069/6/4 3060/6/4 3070/6/4
f 3061/6/4 3062/6/4 3071/6/4
f 3070/14/4 3061/14/4 3071/14/4
f 3062/14/4 3063/14/4 3072/14/4
f 3071/6/4 3062/6/4 3072/6/4
f 3063/6/4 3064/6/4 3073/6/4
f 3072/14/4 3063/14/4 3073/14/4
f 3064/14/4 3065/14/4 3074/14/4
f 3073/6/4 3064/6/4 3074/6/4
f 3065/11/4 3066/11/4 3075/11/4
f 3074/14/4 3065/14/4 3075/14/4
f 3075/11/4 3066/11/4 3076/11/4
f 3077/12/4 3078/12/4 3087/12/4
f 3087/12/4 3078/12/4 3088/12/4
f 3079/6/4 3080/6/4 3089/6/4
f 3080/14/4 3081/14/4 3090/14/4
f 3089/6/4 3080/6/4 3090/6/4
f 3081/6/4 3082/6/4 3091/6/4
f 3090/14/4 3081/14/4 3091/14/4
f 3082/14/4 3083/14/4 3092/14/4
f 3091/6/4 3082/6/4 3092/6/4
f 3083/6/4 3084/6/4 3093/6/4
f 3092/14/4 3083/14/4 3093/14/4
f 3084/14/4 3085/14/4 3094/14/4
f 3093/6/4 3084/6/4 3094/6/4
f 3085/11/4 3086/11/4 3095/11/4
f 3094/14/4 3085/14/4 3095/14/4
f 3095/11/4 3086/11/4 3096/11/4
f 3097/12/4 3098/12/4 3107/12/4
f 3107/12/4 3098/12/4 3108/12/4
f 3099/6/4 3100/6/4 3109/6/4
f 3100/14/4 3101/14/4 3110/14/4
f 3109/6/4 3100/6/4 3110/6/4
f 3101/6/4 3102/6/4 3111/6/4
f 3110/14/4 3101/14/4 3111/14/4
f 3102/14/4 3103/14/4 3112/14/4
f 3111/6/4 3102/6/4 3112/6/4
f 3103/6/4 3104/6/4 3113/6/4
f 3112/14/4 3103/14/4 3113/14/4
f 3104/14/4 3105/14/4 3114/14/4
f 3113/6/4 3104/6/4 3114/6/4
f 3105/11/4 3106/11/4 3115/11/4
f 3114/14/4 3105/14/4 3115/14/4
f 3115/11/4 3106/11/4 3116/11/4
f 3117/12/4 3118/12/4 3119/12/4
f 3119/12/4 3118/12/4 3120/12/4
f 3119/8/4 3120/8/4 3121/8/4
f 3120/12/4 3118/12/4 3121/12/4
f 3121/12/4 3118/12/4 3122/12/4
f 3119/8/4 3121/8/4 3123/8/4
f 3121/8/4 3122/8/4 3123/8/4
f 3123/8/4 3122/8/4 3125/8/4
f 3125/8/4 3122/8/4 3126/8/4
f 3124/12/4 3125/12/4 3127/12/4
f 3125/12/4 3126/12/4 3127/12/4
f 3127/12/4 3126/12/4 3128/12/4
f 3128/12/4 3126/12/4 3129/12/4
f 3129/12/4 3126/12/4 3130/12/4
f 3133/6/4 3134/6/4 3141/6/4
f 3134/14/4 3135/14/4 3142/14/4
f 3141/6/4 3134/6/4 3142/6/4
f 3135/6/4 3136/6/4 3143/6/4
f 3142/14/4 3135/14/4 3143/14/4
f 3136/14/4 3137/14/4 3144/14/4
f 3143/6/4 3136/6/4 3144/6/4
f 3137/6/4 3138/6/4 3145/6/4
f 3144/14/4 3137/14/4 3145/14/4
f 3138/14/4 3139/14/4 3146/14/4
f 3145/6/4 3138/6/4 3146/6/4
f 3139/11/4 3140/11/4 3147/11/4
f 3146/14/4 3139/14/4 3147/14/4
f 3147/11/4 3140/11/4 3148/11/4
f 3131/12/4 3132/12/4 3149/12/4
f 3149/12/4 3132/12/4 3150/12/4
f 3151/6/4 3152/6/4 3159/6/4
f 3152/14/4 3153/14/4 3160/14/4
f 3159/6/4 3152/6/4 3160/6/4
f 3153/6/4 3154/6/4 3161/6/4
f 3160/14/4 3153/14/4 3161/14/4
f 3154/14/4 3155/14/4 3162/14/4
f 3161/6/4 3154/6/4 3162/6/4
f 3155/6/4 3156/6/4 3163/6/4
f 3162/14/4 3155/14/4 3163/14/4
f 3156/14/4 3157/14/4 3164/14/4
f 3163/6/4 3156/6/4 3164/6/4
f 3157/11/4 3158/11/4 3165/11/4
f 3164/14/4 3157/14/4 3165/14/4
f 3165/11/4 3158/11/4 3166/11/4
f 3167/6/4 3168/6/4 3175/6/4
f 3168/14/4 3169/14/4 3176/14/4
f 3175/6/4 3168/6/4 3176/6/4
f 3169/6/4 3170/6/4 3177/6/4
f 3176/14/4 3169/14/4 3177/14/4
f 3170/14/4 3171/14/4 3178/14/4
f 3177/6/4 3170/6/4 3178/6/4
f 3171/6/4 3172/6/4 3179/6/4
f 3178/14/4 3171/14/4 3179/14/4
f 3172/14/4 3173/14/4 3180/14/4
f 3179/6/4 3172/6/4 3180/6/4
f 3173/11/4 3174/11/4 3181/11/4
f 3180/14/4 3173/14/4 3181/14/4
f 3181/11/4 3174/11/4 3182/11/4
f 3183/12/4 3184/12/4 3185/12/4
f 3185/12/4 3184/12/4 3186/12/4
f 3186/12/4 3184/12/4 3187/12/4
f 3186/8/4 3187/8/4 3188/8/4
f 3188/8/4 3187/8/4 3189/8/4
f 3188/12/4 3189/12/4 3190/12/4
f 3189/8/4 3187/8/4 3191/8/4
f 3190/12/4 3189/12/4 3191/12/4
f 3191/8/4 3187/8/4 3192/8/4
f 3191/12/4 3192/12/4 3193/12/4
f 3193/12/4 3192/12/4 3194/12/4
f 3195/6/4 3196/6/4 3203/6/4
f 3196/14/4 3197/14/4 3204/14/4
f 3203/6/4 3196/6/4 3204/6/4
f 3197/6/4 3198/6/4 3205/6/4
f 3204/14/4 3197/14/4 3205/14/4
f 3198/14/4 3199/14/4 3206/14/4
f 3205/6/4 3198/6/4 3206/6/4
f 3199/6/4 3200/6/4 3207/6/4
f 3206/14/4 3199/14/4 3207/14/4
f 3200/14/4 3201/14/4 3208/14/4
f 3207/6/4 3200/6/4 3208/6/4
f 3201/11/4 3202/11/4 3209/11/4
f 3208/14/4 3201/14/4 3209/14/4
f 3209/11/4 3202/11/4 3210/11/4
f 3211/6/4 3212/6/4 3219/6/4
f 3212/14/4 3213/14/4 3220/14/4
f 3219/6/4 3212/6/4 3220/6/4
f 3213/6/4 3214/6/4 3221/6/4
f 3220/14/4 3213/14/4 3221/14/4
f 3214/14/4 3215/14/4 3222/14/4
f 3221/6/4 3214/6/4 3222/6/4
f 3215/6/4 3216/6/4 3223/6/4
f 3222/14/4 3215/14/4 3223/14/4
f 3216/14/4 3217/14/4 3224/14/4
f 3223/6/4 3216/6/4 3224/6/4
f 3217/11/4 3218/11/4 3225/11/4
f 3224/14/4 3217/14/4 3225/14/4
f 3225/11/4 3218/11/4 3226/11/4
f 3227/14/4 3228/14/4 3231/14/4
f 3229/14/4 3230/14/4 3231/14/4
f 3228/14/4 3229/14/4 3231/14/4
f 3231/14/4 3230/14/4 3232/14/4
f 3235/6/4 3236/6/4 3241/6/4
f 3236/14/4 3237/14/4 3242/14/4
f 3241/6/4 3236/6/4 3242/6/4
f 3237/6/4 3238/6/4 3243/6/4
f 3242/14/4 3237/14/4 3243/14/4
f 3238/14/4 3239/14/4 3244/14/4
f 3243/6/4 3238/6/4 3244/6/4
f 3239/11/4 3240/11/4 3245/11/4
f 3244/14/4 3239/14/4 3245/14/4
f 3245/11/4 3240/11/4 3246/11/4
f 3233/6/4 3234/6/4 3247/6/4
f 3234/14/4 3235/14/4 3248/14/4
f 3247/6/4 3234/6/4 3248/6/4
f 3235/6/4 3241/6/4 3249/6/4
f 3248/14/4 3235/14/4 3249/14/4
f 3249/6/4 3241/6/4 3250/6/4
f 3251/12/4 3252/12/4 3253/12/4
f 3253/12/4 3252/12/4 3254/12/4
f 3253/8/4 3254/8/4 3255/8/4
f 3254/12/4 3252/12/4 3255/12/4
f 3255/12/4 3252/12/4 3256/12/4
f 3253/8/4 3255/8/4 3257/8/4
f 3255/8/4 3256/8/4 3257/8/4
f 3257/8/4 3256/8/4 3259/8/4
f 3259/8/4 3256/8/4 3260/8/4
f 3258/12/4 3259/12/4 3261/12/4
f 3259/12/4 3260/12/4 3261/12/4
f 3260/8/4 3256/8/4 3262/8/4
f 3261/12/4 3260/12/4 3262/12/4
f 3262/8/4 3256/8/4 3263/8/4
f 3262/12/4 3263/12/4 3264/12/4
f 3264/12/4 3263/12/4 3265/12/4
f 3266/6/4 3267/6/4 3272/6/4
f 3267/14/4 3268/14/4 3273/14/4
f 3272/6/4 3267/6/4 3273/6/4
f 3268/6/4 3269/6/4 3274/6/4
f 3273/14/4 3268/14/4 3274/14/4
f 3269/14/4 3270/14/4 3275/14/4
f 3274/6/4 3269/6/4 3275/6/4
f 3270/11/4 3271/11/4 3276/11/4
f 3275/14/4 3270/14/4 3276/14/4
f 3276/11/4 3271/11/4 3277/11/4
f 3278/12/4 3279/12/4 3280/12/4
f 3280/12/4 3279/12/4 3281/12/4
f 3282/6/4 3283/6/4 3288/6/4
f 3283/14/4 3284/14/4 3289/14/4
f 3288/6/4 3283/6/4 3289/6/4
f 3284/6/4 3285/6/4 3290/6/4
f 3289/14/4 3284/14/4 3290/14/4
f 3285/14/4 3286/14/4 3291/14/4
f 3290/6/4 3285/6/4 3291/6/4
f 3286/11/4 3287/11/4 3292/11/4
f 3291/14/4 3286/14/4 3292/14/4
f 3292/11/4 3287/11/4 3293/11/4
f 3294/12/4 3295/12/4 3296/12/4
f 3296/12/4 3295/12/4 3297/12/4
f 3300/6/4 3301/6/4 3304/6/4
f 3304/6/4 3301/6/4 3305/6/4
f 3298/6/4 3299/6/4 3307/6/4
f 3299/14/4 3300/14/4 3308/14/4
f 3307/6/4 3299/6/4 3308/6/4
f 3300/6/4 3304/6/4 3309/6/4
f 3308/14/4 3300/14/4 3309/14/4
f 3304/4/4 3305/4/4 3310/4/4
f 3309/6/4 3304/6/4 3310/6/4
f 3305/6/4 3301/6/4 3311/6/4
f 3310/4/4 3305/4/4 3311/4/4
f 3301/14/4 3302/14/4 3312/14/4
f 3311/6/4 3301/6/4 3312/6/4
f 3302/11/4 3303/11/4 3313/11/4
f 3312/14/4 3302/14/4 3313/14/4
f 3313/11/4 3303/11/4 3314/11/4
f 3306/6/4 3307/6/4 3315/6/4
f 3315/6/4 3307/6/4 3316/6/4
f 3317/12/4 3318/12/4 3319/12/4
f 3319/12/4 3318/12/4 3320/12/4
f 3319/8/4 3320/8/4 3321/8/4
f 3321/8/4 3320/8/4 3323/8/4
f 3323/8/4 3320/8/4 3324/8/4
f 3322/12/4 3323/12/4 3325/12/4
f 3323/12/4 3324/12/4 3325/12/4
f 3325/12/4 3324/12/4 3326/12/4
f 3327/12/4 3328/12/4 3329/12/4
f 3329/12/4 3328/12/4 3330/12/4
f 3331/12/4 3332/12/4 3333/12/4
f 3333/12/4 3332/12/4 3334/12/4
f 3335/6/4 3336/6/4 3341/6/4
f 3336/14/4 3337/14/4 3342/14/4
f 3341/6/4 3336/6/4 3342/6/4
f 3337/6/4 3338/6/4 3343/6/4
f 3342/14/4 3337/14/4 3343/14/4
f 3338/14/4 3339/14/4 3344/14/4
f 3343/6/4 3338/6/4 3344/6/4
f 3339/11/4 3340/11/4 3345/11/4
f 3344/14/4 3339/14/4 3345/14/4
f 3345/11/4 3340/11/4 3346/11/4
f 3347/12/4 3348/12/4 3349/12/4
f 3349/12/4 3348/12/4 3350/12/4
f 3351/12/4 3352/12/4 3353/12/4
f 3353/12/4 3352/12/4 3354/12/4
f 3355/12/4 3356/12/4 3357/12/4
f 3357/12/4 3356/12/4 3358/12/4
f 3359/12/4 3360/12/4 3361/12/4
f 3361/12/4 3360/12/4 3362/12/4
f 3361/8/4 3362/8/4 3363/8/4
f 3362/12/4 3360/12/4 3363/12/4
f 3363/12/4 3360/12/4 3364/12/4
f 3361/8/4 3363/8/4 3365/8/4
f 3363/8/4 3364/8/4 3365/8/4
f 3365/8/4 3364/8/4 3367/8/4
f 3367/8/4 3364/8/4 3368/8/4
f 3366/12/4 3367/12/4 3369/12/4
f 3367/12/4 3368/12/4 3369/12/4
f 3369/12/4 3368/12/4 3370/12/4
f 3371/6/4 3372/6/4 3379/6/4
f 3372/11/4 3373/11/4 3380/11/4
f 3379/6/4 3372/6/4 3380/6/4
f 3373/6/4 3374/6/4 3381/6/4
f 3380/11/4 3373/11/4 3381/11/4
f 3374/14/4 3375/14/4 3382/14/4
f 3381/6/4 3374/6/4 3382/6/4
f 3375/6/4 3376/6/4 3383/6/4
f 3382/14/4 3375/14/4 3383/14/4
f 3376/14/4 3377/14/4 3384/14/4
f 3383/6/4 3376/6/4 3384/6/4
f 3377/11/4 3378/11/4 3385/11/4
f 3384/14/4 3377/14/4 3385/14/4
f 3385/11/4 3378/11/4 3386/11/4
f 3387/12/4 3388/12/4 3389/12/4
f 3389/12/4 3388/12/4 3390/12/4
f 3389/8/4 3390/8/4 3391/8/4
f 3391/8/4 3390/8/4 3392/8/4
f 3391/12/4 3392/12/4 3393/12/4
f 3392/8/4 3390/8/4 3394/8/4
f 3393/12/4 3392/12/4 3394/12/4
f 3394/8/4 3390/8/4 3395/8/4
f 3393/12/4 3394/12/4 3396/12/4
f 3394/12/4 3395/12/4 3396/12/4
f 3396/12/4 3395/12/4 3397/12/4
f 3397/12/4 3395/12/4 3398/12/4
f 3398/12/4 3395/12/4 3399/12/4
f 3400/6/4 3401/6/4 3408/6/4
f 3401/14/4 3402/14/4 3409/14/4
f 3408/6/4 3401/6/4 3409/6/4
f 3402/6/4 3403/6/4 3410/6/4
f 3409/14/4 3402/14/4 3410/14/4
f 3403/14/4 3404/14/4 3411/14/4
f 3410/6/4 3403/6/4 3411/6/4
f 3404/6/4 3405/6/4 3412/6/4
f 3411/14/4 3404/14/4 3412/14/4
f 3405/14/4 3406/14/4 3413/14/4
f 3412/6/4 3405/6/4 3413/6/4
f 3406/11/4 3407/11/4 3414/11/4
f 3413/14/4 3406/14/4 3414/14/4
f 3414/11/4 3407/11/4 3415/11/4
f 3416/11/4 3417/11/4 3418/11/4
f 3418/11/4 3417/11/4 3419/11/4
f 3420/11/4 3421/11/4 3422/11/4
f 3422/11/4 3421/11/4 3423/11/4
f 3422/12/4 3423/12/4 3424/12/4
f 3424/12/4 3423/12/4 3425/12/4
f 3428/6/4 3429/6/4 3436/6/4
f 3429/14/4 3430/14/4 3437/14/4
f 3436/6/4 3429/6/4 3437/6/4
f 3430/6/4 3431/6/4 3438/6/4
f 3437/14/4 3430/14/4 3438/14/4
f 3431/14/4 3432/14/4 3439/14/4
f 3438/6/4 3431/6/4 3439/6/4
f 3432/6/4 3433/6/4 3440/6/4
f 3439/14/4 3432/14/4 3440/14/4
f 3433/14/4 3434/14/4 3441/14/4
f 3440/6/4 3433/6/4 3441/6/4
f 3434/11/4 3435/11/4 3442/11/4
f 3441/14/4 3434/14/4 3442/14/4
f 3442/11/4 3435/11/4 3443/11/4
f 3426/8/4 3427/8/4 3444/8/4
f 3444/8/4 3427/8/4 3445/8/4
f 3446/6/4 3447/6/4 3454/6/4
f 3447/14/4 3448/14/4 3455/14/4
f 3454/6/4 3447/6/4 3455/6/4
f 3448/6/4 3449/6/4 3456/6/4
f 3455/14/4 3448/14/4 3456/14/4
f 3449/14/4 3450/14/4 3457/14/4
f 3456/6/4 3449/6/4 3457/6/4
f 3450/6/4 3451/6/4 3458/6/4
f 3457/14/4 3450/14/4 3458/14/4
f 3451/14/4 3452/14/4 3459/14/4
f 3458/6/4 3451/6/4 3459/6/4
f 3452/11/4 3453/11/4 3460/11/4
f 3459/14/4 3452/14/4 3460/14/4
f 3460/11/4 3453/11/4 3461/11/4
f 3462/12/4 3463/12/4 3464/12/4
f 3464/12/4 3463/12/4 3465/12/4
f 3464/8/4 3465/8/4 3466/8/4
f 3466/8/4 3465/8/4 3467/8/4
f 3466/12/4 3467/12/4 3468/12/4
f 3468/12/4 3467/12/4 3469/12/4
f 3470/6/4 3471/6/4 3478/6/4
f 3471/14/4 3472/14/4 3479/14/4
f 3478/6/4 3471/6/4 3479/6/4
f 3472/6/4 3473/6/4 3480/6/4
f 3479/14/4 3472/14/4 3480/14/4
f 3473/14/4 3474/14/4 3481/14/4
f 3480/6/4 3473/6/4 3481/6/4
f 3474/6/4 3475/6/4 3482/6/4
f 3481/14/4 3474/14/4 3482/14/4
f 3475/14/4 3476/14/4 3483/14/4
f 3482/6/4 3475/6/4 3483/6/4
f 3476/11/4 3477/11/4 3484/11/4
f 3483/14/4 3476/14/4 3484/14/4
f 3484/11/4 3477/11/4 3485/11/4
f 3486/12/4 3487/12/4 3488/12/4
f 3488/12/4 3487/12/4 3489/12/4
f 3488/8/4 3489/8/4 3491/8/4
f 3489/12/4 3490/12/4 3491/12/4
f 3491/12/4 3490/12/4 3492/12/4
f 3488/8/4 3491/8/4 3493/8/4
f 3491/8/4 3492/8/4 3493/8/4
f 3493/8/4 3492/8/4 3494/8/4
f 3493/12/4 3494/12/4 3495/12/4
f 3495/12/4 3494/12/4 3496/12/4
f 3497/6/4 3498/6/4 3505/6/4
f 3498/14/4 3499/14/4 3506/14/4
f 3505/6/4 3498/6/4 3506/6/4
f 3499/6/4 3500/6/4 3507/6/4
f 3506/14/4 3499/14/4 3507/14/4
f 3500/14/4 3501/14/4 3508/14/4
f 3507/6/4 3500/6/4 3508/6/4
f 3501/6/4 3502/6/4 3509/6/4
f 3508/14/4 3501/14/4 3509/14/4
f 3502/14/4 3503/14/4 3510/14/4
f 3509/6/4 3502/6/4 3510/6/4
f 3503/11/4 3504/11/4 3511/11/4
f 3510/14/4 3503/14/4 3511/14/4
f 3511/11/4 3504/11/4 3512/11/4
f 3513/11/4 3514/11/4 3515/11/4
f 3515/11/4 3514/11/4 3516/11/4
f 3517/6/4 3518/6/4 3525/6/4
f 3518/14/4 3519/14/4 3526/14/4
f 3525/6/4 3518/6/4 3526/6/4
f 3519/6/4 3520/6/4 3527/6/4
f 3526/14/4 3519/14/4 3527/14/4
f 3520/14/4 3521/14/4 3528/14/4
f 3527/6/4 3520/6/4 3528/6/4
f 3521/6/4 3522/6/4 3529/6/4
f 3528/14/4 3521/14/4 3529/14/4
f 3522/14/4 3523/14/4 3530/14/4
f 3529/6/4 3522/6/4 3530/6/4
f 3523/11/4 3524/11/4 3531/11/4
f 3530/14/4 3523/14/4 3531/14/4
f 3531/11/4 3524/11/4 3532/11/4
f 3533/11/4 3534/11/4 3535/11/4
f 3535/11/4 3534/11/4 3536/11/4
f 3537/6/4 3538/6/4 3545/6/4
f 3538/14/4 3539/14/4 3546/14/4
f 3545/6/4 3538/6/4 3546/6/4
f 3539/6/4 3540/6/4 3547/6/4
f 3546/14/4 3539/14/4 3547/14/4
f 3540/14/4 3541/14/4 3548/14/4
f 3547/6/4 3540/6/4 3548/6/4
f 3541/6/4 3542/6/4 3549/6/4
f 3548/14/4 3541/14/4 3549/14/4
f 3542/14/4 3543/14/4 3550/14/4
f 3549/6/4 3542/6/4 3550/6/4
f 3543/11/4 3544/11/4 3551/11/4
f 3550/14/4 3543/14/4 3551/14/4
f 3551/11/4 3544/11/4 3552/11/4
f 3553/8/4 3554/8/4 3555/8/4
f 3555/8/4 3554/8/4 3556/8/4
f 3557/6/4 3558/6/4 3565/6/4
f 3558/14/4 3559/14/4 3566/14/4
f 3565/6/4 3558/6/4 3566/6/4
f 3559/6/4 3560/6/4 3567/6/4
f 3566/14/4 3559/14/4 3567/14/4
f 3560/14/4 3561/14/4 3568/14/4
f 3567/6/4 3560/6/4 3568/6/4
f 3561/6/4 3562/6/4 3569/6/4
f 3568/14/4 3561/14/4 3569/14/4
f 3562/14/4 3563/14/4 3570/14/4
f 3569/6/4 3562/6/4 3570/6/4
f 3563/11/4 3564/11/4 3571/11/4
f 3570/14/4 3563/14/4 3571/14/4
f 3571/11/4 3564/11/4 3572/11/4
f 3573/6/4 3574/6/4 3581/6/4
f 3574/14/4 3575/14/4 3582/14/4
f 3581/6/4 3574/6/4 3582/6/4
f 3575/6/4 3576/6/4 3583/6/4
f 3582/14/4 3575/14/4 3583/14/4
f 3576/14/4 3577/14/4 3584/14/4
f 3583/6/4 3576/6/4 3584/6/4
f 3577/6/4 3578/6/4 3585/6/4
f 3584/14/4 3577/14/4 3585/14/4
f 3578/14/4 3579/14/4 3586/14/4
f 3585/6/4 3578/6/4 3586/6/4
f 3579/11/4 3580/11/4 3587/11/4
f 3586/14/4 3579/14/4 3587/14/4
f 3587/11/4 3580/11/4 3588/11/4
f 3589/11/4 3590/11/4 3591/11/4
f 3591/11/4 3590/11/4 3592/11/4
f 3593/6/4 3594/6/4 3601/6/4
f 3594/14/4 3595/14/4 3602/14/4
f 3601/6/4 3594/6/4 3602/6/4
f 3595/6/4 3596/6/4 3603/6/4
f 3602/14/4 3595/14/4 3603/14/4
f 3596/14/4 3597/14/4 3604/14/4
f 3603/6/4 3596/6/4 3604/6/4
f 3597/6/4 3598/6/4 3605/6/4
f 3604/14/4 3597/14/4 3605/14/4
f 3598/14/4 3599/14/4 3606/14/4
f 3605/6/4 3598/6/4 3606/6/4
f 3599/11/4 3600/11/4 3607/11/4
f 3606/14/4 3599/14/4 3607/14/4
f 3607/11/4 3600/11/4 3608/11/4
f 3609/6/4 3610/6/4 3617/6/4
f 3610/14/4 3611/14/4 3618/14/4
f 3617/6/4 3610/6/4 3618/6/4
f 3611/6/4 3612/6/4 3619/6/4
f 3618/14/4 3611/14/4 3619/14/4
f 3612/14/4 3613/14/4 3620/14/4
f 3619/6/4 3612/6/4 3620/6/4
f 3613/6/4 3614/6/4 3621/6/4
f 3620/14/4 3613/14/4 3621/14/4
f 3614/14/4 3615/14/4 3622/14/4
f 3621/6/4 3614/6/4 3622/6/4
f 3615/11/4 3616/11/4 3623/11/4
f 3622/14/4 3615/14/4 3623/14/4
f 3623/11/4 3616/11/4 3624/11/4
f 3625/8/4 3626/8/4 3627/8/4
f 3627/8/4 3626/8/4 3628/8/4
f 3629/11/4 3630/11/4 3637/11/4
f 3630/14/4 3631/14/4 3638/14/4
f 3637/11/4 3630/11/4 3638/11/4
f 3631/11/4 3632/11/4 3639/11/4
f 3638/14/4 3631/14/4 3639/14/4
f 3632/14/4 3633/14/4 3640/14/4
f 3639/11/4 3632/11/4 3640/11/4
f 3633/11/4 3634/11/4 3641/11/4
f 3640/14/4 3633/14/4 3641/14/4
f 3641/11/4 3634/11/4 3642/11/4
f 3635/12/4 3636/12/4 3643/12/4
f 3643/12/4 3636/12/4 3644/12/4
f 3637/14/4 3638/14/4 3645/14/4
f 3638/14/4 3639/14/4 3645/14/4
f 3639/14/4 3640/14/4 3645/14/4
f 3641/14/4 3642/14/4 3645/14/4
f 3640/14/4 3641/14/4 3645/14/4
f 3642/11/4 3634/11/4 3646/11/4
f 3645/14/4 3642/14/4 3646/14/4
f 3646/11/4 3634/11/4 3647/11/4
f 3648/13/4 3649/13/4 3650/13/4
f 3650/13/4 3649/13/4 3651/13/4
f 3650/3/4 3651/3/4 3652/3/4
f 3652/3/4 3651/3/4 3653/3/4
f 3652/2/4 3653/2/4 3654/2/4
f 3654/2/4 3653/2/4 3655/2/4
f 3652/2/4 3654/2/4 3656/2/4
f 3654/1/4 3655/1/4 3656/1/4
f 3655/2/4 3653/2/4 3657/2/4
f 3656/1/4 3655/1/4 3657/1/4
f 3652/2/4 3656/2/4 3658/2/4
f 3657/2/4 3653/2/4 3659/2/4
f 3652/2/4 3658/2/4 3660/2/4
f 3658/1/4 3659/1/4 3660/1/4
f 3659/2/4 3653/2/4 3661/2/4
f 3660/1/4 3659/1/4 3661/1/4
f 3650/3/4 3652/3/4 3662/3/4
f 3652/2/4 3660/2/4 3662/2/4
f 3660/2/4 3661/2/4 3662/2/4
f 3661/2/4 3653/2/4 3663/2/4
f 3662/2/4 3661/2/4 3663/2/4
f 3653/3/4 3651/3/4 3663/3/4
f 3648/13/4 3650/13/4 3664/13/4
f 3650/3/4 3662/3/4 3664/3/4
f 3662/3/4 3663/3/4 3664/3/4
f 3663/3/4 3651/3/4 3665/3/4
f 3664/3/4 3663/3/4 3665/3/4
f 3651/13/4 3649/13/4 3665/13/4
f 3648/13/4 3664/13/4 3666/13/4
f 3664/13/4 3665/13/4 3666/13/4
f 3665/13/4 3649/13/4 3667/13/4
f 3666/13/4 3665/13/4 3667/13/4
f 3668/11/4 3669/11/4 3670/11/4
f 3670/11/4 3669/11/4 3671/11/4
f 3671/11/4 3669/11/4 3672/11/4
f 3672/11/4 3669/11/4 3673/11/4
f 3670/5/4 3671/5/4 3674/5/4
f 3671/13/4 3672/13/4 3674/13/4
f 3672/5/4 3673/5/4 3675/5/4
f 3674/13/4 3672/13/4 3675/13/4
f 3670/5/4 3674/5/4 3676/5/4
f 3674/5/4 3675/5/4 3676/5/4
f 3673/11/4 3669/11/4 3677/11/4
f 3676/5/4 3675/5/4 3677/5/4
f 3675/5/4 3673/5/4 3677/5/4
f 3676/11/4 3677/11/4 3678/11/4
f 3677/11/4 3669/11/4 3679/11/4
f 3678/11/4 3677/11/4 3679/11/4
f 3680/11/4 3681/11/4 3682/11/4
f 3682/11/4 3681/11/4 3683/11/4
f 3682/12/4 3683/12/4 3684/12/4
f 3684/12/4 3683/12/4 3685/12/4
f 3682/12/4 3684/12/4 3686/12/4
f 3684/10/4 3685/10/4 3686/10/4
f 3685/12/4 3683/12/4 3687/12/4
f 3686/10/4 3685/10/4 3687/10/4
f 3682/12/4 3686/12/4 3688/12/4
f 3686/12/4 3687/12/4 3688/12/4
f 3683/11/4 3681/11/4 3689/11/4
f 3688/12/4 3687/12/4 3689/12/4
f 3687/12/4 3683/12/4 3689/12/4
f 3688/11/4 3689/11/4 3690/11/4
f 3689/11/4 3681/11/4 3691/11/4
f 3690/11/4 3689/11/4 3691/11/4
f 3695/14/5 3693/14/5 3692/14/5
f 3696/12/5 3694/12/5 3693/12/5
f 3696/14/5 3693/14/5 3695/14/5
f 3697/12/5 3694/12/5 3696/12/5
f 3699/12/5 3698/12/5 3697/12/5
f 3699/12/5 3697/12/5 3696/12/5
f 3701/12/5 3699/12/5 3696/12/5
f 3701/12/5 3700/12/5 3699/12/5
f 3702/12/5 3700/12/5 3701/12/5
f 3703/12/5 3700/12/5 3702/12/5
f 3705/12/5 3704/12/5 3703/12/5
f 3705/12/5 3703/12/5 3702/12/5
f 3706/12/5 3704/12/5 3705/12/5
f 3707/12/5 3704/12/5 3706/12/5
f 3709/12/5 3708/12/5 3707/12/5
f 3709/12/5 3707/12/5 3706/12/5
f 3710/12/5 3708/12/5 3709/12/5
f 3711/12/5 3708/12/5 3710/12/5
f 3713/12/5 3712/12/5 3711/12/5
f 3713/12/5 3711/12/5 3710/12/5
f 3714/12/5 3712/12/5 3713/12/5
f 3715/12/5 3712/12/5 3714/12/5
f 3716/12/5 3712/12/5 3715/12/5
f 3717/12/5 3712/12/5 3716/12/5
f 3719/12/5 3718/12/5 3717/12/5
f 3719/12/5 3717/12/5 3716/12/5
f 3720/12/5 3718/12/5 3719/12/5
f 3721/12/5 3718/12/5 3720/12/5
f 3723/12/5 3722/12/5 3721/12/5
f 3723/12/5 3721/12/5 3720/12/5
f 3724/12/5 3722/12/5 3723/12/5
f 3725/12/5 3722/12/5 3724/12/5
f 3726/12/5 3722/12/5 3725/12/5
f 3729/12/5 3728/12/5 3727/12/5
f 3730/12/5 3728/12/5 3729/12/5
f 3731/12/5 3728/12/5 3730/12/5
f 3732/12/5 3728/12/5 3731/12/5
f 3734/12/5 3733/12/5 3732/12/5
f 3735/12/5 3733/12/5 3734/12/5
f 3737/12/5 3736/12/5 3735/12/5
f 3738/12/5 3736/12/5 3737/12/5
f 3739/12/5 3736/12/5 3738/12/5
f 3741/12/5 3740/12/5 3739/12/5
f 3741/12/5 3739/12/5 3738/12/5
f 3742/12/5 3740/12/5 3741/12/5
f 3743/12/5 3740/12/5 3742/12/5
f 3744/12/5 3740/12/5 3743/12/5
f 3746/12/5 3745/12/5 3744/12/5
f 3747/12/5 3745/12/5 3746/12/5
f 3749/8/5 3747/8/5 3746/8/5
f 3749/12/5 3748/12/5 3747/12/5
f 3750/12/5 3748/12/5 3749/12/5
f 3752/8/5 3750/8/5 3749/8/5
f 3752/12/5 3751/12/5 3750/12/5
f 3753/12/5 3751/12/5 3752/12/5
f 3755/8/5 3753/8/5 3752/8/5
f 3755/12/5 3754/12/5 3753/12/5
f 3756/12/5 3754/12/5 3755/12/5
f 3758/8/5 3749/8/5 3746/8/5
f 3758/8/5 3752/8/5 3749/8/5
f 3758/8/5 3756/8/5 3755/8/5
f 3758/8/5 3755/8/5 3752/8/5
f 3759/12/5 3757/12/5 3756/12/5
f 3759/8/5 3756/8/5 3758/8/5
f 3760/12/5 3757/12/5 3759/12/5
f 3761/12/5 3757/12/5 3760/12/5
f 3763/12/5 3762/12/5 3761/12/5
f 3765/11/5 3761/11/5 3760/11/5
f 3765/12/5 3764/12/5 3763/12/5
f 3765/12/5 3763/12/5 3761/12/5
f 3766/12/5 3764/12/5 3765/12/5
f 3769/8/5 3766/8/5 3765/8/5
f 3769/12/5 3764/12/5 3766/12/5
f 3770/12/5 3764/12/5 3769/12/5
f 3772/11/5 3765/11/5 3760/11/5
f 3773/8/5 3769/8/5 3765/8/5
f 3773/11/5 3765/11/5 3772/11/5
f 3773/8/5 3770/8/5 3769/8/5
f 3774/12/5 3771/12/5 3770/12/5
f 3774/8/5 3770/8/5 3773/8/5
f 3775/12/5 3771/12/5 3774/12/5
f 3777/11/5 3768/11/5 3767/11/5
f 3778/11/5 3768/11/5 3777/11/5
f 3779/12/5 3776/12/5 3775/12/5
f 3779/8/5 3775/8/5 3774/8/5
f 3780/12/5 3776/12/5 3779/12/5
f 3782/8/5 3774/8/5 3773/8/5
f 3782/8/5 3779/8/5 3774/8/5
f 3782/8/5 3780/8/5 3779/8/5
f 3783/8/5 3780/8/5 3782/8/5
f 3784/12/5 3781/12/5 3780/12/5
f 3784/8/5 3780/8/5 3783/8/5
f 3785/12/5 3781/12/5 3784/12/5
f 3785/11/5 3784/11/5 3783/11/5
f 3786/12/5 3781/12/5 3785/12/5
f 3788/8/5 3786/8/5 3785/8/5
f 3788/12/5 3787/12/5 3786/12/5
f 3789/12/5 3787/12/5 3788/12/5
f 3791/11/5 3785/11/5 3783/11/5
f 3792/8/5 3788/8/5 3785/8/5
f 3792/11/5 3785/11/5 3791/11/5
f 3792/8/5 3789/8/5 3788/8/5
f 3793/12/5 3790/12/5 3789/12/5
f 3793/8/5 3789/8/5 3792/8/5
f 3794/12/5 3790/12/5 3793/12/5
f 3796/12/5 3795/12/5 3794/12/5
f 3796/8/5 3794/8/5 3793/8/5
f 3796/8/5 3793/8/5 3792/8/5
f 3797/12/5 3795/12/5 3796/12/5
f 3799/8/5 3796/8/5 3792/8/5
f 3799/8/5 3797/8/5 3796/8/5
f 3800/12/5 3798/12/5 3797/12/5
f 3800/8/5 3797/8/5 3799/8/5
f 3801/12/5 3798/12/5 3800/12/5
f 3802/12/5 3798/12/5 3801/12/5
f 3805/11/5 3804/11/5 3803/11/5
f 3806/11/5 3804/11/5 3805/11/5
f 3807/11/5 3804/11/5 3806/11/5
f 3810/6/5 3807/6/5 3806/6/5
f 3810/14/5 3808/14/5 3807/14/5
f 3811/6/5 3809/6/5 3808/6/5
f 3811/14/5 3808/14/5 3810/14/5
f 3812/6/5 3809/6/5 3811/6/5
f 3814/6/5 3810/6/5 3806/6/5
f 3814/6/5 3813/6/5 3812/6/5
f 3814/6/5 3812/6/5 3811/6/5
f 3814/6/5 3811/6/5 3810/6/5
f 3815/6/5 3813/6/5 3814/6/5
f 3816/6/5 3813/6/5 3815/6/5
f 3818/6/5 3817/6/5 3816/6/5
f 3818/6/5 3816/6/5 3815/6/5
f 3819/6/5 3817/6/5 3818/6/5
f 3820/6/5 3817/6/5 3819/6/5
f 3822/6/5 3821/6/5 3820/6/5
f 3822/6/5 3820/6/5 3819/6/5
f 3823/6/5 3821/6/5 3822/6/5
f 3824/6/5 3821/6/5 3823/6/5
f 3826/6/5 3825/6/5 3824/6/5
f 3826/6/5 3824/6/5 3823/6/5
f 3827/6/5 3825/6/5 3826/6/5
f 3828/6/5 3825/6/5 3827/6/5
f 3830/6/5 3829/6/5 3828/6/5
f 3830/6/5 3828/6/5 3827/6/5
f 3831/6/5 3829/6/5 3830/6/5
f 3832/6/5 3829/6/5 3831/6/5
f 3833/6/5 3829/6/5 3832/6/5
f 3834/6/5 3832/6/5 3831/6/5
f 3835/6/5 3832/6/5 3834/6/5
f 3836/14/5 3833/14/5 3832/14/5
f 3836/6/5 3832/6/5 3835/6/5
f 3837/14/5 3833/14/5 3836/14/5
f 3839/6/5 3837/6/5 3836/6/5
f 3839/6/5 3838/6/5 3837/6/5
f 3839/6/5 3836/6/5 3835/6/5
f 3840/6/5 3838/6/5 3839/6/5
f 3841/6/5 3838/6/5 3840/6/5
f 3843/6/5 3842/6/5 3841/6/5
f 3843/6/5 3841/6/5 3840/6/5
f 3844/6/5 3842/6/5 3843/6/5
f 3845/6/5 3842/6/5 3844/6/5
f 3846/6/5 3842/6/5 3845/6/5
f 3847/6/5 3842/6/5 3846/6/5
f 3849/6/5 3848/6/5 3847/6/5
f 3849/6/5 3847/6/5 3846/6/5
f 3850/6/5 3848/6/5 3849/6/5
f 3851/6/5 3848/6/5 3850/6/5
f 3853/6/5 3852/6/5 3851/6/5
f 3853/6/5 3851/6/5 3850/6/5
f 3854/6/5 3852/6/5 3853/6/5
f 3855/6/5 3852/6/5 3854/6/5
f 3857/6/5 3856/6/5 3855/6/5
f 3857/6/5 3855/6/5 3854/6/5
f 3858/6/5 3856/6/5 3857/6/5
f 3859/6/5 3856/6/5 3858/6/5
f 3861/6/5 3860/6/5 3859/6/5
f 3861/6/5 3859/6/5 3858/6/5
f 3862/6/5 3860/6/5 3861/6/5
f 3863/6/5 3860/6/5 3862/6/5
f 3864/6/5 3860/6/5 3863/6/5
f 3865/6/5 3863/6/5 3862/6/5
f 3865/14/5 3864/14/5 3863/14/5
f 3866/14/5 3864/14/5 3865/14/5
f 3867/6/5 3865/6/5 3862/6/5
f 3868/6/5 3865/6/5 3867/6/5
f 3871/6/5 3870/6/5 3869/6/5
f 3872/6/5 3870/6/5 3871/6/5
f 3877/14/5 3874/14/5 3873/14/5
f 3878/6/5 3875/6/5 3874/6/5
f 3878/14/5 3874/14/5 3877/14/5
f 3879/6/5 3877/6/5 3876/6/5
f 3879/6/5 3875/6/5 3878/6/5
f 3879/6/5 3878/6/5 3877/6/5
f 3881/6/5 3879/6/5 3876/6/5
f 3881/6/5 3880/6/5 3879/6/5
f 3882/6/5 3880/6/5 3881/6/5
f 3883/6/5 3880/6/5 3882/6/5
f 3885/6/5 3884/6/5 3883/6/5
f 3885/6/5 3883/6/5 3882/6/5
f 3890/6/5 3885/6/5 3882/6/5
f 3890/6/5 3886/6/5 3885/6/5
f 3891/6/5 3886/6/5 3890/6/5
f 3895/11/5 3888/11/5 3887/11/5
f 3896/6/5 3886/6/5 3891/6/5
f 3898/11/5 3893/11/5 3892/11/5
f 3899/11/5 3893/11/5 3898/11/5
f 3900/11/5 3895/11/5 3894/11/5
f 3901/12/5 3889/12/5 3888/12/5
f 3901/11/5 3895/11/5 3900/11/5
f 3901/11/5 3888/11/5 3895/11/5
f 3902/12/5 3889/12/5 3901/12/5
f 3903/6/5 3897/6/5 3896/6/5
f 3903/6/5 3896/6/5 3891/6/5
f 3904/6/5 3897/6/5 3903/6/5
f 3905/6/5 3897/6/5 3904/6/5
f 3906/6/5 3897/6/5 3905/6/5
f 3907/6/5 3905/6/5 3904/6/5
f 3908/6/5 3905/6/5 3907/6/5
f 3909/14/5 3906/14/5 3905/14/5
f 3909/6/5 3905/6/5 3908/6/5
f 3910/14/5 3906/14/5 3909/14/5
f 3916/6/5 3910/6/5 3909/6/5
f 3916/6/5 3911/6/5 3910/6/5
f 3916/6/5 3909/6/5 3908/6/5
f 3917/6/5 3911/6/5 3916/6/5
f 3918/6/5 3911/6/5 3917/6/5
f 3920/11/5 3914/11/5 3913/11/5
f 3920/12/5 3913/12/5 3912/12/5
f 3921/12/5 3915/12/5 3914/12/5
f 3921/11/5 3914/11/5 3920/11/5
f 3922/12/5 3920/12/5 3912/12/5
f 3923/8/5 3921/8/5 3920/8/5
f 3923/12/5 3920/12/5 3922/12/5
f 3924/12/5 3915/12/5 3921/12/5
f 3924/8/5 3921/8/5 3923/8/5
f 3925/12/5 3915/12/5 3924/12/5
f 3926/6/5 3919/6/5 3918/6/5
f 3926/6/5 3918/6/5 3917/6/5
f 3927/6/5 3919/6/5 3926/6/5
f 3928/6/5 3919/6/5 3927/6/5
f 3930/6/5 3929/6/5 3928/6/5
f 3930/6/5 3928/6/5 3927/6/5
f 3931/6/5 3929/6/5 3930/6/5
f 3932/6/5 3929/6/5 3931/6/5
f 3934/6/5 3933/6/5 3932/6/5
f 3934/6/5 3932/6/5 3931/6/5
f 3935/6/5 3933/6/5 3934/6/5
f 3936/6/5 3933/6/5 3935/6/5
f 3938/6/5 3937/6/5 3936/6/5
f 3938/6/5 3936/6/5 3935/6/5
f 3939/6/5 3937/6/5 3938/6/5
f 3940/6/5 3938/6/5 3935/6/5
f 3940/14/5 3939/14/5 3938/14/5
f 3941/14/5 3939/14/5 3940/14/5
f 3942/6/5 3940/6/5 3935/6/5
f 3942/6/5 3941/6/5 3940/6/5
f 3943/6/5 3941/6/5 3942/6/5
f 3944/6/5 3941/6/5 3943/6/5
f 3946/6/5 3944/6/5 3943/6/5
f 3946/6/5 3945/6/5 3944/6/5
f 3947/6/5 3945/6/5 3946/6/5
f 3948/6/5 3945/6/5 3947/6/5
f 3950/6/5 3949/6/5 3948/6/5
f 3950/6/5 3948/6/5 3947/6/5
f 3952/6/5 3950/6/5 3947/6/5
f 3952/6/5 3951/6/5 3950/6/5
f 3953/6/5 3951/6/5 3952/6/5
f 3954/6/5 3951/6/5 3953/6/5
f 3956/6/5 3954/6/5 3953/6/5
f 3956/6/5 3955/6/5 3954/6/5
f 3957/6/5 3955/6/5 3956/6/5
f 3958/6/5 3955/6/5 3957/6/5
f 3959/6/5 3955/6/5 3958/6/5
f 3960/6/5 3955/6/5 3959/6/5
f 3961/11/5 3959/11/5 3958/11/5
f 3962/14/5 3960/14/5 3959/14/5
f 3962/11/5 3959/11/5 3961/11/5
f 3963/14/5 3960/14/5 3962/14/5
f 3968/11/5 3964/11/5 3963/11/5
f 3969/11/5 3966/11/5 3965/11/5
f 3970/5/5 3967/5/5 3966/5/5
f 3970/11/5 3966/11/5 3969/11/5
f 3971/11/5 3968/11/5 3967/11/5
f 3971/5/5 3967/5/5 3970/5/5
f 3972/11/5 3964/11/5 3968/11/5
f 3972/11/5 3968/11/5 3971/11/5
f 3973/11/5 3805/11/5 3803/11/5
f 3976/11/5 3969/11/5 3965/11/5
f 3977/11/5 3969/11/5 3976/11/5
f 3978/11/5 3964/11/5 3972/11/5
f 3979/11/5 3973/11/5 3803/11/5
f 3979/11/5 3974/11/5 3973/11/5
f 3980/12/5 3975/12/5 3974/12/5
f 3980/11/5 3974/11/5 3979/11/5
f 3981/11/5 3977/11/5 3976/11/5
f 3981/12/5 3975/12/5 3980/12/5
f 3981/11/5 3978/11/5 3977/11/5
f 3981/11/5 3976/11/5 3975/11/5
f 3982/11/5 3964/11/5 3978/11/5
f 3982/11/5 3978/11/5 3981/11/5
f 3988/12/5 3984/12/5 3983/12/5
f 3989/11/5 3985/11/5 3984/11/5
f 3989/12/5 3984/12/5 3988/12/5
f 3990/11/5 3985/11/5 3989/11/5
f 3991/12/5 3986/12/5 3985/12/5
f 3991/11/5 3985/11/5 3990/11/5
f 3992/12/5 3986/12/5 3991/12/5
f 3993/11/5 3990/11/5 3989/11/5
f 3993/11/5 3989/11/5 3988/11/5
f 3994/11/5 3990/11/5 3993/11/5
f 3995/11/5 3990/11/5 3994/11/5
f 3996/11/5 3990/11/5 3995/11/5
f 3997/11/5 3993/11/5 3988/11/5
f 3998/11/5 3995/11/5 3994/11/5
f 3999/11/5 3995/11/5 3998/11/5
f 4002/12/5 3988/12/5 3987/12/5
f 4002/11/5 3999/11/5 3998/11/5
f 4002/11/5 4000/11/5 3999/11/5
f 4002/11/5 3998/11/5 3997/11/5
f 4002/11/5 3997/11/5 3988/11/5
f 4003/12/5 4001/12/5 4000/12/5
f 4003/11/5 4000/11/5 4002/11/5
f 4004/12/5 4002/12/5 3987/12/5
f 4005/8/5 4003/8/5 4002/8/5
f 4005/12/5 4002/12/5 4004/12/5
f 4006/12/5 4001/12/5 4003/12/5
f 4006/8/5 4003/8/5 4005/8/5
f 4007/12/5 4001/12/5 4006/12/5
f 4010/12/5 4009/12/5 4008/12/5
f 4011/12/5 4009/12/5 4010/12/5
f 4014/9/5 4013/9/5 4012/9/5
f 4015/9/5 4013/9/5 4014/9/5
f 4020/12/5 4017/12/5 4016/12/5
f 4021/11/5 4018/11/5 4017/11/5
f 4021/12/5 4017/12/5 4020/12/5
f 4022/11/5 4018/11/5 4021/11/5
f 4023/12/5 4019/12/5 4018/12/5
f 4023/11/5 4018/11/5 4022/11/5
f 4024/12/5 4019/12/5 4023/12/5
f 4025/12/5 4020/12/5 4016/12/5
f 4026/8/5 4022/8/5 4021/8/5
f 4026/12/5 4020/12/5 4025/12/5
f 4026/8/5 4021/8/5 4020/8/5
f 4027/8/5 4022/8/5 4026/8/5
f 4028/12/5 4023/12/5 4022/12/5
f 4028/8/5 4022/8/5 4027/8/5
f 4029/12/5 4023/12/5 4028/12/5
f 4030/12/5 4023/12/5 4029/12/5
f 4036/12/5 4032/12/5 4031/12/5
f 4037/11/5 4033/11/5 4032/11/5
f 4037/12/5 4032/12/5 4036/12/5
f 4038/12/5 4034/12/5 4033/12/5
f 4038/11/5 4033/11/5 4037/11/5
f 4039/12/5 4034/12/5 4038/12/5
f 4040/12/5 4034/12/5 4039/12/5
f 4041/12/5 4034/12/5 4040/12/5
f 4042/12/5 4037/12/5 4036/12/5
f 4042/12/5 4036/12/5 4035/12/5
f 4043/12/5 4037/12/5 4042/12/5
f 4044/8/5 4038/8/5 4037/8/5
f 4044/12/5 4037/12/5 4043/12/5
f 4044/8/5 4039/8/5 4038/8/5
f 4045/8/5 4039/8/5 4044/8/5
f 4046/12/5 4040/12/5 4039/12/5
f 4046/8/5 4039/8/5 4045/8/5
f 4047/12/5 4040/12/5 4046/12/5
f 4052/6/5 4049/6/5 4048/6/5
f 4052/6/5 4050/6/5 4049/6/5
f 4053/6/5 4052/6/5 4051/6/5
f 4054/6/5 4050/6/5 4052/6/5
f 4054/6/5 4052/6/5 4053/6/5
f 4055/6/5 4050/6/5 4054/6/5
f 4057/6/5 4056/6/5 4055/6/5
f 4057/6/5 4055/6/5 4054/6/5
f 4058/6/5 4056/6/5 4057/6/5
f 4059/6/5 4056/6/5 4058/6/5
f 4060/6/5 4056/6/5 4059/6/5
f 4062/6/5 4059/6/5 4058/6/5
f 4063/6/5 4059/6/5 4062/6/5
f 4064/6/5 4061/6/5 4060/6/5
f 4065/6/5 4064/6/5 4063/6/5
f 4065/6/5 4061/6/5 4064/6/5
f 4067/6/5 4066/6/5 4065/6/5
f 4069/6/5 4065/6/5 4063/6/5
f 4069/6/5 4068/6/5 4067/6/5
f 4069/6/5 4067/6/5 4065/6/5
f 4070/6/5 4068/6/5 4069/6/5
f 4071/6/5 4068/6/5 4070/6/5
f 4072/6/5 4068/6/5 4071/6/5
f 4073/6/5 4071/6/5 4070/6/5
f 4073/14/5 4072/14/5 4071/14/5
f 4074/14/5 4072/14/5 4073/14/5
f 4075/6/5 4073/6/5 4070/6/5
f 4076/6/5 4073/6/5 4075/6/5
f 4079/9/5 4078/9/5 4077/9/5
f 4080/9/5 4078/9/5 4079/9/5
f 4085/12/5 4082/12/5 4081/12/5
f 4086/11/5 4083/11/5 4082/11/5
f 4086/12/5 4082/12/5 4085/12/5
f 4087/11/5 4083/11/5 4086/11/5
f 4088/12/5 4084/12/5 4083/12/5
f 4088/11/5 4083/11/5 4087/11/5
f 4089/12/5 4084/12/5 4088/12/5
f 4090/12/5 4085/12/5 4081/12/5
f 4091/8/5 4087/8/5 4086/8/5
f 4091/12/5 4085/12/5 4090/12/5
f 4091/8/5 4086/8/5 4085/8/5
f 4092/12/5 4088/12/5 4087/12/5
f 4092/8/5 4087/8/5 4091/8/5
f 4093/12/5 4088/12/5 4092/12/5
f 4102/9/5 4095/9/5 4094/9/5
f 4103/9/5 4095/9/5 4102/9/5
f 4104/9/5 4097/9/5 4096/9/5
f 4105/9/5 4097/9/5 4104/9/5
f 4106/9/5 4099/9/5 4098/9/5
f 4107/9/5 4099/9/5 4106/9/5
f 4108/9/5 4101/9/5 4100/9/5
f 4109/9/5 4101/9/5 4108/9/5
f 4116/9/5 4111/9/5 4110/9/5
f 4117/9/5 4111/9/5 4116/9/5
f 4118/9/5 4113/9/5 4112/9/5
f 4119/9/5 4113/9/5 4118/9/5
f 4120/9/5 4115/9/5 4114/9/5
f 4121/9/5 4115/9/5 4120/9/5
f 4126/12/5 4123/12/5 4122/12/5
f 4127/11/5 4124/11/5 4123/11/5
f 4127/12/5 4123/12/5 4126/12/5
f 4128/12/5 4125/12/5 4124/12/5
f 4128/11/5 4124/11/5 4127/11/5
f 4129/12/5 4126/12/5 4122/12/5
f 4130/8/5 4127/8/5 4126/8/5
f 4130/12/5 4126/12/5 4129/12/5
f 4130/8/5 4128/8/5 4127/8/5
f 4131/8/5 4128/8/5 4130/8/5
f 4132/12/5 4125/12/5 4128/12/5
f 4132/8/5 4128/8/5 4131/8/5
f 4133/12/5 4125/12/5 4132/12/5
f 4134/12/5 4125/12/5 4133/12/5
f 4143/9/5 4136/9/5 4135/9/5
f 4144/9/5 4136/9/5 4143/9/5
f 4145/9/5 4138/9/5 4137/9/5
f 4146/9/5 4138/9/5 4145/9/5
f 4147/9/5 4140/9/5 4139/9/5
f 4148/9/5 4140/9/5 4147/9/5
f 4149/9/5 4142/9/5 4141/9/5
f 4150/9/5 4142/9/5 4149/9/5
f 4154/9/5 4152/9/5 4151/9/5
f 4155/9/5 4152/9/5 4154/9/5
f 4156/9/5 4154/9/5 4153/9/5
f 4157/9/5 4154/9/5 4156/9/5
f 4162/12/5 4159/12/5 4158/12/5
f 4163/11/5 4160/11/5 4159/11/5
f 4163/12/5 4159/12/5 4162/12/5
f 4164/11/5 4160/11/5 4163/11/5
f 4165/12/5 4161/12/5 4160/12/5
f 4165/11/5 4160/11/5 4164/11/5
f 4166/12/5 4161/12/5 4165/12/5
f 4167/12/5 4162/12/5 4158/12/5
f 4168/8/5 4164/8/5 4163/8/5
f 4168/12/5 4162/12/5 4167/12/5
f 4168/8/5 4163/8/5 4162/8/5
f 4169/8/5 4164/8/5 4168/8/5
f 4170/12/5 4165/12/5 4164/12/5
f 4170/8/5 4164/8/5 4169/8/5
f 4171/12/5 4165/12/5 4170/12/5
f 4172/12/5 4165/12/5 4171/12/5
f 4175/13/5 4174/13/5 4173/13/5
f 4176/13/5 4174/13/5 4175/13/5
f 4181/9/5 4178/9/5 4177/9/5
f 4182/9/5 4178/9/5 4181/9/5
f 4183/9/5 4180/9/5 4179/9/5
f 4184/9/5 4180/9/5 4183/9/5
f 4205/4/5 4186/4/5 4185/4/5
f 4206/4/5 4186/4/5 4205/4/5
f 4207/4/5 4188/4/5 4187/4/5
f 4208/4/5 4188/4/5 4207/4/5
f 4209/4/5 4190/4/5 4189/4/5
f 4210/4/5 4190/4/5 4209/4/5
f 4211/4/5 4192/4/5 4191/4/5
f 4212/4/5 4192/4/5 4211/4/5
f 4213/4/5 4194/4/5 4193/4/5
f 4214/4/5 4194/4/5 4213/4/5
f 4215/4/5 4196/4/5 4195/4/5
f 4216/4/5 4196/4/5 4215/4/5
f 4217/4/5 4198/4/5 4197/4/5
f 4218/4/5 4198/4/5 4217/4/5
f 4219/4/5 4200/4/5 4199/4/5
f 4220/4/5 4200/4/5 4219/4/5
f 4221/4/5 4202/4/5 4201/4/5
f 4222/4/5 4202/4/5 4221/4/5
f 4223/4/5 4204/4/5 4203/4/5
f 4224/4/5 4204/4/5 4223/4/5
f 4227/4/5 4226/4/5 4225/4/5
f 4228/4/5 4226/4/5 4227/4/5
f 4233/12/5 4230/12/5 4229/12/5
f 4233/11/5 4231/11/5 4230/11/5
f 4234/11/5 4231/11/5 4233/11/5
f 4235/12/5 4232/12/5 4231/12/5
f 4235/11/5 4231/11/5 4234/11/5
f 4236/12/5 4232/12/5 4235/12/5
f 4237/12/5 4233/12/5 4229/12/5
f 4238/8/5 4234/8/5 4233/8/5
f 4238/12/5 4233/12/5 4237/12/5
f 4239/8/5 4234/8/5 4238/8/5
f 4240/12/5 4235/12/5 4234/12/5
f 4240/8/5 4234/8/5 4239/8/5
f 4241/12/5 4235/12/5 4240/12/5
f 4242/12/5 4235/12/5 4241/12/5
f 4247/9/5 4244/9/5 4243/9/5
f 4248/9/5 4244/9/5 4247/9/5
f 4249/9/5 4246/9/5 4245/9/5
f 4250/9/5 4246/9/5 4249/9/5
f 4259/4/5 4252/4/5 4251/4/5
f 4260/4/5 4252/4/5 4259/4/5
f 4261/4/5 4254/4/5 4253/4/5
f 4262/4/5 4254/4/5 4261/4/5
f 4263/4/5 4256/4/5 4255/4/5
f 4264/4/5 4256/4/5 4263/4/5
f 4265/4/5 4258/4/5 4257/4/5
f 4266/4/5 4258/4/5 4265/4/5
f 4271/12/5 4268/12/5 4267/12/5
f 4272/11/5 4269/11/5 4268/11/5
f 4272/12/5 4268/12/5 4271/12/5
f 4273/12/5 4270/12/5 4269/12/5
f 4273/11/5 4269/11/5 4272/11/5
f 4274/12/5 4270/12/5 4273/12/5
f 4275/12/5 4270/12/5 4274/12/5
f 4276/12/5 4271/12/5 4267/12/5
f 4277/8/5 4272/8/5 4271/8/5
f 4277/12/5 4271/12/5 4276/12/5
f 4277/8/5 4273/8/5 4272/8/5
f 4278/12/5 4274/12/5 4273/12/5
f 4278/8/5 4273/8/5 4277/8/5
f 4279/12/5 4274/12/5 4278/12/5
f 4288/4/5 4281/4/5 4280/4/5
f 4289/4/5 4281/4/5 4288/4/5
f 4290/4/5 4283/4/5 4282/4/5
f 4291/4/5 4283/4/5 4290/4/5
f 4292/4/5 4285/4/5 4284/4/5
f 4293/4/5 4285/4/5 4292/4/5
f 4294/4/5 4287/4/5 4286/4/5
f 4295/4/5 4287/4/5 4294/4/5
f 4298/12/5 4297/12/5 4296/12/5
f 4299/12/5 4297/12/5 4298/12/5
f 4304/12/5 4301/12/5 4300/12/5
f 4305/8/5 4302/8/5 4301/8/5
f 4305/12/5 4301/12/5 4304/12/5
f 4306/8/5 4302/8/5 4305/8/5
f 4307/12/5 4303/12/5 4302/12/5
f 4307/8/5 4302/8/5 4306/8/5
f 4308/12/5 4303/12/5 4307/12/5
f 4309/12/5 4303/12/5 4308/12/5
f 4310/14/6 4311/14/6 4313/14/6
f 4311/12/6 4312/12/6 4314/12/6
f 4313/14/6 4311/14/6 4314/14/6
f 4314/12/6 4312/12/6 4315/12/6
f 4315/12/6 4316/12/6 4317/12/6
f 4314/12/6 4315/12/6 4317/12/6
f 4314/12/6 4317/12/6 4319/12/6
f 4317/12/6 4318/12/6 4319/12/6
f 4319/12/6 4318/12/6 4320/12/6
f 4320/12/6 4318/12/6 4321/12/6
f 4321/12/6 4322/12/6 4323/12/6
f 4320/12/6 4321/12/6 4323/12/6
f 4323/12/6 4322/12/6 4324/12/6
f 4324/12/6 4322/12/6 4325/12/6
f 4325/12/6 4326/12/6 4327/12/6
f 4324/12/6 4325/12/6 4327/12/6
f 4327/12/6 4326/12/6 4328/12/6
f 4328/12/6 4326/12/6 4329/12/6
f 4329/12/6 4330/12/6 4331/12/6
f 4328/12/6 4329/12/6 4331/12/6
f 4331/12/6 4330/12/6 4332/12/6
f 4332/12/6 4330/12/6 4333/12/6
f 4333/12/6 4330/12/6 4334/12/6
f 4334/12/6 4330/12/6 4335/12/6
f 4335/12/6 4336/12/6 4337/12/6
f 4334/12/6 4335/12/6 4337/12/6
f 4337/12/6 4336/12/6 4338/12/6
f 4338/12/6 4336/12/6 4339/12/6
f 4339/12/6 4340/12/6 4341/12/6
f 4338/12/6 4339/12/6 4341/12/6
f 4341/12/6 4340/12/6 4342/12/6
f 4342/12/6 4340/12/6 4343/12/6
f 4343/12/6 4340/12/6 4344/12/6
f 4345/12/6 4346/12/6 4347/12/6
f 4347/12/6 4346/12/6 4348/12/6
f 4348/12/6 4346/12/6 4349/12/6
f 4349/12/6 4346/12/6 4350/12/6
f 4350/12/6 4351/12/6 4352/12/6
f 4352/12/6 4351/12/6 4353/12/6
f 4353/12/6 4354/12/6 4355/12/6
f 4355/12/6 4354/12/6 4356/12/6
f 4356/12/6 4354/12/6 4357/12/6
f 4357/12/6 4358/12/6 4359/12/6
f 4356/12/6 4357/12/6 4359/12/6
f 4359/12/6 4358/12/6 4360/12/6
f 4360/12/6 4358/12/6 4361/12/6
f 4361/12/6 4358/12/6 4362/12/6
f 4362/12/6 4363/12/6 4364/12/6
f 4364/12/6 4363/12/6 4365/12/6
f 4364/8/6 4365/8/6 4367/8/6
f 4365/12/6 4366/12/6 4367/12/6
f 4367/12/6 4366/12/6 4368/12/6
f 4367/8/6 4368/8/6 4370/8/6
f 4368/12/6 4369/12/6 4370/12/6
f 4370/12/6 4369/12/6 4371/12/6
f 4370/8/6 4371/8/6 4373/8/6
f 4371/12/6 4372/12/6 4373/12/6
f 4373/12/6 4372/12/6 4374/12/6
f 4364/8/6 4367/8/6 4376/8/6
f 4367/8/6 4370/8/6 4376/8/6
f 4373/8/6 4374/8/6 4376/8/6
f 4370/8/6 4373/8/6 4376/8/6
f 4374/12/6 4375/12/6 4377/12/6
f 4376/8/6 4374/8/6 4377/8/6
f 4377/12/6 4375/12/6 4378/12/6
f 4378/12/6 4375/12/6 4379/12/6
f 4379/12/6 4380/12/6 4381/12/6
f 4378/11/6 4379/11/6 4383/11/6
f 4381/12/6 4382/12/6 4383/12/6
f 4379/12/6 4381/12/6 4383/12/6
f 4383/12/6 4382/12/6 4384/12/6
f 4383/8/6 4384/8/6 4387/8/6
f 4384/12/6 4382/12/6 4387/12/6
f 4387/12/6 4382/12/6 4388/12/6
f 4378/11/6 4383/11/6 4390/11/6
f 4383/8/6 4387/8/6 4391/8/6
f 4390/11/6 4383/11/6 4391/11/6
f 4387/8/6 4388/8/6 4391/8/6
f 4388/12/6 4389/12/6 4392/12/6
f 4391/8/6 4388/8/6 4392/8/6
f 4392/12/6 4389/12/6 4393/12/6
f 4385/11/6 4386/11/6 4395/11/6
f 4395/11/6 4386/11/6 4396/11/6
f 4393/12/6 4394/12/6 4397/12/6
f 4392/8/6 4393/8/6 4397/8/6
f 4397/12/6 4394/12/6 4398/12/6
f 4391/8/6 4392/8/6 4400/8/6
f 4392/8/6 4397/8/6 4400/8/6
f 4397/8/6 4398/8/6 4400/8/6
f 4400/8/6 4398/8/6 4401/8/6
f 4398/12/6 4399/12/6 4402/12/6
f 4401/8/6 4398/8/6 4402/8/6
f 4402/12/6 4399/12/6 4403/12/6
f 4401/11/6 4402/11/6 4403/11/6
f 4403/12/6 4399/12/6 4404/12/6
f 4403/8/6 4404/8/6 4406/8/6
f 4404/12/6 4405/12/6 4406/12/6
f 4406/12/6 4405/12/6 4407/12/6
f 4401/11/6 4403/11/6 4409/11/6
f 4403/8/6 4406/8/6 4410/8/6
f 4409/11/6 4403/11/6 4410/11/6
f 4406/8/6 4407/8/6 4410/8/6
f 4407/12/6 4408/12/6 4411/12/6
f 4410/8/6 4407/8/6 4411/8/6
f 4411/12/6 4408/12/6 4412/12/6
f 4412/12/6 4413/12/6 4414/12/6
f 4411/8/6 4412/8/6 4414/8/6
f 4410/8/6 4411/8/6 4414/8/6
f 4414/12/6 4413/12/6 4415/12/6
f 4410/8/6 4414/8/6 4417/8/6
f 4414/8/6 4415/8/6 4417/8/6
f 4415/12/6 4416/12/6 4418/12/6
f 4417/8/6 4415/8/6 4418/8/6
f 4418/12/6 4416/12/6 4419/12/6
f 4419/12/6 4416/12/6 4420/12/6
f 4421/12/6 4422/12/6 4423/12/6
f 4423/12/6 4422/12/6 4424/12/6
f 4425/12/6 4426/12/6 4429/12/6
f 4426/8/6 4427/8/6 4430/8/6
f 4429/12/6 4426/12/6 4430/12/6
f 4427/12/6 4428/12/6 4431/12/6
f 4430/8/6 4427/8/6 4431/8/6
f 4431/12/6 4428/12/6 4432/12/6
f 4433/12/6 4434/12/6 4438/12/6
f 4434/11/6 4435/11/6 4438/11/6
f 4435/11/6 4436/11/6 4438/11/6
f 4436/12/6 4437/12/6 4439/12/6
f 4438/11/6 4436/11/6 4439/11/6
f 4433/12/6 4438/12/6 4440/12/6
f 4438/8/6 4439/8/6 4441/8/6
f 4440/12/6 4438/12/6 4441/12/6
f 4439/12/6 4437/12/6 4442/12/6
f 4441/8/6 4439/8/6 4442/8/6
f 4442/12/6 4437/12/6 4443/12/6
f 4444/9/6 4445/9/6 4450/9/6
f 4450/9/6 4445/9/6 4451/9/6
f 4446/9/6 4447/9/6 4452/9/6
f 4452/9/6 4447/9/6 4453/9/6
f 4448/9/6 4449/9/6 4454/9/6
f 4454/9/6 4449/9/6 4455/9/6
f 4456/12/6 4457/12/6 4458/12/6
f 4456/12/6 4458/12/6 4463/12/6
f 4458/8/6 4459/8/6 4464/8/6
f 4459/8/6 4460/8/6 4464/8/6
f 4463/12/6 4458/12/6 4464/12/6
f 4463/8/6 4464/8/6 4465/8/6
f 4464/8/6 4460/8/6 4465/8/6
f 4460/12/6 4461/12/6 4466/12/6
f 4465/8/6 4460/8/6 4466/8/6
f 4462/12/6 4463/12/6 4467/12/6
f 4463/8/6 4465/8/6 4468/8/6
f 4467/12/6 4463/12/6 4468/12/6
f 4465/12/6 4466/12/6 4469/12/6
f 4468/8/6 4465/8/6 4469/8/6
f 4466/12/6 4461/12/6 4470/12/6
f 4469/12/6 4466/12/6 4470/12/6
f 4473/8/6 4474/8/6 4476/8/6
f 4474/12/6 4475/12/6 4477/12/6
f 4476/8/6 4474/8/6 4477/8/6
f 4477/12/6 4475/12/6 4478/12/6
f 4471/12/6 4472/12/6 4479/12/6
f 4472/12/6 4473/12/6 4479/12/6
f 4473/8/6 4476/8/6 4480/8/6
f 4479/12/6 4473/12/6 4480/12/6
f 4476/12/6 4477/12/6 4481/12/6
f 4480/8/6 4476/8/6 4481/8/6
f 4481/12/6 4477/12/6 4482/12/6
f 4483/9/6 4484/9/6 4487/9/6
f 4487/9/6 4484/9/6 4488/9/6
f 4485/9/6 4486/9/6 4489/9/6
f 4489/9/6 4486/9/6 4490/9/6
f 4491/12/6 4492/12/6 4493/12/6
f 4491/12/6 4493/12/6 4497/12/6
f 4493/8/6 4494/8/6 4498/8/6
f 4497/12/6 4493/12/6 4498/12/6
f 4494/8/6 4495/8/6 4498/8/6
f 4495/12/6 4496/12/6 4499/12/6
f 4498/8/6 4495/8/6 4499/8/6
f 4499/12/6 4496/12/6 4500/12/6
f 4501/9/6 4502/9/6 4509/9/6
f 4509/9/6 4502/9/6 4510/9/6
f 4503/9/6 4504/9/6 4511/9/6
f 4511/9/6 4504/9/6 4512/9/6
f 4505/9/6 4506/9/6 4513/9/6
f 4513/9/6 4506/9/6 4514/9/6
f 4507/9/6 4508/9/6 4515/9/6
f 4515/9/6 4508/9/6 4516/9/6
f 4517/9/6 4518/9/6 4519/9/6
f 4519/9/6 4518/9/6 4520/9/6
f 4521/12/6 4522/12/6 4527/12/6
f 4526/12/6 4527/12/6 4528/12/6
f 4522/8/6 4523/8/6 4529/8/6
f 4528/12/6 4527/12/6 4529/12/6
f 4523/8/6 4524/8/6 4529/8/6
f 4527/12/6 4522/12/6 4529/12/6
f 4524/12/6 4525/12/6 4530/12/6
f 4529/8/6 4524/8/6 4530/8/6
f 4530/12/6 4525/12/6 4531/12/6
f 4532/9/6 4533/9/6 4535/9/6
f 4534/9/6 4535/9/6 4536/9/6
f 4535/9/6 4533/9/6 4537/9/6
f 4536/9/6 4535/9/6 4537/9/6
f 4538/9/6 4539/9/6 4546/9/6
f 4546/9/6 4539/9/6 4547/9/6
f 4540/9/6 4541/9/6 4548/9/6
f 4548/9/6 4541/9/6 4549/9/6
f 4542/9/6 4543/9/6 4550/9/6
f 4550/9/6 4543/9/6 4551/9/6
f 4544/9/6 4545/9/6 4552/9/6
f 4552/9/6 4545/9/6 4553/9/6
f 4554/12/6 4555/12/6 4556/12/6
f 4554/12/6 4556/12/6 4561/12/6
f 4560/12/6 4561/12/6 4562/12/6
f 4556/8/6 4557/8/6 4563/8/6
f 4562/12/6 4561/12/6 4563/12/6
f 4557/8/6 4558/8/6 4563/8/6
f 4561/12/6 4556/12/6 4563/12/6
f 4558/12/6 4559/12/6 4564/12/6
f 4563/8/6 4558/8/6 4564/8/6
f 4564/12/6 4559/12/6 4565/12/6
f 4566/9/6 4567/9/6 4568/9/6
f 4568/9/6 4567/9/6 4569/9/6
f 4570/4/6 4571/4/6 4584/4/6
f 4584/4/6 4571/4/6 4585/4/6
f 4572/4/6 4573/4/6 4586/4/6
f 4586/4/6 4573/4/6 4587/4/6
f 4574/4/6 4575/4/6 4588/4/6
f 4588/4/6 4575/4/6 4589/4/6
f 4576/4/6 4577/4/6 4590/4/6
f 4590/4/6 4577/4/6 4591/4/6
f 4578/4/6 4579/4/6 4592/4/6
f 4592/4/6 4579/4/6 4593/4/6
f 4580/4/6 4581/4/6 4594/4/6
f 4594/4/6 4581/4/6 4595/4/6
f 4582/4/6 4583/4/6 4596/4/6
f 4596/4/6 4583/4/6 4597/4/6
f 4598/4/6 4599/4/6 4606/4/6
f 4606/4/6 4599/4/6 4607/4/6
f 4600/4/6 4601/4/6 4608/4/6
f 4608/4/6 4601/4/6 4609/4/6
f 4602/4/6 4603/4/6 4610/4/6
f 4610/4/6 4603/4/6 4611/4/6
f 4604/4/6 4605/4/6 4612/4/6
f 4612/4/6 4605/4/6 4613/4/6
f 4614/12/6 4615/12/6 4616/12/6
f 4614/12/6 4616/12/6 4621/12/6
f 4616/8/6 4617/8/6 4622/8/6
f 4617/8/6 4618/8/6 4622/8/6
f 4618/12/6 4619/12/6 4623/12/6
f 4622/8/6 4618/8/6 4623/8/6
f 4620/12/6 4621/12/6 4624/12/6
f 4616/8/6 4622/8/6 4625/8/6
f 4624/12/6 4621/12/6 4625/12/6
f 4621/12/6 4616/12/6 4625/12/6
f 4622/12/6 4623/12/6 4626/12/6
f 4625/8/6 4622/8/6 4626/8/6
f 4623/12/6 4619/12/6 4627/12/6
f 4626/12/6 4623/12/6 4627/12/6
f 4628/9/6 4629/9/6 4632/9/6
f 4632/9/6 4629/9/6 4633/9/6
f 4630/9/6 4631/9/6 4634/9/6
f 4634/9/6 4631/9/6 4635/9/6
f 4636/4/6 4637/4/6 4638/4/6
f 4638/4/6 4637/4/6 4639/4/6
f 4640/12/6 4641/12/6 4642/12/6
f 4640/12/6 4642/12/6 4646/12/6
f 4642/8/6 4643/8/6 4647/8/6
f 4646/12/6 4642/12/6 4647/12/6
f 4643/8/6 4644/8/6 4647/8/6
f 4644/12/6 4645/12/6 4648/12/6
f 4647/8/6 4644/8/6 4648/8/6
f 4648/12/6 4645/12/6 4649/12/6
f 4650/4/6 4651/4/6 4672/4/6
f 4672/4/6 4651/4/6 4673/4/6
f 4652/4/6 4653/4/6 4674/4/6
f 4674/4/6 4653/4/6 4675/4/6
f 4654/4/6 4655/4/6 4676/4/6
f 4676/4/6 4655/4/6 4677/4/6
f 4656/4/6 4657/4/6 4678/4/6
f 4678/4/6 4657/4/6 4679/4/6
f 4658/4/6 4659/4/6 4680/4/6
f 4680/4/6 4659/4/6 4681/4/6
f 4660/4/6 4661/4/6 4682/4/6
f 4682/4/6 4661/4/6 4683/4/6
f 4662/4/6 4663/4/6 4684/4/6
f 4684/4/6 4663/4/6 4685/4/6
f 4664/4/6 4665/4/6 4686/4/6
f 4686/4/6 4665/4/6 4687/4/6
f 4666/4/6 4667/4/6 4688/4/6
f 4688/4/6 4667/4/6 4689/4/6
f 4668/4/6 4669/4/6 4690/4/6
f 4690/4/6 4669/4/6 4691/4/6
f 4670/4/6 4671/4/6 4692/4/6
f 4692/4/6 4671/4/6 4693/4/6
f 4694/13/6 4695/13/6 4696/13/6
f 4696/13/6 4695/13/6 4697/13/6
f 4698/12/6 4699/12/6 4702/12/6
f 4699/8/6 4700/8/6 4703/8/6
f 4702/12/6 4699/12/6 4703/12/6
f 4700/12/6 4701/12/6 4704/12/6
f 4703/8/6 4700/8/6 4704/8/6
f 4704/12/6 4701/12/6 4705/12/6
f 4706/11/6 4707/11/6 4708/11/6
f 4708/11/6 4707/11/6 4709/11/6
f 4709/11/6 4707/11/6 4710/11/6
f 4710/11/6 4711/11/6 4712/11/6
f 4709/11/6 4710/11/6 4712/11/6
f 4709/11/6 4712/11/6 4714/11/6
f 4712/11/6 4713/11/6 4714/11/6
f 4714/11/6 4713/11/6 4715/11/6
f 4715/11/6 4713/11/6 4716/11/6
f 4716/11/6 4717/11/6 4718/11/6
f 4715/11/6 4716/11/6 4718/11/6
f 4718/11/6 4717/11/6 4719/11/6
f 4719/11/6 4717/11/6 4720/11/6
f 4720/11/6 4721/11/6 4722/11/6
f 4719/11/6 4720/11/6 4722/11/6
f 4722/11/6 4721/11/6 4723/11/6
f 4723/11/6 4721/11/6 4724/11/6
f 4724/11/6 4725/11/6 4726/11/6
f 4723/11/6 4724/11/6 4726/11/6
f 4726/11/6 4725/11/6 4727/11/6
f 4727/11/6 4725/11/6 4728/11/6
f 4728/11/6 4729/11/6 4730/11/6
f 4727/11/6 4728/11/6 4730/11/6
f 4730/11/6 4729/11/6 4731/11/6
f 4731/11/6 4729/11/6 4732/11/6
f 4732/11/6 4729/11/6 4733/11/6
f 4733/11/6 4729/11/6 4734/11/6
f 4734/11/6 4735/11/6 4736/11/6
f 4733/11/6 4734/11/6 4736/11/6
f 4736/11/6 4735/11/6 4737/11/6
f 4737/11/6 4735/11/6 4738/11/6
f 4738/11/6 4739/11/6 4740/11/6
f 4737/11/6 4738/11/6 4740/11/6
f 4740/11/6 4739/11/6 4741/11/6
f 4741/11/6 4739/11/6 4742/11/6
f 4742/11/6 4739/11/6 4743/11/6
f 4743/11/6 4739/11/6 4744/11/6
f 4744/11/6 4745/11/6 4746/11/6
f 4743/11/6 4744/11/6 4746/11/6
f 4746/11/6 4745/11/6 4747/11/6
f 4747/11/6 4745/11/6 4748/11/6
f 4748/11/6 4749/11/6 4750/11/6
f 4747/11/6 4748/11/6 4750/11/6
f 4750/11/6 4749/11/6 4751/11/6
f 4751/11/6 4749/11/6 4752/11/6
f 4752/11/6 4753/11/6 4754/11/6
f 4751/11/6 4752/11/6 4754/11/6
f 4754/11/6 4753/11/6 4755/11/6
f 4755/11/6 4753/11/6 4756/11/6
f 4756/11/6 4757/11/6 4758/11/6
f 4755/11/6 4756/11/6 4758/11/6
f 4758/11/6 4757/11/6 4759/11/6
f 4759/11/6 4757/11/6 4760/11/6
f 4759/11/6 4760/11/6 4762/11/6
f 4760/11/6 4761/11/6 4762/11/6
f 4762/11/6 4761/11/6 4763/11/6
f 4763/11/6 4761/11/6 4764/11/6
f 4764/11/6 4761/11/6 4765/11/6
f 4765/11/6 4761/11/6 4766/11/6
f 4766/11/6 4767/11/6 4768/11/6
f 4765/11/6 4766/11/6 4768/11/6
f 4768/11/6 4767/11/6 4769/11/6
f 4769/11/6 4767/11/6 4770/11/6
f 4770/11/6 4771/11/6 4772/11/6
f 4769/11/6 4770/11/6 4772/11/6
f 4772/11/6 4771/11/6 4773/11/6
f 4773/11/6 4771/11/6 4774/11/6
f 4774/11/6 4775/11/6 4776/11/6
f 4773/11/6 4774/11/6 4778/11/6
f 4776/11/6 4777/11/6 4778/11/6
f 4774/11/6 4776/11/6 4778/11/6
f 4778/11/6 4777/11/6 4779/11/6
f 4779/11/6 4777/11/6 4780/11/6
f 4780/11/6 4781/11/6 4782/11/6
f 4779/11/6 4780/11/6 4784/11/6
f 4782/11/6 4783/11/6 4784/11/6
f 4780/11/6 4782/11/6 4784/11/6
f 4784/11/6 4783/11/6 4785/11/6
f 4785/11/6 4783/11/6 4786/11/6
f 4786/11/6 4787/11/6 4788/11/6
f 4785/11/6 4786/11/6 4788/11/6
f 4785/11/6 4788/11/6 4790/11/6
f 4788/11/6 4789/11/6 4790/11/6
f 4790/11/6 4789/11/6 4791/11/6
f 4791/11/6 4789/11/6 4792/11/6
f 4791/11/6 4792/11/6 4794/11/6
f 4792/11/6 4793/11/6 4794/11/6
f 4794/11/6 4793/11/6 4795/11/6
f 4795/11/6 4793/11/6 4796/11/6
f 4796/11/6 4793/11/6 4797/11/6
f 4797/11/6 4793/11/6 4798/11/6
f 4798/11/6 4799/11/6 4800/11/6
f 4797/11/6 4798/11/6 4800/11/6
f 4800/11/6 4799/11/6 4801/11/6
f 4801/11/6 4799/11/6 4802/11/6
f 4802/11/6 4803/11/6 4804/11/6
f 4801/11/6 4802/11/6 4804/11/6
f 4804/11/6 4803/11/6 4805/11/6
f 4805/11/6 4803/11/6 4806/11/6
f 4806/11/6 4807/11/6 4808/11/6
f 4805/11/6 4806/11/6 4808/11/6
f 4808/11/6 4807/11/6 4809/11/6
f 4809/11/6 4807/11/6 4810/11/6
f 4810/11/6 4811/11/6 4812/11/6
f 4809/11/6 4810/11/6 4812/11/6
f 4812/11/6 4811/11/6 4813/11/6
f 4813/11/6 4811/11/6 4814/11/6
f 4814/11/6 4815/11/6 4816/11/6
f 4813/11/6 4814/11/6 4816/11/6
f 4816/11/6 4815/11/6 4817/11/6
f 4817/11/6 4815/11/6 4818/11/6
f 4818/11/6 4819/11/6 4820/11/6
f 4817/11/6 4818/11/6 4820/11/6
f 4820/11/6 4819/11/6 4821/11/6
f 4821/11/6 4819/11/6 4822/11/6
f 4822/11/6 4823/11/6 4824/11/6
f 4821/11/6 4822/11/6 4824/11/6
f 4821/11/6 4824/11/6 4826/11/6
f 4824/11/6 4825/11/6 4826/11/6
f 4826/11/6 4825/11/6 4827/11/6
f 4827/11/6 4825/11/6 4828/11/6
f 4827/11/6 4828/11/6 4830/11/6
f 4828/11/6 4829/11/6 4830/11/6
f 4830/11/6 4829/11/6 4831/11/6
f 4831/11/6 4829/11/6 4832/11/6
f 4832/11/6 4829/11/6 4833/11/6
f 4833/11/6 4834/11/6 4836/11/6
f 4835/11/6 4836/11/6 4837/11/6
f 4836/11/6 4834/11/6 4838/11/6
f 4837/11/6 4836/11/6 4838/11/6
f 4706/11/6 4708/11/6 4839/11/6
f 4835/11/6 4837/11/6 4840/11/6
f 4840/11/6 4837/11/6 4841/11/6
f 4838/11/6 4834/11/6 4842/11/6
f 4840/11/6 4841/11/6 4843/11/6
f 4841/11/6 4842/11/6 4843/11/6
f 4706/11/6 4839/11/6 4843/11/6
f 4839/11/6 4840/11/6 4843/11/6
f 4842/11/6 4834/11/6 4844/11/6
f 4843/11/6 4842/11/6 4844/11/6
