# MagicaVoxel @ Ephtracy

# group
o 

# material
mtllib escenario 2.mtl
usemtl palette

# normals
vn -1 0 0
vn 1 0 0
vn 0 0 1
vn 0 0 -1
vn 0 -1 0
vn 0 1 0

# texcoords
vt 0.0175781 0.5
vt 0.501953 0.5
vt 0.814453 0.5
vt 0.865234 0.5
vt 0.904297 0.5
vt 0.974609 0.5
vt 0.978516 0.5
vt 0.982422 0.5
vt 0.986328 0.5
vt 0.990234 0.5
vt 0.994141 0.5

# verts
v -4 0 2.5
v -4 0 -2.5
v -4 0.2 2.4
v -4 0.2 1.6
v -4 0.2 1.5
v -4 0.2 0.7
v -4 0.2 0.6
v -4 0.2 -0.2
v -4 0.2 -0.3
v -4 0.2 -1.1
v -4 0.2 -1.2
v -4 0.2 -2
v -4 2 2.4
v -4 2 1.6
v -4 2 1.5
v -4 2 0.7
v -4 2 0.6
v -4 2 -0.2
v -4 2 -0.3
v -4 2 -1.1
v -4 2 -1.2
v -4 2 -2
v -4 2.5 1.2
v -4 2.5 1.1
v -4 2.5 -0.3
v -4 2.5 -0.4
v -4 2.6 2.4
v -4 2.6 2
v -4 2.6 1.2
v -4 2.6 1.1
v -4 2.6 0.7
v -4 2.6 0.6
v -4 2.6 0.0999999
v -4 2.6 -0.2
v -4 2.6 -0.3
v -4 2.6 -0.4
v -4 2.6 -0.9
v -4 2.6 -1.1
v -4 2.6 -1.3
v -4 2.6 -1.7
v -4 2.6 -1.9
v -4 2.6 -2
v -4 2.7 2.5
v -4 2.7 2.4
v -4 2.7 0.2
v -4 2.7 0.0999999
v -4 2.7 -1.9
v -4 2.7 -2
v -4 2.8 0.3
v -4 2.8 0.2
v -4 2.8 -0.8
v -4 2.8 -0.9
v -4 2.9 2.2
v -4 2.9 2
v -4 2.9 1.5
v -4 2.9 1.1
v -4 2.9 -0.3
v -4 2.9 -0.4
v -4 2.9 -0.7
v -4 2.9 -0.8
v -4 2.9 -1.9
v -4 2.9 -2
v -4 3 2.5
v -4 3 2.4
v -4 3 2.3
v -4 3 2.2
v -4 3 0.8
v -4 3 0.7
v -4 3 0.6
v -4 3 -0.4
v -4 3 -0.5
v -4 3 -0.6
v -4 3 -0.7
v -4 3 -1.5
v -4 3 -1.7
v -4 3.1 2.5
v -4 3.1 2.4
v -4 3.1 2.3
v -4 3.1 1.6
v -4 3.1 1.5
v -4 3.1 0.7
v -4 3.1 0.4
v -4 3.1 -1.3
v -4 3.1 -1.5
v -4 3.2 2.1
v -4 3.2 2
v -4 3.2 1.8
v -4 3.2 1.6
v -4 3.2 1.5
v -4 3.2 1.4
v -4 3.2 0.4
v -4 3.2 0.3
v -4 3.2 -0.5
v -4 3.2 -0.6
v -4 3.2 -1.3
v -4 3.2 -1.4
v -4 3.3 2.2
v -4 3.3 2.1
v -4 3.3 1.9
v -4 3.3 1.8
v -4 3.3 -0.5
v -4 3.3 -0.6
v -4 3.3 -1.4
v -4 3.3 -1.5
v -4 3.3 -1.7
v -4 3.3 -1.9
v -4 3.4 2.4
v -4 3.4 2.2
v -4 3.4 2
v -4 3.4 1.9
v -4 3.4 1.4
v -4 3.4 1.3
v -4 3.4 0.9
v -4 3.4 0.8
v -4 3.4 0.3
v -4 3.4 0.2
v -4 3.4 -0.2
v -4 3.4 -0.6
v -4 3.4 -1.1
v -4 3.5 1.3
v -4 3.5 0.9
v -4 3.5 0.4
v -4 3.5 0.2
v -4 3.5 -1.5
v -4 3.5 -1.7
v -4 3.6 2.5
v -4 3.6 2.4
v -4 3.6 2.1
v -4 3.6 2
v -4 3.6 -1.3
v -4 3.6 -1.4
v -4 3.6 -1.5
v -4 3.6 -1.6
v -4 3.7 2.4
v -4 3.7 2.3
v -4 3.7 1.7
v -4 3.7 1.6
v -4 3.7 0.7
v -4 3.7 0.6
v -4 3.7 -0.3
v -4 3.7 -0.4
v -4 3.7 -1.2
v -4 3.7 -1.3
v -4 3.7 -1.4
v -4 3.7 -1.5
v -4 3.8 1.8
v -4 3.8 1.7
v -4 3.8 1.5
v -4 3.8 1.3
v -4 3.8 0.6
v -4 3.8 0.4
v -4 3.8 -0.4
v -4 3.8 -0.5
v -4 3.8 -1.3
v -4 3.8 -1.4
v -4 3.8 -1.5
v -4 3.8 -1.6
v -4 3.9 2.3
v -4 3.9 2.1
v -4 3.9 1.8
v -4 3.9 1.3
v -4 3.9 0.7
v -4 3.9 0.4
v -4 3.9 -0.2
v -4 3.9 -0.5
v -4 3.9 -0.6
v -4 3.9 -1.2
v -4 3.9 -1.4
v -4 3.9 -2
v -4 4 2.5
v -4 4 -2.5
v -3.7 3.7 1.5
v -3.7 3.7 1.4
v -3.7 3.7 0.6
v -3.7 3.7 0.5
v -3.7 3.7 -0.1
v -3.7 3.7 -0.2
v -3.7 3.8 1.5
v -3.7 3.8 1.4
v -3.7 3.8 0.6
v -3.7 3.8 0.5
v -3.7 3.8 -2.38419e-07
v -3.7 3.8 -0.1
v -3.7 3.8 -0.2
v -3.7 3.9 -2.38419e-07
v -3.7 3.9 -0.1
v -3.7 3.9 -0.2
v -3.5 3.7 -2
v -3.5 3.7 -2.1
v -3.5 3.8 -2
v -3.5 3.8 -2.1
v -3.4 3.8 -2
v -3.4 3.8 -2.1
v -3.4 3.9 -2
v -3.4 3.9 -2.1
v -3.3 3.9 -2
v -3.3 3.9 -2.1
v -3.3 4 -2
v -3.3 4 -2.1
v -2.9 3.8 -2
v -2.9 3.8 -2.1
v -2.9 3.8 -2.4
v -2.9 3.9 -2
v -2.9 3.9 -2.1
v -2.9 3.9 -2.4
v -2.8 3.7 -2
v -2.8 3.7 -2.1
v -2.8 3.7 -2.4
v -2.8 3.8 -2
v -2.8 3.8 -2.1
v -2.8 3.8 -2.4
v -2.7 0.2 -2
v -2.7 0.2 -2.1
v -2.7 0.2 -2.4
v -2.7 2 -2
v -2.7 2 -2.1
v -2.7 2 -2.4
v -2.7 2.3 -2
v -2.7 2.3 -2.1
v -2.7 2.5 -2
v -2.7 2.5 -2.1
v -2.7 2.6 -2
v -2.7 2.6 -2.1
v -2.7 2.6 -2.4
v -2.7 3.4 -2.4
v -2.7 3.7 -2
v -2.7 3.7 -2.1
v -2.7 3.7 -2.4
v -2.6 3.7 -2
v -2.6 3.7 -2.1
v -2.6 3.8 -2
v -2.6 3.8 -2.1
v -2.5 3.8 -2
v -2.5 3.8 -2.1
v -2.5 3.9 -2
v -2.5 3.9 -2.1
v -2.4 3.9 -2
v -2.4 3.9 -2.1
v -2.4 4 -2
v -2.4 4 -2.1
v -2 3.8 -2
v -2 3.8 -2.1
v -2 3.8 -2.4
v -2 3.9 -2
v -2 3.9 -2.1
v -2 3.9 -2.4
v -1.9 3.7 -2
v -1.9 3.7 -2.1
v -1.9 3.7 -2.4
v -1.9 3.8 -2
v -1.9 3.8 -2.1
v -1.9 3.8 -2.4
v -1.8 0.2 -2
v -1.8 0.2 -2.1
v -1.8 0.2 -2.4
v -1.8 2 -2
v -1.8 2 -2.1
v -1.8 2 -2.4
v -1.8 2.3 -2
v -1.8 2.3 -2.1
v -1.8 2.5 -2
v -1.8 2.5 -2.1
v -1.8 2.6 -2
v -1.8 2.6 -2.1
v -1.8 2.6 -2.4
v -1.8 3.4 -2.4
v -1.8 3.7 -2
v -1.8 3.7 -2.1
v -1.8 3.7 -2.4
v -1.7 3.7 -2
v -1.7 3.7 -2.1
v -1.7 3.8 -2
v -1.7 3.8 -2.1
v -1.6 3.8 -2
v -1.6 3.8 -2.1
v -1.6 3.9 -2
v -1.6 3.9 -2.1
v -1.5 3.9 -2
v -1.5 3.9 -2.1
v -1.5 4 -2
v -1.5 4 -2.1
v -1.1 3.8 -2
v -1.1 3.8 -2.1
v -1.1 3.8 -2.4
v -1.1 3.9 -2
v -1.1 3.9 -2.1
v -1.1 3.9 -2.4
v -1 3.7 -2
v -1 3.7 -2.1
v -1 3.7 -2.4
v -1 3.8 -2
v -1 3.8 -2.1
v -1 3.8 -2.4
v -0.9 0.2 -2
v -0.9 0.2 -2.1
v -0.9 0.2 -2.4
v -0.9 1 1
v -0.9 1 0.3
v -0.9 1.1 1
v -0.9 1.1 0.3
v -0.9 2 -2
v -0.9 2 -2.1
v -0.9 2 -2.4
v -0.9 2.3 -2
v -0.9 2.3 -2.1
v -0.9 2.5 -2
v -0.9 2.5 -2.1
v -0.9 2.6 -2
v -0.9 2.6 -2.1
v -0.9 2.6 -2.4
v -0.9 3.4 -2.4
v -0.9 3.7 -2
v -0.9 3.7 -2.1
v -0.9 3.7 -2.4
v -0.8 0.2 0.9
v -0.8 0.2 0.4
v -0.8 0.3 0.9
v -0.8 0.3 0.4
v -0.8 1.1 0.9
v -0.8 1.1 0.4
v -0.8 1.2 0.9
v -0.8 1.2 0.4
v -0.8 3.7 -2
v -0.8 3.7 -2.1
v -0.8 3.8 -2
v -0.8 3.8 -2.1
v -0.7 0.3 0.8
v -0.7 0.3 0.5
v -0.7 0.4 0.8
v -0.7 0.4 0.5
v -0.7 1.2 0.8
v -0.7 1.2 0.5
v -0.7 1.3 0.8
v -0.7 1.3 0.5
v -0.7 1.5 0.8
v -0.7 1.5 0.5
v -0.7 1.7 0.8
v -0.7 1.7 0.5
v -0.7 3.8 -2
v -0.7 3.8 -2.1
v -0.7 3.9 -2
v -0.7 3.9 -2.1
v -0.6 0.4 0.7
v -0.6 0.4 0.6
v -0.6 1 0.7
v -0.6 1 0.6
v -0.6 1.3 0.7
v -0.6 1.3 0.6
v -0.6 1.5 0.7
v -0.6 1.5 0.6
v -0.6 3.9 -2
v -0.6 3.9 -2.1
v -0.6 4 -2
v -0.6 4 -2.1
v -0.2 3.8 -2
v -0.2 3.8 -2.1
v -0.2 3.8 -2.4
v -0.2 3.9 -2
v -0.2 3.9 -2.1
v -0.2 3.9 -2.4
v -0.0999999 3.7 -2
v -0.0999999 3.7 -2.1
v -0.0999999 3.7 -2.4
v -0.0999999 3.8 -2
v -0.0999999 3.8 -2.1
v -0.0999999 3.8 -2.4
v 0 0.2 -2
v 0 0.2 -2.1
v 0 0.2 -2.4
v 0 2 -2
v 0 2 -2.1
v 0 2 -2.4
v 0 2.3 -2
v 0 2.3 -2.1
v 0 2.5 -2
v 0 2.5 -2.1
v 0 2.6 -2
v 0 2.6 -2.1
v 0 2.6 -2.4
v 0 3.3 -2.4
v 0 3.7 -2
v 0 3.7 -2.1
v 0 3.7 -2.4
v 0.1 3.7 -2
v 0.1 3.7 -2.1
v 0.1 3.8 -2
v 0.1 3.8 -2.1
v 0.2 3.8 -2
v 0.2 3.8 -2.1
v 0.2 3.9 -2
v 0.2 3.9 -2.1
v 0.3 3.9 -2
v 0.3 3.9 -2.1
v 0.3 4 -2
v 0.3 4 -2.1
v 0.7 3.8 -2
v 0.7 3.8 -2.1
v 0.7 3.8 -2.4
v 0.7 3.9 -2
v 0.7 3.9 -2.1
v 0.7 3.9 -2.4
v 0.8 3.7 -2
v 0.8 3.7 -2.1
v 0.8 3.7 -2.4
v 0.8 3.8 -2
v 0.8 3.8 -2.1
v 0.8 3.8 -2.4
v 0.9 0.2 -2
v 0.9 0.2 -2.1
v 0.9 0.2 -2.4
v 0.9 2 -2
v 0.9 2 -2.1
v 0.9 2 -2.4
v 0.9 2.3 -2
v 0.9 2.3 -2.1
v 0.9 2.5 -2
v 0.9 2.5 -2.1
v 0.9 2.6 -2
v 0.9 2.6 -2.1
v 0.9 2.6 -2.4
v 0.9 3.2 -2.4
v 0.9 3.7 -2
v 0.9 3.7 -2.1
v 0.9 3.7 -2.4
v 1 3.7 -2
v 1 3.7 -2.1
v 1 3.8 -2
v 1 3.8 -2.1
v 1.1 3.8 -2
v 1.1 3.8 -2.1
v 1.1 3.9 -2
v 1.1 3.9 -2.1
v 1.2 3.9 -2
v 1.2 3.9 -2.1
v 1.2 4 -2
v 1.2 4 -2.1
v 1.6 3.8 -2
v 1.6 3.8 -2.1
v 1.6 3.8 -2.4
v 1.6 3.9 -2
v 1.6 3.9 -2.1
v 1.6 3.9 -2.4
v 1.7 3.7 -2
v 1.7 3.7 -2.1
v 1.7 3.7 -2.4
v 1.7 3.8 -2
v 1.7 3.8 -2.1
v 1.7 3.8 -2.4
v 1.8 0.2 -2
v 1.8 0.2 -2.1
v 1.8 0.2 -2.4
v 1.8 2 -2
v 1.8 2 -2.1
v 1.8 2 -2.4
v 1.8 2.3 -2
v 1.8 2.3 -2.1
v 1.8 2.5 -2
v 1.8 2.5 -2.1
v 1.8 2.6 -2
v 1.8 2.6 -2.1
v 1.8 2.6 -2.4
v 1.8 3.2 -2.4
v 1.8 3.7 -2
v 1.8 3.7 -2.1
v 1.8 3.7 -2.4
v 1.9 2.1 -0.6
v 1.9 2.1 -0.9
v 1.9 2.2 -0.6
v 1.9 2.2 -0.9
v 1.9 3.7 -2
v 1.9 3.7 -2.1
v 1.9 3.8 -2
v 1.9 3.8 -2.1
v 2 3.8 -2
v 2 3.8 -2.1
v 2 3.9 -2
v 2 3.9 -2.1
v 2.1 3.9 -2
v 2.1 3.9 -2.1
v 2.1 4 -2
v 2.1 4 -2.1
v 2.3 0.2 -0.4
v 2.3 0.2 -0.5
v 2.3 0.2 -0.8
v 2.3 0.4 -0.4
v 2.3 0.4 -0.8
v 2.3 0.5 -0.1
v 2.3 0.5 -0.4
v 2.3 0.6 -0.1
v 2.3 0.6 -0.4
v 2.3 0.7 0.2
v 2.3 0.7 -0.1
v 2.3 0.8 0.2
v 2.3 0.8 -0.1
v 2.3 0.9 0.5
v 2.3 0.9 0.2
v 2.3 1 0.5
v 2.3 1 0.2
v 2.3 1.1 0.8
v 2.3 1.1 0.5
v 2.3 1.2 0.8
v 2.3 1.2 0.5
v 2.3 1.3 1.1
v 2.3 1.3 0.8
v 2.3 1.4 1.1
v 2.3 1.4 0.8
v 2.3 1.5 1.4
v 2.3 1.5 1.1
v 2.3 1.6 1.4
v 2.3 1.6 1.1
v 2.3 1.7 1.7
v 2.3 1.7 1.4
v 2.3 1.8 1.7
v 2.3 1.8 1.4
v 2.5 3.8 -2
v 2.5 3.8 -2.1
v 2.5 3.9 -2
v 2.5 3.9 -2.1
v 2.6 3.7 -2
v 2.6 3.7 -2.1
v 2.6 3.7 -2.2
v 2.6 3.8 -2
v 2.6 3.8 -2.1
v 2.6 3.8 -2.2
v 2.6 3.8 -2.4
v 2.6 3.9 -2.1
v 2.6 3.9 -2.4
v 2.7 0.2 -2
v 2.7 0.2 -2.1
v 2.7 0.2 -2.4
v 2.7 2 -2
v 2.7 2 -2.1
v 2.7 2 -2.4
v 2.7 2.3 -2
v 2.7 2.3 -2.1
v 2.7 2.5 -2
v 2.7 2.5 -2.1
v 2.7 2.6 -2
v 2.7 2.6 -2.1
v 2.7 2.6 -2.4
v 2.7 3.3 -2.4
v 2.7 3.7 -2
v 2.7 3.7 -2.1
v 2.7 3.7 -2.2
v 2.7 3.8 -2.2
v 2.7 3.8 -2.4
v 2.8 2.1 2
v 2.8 2.1 -0.6
v 2.8 2.2 2
v 2.8 2.2 -0.6
v 2.8 3.7 -2
v 2.8 3.7 -2.1
v 2.8 3.8 -2
v 2.8 3.8 -2.1
v 2.9 3.8 -2
v 2.9 3.8 -2.1
v 2.9 3.9 -2
v 2.9 3.9 -2.1
v 3 3.9 -2
v 3 3.9 -2.1
v 3 4 -2
v 3 4 -2.1
v 3.4 3.8 -2
v 3.4 3.8 -2.1
v 3.4 3.9 -2
v 3.4 3.9 -2.1
v 3.5 3.7 -2
v 3.5 3.7 -2.1
v 3.5 3.7 -2.4
v 3.5 3.8 -2
v 3.5 3.8 -2.1
v 3.5 3.9 -2.1
v 3.5 3.9 -2.4
v 3.6 0.2 2.5
v 3.6 0.2 2.4
v 3.6 0.2 1.6
v 3.6 0.2 1.5
v 3.6 0.2 0.7
v 3.6 0.2 0.6
v 3.6 0.2 -0.2
v 3.6 0.2 -0.3
v 3.6 0.2 -1.1
v 3.6 0.2 -1.2
v 3.6 0.2 -2
v 3.6 0.2 -2.1
v 3.6 0.2 -2.4
v 3.6 2 2.4
v 3.6 2 1.6
v 3.6 2 1.5
v 3.6 2 0.7
v 3.6 2 0.6
v 3.6 2 -0.2
v 3.6 2 -0.3
v 3.6 2 -1.1
v 3.6 2 -1.2
v 3.6 2 -2
v 3.6 2 -2.1
v 3.6 2 -2.4
v 3.6 2.1 2.5
v 3.6 2.1 -2
v 3.6 2.2 2.5
v 3.6 2.2 -2
v 3.6 2.3 2.4
v 3.6 2.3 1.6
v 3.6 2.3 1.5
v 3.6 2.3 0.7
v 3.6 2.3 0.6
v 3.6 2.3 -0.2
v 3.6 2.3 -0.3
v 3.6 2.3 -1.1
v 3.6 2.3 -1.2
v 3.6 2.3 -2
v 3.6 2.3 -2.1
v 3.6 2.5 2.4
v 3.6 2.5 1.6
v 3.6 2.5 1.5
v 3.6 2.5 0.7
v 3.6 2.5 0.6
v 3.6 2.5 -0.2
v 3.6 2.5 -0.3
v 3.6 2.5 -1.1
v 3.6 2.5 -1.2
v 3.6 2.5 -2
v 3.6 2.5 -2.1
v 3.6 2.6 2.4
v 3.6 2.6 1.6
v 3.6 2.6 1.5
v 3.6 2.6 0.7
v 3.6 2.6 0.6
v 3.6 2.6 -0.2
v 3.6 2.6 -0.3
v 3.6 2.6 -1.1
v 3.6 2.6 -1.2
v 3.6 2.6 -2
v 3.6 2.6 -2.1
v 3.6 2.6 -2.4
v 3.6 3.2 -2.4
v 3.6 3.7 2.5
v 3.6 3.7 2.4
v 3.6 3.7 2.3
v 3.6 3.7 1.7
v 3.6 3.7 1.6
v 3.6 3.7 1.5
v 3.6 3.7 1.4
v 3.6 3.7 0.8
v 3.6 3.7 0.7
v 3.6 3.7 0.6
v 3.6 3.7 0.5
v 3.6 3.7 -0.1
v 3.6 3.7 -0.2
v 3.6 3.7 -0.3
v 3.6 3.7 -0.4
v 3.6 3.7 -1
v 3.6 3.7 -1.1
v 3.6 3.7 -1.2
v 3.6 3.7 -1.3
v 3.6 3.7 -1.9
v 3.6 3.7 -2
v 3.6 3.7 -2.1
v 3.6 3.7 -2.4
v 3.6 3.8 2.4
v 3.6 3.8 2.3
v 3.6 3.8 2.2
v 3.6 3.8 1.8
v 3.6 3.8 1.7
v 3.6 3.8 1.6
v 3.6 3.8 1.5
v 3.6 3.8 1.4
v 3.6 3.8 1.3
v 3.6 3.8 0.9
v 3.6 3.8 0.8
v 3.6 3.8 0.7
v 3.6 3.8 0.6
v 3.6 3.8 0.5
v 3.6 3.8 0.4
v 3.6 3.8 -2.38419e-07
v 3.6 3.8 -0.1
v 3.6 3.8 -0.2
v 3.6 3.8 -0.3
v 3.6 3.8 -0.4
v 3.6 3.8 -0.5
v 3.6 3.8 -0.9
v 3.6 3.8 -1
v 3.6 3.8 -1.1
v 3.6 3.8 -1.2
v 3.6 3.8 -1.3
v 3.6 3.8 -1.4
v 3.6 3.8 -1.8
v 3.6 3.8 -1.9
v 3.6 3.8 -2
v 3.6 3.9 2.3
v 3.6 3.9 2.2
v 3.6 3.9 1.8
v 3.6 3.9 1.7
v 3.6 3.9 1.4
v 3.6 3.9 1.3
v 3.6 3.9 0.9
v 3.6 3.9 0.8
v 3.6 3.9 0.5
v 3.6 3.9 0.4
v 3.6 3.9 -2.38419e-07
v 3.6 3.9 -0.1
v 3.6 3.9 -0.4
v 3.6 3.9 -0.5
v 3.6 3.9 -0.9
v 3.6 3.9 -1
v 3.6 3.9 -1.3
v 3.6 3.9 -1.4
v 3.6 3.9 -1.8
v 3.6 3.9 -1.9
v 3.6 4 2.2
v 3.6 4 1.8
v 3.6 4 1.3
v 3.6 4 0.9
v 3.6 4 0.4
v 3.6 4 -2.38419e-07
v 3.6 4 -0.5
v 3.6 4 -0.9
v 3.6 4 -1.4
v 3.6 4 -1.8
v 3.7 2.1 -2
v 3.7 2.1 -2.1
v 3.7 2.2 -2
v 3.7 2.2 -2.1
v 3.7 2.3 2.4
v 3.7 2.3 1.6
v 3.7 2.3 1.5
v 3.7 2.3 0.7
v 3.7 2.3 0.6
v 3.7 2.3 -0.2
v 3.7 2.3 -0.3
v 3.7 2.3 -1.1
v 3.7 2.3 -1.2
v 3.7 2.3 -2
v 3.7 2.5 2.4
v 3.7 2.5 1.6
v 3.7 2.5 1.5
v 3.7 2.5 0.7
v 3.7 2.5 0.6
v 3.7 2.5 -0.2
v 3.7 2.5 -0.3
v 3.7 2.5 -1.1
v 3.7 2.5 -1.2
v 3.7 2.5 -2
v 3.7 3.7 2.5
v 3.7 3.7 2.4
v 3.7 3.7 1.6
v 3.7 3.7 1.5
v 3.7 3.7 0.7
v 3.7 3.7 0.6
v 3.7 3.7 -0.2
v 3.7 3.7 -0.3
v 3.7 3.7 -1.1
v 3.7 3.7 -1.2
v 3.7 3.7 -2
v 3.7 3.7 -2.1
v 3.7 3.8 2.4
v 3.7 3.8 2.3
v 3.7 3.8 1.7
v 3.7 3.8 1.6
v 3.7 3.8 1.5
v 3.7 3.8 1.4
v 3.7 3.8 0.8
v 3.7 3.8 0.7
v 3.7 3.8 0.6
v 3.7 3.8 0.5
v 3.7 3.8 -0.1
v 3.7 3.8 -0.2
v 3.7 3.8 -0.3
v 3.7 3.8 -0.4
v 3.7 3.8 -1
v 3.7 3.8 -1.1
v 3.7 3.8 -1.2
v 3.7 3.8 -1.3
v 3.7 3.8 -1.9
v 3.7 3.8 -2
v 3.7 3.9 2.3
v 3.7 3.9 2.2
v 3.7 3.9 1.8
v 3.7 3.9 1.7
v 3.7 3.9 1.4
v 3.7 3.9 1.3
v 3.7 3.9 0.9
v 3.7 3.9 0.8
v 3.7 3.9 0.5
v 3.7 3.9 0.4
v 3.7 3.9 -2.38419e-07
v 3.7 3.9 -0.1
v 3.7 3.9 -0.4
v 3.7 3.9 -0.5
v 3.7 3.9 -0.9
v 3.7 3.9 -1
v 3.7 3.9 -1.3
v 3.7 3.9 -1.4
v 3.7 3.9 -1.8
v 3.7 3.9 -1.9
v 3.7 4 2.5
v 3.7 4 2.2
v 3.7 4 1.8
v 3.7 4 1.3
v 3.7 4 0.9
v 3.7 4 0.4
v 3.7 4 -2.38419e-07
v 3.7 4 -0.5
v 3.7 4 -0.9
v 3.7 4 -1.4
v 3.7 4 -1.8
v 3.7 4 -2.1
v 3.9 0.2 2.4
v 3.9 0.2 1.6
v 3.9 0.2 1.5
v 3.9 0.2 1.4
v 3.9 0.2 0.7
v 3.9 0.2 0.6
v 3.9 0.2 -0.2
v 3.9 0.2 -0.3
v 3.9 0.2 -1.1
v 3.9 0.2 -1.2
v 3.9 0.2 -2
v 3.9 1.6 1.5
v 3.9 1.6 1.4
v 3.9 2 2.4
v 3.9 2 1.6
v 3.9 2 1.5
v 3.9 2 0.7
v 3.9 2 0.6
v 3.9 2 -0.2
v 3.9 2 -0.3
v 3.9 2 -1.1
v 3.9 2 -1.2
v 3.9 2 -2
v 3.9 2.6 2.4
v 3.9 2.6 2.3
v 3.9 2.6 1.6
v 3.9 2.6 1.5
v 3.9 2.6 1.3
v 3.9 2.6 0.7
v 3.9 2.6 0.6
v 3.9 2.6 0.3
v 3.9 2.6 -0.2
v 3.9 2.6 -0.3
v 3.9 2.6 -0.7
v 3.9 2.6 -1.1
v 3.9 2.6 -1.2
v 3.9 2.6 -1.5
v 3.9 2.6 -2
v 3.9 2.7 0.3
v 3.9 2.7 0.2
v 3.9 2.7 -1.5
v 3.9 2.7 -1.7
v 3.9 2.8 2.3
v 3.9 2.8 2.2
v 3.9 2.8 1.3
v 3.9 2.8 1.1
v 3.9 2.9 0.2
v 3.9 2.9 0.0999999
v 3.9 2.9 -1.2
v 3.9 2.9 -1.3
v 3.9 3 2.2
v 3.9 3 2
v 3.9 3.1 2
v 3.9 3.1 1.8
v 3.9 3.1 1.1
v 3.9 3.1 0.9
v 3.9 3.1 -0.1
v 3.9 3.1 -0.2
v 3.9 3.1 -1
v 3.9 3.1 -1.1
v 3.9 3.1 -1.7
v 3.9 3.1 -1.8
v 3.9 3.2 2.4
v 3.9 3.2 2.3
v 3.9 3.2 1.8
v 3.9 3.2 1.6
v 3.9 3.2 1.5
v 3.9 3.2 1.3
v 3.9 3.2 -0.3
v 3.9 3.2 -0.5
v 3.9 3.2 -0.7
v 3.9 3.2 -0.8
v 3.9 3.2 -1.3
v 3.9 3.2 -1.5
v 3.9 3.3 2.3
v 3.9 3.3 2.1
v 3.9 3.3 1.8
v 3.9 3.3 1.6
v 3.9 3.3 0.9
v 3.9 3.3 0.8
v 3.9 3.3 0.7
v 3.9 3.3 0.0999999
v 3.9 3.3 -2.38419e-07
v 3.9 3.3 -0.1
v 3.9 3.3 -0.7
v 3.9 3.3 -0.8
v 3.9 3.3 -1
v 3.9 3.3 -1.9
v 3.9 3.3 -2
v 3.9 3.4 2.1
v 3.9 3.4 2
v 3.9 3.4 1.9
v 3.9 3.4 1.8
v 3.9 3.4 1.3
v 3.9 3.4 1.1
v 3.9 3.4 0.6
v 3.9 3.4 0.2
v 3.9 3.4 -0.5
v 3.9 3.4 -0.6
v 3.9 3.4 -0.7
v 3.9 3.4 -0.8
v 3.9 3.4 -1.5
v 3.9 3.4 -1.7
v 3.9 3.4 -1.8
v 3.9 3.4 -1.9
v 3.9 3.5 2
v 3.9 3.5 1.9
v 3.9 3.5 1.1
v 3.9 3.5 1
v 3.9 3.5 0.9
v 3.9 3.5 0.8
v 3.9 3.5 0.2
v 3.9 3.5 0.0999999
v 3.9 3.5 -2.38419e-07
v 3.9 3.5 -0.6
v 3.9 3.5 -0.8
v 3.9 3.5 -1.7
v 3.9 3.5 -1.8
v 3.9 3.6 1
v 3.9 3.6 0.9
v 3.9 3.6 -0.7
v 3.9 3.6 -0.8
v 3.9 3.7 2.4
v 3.9 3.7 2.3
v 3.9 3.7 2
v 3.9 3.7 1.9
v 3.9 3.7 1.7
v 3.9 3.7 1.6
v 3.9 3.7 1.5
v 3.9 3.7 1.4
v 3.9 3.7 1.1
v 3.9 3.7 1
v 3.9 3.7 0.8
v 3.9 3.7 0.7
v 3.9 3.7 0.6
v 3.9 3.7 0.5
v 3.9 3.7 0.2
v 3.9 3.7 0.0999999
v 3.9 3.7 -0.1
v 3.9 3.7 -0.2
v 3.9 3.7 -0.3
v 3.9 3.7 -0.4
v 3.9 3.7 -1
v 3.9 3.7 -1.1
v 3.9 3.7 -1.2
v 3.9 3.7 -1.3
v 3.9 3.7 -1.6
v 3.9 3.7 -1.7
v 3.9 3.7 -1.9
v 3.9 3.7 -2
v 3.9 3.8 2.3
v 3.9 3.8 2.2
v 3.9 3.8 1.8
v 3.9 3.8 1.7
v 3.9 3.8 1.4
v 3.9 3.8 1.3
v 3.9 3.8 0.9
v 3.9 3.8 0.8
v 3.9 3.8 0.5
v 3.9 3.8 0.4
v 3.9 3.8 -2.38419e-07
v 3.9 3.8 -0.1
v 3.9 3.8 -0.4
v 3.9 3.8 -0.5
v 3.9 3.8 -0.9
v 3.9 3.8 -1
v 3.9 3.8 -1.3
v 3.9 3.8 -1.4
v 3.9 3.8 -1.8
v 3.9 3.8 -1.9
v 3.9 3.9 2.2
v 3.9 3.9 2
v 3.9 3.9 1.8
v 3.9 3.9 1.3
v 3.9 3.9 1.1
v 3.9 3.9 0.9
v 3.9 3.9 0.4
v 3.9 3.9 0.2
v 3.9 3.9 -2.38419e-07
v 3.9 3.9 -0.5
v 3.9 3.9 -0.7
v 3.9 3.9 -0.9
v 3.9 3.9 -1.4
v 3.9 3.9 -1.6
v 3.9 3.9 -1.8
v -3.9 0.2 2.4
v -3.9 0.2 1.6
v -3.9 0.2 1.5
v -3.9 0.2 1
v -3.9 0.2 0.7
v -3.9 0.2 0.6
v -3.9 0.2 -0.2
v -3.9 0.2 -0.3
v -3.9 0.2 -1.1
v -3.9 0.2 -1.2
v -3.9 0.2 -2
v -3.9 2 2.4
v -3.9 2 1.6
v -3.9 2 1.5
v -3.9 2 0.7
v -3.9 2 0.6
v -3.9 2 -0.2
v -3.9 2 -0.3
v -3.9 2 -1.1
v -3.9 2 -1.2
v -3.9 2 -2
v -3.9 2.6 2.4
v -3.9 2.6 2
v -3.9 2.6 1.6
v -3.9 2.6 1.5
v -3.9 2.6 1.1
v -3.9 2.6 0.7
v -3.9 2.6 0.6
v -3.9 2.6 0.0999999
v -3.9 2.6 -0.2
v -3.9 2.6 -0.3
v -3.9 2.6 -0.4
v -3.9 2.6 -0.9
v -3.9 2.6 -1.1
v -3.9 2.6 -1.2
v -3.9 2.6 -1.3
v -3.9 2.6 -1.7
v -3.9 2.6 -1.9
v -3.9 2.6 -2
v -3.9 2.7 0.2
v -3.9 2.7 0.0999999
v -3.9 2.7 -1.9
v -3.9 2.7 -2
v -3.9 2.8 1.6
v -3.9 2.8 1.5
v -3.9 2.8 0.3
v -3.9 2.8 0.2
v -3.9 2.8 -0.8
v -3.9 2.8 -0.9
v -3.9 2.9 2.2
v -3.9 2.9 2
v -3.9 2.9 1.5
v -3.9 2.9 1.1
v -3.9 2.9 -0.3
v -3.9 2.9 -0.4
v -3.9 2.9 -0.7
v -3.9 2.9 -0.8
v -3.9 2.9 -1.9
v -3.9 2.9 -2
v -3.9 3 2.3
v -3.9 3 2.2
v -3.9 3 0.8
v -3.9 3 0.7
v -3.9 3 -0.4
v -3.9 3 -0.5
v -3.9 3 -0.6
v -3.9 3 -0.7
v -3.9 3 -1.5
v -3.9 3 -1.7
v -3.9 3.1 2.4
v -3.9 3.1 2.3
v -3.9 3.1 0.7
v -3.9 3.1 0.6
v -3.9 3.1 0.4
v -3.9 3.1 -1.3
v -3.9 3.1 -1.5
v -3.9 3.2 2.1
v -3.9 3.2 2
v -3.9 3.2 1.8
v -3.9 3.2 1.6
v -3.9 3.2 1.5
v -3.9 3.2 1.4
v -3.9 3.2 0.4
v -3.9 3.2 0.3
v -3.9 3.2 -0.5
v -3.9 3.2 -0.6
v -3.9 3.2 -1.3
v -3.9 3.2 -1.4
v -3.9 3.3 2.2
v -3.9 3.3 2.1
v -3.9 3.3 1.9
v -3.9 3.3 1.8
v -3.9 3.3 -0.5
v -3.9 3.3 -0.6
v -3.9 3.3 -1.4
v -3.9 3.3 -1.5
v -3.9 3.3 -1.7
v -3.9 3.3 -1.9
v -3.9 3.4 2.4
v -3.9 3.4 2.2
v -3.9 3.4 2
v -3.9 3.4 1.9
v -3.9 3.4 1.4
v -3.9 3.4 1.3
v -3.9 3.4 0.9
v -3.9 3.4 0.8
v -3.9 3.4 0.3
v -3.9 3.4 0.2
v -3.9 3.4 -0.2
v -3.9 3.4 -0.6
v -3.9 3.4 -1.1
v -3.9 3.5 1.3
v -3.9 3.5 0.9
v -3.9 3.5 0.4
v -3.9 3.5 0.2
v -3.9 3.5 -1.5
v -3.9 3.5 -1.7
v -3.9 3.6 2.1
v -3.9 3.6 2
v -3.9 3.6 -1.3
v -3.9 3.6 -1.4
v -3.9 3.6 -1.5
v -3.9 3.6 -1.6
v -3.9 3.7 2.4
v -3.9 3.7 2.3
v -3.9 3.7 1.7
v -3.9 3.7 1.6
v -3.9 3.7 1.5
v -3.9 3.7 0.8
v -3.9 3.7 0.7
v -3.9 3.7 0.6
v -3.9 3.7 0.5
v -3.9 3.7 -0.3
v -3.9 3.7 -0.4
v -3.9 3.7 -1
v -3.9 3.7 -1.1
v -3.9 3.7 -1.2
v -3.9 3.7 -1.3
v -3.9 3.7 -1.4
v -3.9 3.7 -1.5
v -3.9 3.7 -1.9
v -3.9 3.7 -2
v -3.9 3.8 2.3
v -3.9 3.8 2.2
v -3.9 3.8 1.8
v -3.9 3.8 1.7
v -3.9 3.8 1.5
v -3.9 3.8 1.3
v -3.9 3.8 0.9
v -3.9 3.8 0.8
v -3.9 3.8 0.5
v -3.9 3.8 0.4
v -3.9 3.8 -0.4
v -3.9 3.8 -0.5
v -3.9 3.8 -0.9
v -3.9 3.8 -1
v -3.9 3.8 -1.3
v -3.9 3.8 -1.4
v -3.9 3.8 -1.5
v -3.9 3.8 -1.6
v -3.9 3.8 -1.8
v -3.9 3.8 -1.9
v -3.9 3.9 2.2
v -3.9 3.9 2.1
v -3.9 3.9 1.8
v -3.9 3.9 1.3
v -3.9 3.9 0.9
v -3.9 3.9 0.4
v -3.9 3.9 -0.2
v -3.9 3.9 -0.5
v -3.9 3.9 -0.6
v -3.9 3.9 -0.9
v -3.9 3.9 -1.4
v -3.9 3.9 -1.8
v -3.8 3.7 0.6
v -3.8 3.7 0.5
v -3.8 3.8 0.6
v -3.8 3.8 0.5
v -3.6 2.3 2.4
v -3.6 2.3 1.6
v -3.6 2.3 1.5
v -3.6 2.3 0.7
v -3.6 2.3 0.6
v -3.6 2.3 -0.2
v -3.6 2.3 -0.3
v -3.6 2.3 -0.9
v -3.6 2.3 -1
v -3.6 2.3 -1.1
v -3.6 2.3 -1.2
v -3.6 2.3 -2
v -3.6 2.5 2.4
v -3.6 2.5 1.6
v -3.6 2.5 1.5
v -3.6 2.5 0.7
v -3.6 2.5 0.6
v -3.6 2.5 -0.2
v -3.6 2.5 -0.3
v -3.6 2.5 -1.1
v -3.6 2.5 -1.2
v -3.6 2.5 -2
v -3.6 3.7 2.5
v -3.6 3.7 2.4
v -3.6 3.7 1.6
v -3.6 3.7 1.5
v -3.6 3.7 0.7
v -3.6 3.7 0.6
v -3.6 3.7 -0.2
v -3.6 3.7 -0.3
v -3.6 3.7 -1.1
v -3.6 3.7 -1.2
v -3.6 3.7 -2
v -3.6 3.7 -2.1
v -3.6 3.8 2.4
v -3.6 3.8 2.3
v -3.6 3.8 1.7
v -3.6 3.8 1.6
v -3.6 3.8 1.5
v -3.6 3.8 1.4
v -3.6 3.8 0.8
v -3.6 3.8 0.7
v -3.6 3.8 0.6
v -3.6 3.8 0.5
v -3.6 3.8 -0.1
v -3.6 3.8 -0.2
v -3.6 3.8 -0.3
v -3.6 3.8 -0.4
v -3.6 3.8 -1
v -3.6 3.8 -1.1
v -3.6 3.8 -1.2
v -3.6 3.8 -1.3
v -3.6 3.8 -1.9
v -3.6 3.8 -2
v -3.6 3.9 2.3
v -3.6 3.9 2.2
v -3.6 3.9 1.8
v -3.6 3.9 1.7
v -3.6 3.9 1.4
v -3.6 3.9 1.3
v -3.6 3.9 0.9
v -3.6 3.9 0.8
v -3.6 3.9 0.5
v -3.6 3.9 0.4
v -3.6 3.9 -2.38419e-07
v -3.6 3.9 -0.1
v -3.6 3.9 -0.4
v -3.6 3.9 -0.5
v -3.6 3.9 -0.9
v -3.6 3.9 -1
v -3.6 3.9 -1.3
v -3.6 3.9 -1.4
v -3.6 3.9 -1.8
v -3.6 3.9 -1.9
v -3.6 4 2.5
v -3.6 4 2.2
v -3.6 4 1.8
v -3.6 4 1.3
v -3.6 4 0.9
v -3.6 4 0.4
v -3.6 4 -2.38419e-07
v -3.6 4 -0.5
v -3.6 4 -0.9
v -3.6 4 -1.4
v -3.6 4 -1.8
v -3.6 4 -2.1
v -3.5 0.2 2.5
v -3.5 0.2 2.4
v -3.5 0.2 1.6
v -3.5 0.2 1.5
v -3.5 0.2 0.7
v -3.5 0.2 0.6
v -3.5 0.2 -0.2
v -3.5 0.2 -0.3
v -3.5 0.2 -1.1
v -3.5 0.2 -1.2
v -3.5 0.2 -2
v -3.5 0.2 -2.1
v -3.5 0.2 -2.4
v -3.5 2 2.4
v -3.5 2 1.6
v -3.5 2 1.5
v -3.5 2 0.7
v -3.5 2 0.6
v -3.5 2 -0.2
v -3.5 2 -0.3
v -3.5 2 -1.1
v -3.5 2 -1.2
v -3.5 2 -2
v -3.5 2 -2.1
v -3.5 2 -2.4
v -3.5 2.1 2.5
v -3.5 2.1 -2
v -3.5 2.2 2.5
v -3.5 2.2 -0.9
v -3.5 2.2 -1
v -3.5 2.2 -2
v -3.5 2.3 2.4
v -3.5 2.3 1.6
v -3.5 2.3 1.5
v -3.5 2.3 0.7
v -3.5 2.3 0.6
v -3.5 2.3 -0.2
v -3.5 2.3 -0.3
v -3.5 2.3 -0.9
v -3.5 2.3 -1
v -3.5 2.3 -1.1
v -3.5 2.3 -1.2
v -3.5 2.3 -2
v -3.5 2.3 -2.1
v -3.5 2.5 2.4
v -3.5 2.5 1.6
v -3.5 2.5 1.5
v -3.5 2.5 0.7
v -3.5 2.5 0.6
v -3.5 2.5 -0.2
v -3.5 2.5 -0.3
v -3.5 2.5 -1.1
v -3.5 2.5 -1.2
v -3.5 2.5 -2
v -3.5 2.5 -2.1
v -3.5 2.6 2.4
v -3.5 2.6 1.6
v -3.5 2.6 1.5
v -3.5 2.6 0.7
v -3.5 2.6 0.6
v -3.5 2.6 -0.2
v -3.5 2.6 -0.3
v -3.5 2.6 -1.1
v -3.5 2.6 -1.2
v -3.5 2.6 -2
v -3.5 2.6 -2.1
v -3.5 2.6 -2.4
v -3.5 2.9 -2.4
v -3.5 3.2 -2.4
v -3.5 3.7 2.5
v -3.5 3.7 2.4
v -3.5 3.7 2.3
v -3.5 3.7 1.7
v -3.5 3.7 1.6
v -3.5 3.7 1.5
v -3.5 3.7 1.4
v -3.5 3.7 0.8
v -3.5 3.7 0.7
v -3.5 3.7 0.6
v -3.5 3.7 0.5
v -3.5 3.7 -0.1
v -3.5 3.7 -0.2
v -3.5 3.7 -0.3
v -3.5 3.7 -0.4
v -3.5 3.7 -1
v -3.5 3.7 -1.1
v -3.5 3.7 -1.2
v -3.5 3.7 -1.3
v -3.5 3.7 -1.9
v -3.5 3.7 -2
v -3.5 3.7 -2.1
v -3.5 3.7 -2.4
v -3.5 3.8 2.4
v -3.5 3.8 2.3
v -3.5 3.8 2.2
v -3.5 3.8 1.8
v -3.5 3.8 1.7
v -3.5 3.8 1.6
v -3.5 3.8 1.5
v -3.5 3.8 1.4
v -3.5 3.8 1.3
v -3.5 3.8 0.9
v -3.5 3.8 0.8
v -3.5 3.8 0.7
v -3.5 3.8 0.6
v -3.5 3.8 0.5
v -3.5 3.8 0.4
v -3.5 3.8 -2.38419e-07
v -3.5 3.8 -0.1
v -3.5 3.8 -0.2
v -3.5 3.8 -0.3
v -3.5 3.8 -0.4
v -3.5 3.8 -0.5
v -3.5 3.8 -0.9
v -3.5 3.8 -1
v -3.5 3.8 -1.1
v -3.5 3.8 -1.2
v -3.5 3.8 -1.3
v -3.5 3.8 -1.4
v -3.5 3.8 -1.8
v -3.5 3.8 -1.9
v -3.5 3.8 -2
v -3.5 3.9 2.3
v -3.5 3.9 2.2
v -3.5 3.9 1.8
v -3.5 3.9 1.7
v -3.5 3.9 1.4
v -3.5 3.9 1.3
v -3.5 3.9 0.9
v -3.5 3.9 0.8
v -3.5 3.9 0.5
v -3.5 3.9 0.4
v -3.5 3.9 -2.38419e-07
v -3.5 3.9 -0.1
v -3.5 3.9 -0.4
v -3.5 3.9 -0.5
v -3.5 3.9 -0.9
v -3.5 3.9 -1
v -3.5 3.9 -1.3
v -3.5 3.9 -1.4
v -3.5 3.9 -1.8
v -3.5 3.9 -1.9
v -3.5 4 2.2
v -3.5 4 1.8
v -3.5 4 1.3
v -3.5 4 0.9
v -3.5 4 0.4
v -3.5 4 -2.38419e-07
v -3.5 4 -0.5
v -3.5 4 -0.9
v -3.5 4 -1.4
v -3.5 4 -1.8
v -3.4 3.7 -2
v -3.4 3.7 -2.1
v -3.4 3.7 -2.4
v -3.4 3.8 -2
v -3.4 3.8 -2.1
v -3.4 3.8 -2.4
v -3.3 3.8 -2
v -3.3 3.8 -2.1
v -3.3 3.8 -2.4
v -3.3 3.9 -2
v -3.3 3.9 -2.1
v -3.3 3.9 -2.4
v -2.9 3.9 -2
v -2.9 3.9 -2.1
v -2.9 4 -2
v -2.9 4 -2.1
v -2.8 3.8 -2
v -2.8 3.8 -2.1
v -2.8 3.9 -2
v -2.8 3.9 -2.1
v -2.7 3.7 -2
v -2.7 3.7 -2.1
v -2.7 3.8 -2
v -2.7 3.8 -2.1
v -2.6 0.2 -2
v -2.6 0.2 -2.1
v -2.6 0.2 -2.4
v -2.6 2 -2
v -2.6 2 -2.1
v -2.6 2 -2.4
v -2.6 2.1 2
v -2.6 2.1 -0.7
v -2.6 2.2 2
v -2.6 2.2 -0.7
v -2.6 2.3 -2
v -2.6 2.3 -2.1
v -2.6 2.5 -2
v -2.6 2.5 -2.1
v -2.6 2.6 -2
v -2.6 2.6 -2.1
v -2.6 2.6 -2.4
v -2.6 3.3 -2.4
v -2.6 3.7 -2
v -2.6 3.7 -2.1
v -2.6 3.7 -2.4
v -2.5 3.7 -2
v -2.5 3.7 -2.1
v -2.5 3.7 -2.4
v -2.5 3.8 -2
v -2.5 3.8 -2.1
v -2.5 3.8 -2.4
v -2.4 3.8 -2
v -2.4 3.8 -2.1
v -2.4 3.8 -2.4
v -2.4 3.9 -2
v -2.4 3.9 -2.1
v -2.4 3.9 -2.4
v -2.2 2.1 -0.7
v -2.2 2.1 -0.9
v -2.2 2.2 -0.7
v -2.2 2.2 -0.9
v -2 3.9 -2
v -2 3.9 -2.1
v -2 4 -2
v -2 4 -2.1
v -1.9 3.8 -2
v -1.9 3.8 -2.1
v -1.9 3.9 -2
v -1.9 3.9 -2.1
v -1.8 3.7 -2
v -1.8 3.7 -2.1
v -1.8 3.8 -2
v -1.8 3.8 -2.1
v -1.7 0.2 -2
v -1.7 0.2 -2.1
v -1.7 0.2 -2.4
v -1.7 2 -2
v -1.7 2 -2.1
v -1.7 2 -2.4
v -1.7 2.3 -2
v -1.7 2.3 -2.1
v -1.7 2.5 -2
v -1.7 2.5 -2.1
v -1.7 2.6 -2
v -1.7 2.6 -2.1
v -1.7 2.6 -2.4
v -1.7 3.2 -2.4
v -1.7 3.7 -2
v -1.7 3.7 -2.1
v -1.7 3.7 -2.4
v -1.6 3.7 -2
v -1.6 3.7 -2.1
v -1.6 3.7 -2.4
v -1.6 3.8 -2
v -1.6 3.8 -2.1
v -1.6 3.8 -2.4
v -1.5 3.8 -2
v -1.5 3.8 -2.1
v -1.5 3.8 -2.4
v -1.5 3.9 -2
v -1.5 3.9 -2.1
v -1.5 3.9 -2.4
v -1.1 3.9 -2
v -1.1 3.9 -2.1
v -1.1 4 -2
v -1.1 4 -2.1
v -1 3.8 -2
v -1 3.8 -2.1
v -1 3.9 -2
v -1 3.9 -2.1
v -0.9 3.7 -2
v -0.9 3.7 -2.1
v -0.9 3.8 -2
v -0.9 3.8 -2.1
v -0.8 0.2 -2
v -0.8 0.2 -2.1
v -0.8 0.2 -2.4
v -0.8 2 -2
v -0.8 2 -2.1
v -0.8 2 -2.4
v -0.8 2.3 -2
v -0.8 2.3 -2.1
v -0.8 2.5 -2
v -0.8 2.5 -2.1
v -0.8 2.6 -2
v -0.8 2.6 -2.1
v -0.8 2.6 -2.4
v -0.8 3.2 -2.4
v -0.8 3.7 -2
v -0.8 3.7 -2.1
v -0.8 3.7 -2.4
v -0.7 3.7 -2
v -0.7 3.7 -2.1
v -0.7 3.7 -2.4
v -0.7 3.8 -2
v -0.7 3.8 -2.1
v -0.7 3.8 -2.4
v -0.6 3.8 -2
v -0.6 3.8 -2.1
v -0.6 3.8 -2.4
v -0.6 3.9 -2
v -0.6 3.9 -2.1
v -0.6 3.9 -2.4
v -0.5 0.4 0.7
v -0.5 0.4 0.6
v -0.5 1 0.7
v -0.5 1 0.6
v -0.5 1.3 0.7
v -0.5 1.3 0.6
v -0.5 1.5 0.7
v -0.5 1.5 0.6
v -0.4 0.3 0.8
v -0.4 0.3 0.5
v -0.4 0.4 0.8
v -0.4 0.4 0.5
v -0.4 1.2 0.8
v -0.4 1.2 0.5
v -0.4 1.3 0.8
v -0.4 1.3 0.5
v -0.4 1.5 0.8
v -0.4 1.5 0.5
v -0.4 1.7 0.8
v -0.4 1.7 0.5
v -0.3 0.2 0.9
v -0.3 0.2 0.8
v -0.3 0.2 0.6
v -0.3 0.2 0.4
v -0.3 0.3 0.9
v -0.3 0.3 0.4
v -0.3 1.1 0.9
v -0.3 1.1 0.4
v -0.3 1.2 0.9
v -0.3 1.2 0.4
v -0.2 1 1
v -0.2 1 0.3
v -0.2 1.1 1
v -0.2 1.1 0.3
v -0.2 3.9 -2
v -0.2 3.9 -2.1
v -0.2 4 -2
v -0.2 4 -2.1
v -0.0999999 3.8 -2
v -0.0999999 3.8 -2.1
v -0.0999999 3.9 -2
v -0.0999999 3.9 -2.1
v 0 3.7 -2
v 0 3.7 -2.1
v 0 3.8 -2
v 0 3.8 -2.1
v 0.1 0.2 -2
v 0.1 0.2 -2.1
v 0.1 0.2 -2.4
v 0.1 2 -2
v 0.1 2 -2.1
v 0.1 2 -2.4
v 0.1 2.3 -2
v 0.1 2.3 -2.1
v 0.1 2.5 -2
v 0.1 2.5 -2.1
v 0.1 2.6 -2
v 0.1 2.6 -2.1
v 0.1 2.6 -2.4
v 0.1 3.2 -2.4
v 0.1 3.7 -2
v 0.1 3.7 -2.1
v 0.1 3.7 -2.4
v 0.2 3.7 -2
v 0.2 3.7 -2.1
v 0.2 3.7 -2.4
v 0.2 3.8 -2
v 0.2 3.8 -2.1
v 0.2 3.8 -2.4
v 0.3 3.8 -2
v 0.3 3.8 -2.1
v 0.3 3.8 -2.4
v 0.3 3.9 -2
v 0.3 3.9 -2.1
v 0.3 3.9 -2.4
v 0.7 3.9 -2
v 0.7 3.9 -2.1
v 0.7 4 -2
v 0.7 4 -2.1
v 0.8 3.8 -2
v 0.8 3.8 -2.1
v 0.8 3.9 -2
v 0.8 3.9 -2.1
v 0.9 3.7 -2
v 0.9 3.7 -2.1
v 0.9 3.8 -2
v 0.9 3.8 -2.1
v 1 0.2 -2
v 1 0.2 -2.1
v 1 0.2 -2.4
v 1 2 -2
v 1 2 -2.1
v 1 2 -2.4
v 1 2.3 -2
v 1 2.3 -2.1
v 1 2.5 -2
v 1 2.5 -2.1
v 1 2.6 -2
v 1 2.6 -2.1
v 1 2.6 -2.4
v 1 3.2 -2.4
v 1 3.7 -2
v 1 3.7 -2.1
v 1 3.7 -2.4
v 1.1 3.7 -2
v 1.1 3.7 -2.1
v 1.1 3.7 -2.4
v 1.1 3.8 -2
v 1.1 3.8 -2.1
v 1.1 3.8 -2.4
v 1.2 3.8 -2
v 1.2 3.8 -2.1
v 1.2 3.8 -2.4
v 1.2 3.9 -2
v 1.2 3.9 -2.1
v 1.2 3.9 -2.4
v 1.6 3.9 -2
v 1.6 3.9 -2.1
v 1.6 4 -2
v 1.6 4 -2.1
v 1.7 3.8 -2
v 1.7 3.8 -2.1
v 1.7 3.9 -2
v 1.7 3.9 -2.1
v 1.8 3.7 -2
v 1.8 3.7 -2.1
v 1.8 3.8 -2
v 1.8 3.8 -2.1
v 1.9 0.2 -2
v 1.9 0.2 -2.1
v 1.9 0.2 -2.4
v 1.9 2 -2
v 1.9 2 -2.1
v 1.9 2 -2.4
v 1.9 2.3 -2
v 1.9 2.3 -2.1
v 1.9 2.5 -2
v 1.9 2.5 -2.1
v 1.9 2.6 -2
v 1.9 2.6 -2.1
v 1.9 2.6 -2.4
v 1.9 3.2 -2.4
v 1.9 3.7 -2
v 1.9 3.7 -2.1
v 1.9 3.7 -2.4
v 2 3.7 -2
v 2 3.7 -2.1
v 2 3.7 -2.4
v 2 3.8 -2
v 2 3.8 -2.1
v 2 3.8 -2.4
v 2.1 3.8 -2
v 2.1 3.8 -2.1
v 2.1 3.8 -2.4
v 2.1 3.9 -2
v 2.1 3.9 -2.1
v 2.1 3.9 -2.4
v 2.5 3.9 -2
v 2.5 3.9 -2.1
v 2.5 4 -2
v 2.5 4 -2.1
v 2.6 3.8 -2
v 2.6 3.8 -2.1
v 2.6 3.9 -2
v 2.6 3.9 -2.1
v 2.7 3.7 -2
v 2.7 3.7 -2.1
v 2.7 3.8 -2
v 2.7 3.8 -2.1
v 2.8 0.2 -0.4
v 2.8 0.2 -0.8
v 2.8 0.2 -2
v 2.8 0.2 -2.1
v 2.8 0.2 -2.4
v 2.8 0.4 -0.4
v 2.8 0.4 -0.8
v 2.8 0.5 -0.1
v 2.8 0.5 -0.4
v 2.8 0.6 -0.1
v 2.8 0.6 -0.4
v 2.8 0.7 0.2
v 2.8 0.7 -0.1
v 2.8 0.8 0.2
v 2.8 0.8 -0.1
v 2.8 0.9 0.5
v 2.8 0.9 0.2
v 2.8 1 0.5
v 2.8 1 0.2
v 2.8 2 -2
v 2.8 2 -2.1
v 2.8 2 -2.4
v 2.8 2.3 -2
v 2.8 2.3 -2.1
v 2.8 2.5 -2
v 2.8 2.5 -2.1
v 2.8 2.6 -2
v 2.8 2.6 -2.1
v 2.8 2.6 -2.4
v 2.8 3.3 -2.4
v 2.8 3.7 -2
v 2.8 3.7 -2.1
v 2.8 3.7 -2.4
v 2.9 1.1 0.8
v 2.9 1.1 0.5
v 2.9 1.2 0.8
v 2.9 1.2 0.5
v 2.9 1.3 1.1
v 2.9 1.3 0.8
v 2.9 1.4 1.1
v 2.9 1.4 0.8
v 2.9 1.5 1.4
v 2.9 1.5 1.1
v 2.9 1.6 1.4
v 2.9 1.6 1.1
v 2.9 3.7 -2
v 2.9 3.7 -2.1
v 2.9 3.7 -2.4
v 2.9 3.8 -2
v 2.9 3.8 -2.1
v 2.9 3.8 -2.4
v 3 1.7 1.7
v 3 1.7 1.4
v 3 1.8 1.7
v 3 1.8 1.4
v 3 3.8 -2
v 3 3.8 -2.1
v 3 3.8 -2.4
v 3 3.9 -2
v 3 3.9 -2.1
v 3 3.9 -2.4
v 3.4 2.1 -2
v 3.4 2.1 -2.1
v 3.4 2.2 -2
v 3.4 2.2 -2.1
v 3.4 3.9 -2
v 3.4 3.9 -2.1
v 3.4 4 -2
v 3.4 4 -2.1
v 3.5 3.8 -2
v 3.5 3.8 -2.1
v 3.5 3.9 -2
v 3.5 3.9 -2.1
v 3.6 3.7 -2
v 3.6 3.7 -2.1
v 3.6 3.8 -2
v 3.6 3.8 -2.1
v 4 0 2.5
v 4 0 -2.5
v 4 0.1 2.5
v 4 0.1 -2.5
v 4 0.2 2.4
v 4 0.2 1.6
v 4 0.2 1.4
v 4 0.2 0.7
v 4 0.2 0.6
v 4 0.2 -0.2
v 4 0.2 -0.3
v 4 0.2 -1.1
v 4 0.2 -1.2
v 4 0.2 -2
v 4 1.6 1.5
v 4 1.6 1.4
v 4 2 2.4
v 4 2 1.6
v 4 2 1.5
v 4 2 0.7
v 4 2 0.6
v 4 2 -0.2
v 4 2 -0.3
v 4 2 -1.1
v 4 2 -1.2
v 4 2 -2
v 4 2.6 2.4
v 4 2.6 2.3
v 4 2.6 1.6
v 4 2.6 1.5
v 4 2.6 1.3
v 4 2.6 0.7
v 4 2.6 0.6
v 4 2.6 0.3
v 4 2.6 -0.2
v 4 2.6 -0.3
v 4 2.6 -0.7
v 4 2.6 -1.1
v 4 2.6 -1.2
v 4 2.6 -1.5
v 4 2.6 -2
v 4 2.7 0.3
v 4 2.7 0.2
v 4 2.7 -1.5
v 4 2.7 -1.7
v 4 2.8 2.3
v 4 2.8 2.2
v 4 2.8 1.3
v 4 2.8 1.1
v 4 2.9 0.2
v 4 2.9 0.0999999
v 4 2.9 -1.2
v 4 2.9 -1.3
v 4 3 2.2
v 4 3 2
v 4 3.1 2
v 4 3.1 1.8
v 4 3.1 1.1
v 4 3.1 0.9
v 4 3.1 -0.1
v 4 3.1 -0.2
v 4 3.1 -1
v 4 3.1 -1.1
v 4 3.1 -1.7
v 4 3.1 -1.8
v 4 3.2 2.4
v 4 3.2 2.3
v 4 3.2 1.8
v 4 3.2 1.6
v 4 3.2 1.5
v 4 3.2 1.3
v 4 3.2 -0.3
v 4 3.2 -0.5
v 4 3.2 -0.7
v 4 3.2 -0.8
v 4 3.2 -1.3
v 4 3.2 -1.5
v 4 3.3 2.3
v 4 3.3 2.1
v 4 3.3 1.8
v 4 3.3 1.6
v 4 3.3 0.9
v 4 3.3 0.8
v 4 3.3 0.7
v 4 3.3 0.0999999
v 4 3.3 -2.38419e-07
v 4 3.3 -0.1
v 4 3.3 -0.7
v 4 3.3 -0.8
v 4 3.3 -1
v 4 3.3 -1.9
v 4 3.3 -2
v 4 3.4 2.1
v 4 3.4 2
v 4 3.4 1.9
v 4 3.4 1.8
v 4 3.4 1.3
v 4 3.4 1.1
v 4 3.4 0.6
v 4 3.4 0.2
v 4 3.4 -0.5
v 4 3.4 -0.6
v 4 3.4 -0.7
v 4 3.4 -0.8
v 4 3.4 -1.5
v 4 3.4 -1.7
v 4 3.4 -1.8
v 4 3.4 -1.9
v 4 3.5 2
v 4 3.5 1.9
v 4 3.5 1.1
v 4 3.5 1
v 4 3.5 0.9
v 4 3.5 0.8
v 4 3.5 0.2
v 4 3.5 0.0999999
v 4 3.5 -2.38419e-07
v 4 3.5 -0.6
v 4 3.5 -0.8
v 4 3.5 -1.7
v 4 3.5 -1.8
v 4 3.6 1
v 4 3.6 0.9
v 4 3.6 -0.7
v 4 3.6 -0.8
v 4 3.7 2.4
v 4 3.7 2.3
v 4 3.7 2
v 4 3.7 1.9
v 4 3.7 1.7
v 4 3.7 1.6
v 4 3.7 1.5
v 4 3.7 1.4
v 4 3.7 1.1
v 4 3.7 1
v 4 3.7 0.8
v 4 3.7 0.7
v 4 3.7 0.6
v 4 3.7 0.5
v 4 3.7 0.2
v 4 3.7 0.0999999
v 4 3.7 -0.1
v 4 3.7 -0.2
v 4 3.7 -0.3
v 4 3.7 -0.4
v 4 3.7 -1
v 4 3.7 -1.1
v 4 3.7 -1.2
v 4 3.7 -1.3
v 4 3.7 -1.6
v 4 3.7 -1.7
v 4 3.7 -1.9
v 4 3.7 -2
v 4 3.8 2.3
v 4 3.8 2.2
v 4 3.8 1.8
v 4 3.8 1.7
v 4 3.8 1.4
v 4 3.8 1.3
v 4 3.8 0.9
v 4 3.8 0.8
v 4 3.8 0.5
v 4 3.8 0.4
v 4 3.8 -2.38419e-07
v 4 3.8 -0.1
v 4 3.8 -0.4
v 4 3.8 -0.5
v 4 3.8 -0.9
v 4 3.8 -1
v 4 3.8 -1.3
v 4 3.8 -1.4
v 4 3.8 -1.8
v 4 3.8 -1.9
v 4 3.9 2.2
v 4 3.9 2
v 4 3.9 1.8
v 4 3.9 1.3
v 4 3.9 1.1
v 4 3.9 0.9
v 4 3.9 0.4
v 4 3.9 0.2
v 4 3.9 -2.38419e-07
v 4 3.9 -0.5
v 4 3.9 -0.7
v 4 3.9 -0.9
v 4 3.9 -1.4
v 4 3.9 -1.6
v 4 3.9 -1.8
v 4 4 2.5
v 4 4 -2.5
v -4 0 2.5
v -4 2.7 2.5
v -4 3 2.5
v -4 3.1 2.5
v -4 3.6 2.5
v -4 4 2.5
v -3.9 0 2.5
v -3.9 0.1 2.5
v -3.9 0.2 2.5
v -3.9 2.7 2.5
v -3.9 3 2.5
v -3.9 3.1 2.5
v -3.9 3.6 2.5
v -3.9 4 2.5
v -3.7 2.2 2.5
v -3.7 3.7 2.5
v -3.6 0.2 2.5
v -3.6 2.1 2.5
v -3.6 3.7 2.5
v -3.6 4 2.5
v -3.5 0.2 2.5
v -3.5 2.1 2.5
v -3.5 2.2 2.5
v -3.5 3.7 2.5
v -0.5 0.1 2.5
v -0.5 0.2 2.5
v -0.4 0.1 2.5
v -0.4 0.2 2.5
v 0.3 0.1 2.5
v 0.3 0.2 2.5
v 0.7 0.1 2.5
v 0.7 0.2 2.5
v 3.6 0.2 2.5
v 3.6 2.1 2.5
v 3.6 2.2 2.5
v 3.6 3.7 2.5
v 3.7 0.2 2.5
v 3.7 2.1 2.5
v 3.7 2.2 2.5
v 3.7 3.7 2.5
v 3.7 4 2.5
v 3.9 0.1 2.5
v 3.9 0.2 2.5
v 3.9 4 2.5
v 4 0 2.5
v 4 0.1 2.5
v 4 4 2.5
v -3.6 3.7 2.4
v -3.6 3.8 2.4
v -3.5 3.7 2.4
v -3.5 3.8 2.4
v 3.6 3.7 2.4
v 3.6 3.8 2.4
v 3.7 3.7 2.4
v 3.7 3.8 2.4
v -3.6 3.8 2.3
v -3.6 3.9 2.3
v -3.5 3.8 2.3
v -3.5 3.9 2.3
v 3.6 3.8 2.3
v 3.6 3.9 2.3
v 3.7 3.8 2.3
v 3.7 3.9 2.3
v -3.6 3.9 2.2
v -3.6 4 2.2
v -3.5 3.9 2.2
v -3.5 4 2.2
v 3.6 3.9 2.2
v 3.6 4 2.2
v 3.7 3.9 2.2
v 3.7 4 2.2
v -3.9 3.8 1.8
v -3.9 3.9 1.8
v -3.7 3.8 1.8
v -3.7 3.9 1.8
v -3.5 3.8 1.8
v -3.5 3.9 1.8
v 3.6 3.8 1.8
v 3.6 3.9 1.8
v 3.7 3.8 1.8
v 3.7 3.9 1.8
v 3.9 3.8 1.8
v 3.9 3.9 1.8
v -3.9 3.7 1.7
v -3.9 3.8 1.7
v -3.7 3.7 1.7
v -3.7 3.8 1.7
v -3.5 3.7 1.7
v -3.5 3.8 1.7
v 2.3 1.7 1.7
v 2.3 1.8 1.7
v 3 1.7 1.7
v 3 1.8 1.7
v 3.6 3.7 1.7
v 3.6 3.8 1.7
v 3.7 3.7 1.7
v 3.7 3.8 1.7
v 3.9 3.7 1.7
v 3.9 3.8 1.7
v -3.9 0.2 1.6
v -3.9 2 1.6
v -3.9 2.6 1.6
v -3.9 2.8 1.6
v -3.9 3.2 1.6
v -3.9 3.7 1.6
v -3.8 0.2 1.6
v -3.8 3.1 1.6
v -3.8 3.2 1.6
v -3.7 0.2 1.6
v -3.7 2.6 1.6
v -3.7 2.8 1.6
v -3.7 3.1 1.6
v -3.7 3.7 1.6
v -3.6 0.2 1.6
v -3.6 2 1.6
v -3.6 2.3 1.6
v -3.6 2.5 1.6
v -3.5 0.2 1.6
v -3.5 2 1.6
v -3.5 2.3 1.6
v -3.5 2.5 1.6
v -3.5 2.6 1.6
v -3.5 3.7 1.6
v 3.6 0.2 1.6
v 3.6 2 1.6
v 3.6 2.3 1.6
v 3.6 2.5 1.6
v 3.6 2.6 1.6
v 3.6 3.7 1.6
v 3.7 0.2 1.6
v 3.7 2 1.6
v 3.7 2.3 1.6
v 3.7 2.5 1.6
v 3.7 2.6 1.6
v 3.7 3.7 1.6
v 3.9 0.2 1.6
v 3.9 2 1.6
v 3.9 2.6 1.6
v 3.9 3.2 1.6
v 3.9 3.3 1.6
v 3.9 3.7 1.6
v -3.6 3.7 1.5
v -3.6 3.8 1.5
v -3.5 3.7 1.5
v -3.5 3.8 1.5
v 3.6 3.7 1.5
v 3.6 3.8 1.5
v 3.7 3.7 1.5
v 3.7 3.8 1.5
v -3.6 3.8 1.4
v -3.6 3.9 1.4
v -3.5 3.8 1.4
v -3.5 3.9 1.4
v 2.3 1.5 1.4
v 2.3 1.6 1.4
v 2.9 1.5 1.4
v 2.9 1.6 1.4
v 3.6 3.8 1.4
v 3.6 3.9 1.4
v 3.7 3.8 1.4
v 3.7 3.9 1.4
v -3.6 3.9 1.3
v -3.6 4 1.3
v -3.5 3.9 1.3
v -3.5 4 1.3
v 3.6 3.9 1.3
v 3.6 4 1.3
v 3.7 3.9 1.3
v 3.7 4 1.3
v 2.3 1.3 1.1
v 2.3 1.4 1.1
v 2.9 1.3 1.1
v 2.9 1.4 1.1
v -0.9 1 1
v -0.9 1.1 1
v -0.2 1 1
v -0.2 1.1 1
v -3.9 3.8 0.9
v -3.9 3.9 0.9
v -3.7 3.8 0.9
v -3.7 3.9 0.9
v -3.5 3.8 0.9
v -3.5 3.9 0.9
v -0.8 0.2 0.9
v -0.8 0.3 0.9
v -0.8 1.1 0.9
v -0.8 1.2 0.9
v -0.3 0.2 0.9
v -0.3 0.3 0.9
v -0.3 1.1 0.9
v -0.3 1.2 0.9
v 3.6 3.8 0.9
v 3.6 3.9 0.9
v 3.7 3.8 0.9
v 3.7 3.9 0.9
v 3.9 3.8 0.9
v 3.9 3.9 0.9
v -3.9 3.7 0.8
v -3.9 3.8 0.8
v -3.7 3.7 0.8
v -3.7 3.8 0.8
v -3.5 3.7 0.8
v -3.5 3.8 0.8
v -0.7 0.3 0.8
v -0.7 0.4 0.8
v -0.7 1.2 0.8
v -0.7 1.3 0.8
v -0.7 1.5 0.8
v -0.7 1.7 0.8
v -0.4 0.3 0.8
v -0.4 0.4 0.8
v -0.4 1.2 0.8
v -0.4 1.3 0.8
v -0.4 1.5 0.8
v -0.4 1.7 0.8
v 2.3 1.1 0.8
v 2.3 1.2 0.8
v 2.9 1.1 0.8
v 2.9 1.2 0.8
v 3.6 3.7 0.8
v 3.6 3.8 0.8
v 3.7 3.7 0.8
v 3.7 3.8 0.8
v 3.9 3.7 0.8
v 3.9 3.8 0.8
v -3.9 0.2 0.7
v -3.9 2 0.7
v -3.9 2.6 0.7
v -3.9 3 0.7
v -3.9 3.1 0.7
v -3.9 3.7 0.7
v -3.7 0.2 0.7
v -3.7 2.6 0.7
v -3.7 3.1 0.7
v -3.7 3.7 0.7
v -3.6 0.2 0.7
v -3.6 2 0.7
v -3.6 2.3 0.7
v -3.6 2.5 0.7
v -3.5 0.2 0.7
v -3.5 2 0.7
v -3.5 2.3 0.7
v -3.5 2.5 0.7
v -3.5 2.6 0.7
v -3.5 3.7 0.7
v -0.6 0.4 0.7
v -0.6 1 0.7
v -0.6 1.3 0.7
v -0.6 1.5 0.7
v -0.5 0.4 0.7
v -0.5 1 0.7
v -0.5 1.3 0.7
v -0.5 1.5 0.7
v 3.6 0.2 0.7
v 3.6 2 0.7
v 3.6 2.3 0.7
v 3.6 2.5 0.7
v 3.6 2.6 0.7
v 3.6 3.7 0.7
v 3.7 0.2 0.7
v 3.7 2 0.7
v 3.7 2.3 0.7
v 3.7 2.5 0.7
v 3.7 2.6 0.7
v 3.7 3.7 0.7
v 3.9 0.2 0.7
v 3.9 2 0.7
v 3.9 2.6 0.7
v 3.9 3.3 0.7
v 3.9 3.7 0.7
v -3.6 3.7 0.6
v -3.6 3.8 0.6
v -3.5 3.7 0.6
v -3.5 3.8 0.6
v 3.6 3.7 0.6
v 3.6 3.8 0.6
v 3.7 3.7 0.6
v 3.7 3.8 0.6
v -3.6 3.8 0.5
v -3.6 3.9 0.5
v -3.5 3.8 0.5
v -3.5 3.9 0.5
v 2.3 0.9 0.5
v 2.3 1 0.5
v 2.8 0.9 0.5
v 2.8 1 0.5
v 3.6 3.8 0.5
v 3.6 3.9 0.5
v 3.7 3.8 0.5
v 3.7 3.9 0.5
v -3.6 3.9 0.4
v -3.6 4 0.4
v -3.5 3.9 0.4
v -3.5 4 0.4
v 3.6 3.9 0.4
v 3.6 4 0.4
v 3.7 3.9 0.4
v 3.7 4 0.4
v 2.3 0.7 0.2
v 2.3 0.8 0.2
v 2.8 0.7 0.2
v 2.8 0.8 0.2
v -3.7 3.8 -2.38419e-07
v -3.7 3.9 -2.38419e-07
v -3.5 3.8 -2.38419e-07
v -3.5 3.9 -2.38419e-07
v 3.6 3.8 -2.38419e-07
v 3.6 3.9 -2.38419e-07
v 3.7 3.8 -2.38419e-07
v 3.7 3.9 -2.38419e-07
v 3.9 3.8 -2.38419e-07
v 3.9 3.9 -2.38419e-07
v -3.7 3.7 -0.1
v -3.7 3.8 -0.1
v -3.5 3.7 -0.1
v -3.5 3.8 -0.1
v 2.3 0.5 -0.1
v 2.3 0.6 -0.1
v 2.8 0.5 -0.1
v 2.8 0.6 -0.1
v 3.6 3.7 -0.1
v 3.6 3.8 -0.1
v 3.7 3.7 -0.1
v 3.7 3.8 -0.1
v 3.9 3.7 -0.1
v 3.9 3.8 -0.1
v -3.9 0.2 -0.2
v -3.9 2 -0.2
v -3.9 2.6 -0.2
v -3.9 3.4 -0.2
v -3.9 3.9 -0.2
v -3.7 0.2 -0.2
v -3.7 2.6 -0.2
v -3.7 3.7 -0.2
v -3.7 3.8 -0.2
v -3.7 3.9 -0.2
v -3.6 0.2 -0.2
v -3.6 2 -0.2
v -3.6 2.3 -0.2
v -3.6 2.5 -0.2
v -3.5 0.2 -0.2
v -3.5 2 -0.2
v -3.5 2.3 -0.2
v -3.5 2.5 -0.2
v -3.5 2.6 -0.2
v -3.5 3.7 -0.2
v 3.6 0.2 -0.2
v 3.6 2 -0.2
v 3.6 2.3 -0.2
v 3.6 2.5 -0.2
v 3.6 2.6 -0.2
v 3.6 3.7 -0.2
v 3.7 0.2 -0.2
v 3.7 2 -0.2
v 3.7 2.3 -0.2
v 3.7 2.5 -0.2
v 3.7 2.6 -0.2
v 3.7 3.7 -0.2
v 3.9 0.2 -0.2
v 3.9 2 -0.2
v 3.9 2.6 -0.2
v 3.9 3.1 -0.2
v 3.9 3.7 -0.2
v -3.6 3.7 -0.3
v -3.6 3.8 -0.3
v -3.5 3.7 -0.3
v -3.5 3.8 -0.3
v 3.6 3.7 -0.3
v 3.6 3.8 -0.3
v 3.7 3.7 -0.3
v 3.7 3.8 -0.3
v -3.6 3.8 -0.4
v -3.6 3.9 -0.4
v -3.5 3.8 -0.4
v -3.5 3.9 -0.4
v 2.3 0.2 -0.4
v 2.3 0.4 -0.4
v 2.5 0.2 -0.4
v 2.6 0.2 -0.4
v 2.8 0.2 -0.4
v 2.8 0.4 -0.4
v 3.6 3.8 -0.4
v 3.6 3.9 -0.4
v 3.7 3.8 -0.4
v 3.7 3.9 -0.4
v -3.6 3.9 -0.5
v -3.6 4 -0.5
v -3.5 3.9 -0.5
v -3.5 4 -0.5
v 3.6 3.9 -0.5
v 3.6 4 -0.5
v 3.7 3.9 -0.5
v 3.7 4 -0.5
v 1.9 2.1 -0.6
v 1.9 2.2 -0.6
v 2.8 2.1 -0.6
v 2.8 2.2 -0.6
v -2.6 2.1 -0.7
v -2.6 2.2 -0.7
v -2.2 2.1 -0.7
v -2.2 2.2 -0.7
v -3.9 3.8 -0.9
v -3.9 3.9 -0.9
v -3.7 3.8 -0.9
v -3.7 3.9 -0.9
v -3.5 3.8 -0.9
v -3.5 3.9 -0.9
v -2.2 2.1 -0.9
v -2.2 2.2 -0.9
v 1.9 2.1 -0.9
v 1.9 2.2 -0.9
v 3.6 3.8 -0.9
v 3.6 3.9 -0.9
v 3.7 3.8 -0.9
v 3.7 3.9 -0.9
v 3.9 3.8 -0.9
v 3.9 3.9 -0.9
v -3.9 3.7 -1
v -3.9 3.8 -1
v -3.7 3.7 -1
v -3.7 3.8 -1
v -3.5 3.7 -1
v -3.5 3.8 -1
v 3.6 3.7 -1
v 3.6 3.8 -1
v 3.7 3.7 -1
v 3.7 3.8 -1
v 3.9 3.7 -1
v 3.9 3.8 -1
v -3.9 0.2 -1.1
v -3.9 2 -1.1
v -3.9 2.6 -1.1
v -3.9 3.4 -1.1
v -3.9 3.7 -1.1
v -3.7 2.6 -1.1
v -3.7 3.7 -1.1
v -3.6 0.2 -1.1
v -3.6 2 -1.1
v -3.6 2.3 -1.1
v -3.6 2.5 -1.1
v -3.5 0.2 -1.1
v -3.5 2 -1.1
v -3.5 2.3 -1.1
v -3.5 2.5 -1.1
v -3.5 2.6 -1.1
v -3.5 3.7 -1.1
v 3.6 0.2 -1.1
v 3.6 2 -1.1
v 3.6 2.3 -1.1
v 3.6 2.5 -1.1
v 3.6 2.6 -1.1
v 3.6 3.7 -1.1
v 3.7 0.2 -1.1
v 3.7 2 -1.1
v 3.7 2.3 -1.1
v 3.7 2.5 -1.1
v 3.7 2.6 -1.1
v 3.7 3.7 -1.1
v 3.9 0.2 -1.1
v 3.9 2 -1.1
v 3.9 2.6 -1.1
v 3.9 3.1 -1.1
v 3.9 3.7 -1.1
v -3.6 3.7 -1.2
v -3.6 3.8 -1.2
v -3.5 3.7 -1.2
v -3.5 3.8 -1.2
v 3.6 3.7 -1.2
v 3.6 3.8 -1.2
v 3.7 3.7 -1.2
v 3.7 3.8 -1.2
v -3.6 3.8 -1.3
v -3.6 3.9 -1.3
v -3.5 3.8 -1.3
v -3.5 3.9 -1.3
v 3.6 3.8 -1.3
v 3.6 3.9 -1.3
v 3.7 3.8 -1.3
v 3.7 3.9 -1.3
v -3.6 3.9 -1.4
v -3.6 4 -1.4
v -3.5 3.9 -1.4
v -3.5 4 -1.4
v 3.6 3.9 -1.4
v 3.6 4 -1.4
v 3.7 3.9 -1.4
v 3.7 4 -1.4
v -3.9 3.8 -1.8
v -3.9 3.9 -1.8
v -3.7 3.8 -1.8
v -3.7 3.9 -1.8
v -3.5 3.8 -1.8
v -3.5 3.9 -1.8
v 3.6 3.8 -1.8
v 3.6 3.9 -1.8
v 3.7 3.8 -1.8
v 3.7 3.9 -1.8
v 3.9 3.8 -1.8
v 3.9 3.9 -1.8
v -3.9 3.7 -1.9
v -3.9 3.8 -1.9
v -3.7 3.7 -1.9
v -3.7 3.8 -1.9
v -3.5 3.7 -1.9
v -3.5 3.8 -1.9
v 3.6 3.7 -1.9
v 3.6 3.8 -1.9
v 3.7 3.7 -1.9
v 3.7 3.8 -1.9
v 3.9 3.7 -1.9
v 3.9 3.8 -1.9
v -3.9 0.2 -2
v -3.9 2 -2
v -3.9 2.6 -2
v -3.9 2.7 -2
v -3.9 2.9 -2
v -3.9 3.7 -2
v -3.7 2.6 -2
v -3.7 3.7 -2
v -3.6 0.2 -2
v -3.6 2 -2
v -3.6 2.3 -2
v -3.6 2.5 -2
v -3.5 0.2 -2
v -3.5 2 -2
v -3.5 2.1 -2
v -3.5 2.2 -2
v -3.5 2.3 -2
v -3.5 2.5 -2
v -3.5 2.6 -2
v -3.5 3.7 -2
v -3.5 3.8 -2
v -3.4 3.7 -2
v -3.4 3.8 -2
v -3.4 3.9 -2
v -3.3 3.8 -2
v -3.3 3.9 -2
v -3.3 4 -2
v -2.9 3.8 -2
v -2.9 3.9 -2
v -2.9 4 -2
v -2.8 3.7 -2
v -2.8 3.8 -2
v -2.8 3.9 -2
v -2.7 0.2 -2
v -2.7 2 -2
v -2.7 2.3 -2
v -2.7 2.5 -2
v -2.7 2.6 -2
v -2.7 3.7 -2
v -2.7 3.8 -2
v -2.6 0.2 -2
v -2.6 2 -2
v -2.6 2.3 -2
v -2.6 2.5 -2
v -2.6 2.6 -2
v -2.6 3.7 -2
v -2.6 3.8 -2
v -2.5 3.7 -2
v -2.5 3.8 -2
v -2.5 3.9 -2
v -2.4 3.8 -2
v -2.4 3.9 -2
v -2.4 4 -2
v -2 3.8 -2
v -2 3.9 -2
v -2 4 -2
v -1.9 3.7 -2
v -1.9 3.8 -2
v -1.9 3.9 -2
v -1.8 0.2 -2
v -1.8 2 -2
v -1.8 2.3 -2
v -1.8 2.5 -2
v -1.8 2.6 -2
v -1.8 3.7 -2
v -1.8 3.8 -2
v -1.7 0.2 -2
v -1.7 2 -2
v -1.7 2.3 -2
v -1.7 2.5 -2
v -1.7 2.6 -2
v -1.7 3.7 -2
v -1.7 3.8 -2
v -1.6 3.7 -2
v -1.6 3.8 -2
v -1.6 3.9 -2
v -1.5 3.8 -2
v -1.5 3.9 -2
v -1.5 4 -2
v -1.1 3.8 -2
v -1.1 3.9 -2
v -1.1 4 -2
v -1 3.7 -2
v -1 3.8 -2
v -1 3.9 -2
v -0.9 0.2 -2
v -0.9 2 -2
v -0.9 2.3 -2
v -0.9 2.5 -2
v -0.9 2.6 -2
v -0.9 3.7 -2
v -0.9 3.8 -2
v -0.8 0.2 -2
v -0.8 2 -2
v -0.8 2.3 -2
v -0.8 2.5 -2
v -0.8 2.6 -2
v -0.8 3.7 -2
v -0.8 3.8 -2
v -0.7 3.7 -2
v -0.7 3.8 -2
v -0.7 3.9 -2
v -0.6 3.8 -2
v -0.6 3.9 -2
v -0.6 4 -2
v -0.2 3.8 -2
v -0.2 3.9 -2
v -0.2 4 -2
v -0.0999999 3.7 -2
v -0.0999999 3.8 -2
v -0.0999999 3.9 -2
v 0 0.2 -2
v 0 2 -2
v 0 2.3 -2
v 0 2.5 -2
v 0 2.6 -2
v 0 3.7 -2
v 0 3.8 -2
v 0.1 0.2 -2
v 0.1 2 -2
v 0.1 2.3 -2
v 0.1 2.5 -2
v 0.1 2.6 -2
v 0.1 3.7 -2
v 0.1 3.8 -2
v 0.2 3.7 -2
v 0.2 3.8 -2
v 0.2 3.9 -2
v 0.3 3.8 -2
v 0.3 3.9 -2
v 0.3 4 -2
v 0.7 3.8 -2
v 0.7 3.9 -2
v 0.7 4 -2
v 0.8 3.7 -2
v 0.8 3.8 -2
v 0.8 3.9 -2
v 0.9 0.2 -2
v 0.9 2 -2
v 0.9 2.3 -2
v 0.9 2.5 -2
v 0.9 2.6 -2
v 0.9 3.7 -2
v 0.9 3.8 -2
v 1 0.2 -2
v 1 2 -2
v 1 2.3 -2
v 1 2.5 -2
v 1 2.6 -2
v 1 3.7 -2
v 1 3.8 -2
v 1.1 3.7 -2
v 1.1 3.8 -2
v 1.1 3.9 -2
v 1.2 3.8 -2
v 1.2 3.9 -2
v 1.2 4 -2
v 1.6 3.8 -2
v 1.6 3.9 -2
v 1.6 4 -2
v 1.7 3.7 -2
v 1.7 3.8 -2
v 1.7 3.9 -2
v 1.8 0.2 -2
v 1.8 2 -2
v 1.8 2.3 -2
v 1.8 2.5 -2
v 1.8 2.6 -2
v 1.8 3.7 -2
v 1.8 3.8 -2
v 1.9 0.2 -2
v 1.9 2 -2
v 1.9 2.3 -2
v 1.9 2.5 -2
v 1.9 2.6 -2
v 1.9 3.7 -2
v 1.9 3.8 -2
v 2 3.7 -2
v 2 3.8 -2
v 2 3.9 -2
v 2.1 3.8 -2
v 2.1 3.9 -2
v 2.1 4 -2
v 2.5 3.8 -2
v 2.5 3.9 -2
v 2.5 4 -2
v 2.6 3.7 -2
v 2.6 3.8 -2
v 2.6 3.9 -2
v 2.7 0.2 -2
v 2.7 2 -2
v 2.7 2.3 -2
v 2.7 2.5 -2
v 2.7 2.6 -2
v 2.7 3.7 -2
v 2.7 3.8 -2
v 2.8 0.2 -2
v 2.8 2 -2
v 2.8 2.3 -2
v 2.8 2.5 -2
v 2.8 2.6 -2
v 2.8 3.7 -2
v 2.8 3.8 -2
v 2.9 3.7 -2
v 2.9 3.8 -2
v 2.9 3.9 -2
v 3 3.8 -2
v 3 3.9 -2
v 3 4 -2
v 3.4 3.8 -2
v 3.4 3.9 -2
v 3.4 4 -2
v 3.5 3.7 -2
v 3.5 3.8 -2
v 3.5 3.9 -2
v 3.6 0.2 -2
v 3.6 2 -2
v 3.6 2.1 -2
v 3.6 2.2 -2
v 3.6 2.3 -2
v 3.6 2.5 -2
v 3.6 2.6 -2
v 3.6 3.7 -2
v 3.6 3.8 -2
v 3.7 0.2 -2
v 3.7 2 -2
v 3.7 2.3 -2
v 3.7 2.5 -2
v 3.7 2.6 -2
v 3.7 3.7 -2
v 3.9 0.2 -2
v 3.9 2 -2
v 3.9 2.6 -2
v 3.9 3.3 -2
v 3.9 3.7 -2
v -3.6 3.7 -2.1
v -3.6 4 -2.1
v -3.5 2.3 -2.1
v -3.5 2.5 -2.1
v -3.5 3.7 -2.1
v -3.5 3.8 -2.1
v -3.4 3.8 -2.1
v -3.4 3.9 -2.1
v -3.3 3.9 -2.1
v -3.3 4 -2.1
v -2.9 3.9 -2.1
v -2.9 4 -2.1
v -2.8 3.8 -2.1
v -2.8 3.9 -2.1
v -2.7 2.3 -2.1
v -2.7 2.5 -2.1
v -2.7 3.7 -2.1
v -2.7 3.8 -2.1
v -2.6 2.3 -2.1
v -2.6 2.5 -2.1
v -2.6 3.7 -2.1
v -2.6 3.8 -2.1
v -2.5 3.8 -2.1
v -2.5 3.9 -2.1
v -2.4 3.9 -2.1
v -2.4 4 -2.1
v -2 3.9 -2.1
v -2 4 -2.1
v -1.9 3.8 -2.1
v -1.9 3.9 -2.1
v -1.8 2.3 -2.1
v -1.8 2.5 -2.1
v -1.8 3.7 -2.1
v -1.8 3.8 -2.1
v -1.7 2.3 -2.1
v -1.7 2.5 -2.1
v -1.7 3.7 -2.1
v -1.7 3.8 -2.1
v -1.6 3.8 -2.1
v -1.6 3.9 -2.1
v -1.5 3.9 -2.1
v -1.5 4 -2.1
v -1.1 3.9 -2.1
v -1.1 4 -2.1
v -1 3.8 -2.1
v -1 3.9 -2.1
v -0.9 2.3 -2.1
v -0.9 2.5 -2.1
v -0.9 3.7 -2.1
v -0.9 3.8 -2.1
v -0.8 2.3 -2.1
v -0.8 2.5 -2.1
v -0.8 3.7 -2.1
v -0.8 3.8 -2.1
v -0.7 3.8 -2.1
v -0.7 3.9 -2.1
v -0.6 3.9 -2.1
v -0.6 4 -2.1
v -0.2 3.9 -2.1
v -0.2 4 -2.1
v -0.0999999 3.8 -2.1
v -0.0999999 3.9 -2.1
v 0 2.3 -2.1
v 0 2.5 -2.1
v 0 3.7 -2.1
v 0 3.8 -2.1
v 0.1 2.3 -2.1
v 0.1 2.5 -2.1
v 0.1 3.7 -2.1
v 0.1 3.8 -2.1
v 0.2 3.8 -2.1
v 0.2 3.9 -2.1
v 0.3 3.9 -2.1
v 0.3 4 -2.1
v 0.7 3.9 -2.1
v 0.7 4 -2.1
v 0.8 3.8 -2.1
v 0.8 3.9 -2.1
v 0.9 2.3 -2.1
v 0.9 2.5 -2.1
v 0.9 3.7 -2.1
v 0.9 3.8 -2.1
v 1 2.3 -2.1
v 1 2.5 -2.1
v 1 3.7 -2.1
v 1 3.8 -2.1
v 1.1 3.8 -2.1
v 1.1 3.9 -2.1
v 1.2 3.9 -2.1
v 1.2 4 -2.1
v 1.6 3.9 -2.1
v 1.6 4 -2.1
v 1.7 3.8 -2.1
v 1.7 3.9 -2.1
v 1.8 2.3 -2.1
v 1.8 2.5 -2.1
v 1.8 3.7 -2.1
v 1.8 3.8 -2.1
v 1.9 2.3 -2.1
v 1.9 2.5 -2.1
v 1.9 3.7 -2.1
v 1.9 3.8 -2.1
v 2 3.8 -2.1
v 2 3.9 -2.1
v 2.1 3.9 -2.1
v 2.1 4 -2.1
v 2.5 3.9 -2.1
v 2.5 4 -2.1
v 2.6 3.8 -2.1
v 2.6 3.9 -2.1
v 2.7 2.3 -2.1
v 2.7 2.5 -2.1
v 2.7 3.7 -2.1
v 2.7 3.8 -2.1
v 2.8 2.3 -2.1
v 2.8 2.5 -2.1
v 2.8 3.7 -2.1
v 2.8 3.8 -2.1
v 2.9 3.8 -2.1
v 2.9 3.9 -2.1
v 3 3.9 -2.1
v 3 4 -2.1
v 3.4 2.1 -2.1
v 3.4 2.2 -2.1
v 3.4 3.9 -2.1
v 3.4 4 -2.1
v 3.5 3.8 -2.1
v 3.5 3.9 -2.1
v 3.6 2.3 -2.1
v 3.6 2.5 -2.1
v 3.6 3.7 -2.1
v 3.6 3.8 -2.1
v 3.7 2.1 -2.1
v 3.7 2.2 -2.1
v 3.7 3.7 -2.1
v 3.7 4 -2.1
v -3.5 0.2 -2.4
v -3.5 2 -2.4
v -3.5 2.6 -2.4
v -3.5 2.9 -2.4
v -3.5 3.2 -2.4
v -3.5 3.7 -2.4
v -3.4 2.9 -2.4
v -3.4 3 -2.4
v -3.4 3.2 -2.4
v -3.4 3.3 -2.4
v -3.4 3.7 -2.4
v -3.4 3.8 -2.4
v -3.3 3.3 -2.4
v -3.3 3.4 -2.4
v -3.3 3.8 -2.4
v -3.3 3.9 -2.4
v -3.2 3.4 -2.4
v -3.2 3.7 -2.4
v -3.2 3.9 -2.4
v -3.1 2.8 -2.4
v -3.1 3 -2.4
v -3.1 3.4 -2.4
v -3.1 3.7 -2.4
v -3 2.6 -2.4
v -3 2.8 -2.4
v -2.9 3.8 -2.4
v -2.9 3.9 -2.4
v -2.8 3.7 -2.4
v -2.8 3.8 -2.4
v -2.7 0.2 -2.4
v -2.7 2 -2.4
v -2.7 2.6 -2.4
v -2.7 3.4 -2.4
v -2.7 3.7 -2.4
v -2.6 0.2 -2.4
v -2.6 2 -2.4
v -2.6 2.6 -2.4
v -2.6 3.3 -2.4
v -2.6 3.7 -2.4
v -2.5 3.2 -2.4
v -2.5 3.3 -2.4
v -2.5 3.5 -2.4
v -2.5 3.7 -2.4
v -2.5 3.8 -2.4
v -2.4 3.8 -2.4
v -2.4 3.9 -2.4
v -2.3 2.6 -2.4
v -2.3 3.2 -2.4
v -2.3 3.5 -2.4
v -2.3 3.6 -2.4
v -2.2 3.5 -2.4
v -2.2 3.6 -2.4
v -2.2 3.9 -2.4
v -2.1 3.4 -2.4
v -2.1 3.5 -2.4
v -2 3.8 -2.4
v -2 3.9 -2.4
v -1.9 3.7 -2.4
v -1.9 3.8 -2.4
v -1.8 0.2 -2.4
v -1.8 2 -2.4
v -1.8 2.6 -2.4
v -1.8 3.4 -2.4
v -1.8 3.7 -2.4
v -1.7 0.2 -2.4
v -1.7 2 -2.4
v -1.7 2.6 -2.4
v -1.7 3.2 -2.4
v -1.7 3.7 -2.4
v -1.6 3.7 -2.4
v -1.6 3.8 -2.4
v -1.5 2.6 -2.4
v -1.5 3.1 -2.4
v -1.5 3.2 -2.4
v -1.5 3.3 -2.4
v -1.5 3.8 -2.4
v -1.5 3.9 -2.4
v -1.4 3.1 -2.4
v -1.4 3.2 -2.4
v -1.4 3.3 -2.4
v -1.4 3.5 -2.4
v -1.3 3.2 -2.4
v -1.3 3.4 -2.4
v -1.3 3.5 -2.4
v -1.3 3.9 -2.4
v -1.1 3.8 -2.4
v -1.1 3.9 -2.4
v -1 3.7 -2.4
v -1 3.8 -2.4
v -0.9 0.2 -2.4
v -0.9 2 -2.4
v -0.9 2.6 -2.4
v -0.9 3.4 -2.4
v -0.9 3.7 -2.4
v -0.8 0.2 -2.4
v -0.8 2 -2.4
v -0.8 2.6 -2.4
v -0.8 3.2 -2.4
v -0.8 3.7 -2.4
v -0.7 3.1 -2.4
v -0.7 3.2 -2.4
v -0.7 3.7 -2.4
v -0.7 3.8 -2.4
v -0.6 3 -2.4
v -0.6 3.1 -2.4
v -0.6 3.5 -2.4
v -0.6 3.8 -2.4
v -0.6 3.9 -2.4
v -0.5 3.5 -2.4
v -0.5 3.9 -2.4
v -0.3 2.7 -2.4
v -0.3 3 -2.4
v -0.2 2.6 -2.4
v -0.2 2.7 -2.4
v -0.2 3.3 -2.4
v -0.2 3.5 -2.4
v -0.2 3.8 -2.4
v -0.2 3.9 -2.4
v -0.0999999 3.7 -2.4
v -0.0999999 3.8 -2.4
v 0 0.2 -2.4
v 0 2 -2.4
v 0 2.6 -2.4
v 0 3.3 -2.4
v 0 3.7 -2.4
v 0.1 0.2 -2.4
v 0.1 2 -2.4
v 0.1 2.6 -2.4
v 0.1 3.2 -2.4
v 0.1 3.7 -2.4
v 0.2 3.2 -2.4
v 0.2 3.3 -2.4
v 0.2 3.7 -2.4
v 0.2 3.8 -2.4
v 0.3 3.1 -2.4
v 0.3 3.2 -2.4
v 0.3 3.3 -2.4
v 0.3 3.4 -2.4
v 0.3 3.8 -2.4
v 0.3 3.9 -2.4
v 0.4 0.2 -2.4
v 0.4 3.4 -2.4
v 0.4 3.9 -2.4
v 0.5 2.6 -2.4
v 0.5 3.1 -2.4
v 0.5 3.3 -2.4
v 0.5 3.4 -2.4
v 0.6 0.2 -2.4
v 0.7 3.8 -2.4
v 0.7 3.9 -2.4
v 0.8 3.2 -2.4
v 0.8 3.3 -2.4
v 0.8 3.7 -2.4
v 0.8 3.8 -2.4
v 0.9 0.2 -2.4
v 0.9 2 -2.4
v 0.9 2.6 -2.4
v 0.9 3.2 -2.4
v 0.9 3.7 -2.4
v 1 0.2 -2.4
v 1 2 -2.4
v 1 2.6 -2.4
v 1 3.2 -2.4
v 1 3.7 -2.4
v 1.1 3.2 -2.4
v 1.1 3.4 -2.4
v 1.1 3.7 -2.4
v 1.1 3.8 -2.4
v 1.2 3 -2.4
v 1.2 3.4 -2.4
v 1.2 3.8 -2.4
v 1.2 3.9 -2.4
v 1.3 3.4 -2.4
v 1.3 3.7 -2.4
v 1.4 2.6 -2.4
v 1.4 3 -2.4
v 1.4 3.2 -2.4
v 1.4 3.4 -2.4
v 1.4 3.7 -2.4
v 1.4 3.9 -2.4
v 1.6 3.8 -2.4
v 1.6 3.9 -2.4
v 1.7 3.7 -2.4
v 1.7 3.8 -2.4
v 1.8 0.2 -2.4
v 1.8 2 -2.4
v 1.8 2.6 -2.4
v 1.8 3.2 -2.4
v 1.8 3.7 -2.4
v 1.9 0.2 -2.4
v 1.9 2 -2.4
v 1.9 2.6 -2.4
v 1.9 3.2 -2.4
v 1.9 3.7 -2.4
v 2 3.7 -2.4
v 2 3.8 -2.4
v 2.1 3.2 -2.4
v 2.1 3.3 -2.4
v 2.1 3.8 -2.4
v 2.1 3.9 -2.4
v 2.2 2.6 -2.4
v 2.2 3.3 -2.4
v 2.2 3.6 -2.4
v 2.3 3.5 -2.4
v 2.3 3.6 -2.4
v 2.3 3.9 -2.4
v 2.4 0.2 -2.4
v 2.4 3.3 -2.4
v 2.4 3.5 -2.4
v 2.5 0.2 -2.4
v 2.6 3.8 -2.4
v 2.6 3.9 -2.4
v 2.7 0.2 -2.4
v 2.7 2 -2.4
v 2.7 2.6 -2.4
v 2.7 3.3 -2.4
v 2.7 3.8 -2.4
v 2.8 0.2 -2.4
v 2.8 2 -2.4
v 2.8 2.6 -2.4
v 2.8 3.3 -2.4
v 2.8 3.7 -2.4
v 2.9 3.3 -2.4
v 2.9 3.5 -2.4
v 2.9 3.7 -2.4
v 2.9 3.8 -2.4
v 3 3.5 -2.4
v 3 3.6 -2.4
v 3 3.8 -2.4
v 3 3.9 -2.4
v 3.1 2.9 -2.4
v 3.1 3.3 -2.4
v 3.1 3.4 -2.4
v 3.1 3.6 -2.4
v 3.1 3.7 -2.4
v 3.2 2.8 -2.4
v 3.2 2.9 -2.4
v 3.2 3.7 -2.4
v 3.2 3.9 -2.4
v 3.3 2.8 -2.4
v 3.3 2.9 -2.4
v 3.4 2.6 -2.4
v 3.4 2.9 -2.4
v 3.5 3.2 -2.4
v 3.5 3.4 -2.4
v 3.5 3.7 -2.4
v 3.5 3.9 -2.4
v 3.6 0.2 -2.4
v 3.6 2 -2.4
v 3.6 2.6 -2.4
v 3.6 3.2 -2.4
v 3.6 3.7 -2.4
v -3.9 0.2 2.4
v -3.9 2 2.4
v -3.9 2.6 2.4
v -3.9 3.1 2.4
v -3.9 3.4 2.4
v -3.9 3.7 2.4
v -3.7 2.6 2.4
v -3.7 3.7 2.4
v -3.6 0.2 2.4
v -3.6 2 2.4
v -3.6 2.3 2.4
v -3.6 2.5 2.4
v -3.5 0.2 2.4
v -3.5 2 2.4
v -3.5 2.3 2.4
v -3.5 2.5 2.4
v -3.5 2.6 2.4
v -3.5 3.7 2.4
v 3.6 0.2 2.4
v 3.6 2 2.4
v 3.6 2.3 2.4
v 3.6 2.5 2.4
v 3.6 2.6 2.4
v 3.6 3.7 2.4
v 3.7 0.2 2.4
v 3.7 2 2.4
v 3.7 2.3 2.4
v 3.7 2.5 2.4
v 3.7 2.6 2.4
v 3.7 3.7 2.4
v 3.9 0.2 2.4
v 3.9 2 2.4
v 3.9 2.6 2.4
v 3.9 3.2 2.4
v 3.9 3.7 2.4
v -3.9 3.7 2.3
v -3.9 3.8 2.3
v -3.7 3.7 2.3
v -3.7 3.8 2.3
v -3.6 3.8 2.3
v -3.5 3.7 2.3
v -3.5 3.8 2.3
v 3.6 3.7 2.3
v 3.6 3.8 2.3
v 3.7 3.7 2.3
v 3.7 3.8 2.3
v 3.9 3.7 2.3
v 3.9 3.8 2.3
v -3.9 3.8 2.2
v -3.9 3.9 2.2
v -3.7 3.9 2.2
v -3.6 3.8 2.2
v -3.6 3.9 2.2
v -3.5 3.8 2.2
v -3.5 3.9 2.2
v 3.6 3.8 2.2
v 3.6 3.9 2.2
v 3.7 3.8 2.2
v 3.7 3.9 2.2
v 3.9 3.8 2.2
v 3.9 3.9 2.2
v -2.6 2.1 2
v -2.6 2.2 2
v 2.8 2.1 2
v 2.8 2.2 2
v -3.6 3.9 1.8
v -3.6 4 1.8
v -3.5 3.9 1.8
v -3.5 4 1.8
v 3.6 3.9 1.8
v 3.6 4 1.8
v 3.7 3.9 1.8
v 3.7 4 1.8
v -3.6 3.8 1.7
v -3.6 3.9 1.7
v -3.5 3.8 1.7
v -3.5 3.9 1.7
v 3.6 3.8 1.7
v 3.6 3.9 1.7
v 3.7 3.8 1.7
v 3.7 3.9 1.7
v -3.6 3.7 1.6
v -3.6 3.8 1.6
v -3.5 3.7 1.6
v -3.5 3.8 1.6
v 3.6 3.7 1.6
v 3.6 3.8 1.6
v 3.7 3.7 1.6
v 3.7 3.8 1.6
v -3.9 0.2 1.5
v -3.9 2 1.5
v -3.9 2.6 1.5
v -3.9 2.8 1.5
v -3.9 2.9 1.5
v -3.9 3.2 1.5
v -3.9 3.7 1.5
v -3.9 3.8 1.5
v -3.8 3.1 1.5
v -3.8 3.2 1.5
v -3.7 0.2 1.5
v -3.7 2.6 1.5
v -3.7 2.8 1.5
v -3.7 3.1 1.5
v -3.7 3.7 1.5
v -3.7 3.8 1.5
v -3.6 0.2 1.5
v -3.6 2 1.5
v -3.6 2.3 1.5
v -3.6 2.5 1.5
v -3.5 0.2 1.5
v -3.5 2 1.5
v -3.5 2.3 1.5
v -3.5 2.5 1.5
v -3.5 2.6 1.5
v -3.5 3.7 1.5
v 3.6 0.2 1.5
v 3.6 2 1.5
v 3.6 2.3 1.5
v 3.6 2.5 1.5
v 3.6 2.6 1.5
v 3.6 3.7 1.5
v 3.7 0.2 1.5
v 3.7 2 1.5
v 3.7 2.3 1.5
v 3.7 2.5 1.5
v 3.7 2.6 1.5
v 3.7 3.7 1.5
v 3.9 0.2 1.5
v 3.9 1.6 1.5
v 3.9 2 1.5
v 3.9 2.6 1.5
v 3.9 3.2 1.5
v 3.9 3.7 1.5
v -3.7 3.7 1.4
v -3.7 3.8 1.4
v -3.5 3.7 1.4
v -3.5 3.8 1.4
v 2.3 1.7 1.4
v 2.3 1.8 1.4
v 3 1.7 1.4
v 3 1.8 1.4
v 3.6 3.7 1.4
v 3.6 3.8 1.4
v 3.7 3.7 1.4
v 3.7 3.8 1.4
v 3.9 3.7 1.4
v 3.9 3.8 1.4
v -3.9 3.8 1.3
v -3.9 3.9 1.3
v -3.8 3.8 1.3
v -3.8 3.9 1.3
v -3.7 3.8 1.3
v -3.7 3.9 1.3
v -3.5 3.8 1.3
v -3.5 3.9 1.3
v 3.6 3.8 1.3
v 3.6 3.9 1.3
v 3.7 3.8 1.3
v 3.7 3.9 1.3
v 3.9 3.8 1.3
v 3.9 3.9 1.3
v 2.3 1.5 1.1
v 2.3 1.6 1.1
v 2.9 1.5 1.1
v 2.9 1.6 1.1
v -3.6 3.9 0.9
v -3.6 4 0.9
v -3.5 3.9 0.9
v -3.5 4 0.9
v 3.6 3.9 0.9
v 3.6 4 0.9
v 3.7 3.9 0.9
v 3.7 4 0.9
v -3.6 3.8 0.8
v -3.6 3.9 0.8
v -3.5 3.8 0.8
v -3.5 3.9 0.8
v 2.3 1.3 0.8
v 2.3 1.4 0.8
v 2.9 1.3 0.8
v 2.9 1.4 0.8
v 3.6 3.8 0.8
v 3.6 3.9 0.8
v 3.7 3.8 0.8
v 3.7 3.9 0.8
v -3.6 3.7 0.7
v -3.6 3.8 0.7
v -3.5 3.7 0.7
v -3.5 3.8 0.7
v 3.6 3.7 0.7
v 3.6 3.8 0.7
v 3.7 3.7 0.7
v 3.7 3.8 0.7
v -3.9 0.2 0.6
v -3.9 2 0.6
v -3.9 2.6 0.6
v -3.9 3.1 0.6
v -3.9 3.7 0.6
v -3.8 3.7 0.6
v -3.8 3.8 0.6
v -3.7 0.2 0.6
v -3.7 2.6 0.6
v -3.7 3.1 0.6
v -3.7 3.7 0.6
v -3.7 3.8 0.6
v -3.6 0.2 0.6
v -3.6 2 0.6
v -3.6 2.3 0.6
v -3.6 2.5 0.6
v -3.5 0.2 0.6
v -3.5 2 0.6
v -3.5 2.3 0.6
v -3.5 2.5 0.6
v -3.5 2.6 0.6
v -3.5 3.7 0.6
v -0.6 0.4 0.6
v -0.6 1 0.6
v -0.6 1.3 0.6
v -0.6 1.5 0.6
v -0.5 0.4 0.6
v -0.5 1 0.6
v -0.5 1.3 0.6
v -0.5 1.5 0.6
v 3.6 0.2 0.6
v 3.6 2 0.6
v 3.6 2.3 0.6
v 3.6 2.5 0.6
v 3.6 2.6 0.6
v 3.6 3.7 0.6
v 3.7 0.2 0.6
v 3.7 2 0.6
v 3.7 2.3 0.6
v 3.7 2.5 0.6
v 3.7 2.6 0.6
v 3.7 3.7 0.6
v 3.9 0.2 0.6
v 3.9 2 0.6
v 3.9 2.6 0.6
v 3.9 3.4 0.6
v 3.9 3.7 0.6
v -3.9 3.7 0.5
v -3.9 3.8 0.5
v -3.8 3.7 0.5
v -3.8 3.8 0.5
v -3.7 3.7 0.5
v -3.7 3.8 0.5
v -3.5 3.7 0.5
v -3.5 3.8 0.5
v -0.7 0.3 0.5
v -0.7 0.4 0.5
v -0.7 1.2 0.5
v -0.7 1.3 0.5
v -0.7 1.5 0.5
v -0.7 1.7 0.5
v -0.4 0.3 0.5
v -0.4 0.4 0.5
v -0.4 1.2 0.5
v -0.4 1.3 0.5
v -0.4 1.5 0.5
v -0.4 1.7 0.5
v 2.3 1.1 0.5
v 2.3 1.2 0.5
v 2.9 1.1 0.5
v 2.9 1.2 0.5
v 3.6 3.7 0.5
v 3.6 3.8 0.5
v 3.7 3.7 0.5
v 3.7 3.8 0.5
v 3.9 3.7 0.5
v 3.9 3.8 0.5
v -3.9 3.8 0.4
v -3.9 3.9 0.4
v -3.7 3.8 0.4
v -3.7 3.9 0.4
v -3.5 3.8 0.4
v -3.5 3.9 0.4
v -0.8 0.2 0.4
v -0.8 0.3 0.4
v -0.8 1.1 0.4
v -0.8 1.2 0.4
v -0.3 0.2 0.4
v -0.3 0.3 0.4
v -0.3 1.1 0.4
v -0.3 1.2 0.4
v 3.6 3.8 0.4
v 3.6 3.9 0.4
v 3.7 3.8 0.4
v 3.7 3.9 0.4
v 3.9 3.8 0.4
v 3.9 3.9 0.4
v -0.9 1 0.3
v -0.9 1.1 0.3
v -0.2 1 0.3
v -0.2 1.1 0.3
v 2.3 0.9 0.2
v 2.3 1 0.2
v 2.8 0.9 0.2
v 2.8 1 0.2
v -3.6 3.9 -2.38419e-07
v -3.6 4 -2.38419e-07
v -3.5 3.9 -2.38419e-07
v -3.5 4 -2.38419e-07
v 3.6 3.9 -2.38419e-07
v 3.6 4 -2.38419e-07
v 3.7 3.9 -2.38419e-07
v 3.7 4 -2.38419e-07
v -3.6 3.8 -0.1
v -3.6 3.9 -0.1
v -3.5 3.8 -0.1
v -3.5 3.9 -0.1
v 2.3 0.7 -0.1
v 2.3 0.8 -0.1
v 2.8 0.7 -0.1
v 2.8 0.8 -0.1
v 3.6 3.8 -0.1
v 3.6 3.9 -0.1
v 3.7 3.8 -0.1
v 3.7 3.9 -0.1
v -3.6 3.7 -0.2
v -3.6 3.8 -0.2
v -3.5 3.7 -0.2
v -3.5 3.8 -0.2
v 3.6 3.7 -0.2
v 3.6 3.8 -0.2
v 3.7 3.7 -0.2
v 3.7 3.8 -0.2
v -3.9 0.2 -0.3
v -3.9 2 -0.3
v -3.9 2.6 -0.3
v -3.9 2.9 -0.3
v -3.9 3.7 -0.3
v -3.7 2.6 -0.3
v -3.7 3.7 -0.3
v -3.6 0.2 -0.3
v -3.6 2 -0.3
v -3.6 2.3 -0.3
v -3.6 2.5 -0.3
v -3.5 0.2 -0.3
v -3.5 2 -0.3
v -3.5 2.3 -0.3
v -3.5 2.5 -0.3
v -3.5 2.6 -0.3
v -3.5 3.7 -0.3
v 3.6 0.2 -0.3
v 3.6 2 -0.3
v 3.6 2.3 -0.3
v 3.6 2.5 -0.3
v 3.6 2.6 -0.3
v 3.6 3.7 -0.3
v 3.7 0.2 -0.3
v 3.7 2 -0.3
v 3.7 2.3 -0.3
v 3.7 2.5 -0.3
v 3.7 2.6 -0.3
v 3.7 3.7 -0.3
v 3.9 0.2 -0.3
v 3.9 2 -0.3
v 3.9 2.6 -0.3
v 3.9 3.2 -0.3
v 3.9 3.7 -0.3
v -3.9 3.7 -0.4
v -3.9 3.8 -0.4
v -3.7 3.7 -0.4
v -3.7 3.8 -0.4
v -3.5 3.7 -0.4
v -3.5 3.8 -0.4
v 2.3 0.5 -0.4
v 2.3 0.6 -0.4
v 2.8 0.5 -0.4
v 2.8 0.6 -0.4
v 3.6 3.7 -0.4
v 3.6 3.8 -0.4
v 3.7 3.7 -0.4
v 3.7 3.8 -0.4
v 3.9 3.7 -0.4
v 3.9 3.8 -0.4
v -3.9 3.8 -0.5
v -3.9 3.9 -0.5
v -3.7 3.8 -0.5
v -3.7 3.9 -0.5
v -3.5 3.8 -0.5
v -3.5 3.9 -0.5
v 3.6 3.8 -0.5
v 3.6 3.9 -0.5
v 3.7 3.8 -0.5
v 3.7 3.9 -0.5
v 3.9 3.8 -0.5
v 3.9 3.9 -0.5
v 2.3 0.2 -0.8
v 2.3 0.4 -0.8
v 2.4 0.2 -0.8
v 2.8 0.2 -0.8
v 2.8 0.4 -0.8
v -3.6 3.9 -0.9
v -3.6 4 -0.9
v -3.5 3.9 -0.9
v -3.5 4 -0.9
v 3.6 3.9 -0.9
v 3.6 4 -0.9
v 3.7 3.9 -0.9
v 3.7 4 -0.9
v -3.6 3.8 -1
v -3.6 3.9 -1
v -3.5 3.8 -1
v -3.5 3.9 -1
v 3.6 3.8 -1
v 3.6 3.9 -1
v 3.7 3.8 -1
v 3.7 3.9 -1
v -3.6 3.7 -1.1
v -3.6 3.8 -1.1
v -3.5 3.7 -1.1
v -3.5 3.8 -1.1
v 3.6 3.7 -1.1
v 3.6 3.8 -1.1
v 3.7 3.7 -1.1
v 3.7 3.8 -1.1
v -3.9 0.2 -1.2
v -3.9 2 -1.2
v -3.9 2.6 -1.2
v -3.9 3.7 -1.2
v -3.7 0.2 -1.2
v -3.7 2.6 -1.2
v -3.7 3.7 -1.2
v -3.6 0.2 -1.2
v -3.6 2 -1.2
v -3.6 2.3 -1.2
v -3.6 2.5 -1.2
v -3.5 0.2 -1.2
v -3.5 2 -1.2
v -3.5 2.3 -1.2
v -3.5 2.5 -1.2
v -3.5 2.6 -1.2
v -3.5 3.7 -1.2
v 3.6 0.2 -1.2
v 3.6 2 -1.2
v 3.6 2.3 -1.2
v 3.6 2.5 -1.2
v 3.6 2.6 -1.2
v 3.6 3.7 -1.2
v 3.7 0.2 -1.2
v 3.7 2 -1.2
v 3.7 2.3 -1.2
v 3.7 2.5 -1.2
v 3.7 2.6 -1.2
v 3.7 3.7 -1.2
v 3.9 0.2 -1.2
v 3.9 2 -1.2
v 3.9 2.6 -1.2
v 3.9 2.9 -1.2
v 3.9 3.7 -1.2
v -3.9 3.7 -1.3
v -3.9 3.8 -1.3
v -3.7 3.7 -1.3
v -3.7 3.8 -1.3
v -3.5 3.7 -1.3
v -3.5 3.8 -1.3
v 3.6 3.7 -1.3
v 3.6 3.8 -1.3
v 3.7 3.7 -1.3
v 3.7 3.8 -1.3
v 3.9 3.7 -1.3
v 3.9 3.8 -1.3
v -3.9 3.8 -1.4
v -3.9 3.9 -1.4
v -3.7 3.8 -1.4
v -3.7 3.9 -1.4
v -3.5 3.8 -1.4
v -3.5 3.9 -1.4
v 3.6 3.8 -1.4
v 3.6 3.9 -1.4
v 3.7 3.8 -1.4
v 3.7 3.9 -1.4
v 3.9 3.8 -1.4
v 3.9 3.9 -1.4
v -3.6 3.9 -1.8
v -3.6 4 -1.8
v -3.5 3.9 -1.8
v -3.5 4 -1.8
v 3.6 3.9 -1.8
v 3.6 4 -1.8
v 3.7 3.9 -1.8
v 3.7 4 -1.8
v -3.6 3.8 -1.9
v -3.6 3.9 -1.9
v -3.5 3.8 -1.9
v -3.5 3.9 -1.9
v 3.6 3.8 -1.9
v 3.6 3.9 -1.9
v 3.7 3.8 -1.9
v 3.7 3.9 -1.9
v -3.6 3.7 -2
v -3.6 3.8 -2
v -3.5 3.7 -2
v -3.5 3.8 -2
v 3.4 2.1 -2
v 3.4 2.2 -2
v 3.6 3.7 -2
v 3.6 3.8 -2
v 3.7 2.1 -2
v 3.7 2.2 -2
v 3.7 3.7 -2
v 3.7 3.8 -2
v 2.5 3.8 -2.1
v 2.5 3.9 -2.1
v 2.6 3.8 -2.1
v 2.6 3.9 -2.1
v 3.4 3.8 -2.1
v 3.4 3.9 -2.1
v 3.5 3.8 -2.1
v 3.5 3.9 -2.1
v 2.6 3.7 -2.2
v 2.6 3.8 -2.2
v 2.7 3.7 -2.2
v 2.7 3.8 -2.2
v -4 0 -2.5
v -4 4 -2.5
v -3.9 0 -2.5
v -3.9 0.1 -2.5
v -3.5 0.2 -2.5
v -3.5 2 -2.5
v -3.5 2.6 -2.5
v -3.5 2.9 -2.5
v -3.5 3.2 -2.5
v -3.5 3.7 -2.5
v -3.4 2.9 -2.5
v -3.4 3 -2.5
v -3.4 3.2 -2.5
v -3.4 3.3 -2.5
v -3.4 3.7 -2.5
v -3.4 3.9 -2.5
v -3.3 3.3 -2.5
v -3.3 3.4 -2.5
v -3.2 3.4 -2.5
v -3.2 3.7 -2.5
v -3.2 3.9 -2.5
v -3.1 2.8 -2.5
v -3.1 3 -2.5
v -3.1 3.4 -2.5
v -3.1 3.7 -2.5
v -3 2.6 -2.5
v -3 2.8 -2.5
v -2.9 3.8 -2.5
v -2.9 3.9 -2.5
v -2.8 3.7 -2.5
v -2.8 3.8 -2.5
v -2.7 0.2 -2.5
v -2.7 2 -2.5
v -2.7 2.6 -2.5
v -2.7 3.4 -2.5
v -2.7 3.7 -2.5
v -2.6 0.2 -2.5
v -2.6 2 -2.5
v -2.6 2.6 -2.5
v -2.6 3.3 -2.5
v -2.6 3.7 -2.5
v -2.5 3.2 -2.5
v -2.5 3.3 -2.5
v -2.5 3.5 -2.5
v -2.5 3.7 -2.5
v -2.5 3.8 -2.5
v -2.4 3.8 -2.5
v -2.4 3.9 -2.5
v -2.3 2.6 -2.5
v -2.3 3.2 -2.5
v -2.3 3.5 -2.5
v -2.3 3.6 -2.5
v -2.2 3.5 -2.5
v -2.2 3.6 -2.5
v -2.2 3.9 -2.5
v -2.1 3.4 -2.5
v -2.1 3.5 -2.5
v -2 3.8 -2.5
v -2 3.9 -2.5
v -1.9 3.7 -2.5
v -1.9 3.8 -2.5
v -1.8 0.2 -2.5
v -1.8 2 -2.5
v -1.8 2.6 -2.5
v -1.8 3.4 -2.5
v -1.8 3.7 -2.5
v -1.7 0.2 -2.5
v -1.7 2 -2.5
v -1.7 2.6 -2.5
v -1.7 3.2 -2.5
v -1.7 3.7 -2.5
v -1.6 3.7 -2.5
v -1.6 3.8 -2.5
v -1.5 2.6 -2.5
v -1.5 3.1 -2.5
v -1.5 3.2 -2.5
v -1.5 3.3 -2.5
v -1.5 3.8 -2.5
v -1.5 3.9 -2.5
v -1.4 3.1 -2.5
v -1.4 3.2 -2.5
v -1.4 3.3 -2.5
v -1.4 3.5 -2.5
v -1.3 3.2 -2.5
v -1.3 3.4 -2.5
v -1.3 3.5 -2.5
v -1.3 3.9 -2.5
v -1.1 3.8 -2.5
v -1.1 3.9 -2.5
v -1 3.7 -2.5
v -1 3.8 -2.5
v -0.9 0.2 -2.5
v -0.9 2 -2.5
v -0.9 2.6 -2.5
v -0.9 3.4 -2.5
v -0.9 3.7 -2.5
v -0.8 0.2 -2.5
v -0.8 2 -2.5
v -0.8 2.6 -2.5
v -0.8 3.2 -2.5
v -0.8 3.7 -2.5
v -0.7 3.1 -2.5
v -0.7 3.2 -2.5
v -0.7 3.7 -2.5
v -0.7 3.8 -2.5
v -0.6 3 -2.5
v -0.6 3.1 -2.5
v -0.6 3.5 -2.5
v -0.6 3.8 -2.5
v -0.6 3.9 -2.5
v -0.5 3.5 -2.5
v -0.5 3.9 -2.5
v -0.3 2.7 -2.5
v -0.3 3 -2.5
v -0.2 2.6 -2.5
v -0.2 2.7 -2.5
v -0.2 3.3 -2.5
v -0.2 3.5 -2.5
v -0.2 3.8 -2.5
v -0.2 3.9 -2.5
v -0.0999999 3.7 -2.5
v -0.0999999 3.8 -2.5
v 0 0.2 -2.5
v 0 2 -2.5
v 0 2.6 -2.5
v 0 3.3 -2.5
v 0 3.7 -2.5
v 0.1 0.2 -2.5
v 0.1 2 -2.5
v 0.1 2.6 -2.5
v 0.1 3.2 -2.5
v 0.1 3.7 -2.5
v 0.2 3.2 -2.5
v 0.2 3.3 -2.5
v 0.2 3.7 -2.5
v 0.2 3.8 -2.5
v 0.3 3.1 -2.5
v 0.3 3.2 -2.5
v 0.3 3.3 -2.5
v 0.3 3.4 -2.5
v 0.3 3.8 -2.5
v 0.3 3.9 -2.5
v 0.4 3.4 -2.5
v 0.4 3.9 -2.5
v 0.5 2.6 -2.5
v 0.5 3.1 -2.5
v 0.5 3.3 -2.5
v 0.5 3.4 -2.5
v 0.7 3.8 -2.5
v 0.7 3.9 -2.5
v 0.8 3.2 -2.5
v 0.8 3.3 -2.5
v 0.8 3.7 -2.5
v 0.8 3.8 -2.5
v 0.9 0.2 -2.5
v 0.9 2 -2.5
v 0.9 2.6 -2.5
v 0.9 3.2 -2.5
v 0.9 3.7 -2.5
v 1 0.2 -2.5
v 1 2 -2.5
v 1 2.6 -2.5
v 1 3.2 -2.5
v 1 3.7 -2.5
v 1.1 3.2 -2.5
v 1.1 3.4 -2.5
v 1.1 3.7 -2.5
v 1.1 3.8 -2.5
v 1.2 3 -2.5
v 1.2 3.4 -2.5
v 1.2 3.8 -2.5
v 1.2 3.9 -2.5
v 1.3 3.4 -2.5
v 1.3 3.7 -2.5
v 1.4 2.6 -2.5
v 1.4 3 -2.5
v 1.4 3.2 -2.5
v 1.4 3.4 -2.5
v 1.4 3.7 -2.5
v 1.4 3.9 -2.5
v 1.6 3.8 -2.5
v 1.6 3.9 -2.5
v 1.7 3.7 -2.5
v 1.7 3.8 -2.5
v 1.8 0.2 -2.5
v 1.8 2 -2.5
v 1.8 2.6 -2.5
v 1.8 3.2 -2.5
v 1.8 3.7 -2.5
v 1.9 0.2 -2.5
v 1.9 2 -2.5
v 1.9 2.6 -2.5
v 1.9 3.2 -2.5
v 1.9 3.9 -2.5
v 2.1 3.2 -2.5
v 2.1 3.3 -2.5
v 2.2 2.6 -2.5
v 2.2 3.3 -2.5
v 2.2 3.6 -2.5
v 2.3 3.5 -2.5
v 2.3 3.6 -2.5
v 2.3 3.9 -2.5
v 2.4 3.3 -2.5
v 2.4 3.5 -2.5
v 2.6 3.8 -2.5
v 2.6 3.9 -2.5
v 2.7 0.2 -2.5
v 2.7 2 -2.5
v 2.7 2.6 -2.5
v 2.7 3.3 -2.5
v 2.7 3.8 -2.5
v 2.8 0.2 -2.5
v 2.8 2 -2.5
v 2.8 2.6 -2.5
v 2.8 3.3 -2.5
v 2.8 3.7 -2.5
v 2.9 3.3 -2.5
v 2.9 3.5 -2.5
v 2.9 3.7 -2.5
v 2.9 3.8 -2.5
v 3 3.5 -2.5
v 3 3.6 -2.5
v 3 3.8 -2.5
v 3 3.9 -2.5
v 3.1 2.9 -2.5
v 3.1 3.3 -2.5
v 3.1 3.4 -2.5
v 3.1 3.6 -2.5
v 3.1 3.7 -2.5
v 3.2 2.8 -2.5
v 3.2 2.9 -2.5
v 3.2 3.7 -2.5
v 3.2 3.9 -2.5
v 3.3 2.8 -2.5
v 3.3 2.9 -2.5
v 3.4 2.6 -2.5
v 3.4 2.9 -2.5
v 3.5 3.2 -2.5
v 3.5 3.4 -2.5
v 3.5 3.7 -2.5
v 3.5 3.9 -2.5
v 3.6 0.2 -2.5
v 3.6 2 -2.5
v 3.6 3.2 -2.5
v 3.6 3.7 -2.5
v 3.7 2.6 -2.5
v 3.7 3.2 -2.5
v 4 0 -2.5
v 4 0.1 -2.5
v 4 4 -2.5
v -4 0 2.5
v -3.9 0 2.5
v 4 0 2.5
v -3.9 0 2.4
v 3.9 0 2.4
v -3.9 0 -2.4
v 3.9 0 -2.4
v -4 0 -2.5
v -3.9 0 -2.5
v 4 0 -2.5
v 2.3 0.5 -0.1
v 2.8 0.5 -0.1
v 2.3 0.5 -0.4
v 2.8 0.5 -0.4
v 2.3 0.7 0.2
v 2.8 0.7 0.2
v 2.3 0.7 -0.1
v 2.8 0.7 -0.1
v 2.3 0.9 0.5
v 2.8 0.9 0.5
v 2.3 0.9 0.2
v 2.8 0.9 0.2
v -0.9 1 1
v -0.2 1 1
v -0.6 1 0.7
v -0.5 1 0.7
v -0.6 1 0.6
v -0.5 1 0.6
v -0.9 1 0.3
v -0.2 1 0.3
v 2.3 1.1 0.8
v 2.9 1.1 0.8
v 2.3 1.1 0.5
v 2.9 1.1 0.5
v 2.3 1.3 1.1
v 2.9 1.3 1.1
v 2.3 1.3 0.8
v 2.9 1.3 0.8
v 2.3 1.5 1.4
v 2.9 1.5 1.4
v 2.3 1.5 1.1
v 2.9 1.5 1.1
v -0.7 1.5 0.8
v -0.4 1.5 0.8
v -0.6 1.5 0.7
v -0.5 1.5 0.7
v -0.6 1.5 0.6
v -0.5 1.5 0.6
v -0.7 1.5 0.5
v -0.4 1.5 0.5
v 2.3 1.7 1.7
v 3 1.7 1.7
v 2.3 1.7 1.4
v 3 1.7 1.4
v -3.9 2 2.4
v -3.6 2 2.4
v -3.5 2 2.4
v 3.6 2 2.4
v 3.7 2 2.4
v 3.9 2 2.4
v -3.9 2 1.6
v -3.6 2 1.6
v -3.5 2 1.6
v 3.6 2 1.6
v 3.7 2 1.6
v 3.9 2 1.6
v -3.9 2 1.5
v -3.6 2 1.5
v -3.5 2 1.5
v 3.6 2 1.5
v 3.7 2 1.5
v 3.9 2 1.5
v -3.9 2 0.7
v -3.6 2 0.7
v -3.5 2 0.7
v 3.6 2 0.7
v 3.7 2 0.7
v 3.9 2 0.7
v -3.9 2 0.6
v -3.6 2 0.6
v -3.5 2 0.6
v 3.6 2 0.6
v 3.7 2 0.6
v 3.9 2 0.6
v -3.9 2 -0.2
v -3.6 2 -0.2
v -3.5 2 -0.2
v 3.6 2 -0.2
v 3.7 2 -0.2
v 3.9 2 -0.2
v -3.9 2 -0.3
v -3.6 2 -0.3
v -3.5 2 -0.3
v 3.6 2 -0.3
v 3.7 2 -0.3
v 3.9 2 -0.3
v -3.9 2 -1.1
v -3.6 2 -1.1
v -3.5 2 -1.1
v 3.6 2 -1.1
v 3.7 2 -1.1
v 3.9 2 -1.1
v -3.9 2 -1.2
v -3.6 2 -1.2
v -3.5 2 -1.2
v 3.6 2 -1.2
v 3.7 2 -1.2
v 3.9 2 -1.2
v -3.9 2 -2
v -3.6 2 -2
v -3.5 2 -2
v -2.7 2 -2
v -2.6 2 -2
v -1.8 2 -2
v -1.7 2 -2
v -0.9 2 -2
v -0.8 2 -2
v 0 2 -2
v 0.1 2 -2
v 0.9 2 -2
v 1 2 -2
v 1.8 2 -2
v 1.9 2 -2
v 2.7 2 -2
v 2.8 2 -2
v 3.6 2 -2
v 3.7 2 -2
v 3.9 2 -2
v -3.5 2 -2.1
v -2.7 2 -2.1
v -2.6 2 -2.1
v -1.8 2 -2.1
v -1.7 2 -2.1
v -0.9 2 -2.1
v -0.8 2 -2.1
v 0 2 -2.1
v 0.1 2 -2.1
v 0.9 2 -2.1
v 1 2 -2.1
v 1.8 2 -2.1
v 1.9 2 -2.1
v 2.7 2 -2.1
v 2.8 2 -2.1
v 3.6 2 -2.1
v -3.5 2 -2.4
v -2.7 2 -2.4
v -2.6 2 -2.4
v -1.8 2 -2.4
v -1.7 2 -2.4
v -0.9 2 -2.4
v -0.8 2 -2.4
v 0 2 -2.4
v 0.1 2 -2.4
v 0.9 2 -2.4
v 1 2 -2.4
v 1.8 2 -2.4
v 1.9 2 -2.4
v 2.7 2 -2.4
v 2.8 2 -2.4
v 3.6 2 -2.4
v -3.5 2.1 2.5
v 3.6 2.1 2.5
v -2.6 2.1 2
v 2.8 2.1 2
v 1.9 2.1 -0.6
v 2.8 2.1 -0.6
v -2.6 2.1 -0.7
v -2.2 2.1 -0.7
v -2.2 2.1 -0.9
v 1.9 2.1 -0.9
v -3.5 2.1 -2
v 3.6 2.1 -2
v 3.4 2.2 -2
v 3.7 2.2 -2
v 3.4 2.2 -2.1
v 3.7 2.2 -2.1
v -3.6 2.5 2.4
v -3.5 2.5 2.4
v 3.6 2.5 2.4
v 3.7 2.5 2.4
v -3.6 2.5 1.6
v -3.5 2.5 1.6
v 3.6 2.5 1.6
v 3.7 2.5 1.6
v -3.6 2.5 1.5
v -3.5 2.5 1.5
v 3.6 2.5 1.5
v 3.7 2.5 1.5
v -3.6 2.5 0.7
v -3.5 2.5 0.7
v 3.6 2.5 0.7
v 3.7 2.5 0.7
v -3.6 2.5 0.6
v -3.5 2.5 0.6
v 3.6 2.5 0.6
v 3.7 2.5 0.6
v -3.6 2.5 -0.2
v -3.5 2.5 -0.2
v 3.6 2.5 -0.2
v 3.7 2.5 -0.2
v -3.6 2.5 -0.3
v -3.5 2.5 -0.3
v 3.6 2.5 -0.3
v 3.7 2.5 -0.3
v -3.6 2.5 -1.1
v -3.5 2.5 -1.1
v 3.6 2.5 -1.1
v 3.7 2.5 -1.1
v -3.6 2.5 -1.2
v -3.5 2.5 -1.2
v 3.6 2.5 -1.2
v 3.7 2.5 -1.2
v -3.6 2.5 -2
v -3.5 2.5 -2
v -2.7 2.5 -2
v -2.6 2.5 -2
v -1.8 2.5 -2
v -1.7 2.5 -2
v -0.9 2.5 -2
v -0.8 2.5 -2
v 0 2.5 -2
v 0.1 2.5 -2
v 0.9 2.5 -2
v 1 2.5 -2
v 1.8 2.5 -2
v 1.9 2.5 -2
v 2.7 2.5 -2
v 2.8 2.5 -2
v 3.6 2.5 -2
v 3.7 2.5 -2
v -3.5 2.5 -2.1
v -2.7 2.5 -2.1
v -2.6 2.5 -2.1
v -1.8 2.5 -2.1
v -1.7 2.5 -2.1
v -0.9 2.5 -2.1
v -0.8 2.5 -2.1
v 0 2.5 -2.1
v 0.1 2.5 -2.1
v 0.9 2.5 -2.1
v 1 2.5 -2.1
v 1.8 2.5 -2.1
v 1.9 2.5 -2.1
v 2.7 2.5 -2.1
v 2.8 2.5 -2.1
v 3.6 2.5 -2.1
v -3.9 3.7 2.4
v -3.7 3.7 2.4
v -3.5 3.7 2.4
v 3.6 3.7 2.4
v 3.7 3.7 2.4
v 3.9 3.7 2.4
v -3.9 3.7 2.3
v -3.7 3.7 2.3
v -3.5 3.7 2.3
v 3.6 3.7 2.3
v 3.7 3.7 2.3
v 3.9 3.7 2.3
v -3.9 3.7 1.7
v -3.7 3.7 1.7
v -3.5 3.7 1.7
v 3.6 3.7 1.7
v 3.7 3.7 1.7
v 3.9 3.7 1.7
v -3.9 3.7 1.6
v -3.7 3.7 1.6
v -3.5 3.7 1.6
v 3.6 3.7 1.6
v 3.7 3.7 1.6
v 3.9 3.7 1.6
v -3.7 3.7 1.5
v -3.5 3.7 1.5
v 3.6 3.7 1.5
v 3.7 3.7 1.5
v 3.9 3.7 1.5
v -3.7 3.7 1.4
v -3.5 3.7 1.4
v 3.6 3.7 1.4
v 3.7 3.7 1.4
v 3.9 3.7 1.4
v -3.9 3.7 0.8
v -3.7 3.7 0.8
v -3.5 3.7 0.8
v 3.6 3.7 0.8
v 3.7 3.7 0.8
v 3.9 3.7 0.8
v -3.9 3.7 0.7
v -3.7 3.7 0.7
v -3.5 3.7 0.7
v 3.6 3.7 0.7
v 3.7 3.7 0.7
v 3.9 3.7 0.7
v -3.9 3.7 0.6
v -3.8 3.7 0.6
v -3.7 3.7 0.6
v -3.5 3.7 0.6
v 3.6 3.7 0.6
v 3.7 3.7 0.6
v 3.9 3.7 0.6
v -3.9 3.7 0.5
v -3.8 3.7 0.5
v -3.7 3.7 0.5
v -3.5 3.7 0.5
v 3.6 3.7 0.5
v 3.7 3.7 0.5
v 3.9 3.7 0.5
v -3.7 3.7 -0.1
v -3.5 3.7 -0.1
v 3.6 3.7 -0.1
v 3.7 3.7 -0.1
v 3.9 3.7 -0.1
v -3.7 3.7 -0.2
v -3.5 3.7 -0.2
v 3.6 3.7 -0.2
v 3.7 3.7 -0.2
v 3.9 3.7 -0.2
v -3.9 3.7 -0.3
v -3.7 3.7 -0.3
v -3.5 3.7 -0.3
v 3.6 3.7 -0.3
v 3.7 3.7 -0.3
v 3.9 3.7 -0.3
v -3.9 3.7 -0.4
v -3.7 3.7 -0.4
v -3.5 3.7 -0.4
v 3.6 3.7 -0.4
v 3.7 3.7 -0.4
v 3.9 3.7 -0.4
v -3.9 3.7 -1
v -3.7 3.7 -1
v -3.5 3.7 -1
v 3.6 3.7 -1
v 3.7 3.7 -1
v 3.9 3.7 -1
v -3.9 3.7 -1.1
v -3.7 3.7 -1.1
v -3.5 3.7 -1.1
v 3.6 3.7 -1.1
v 3.7 3.7 -1.1
v 3.9 3.7 -1.1
v -3.9 3.7 -1.2
v -3.7 3.7 -1.2
v -3.5 3.7 -1.2
v 3.6 3.7 -1.2
v 3.7 3.7 -1.2
v 3.9 3.7 -1.2
v -3.9 3.7 -1.3
v -3.7 3.7 -1.3
v -3.5 3.7 -1.3
v 3.6 3.7 -1.3
v 3.7 3.7 -1.3
v 3.9 3.7 -1.3
v -3.9 3.7 -1.9
v -3.7 3.7 -1.9
v -3.5 3.7 -1.9
v 3.6 3.7 -1.9
v 3.7 3.7 -1.9
v 3.9 3.7 -1.9
v -3.9 3.7 -2
v -3.7 3.7 -2
v -3.5 3.7 -2
v -3.4 3.7 -2
v -2.8 3.7 -2
v -2.7 3.7 -2
v -2.6 3.7 -2
v -2.5 3.7 -2
v -1.9 3.7 -2
v -1.8 3.7 -2
v -1.7 3.7 -2
v -1.6 3.7 -2
v -1 3.7 -2
v -0.9 3.7 -2
v -0.8 3.7 -2
v -0.7 3.7 -2
v -0.0999999 3.7 -2
v 0 3.7 -2
v 0.1 3.7 -2
v 0.2 3.7 -2
v 0.8 3.7 -2
v 0.9 3.7 -2
v 1 3.7 -2
v 1.1 3.7 -2
v 1.7 3.7 -2
v 1.8 3.7 -2
v 1.9 3.7 -2
v 2 3.7 -2
v 2.6 3.7 -2
v 2.7 3.7 -2
v 2.8 3.7 -2
v 2.9 3.7 -2
v 3.5 3.7 -2
v 3.6 3.7 -2
v 3.7 3.7 -2
v 3.9 3.7 -2
v -3.5 3.7 -2.1
v -3.4 3.7 -2.1
v -2.8 3.7 -2.1
v -2.7 3.7 -2.1
v -2.6 3.7 -2.1
v -2.5 3.7 -2.1
v -1.9 3.7 -2.1
v -1.8 3.7 -2.1
v -1.7 3.7 -2.1
v -1.6 3.7 -2.1
v -1 3.7 -2.1
v -0.9 3.7 -2.1
v -0.8 3.7 -2.1
v -0.7 3.7 -2.1
v -0.0999999 3.7 -2.1
v 0 3.7 -2.1
v 0.1 3.7 -2.1
v 0.2 3.7 -2.1
v 0.8 3.7 -2.1
v 0.9 3.7 -2.1
v 1 3.7 -2.1
v 1.1 3.7 -2.1
v 1.7 3.7 -2.1
v 1.8 3.7 -2.1
v 1.9 3.7 -2.1
v 2 3.7 -2.1
v 2.6 3.7 -2.1
v 2.7 3.7 -2.1
v 2.8 3.7 -2.1
v 2.9 3.7 -2.1
v 3.5 3.7 -2.1
v 3.6 3.7 -2.1
v 2.6 3.7 -2.2
v 2.7 3.7 -2.2
v -3.5 3.7 -2.4
v -3.4 3.7 -2.4
v -2.8 3.7 -2.4
v -2.7 3.7 -2.4
v -2.6 3.7 -2.4
v -2.5 3.7 -2.4
v -1.9 3.7 -2.4
v -1.8 3.7 -2.4
v -1.7 3.7 -2.4
v -1.6 3.7 -2.4
v -1 3.7 -2.4
v -0.9 3.7 -2.4
v -0.8 3.7 -2.4
v -0.7 3.7 -2.4
v -0.0999999 3.7 -2.4
v 0 3.7 -2.4
v 0.1 3.7 -2.4
v 0.2 3.7 -2.4
v 0.8 3.7 -2.4
v 0.9 3.7 -2.4
v 1 3.7 -2.4
v 1.1 3.7 -2.4
v 1.7 3.7 -2.4
v 1.8 3.7 -2.4
v 1.9 3.7 -2.4
v 2 3.7 -2.4
v 2.8 3.7 -2.4
v 2.9 3.7 -2.4
v 3.5 3.7 -2.4
v 3.6 3.7 -2.4
v -3.9 3.8 2.3
v -3.7 3.8 2.3
v -3.6 3.8 2.3
v -3.5 3.8 2.3
v 3.6 3.8 2.3
v 3.7 3.8 2.3
v 3.9 3.8 2.3
v -3.9 3.8 2.2
v -3.6 3.8 2.2
v -3.5 3.8 2.2
v 3.6 3.8 2.2
v 3.7 3.8 2.2
v 3.9 3.8 2.2
v -3.9 3.8 1.8
v -3.7 3.8 1.8
v -3.5 3.8 1.8
v 3.6 3.8 1.8
v 3.7 3.8 1.8
v 3.9 3.8 1.8
v -3.9 3.8 1.7
v -3.7 3.8 1.7
v -3.5 3.8 1.7
v 3.6 3.8 1.7
v 3.7 3.8 1.7
v 3.9 3.8 1.7
v -3.9 3.8 1.5
v -3.7 3.8 1.5
v -3.8 3.8 1.4
v -3.7 3.8 1.4
v -3.5 3.8 1.4
v 3.6 3.8 1.4
v 3.7 3.8 1.4
v 3.9 3.8 1.4
v -3.9 3.8 1.3
v -3.8 3.8 1.3
v -3.7 3.8 1.3
v -3.5 3.8 1.3
v 3.6 3.8 1.3
v 3.7 3.8 1.3
v 3.9 3.8 1.3
v -3.9 3.8 0.9
v -3.7 3.8 0.9
v -3.5 3.8 0.9
v 3.6 3.8 0.9
v 3.7 3.8 0.9
v 3.9 3.8 0.9
v -3.9 3.8 0.8
v -3.7 3.8 0.8
v -3.5 3.8 0.8
v 3.6 3.8 0.8
v 3.7 3.8 0.8
v 3.9 3.8 0.8
v -3.8 3.8 0.6
v -3.7 3.8 0.6
v -3.9 3.8 0.5
v -3.8 3.8 0.5
v -3.7 3.8 0.5
v -3.5 3.8 0.5
v 3.6 3.8 0.5
v 3.7 3.8 0.5
v 3.9 3.8 0.5
v -3.9 3.8 0.4
v -3.7 3.8 0.4
v -3.5 3.8 0.4
v 3.6 3.8 0.4
v 3.7 3.8 0.4
v 3.9 3.8 0.4
v -3.7 3.8 -2.38419e-07
v -3.5 3.8 -2.38419e-07
v 3.6 3.8 -2.38419e-07
v 3.7 3.8 -2.38419e-07
v 3.9 3.8 -2.38419e-07
v -3.7 3.8 -0.1
v -3.5 3.8 -0.1
v 3.6 3.8 -0.1
v 3.7 3.8 -0.1
v 3.9 3.8 -0.1
v -3.9 3.8 -0.4
v -3.7 3.8 -0.4
v -3.5 3.8 -0.4
v 3.6 3.8 -0.4
v 3.7 3.8 -0.4
v 3.9 3.8 -0.4
v -3.9 3.8 -0.5
v -3.7 3.8 -0.5
v -3.5 3.8 -0.5
v 3.6 3.8 -0.5
v 3.7 3.8 -0.5
v 3.9 3.8 -0.5
v -3.9 3.8 -0.9
v -3.7 3.8 -0.9
v -3.5 3.8 -0.9
v 3.6 3.8 -0.9
v 3.7 3.8 -0.9
v 3.9 3.8 -0.9
v -3.9 3.8 -1
v -3.7 3.8 -1
v -3.5 3.8 -1
v 3.6 3.8 -1
v 3.7 3.8 -1
v 3.9 3.8 -1
v -3.9 3.8 -1.3
v -3.7 3.8 -1.3
v -3.5 3.8 -1.3
v 3.6 3.8 -1.3
v 3.7 3.8 -1.3
v 3.9 3.8 -1.3
v -3.9 3.8 -1.4
v -3.7 3.8 -1.4
v -3.5 3.8 -1.4
v 3.6 3.8 -1.4
v 3.7 3.8 -1.4
v 3.9 3.8 -1.4
v -3.9 3.8 -1.8
v -3.7 3.8 -1.8
v -3.5 3.8 -1.8
v 3.6 3.8 -1.8
v 3.7 3.8 -1.8
v 3.9 3.8 -1.8
v -3.9 3.8 -1.9
v -3.7 3.8 -1.9
v -3.5 3.8 -1.9
v 3.6 3.8 -1.9
v 3.7 3.8 -1.9
v 3.9 3.8 -1.9
v -3.4 3.8 -2
v -3.3 3.8 -2
v -2.9 3.8 -2
v -2.8 3.8 -2
v -2.5 3.8 -2
v -2.4 3.8 -2
v -2 3.8 -2
v -1.9 3.8 -2
v -1.6 3.8 -2
v -1.5 3.8 -2
v -1.1 3.8 -2
v -1 3.8 -2
v -0.7 3.8 -2
v -0.6 3.8 -2
v -0.2 3.8 -2
v -0.0999999 3.8 -2
v 0.2 3.8 -2
v 0.3 3.8 -2
v 0.7 3.8 -2
v 0.8 3.8 -2
v 1.1 3.8 -2
v 1.2 3.8 -2
v 1.6 3.8 -2
v 1.7 3.8 -2
v 2 3.8 -2
v 2.1 3.8 -2
v 2.5 3.8 -2
v 2.6 3.8 -2
v 2.9 3.8 -2
v 3 3.8 -2
v 3.4 3.8 -2
v 3.5 3.8 -2
v -3.4 3.8 -2.1
v -3.3 3.8 -2.1
v -2.9 3.8 -2.1
v -2.8 3.8 -2.1
v -2.5 3.8 -2.1
v -2.4 3.8 -2.1
v -2 3.8 -2.1
v -1.9 3.8 -2.1
v -1.6 3.8 -2.1
v -1.5 3.8 -2.1
v -1.1 3.8 -2.1
v -1 3.8 -2.1
v -0.7 3.8 -2.1
v -0.6 3.8 -2.1
v -0.2 3.8 -2.1
v -0.0999999 3.8 -2.1
v 0.2 3.8 -2.1
v 0.3 3.8 -2.1
v 0.7 3.8 -2.1
v 0.8 3.8 -2.1
v 1.1 3.8 -2.1
v 1.2 3.8 -2.1
v 1.6 3.8 -2.1
v 1.7 3.8 -2.1
v 2 3.8 -2.1
v 2.1 3.8 -2.1
v 2.5 3.8 -2.1
v 2.6 3.8 -2.1
v 2.9 3.8 -2.1
v 3 3.8 -2.1
v 3.4 3.8 -2.1
v 3.5 3.8 -2.1
v 2.6 3.8 -2.2
v 2.7 3.8 -2.2
v -3.4 3.8 -2.4
v -3.3 3.8 -2.4
v -2.9 3.8 -2.4
v -2.8 3.8 -2.4
v -2.5 3.8 -2.4
v -2.4 3.8 -2.4
v -2 3.8 -2.4
v -1.9 3.8 -2.4
v -1.6 3.8 -2.4
v -1.5 3.8 -2.4
v -1.1 3.8 -2.4
v -1 3.8 -2.4
v -0.7 3.8 -2.4
v -0.6 3.8 -2.4
v -0.2 3.8 -2.4
v -0.0999999 3.8 -2.4
v 0.2 3.8 -2.4
v 0.3 3.8 -2.4
v 0.7 3.8 -2.4
v 0.8 3.8 -2.4
v 1.1 3.8 -2.4
v 1.2 3.8 -2.4
v 1.6 3.8 -2.4
v 1.7 3.8 -2.4
v 2 3.8 -2.4
v 2.1 3.8 -2.4
v 2.6 3.8 -2.4
v 2.7 3.8 -2.4
v 2.9 3.8 -2.4
v 3 3.8 -2.4
v -3.9 3.9 2.2
v -3.7 3.9 2.2
v -3.6 3.9 2.2
v -3.5 3.9 2.2
v 3.6 3.9 2.2
v 3.7 3.9 2.2
v 3.9 3.9 2.2
v -3.9 3.9 2.1
v 3.9 3.9 2
v -3.9 3.9 1.8
v -3.7 3.9 1.8
v -3.5 3.9 1.8
v 3.6 3.9 1.8
v 3.7 3.9 1.8
v 3.9 3.9 1.8
v -3.9 3.9 1.3
v -3.8 3.9 1.3
v -3.7 3.9 1.3
v -3.5 3.9 1.3
v 3.6 3.9 1.3
v 3.7 3.9 1.3
v 3.9 3.9 1.3
v 3.9 3.9 1.1
v -3.9 3.9 0.9
v -3.7 3.9 0.9
v -3.5 3.9 0.9
v 3.6 3.9 0.9
v 3.7 3.9 0.9
v 3.9 3.9 0.9
v -3.9 3.9 0.4
v -3.7 3.9 0.4
v -3.5 3.9 0.4
v 3.6 3.9 0.4
v 3.7 3.9 0.4
v 3.9 3.9 0.4
v 3.9 3.9 0.2
v -3.7 3.9 -2.38419e-07
v -3.5 3.9 -2.38419e-07
v 3.6 3.9 -2.38419e-07
v 3.7 3.9 -2.38419e-07
v 3.9 3.9 -2.38419e-07
v -3.7 3.9 -0.1
v -3.9 3.9 -0.2
v -3.7 3.9 -0.2
v -3.9 3.9 -0.5
v -3.7 3.9 -0.5
v -3.5 3.9 -0.5
v 3.6 3.9 -0.5
v 3.7 3.9 -0.5
v 3.9 3.9 -0.5
v -3.9 3.9 -0.6
v 3.9 3.9 -0.7
v -3.9 3.9 -0.9
v -3.7 3.9 -0.9
v -3.5 3.9 -0.9
v 3.6 3.9 -0.9
v 3.7 3.9 -0.9
v 3.9 3.9 -0.9
v -3.9 3.9 -1.4
v -3.7 3.9 -1.4
v -3.5 3.9 -1.4
v 3.6 3.9 -1.4
v 3.7 3.9 -1.4
v 3.9 3.9 -1.4
v 3.9 3.9 -1.6
v -3.9 3.9 -1.8
v -3.7 3.9 -1.8
v -3.5 3.9 -1.8
v 3.6 3.9 -1.8
v 3.7 3.9 -1.8
v 3.9 3.9 -1.8
v -3.3 3.9 -2
v -2.9 3.9 -2
v -2.4 3.9 -2
v -2 3.9 -2
v -1.5 3.9 -2
v -1.1 3.9 -2
v -0.6 3.9 -2
v -0.2 3.9 -2
v 0.3 3.9 -2
v 0.7 3.9 -2
v 1.2 3.9 -2
v 1.6 3.9 -2
v 2.1 3.9 -2
v 2.5 3.9 -2
v 3 3.9 -2
v 3.4 3.9 -2
v -3.3 3.9 -2.1
v -2.9 3.9 -2.1
v -2.4 3.9 -2.1
v -2 3.9 -2.1
v -1.5 3.9 -2.1
v -1.1 3.9 -2.1
v -0.6 3.9 -2.1
v -0.2 3.9 -2.1
v 0.3 3.9 -2.1
v 0.7 3.9 -2.1
v 1.2 3.9 -2.1
v 1.6 3.9 -2.1
v 2.1 3.9 -2.1
v 2.5 3.9 -2.1
v 2.6 3.9 -2.1
v 3 3.9 -2.1
v 3.4 3.9 -2.1
v 3.5 3.9 -2.1
v -3.3 3.9 -2.4
v -3.2 3.9 -2.4
v -2.9 3.9 -2.4
v -2.4 3.9 -2.4
v -2.2 3.9 -2.4
v -2 3.9 -2.4
v -1.5 3.9 -2.4
v -1.3 3.9 -2.4
v -1.1 3.9 -2.4
v -0.6 3.9 -2.4
v -0.5 3.9 -2.4
v -0.2 3.9 -2.4
v 0.3 3.9 -2.4
v 0.4 3.9 -2.4
v 0.7 3.9 -2.4
v 1.2 3.9 -2.4
v 1.4 3.9 -2.4
v 1.6 3.9 -2.4
v 2.1 3.9 -2.4
v 2.3 3.9 -2.4
v 2.6 3.9 -2.4
v 3 3.9 -2.4
v 3.2 3.9 -2.4
v 3.5 3.9 -2.4
v -3.5 0.2 2.5
v -0.5 0.2 2.5
v -0.4 0.2 2.5
v 0.3 0.2 2.5
v 0.7 0.2 2.5
v 3.6 0.2 2.5
v -3.9 0.2 2.4
v -3.6 0.2 2.4
v -3.5 0.2 2.4
v -3.3 0.2 2.4
v -3.1 0.2 2.4
v -0.5 0.2 2.4
v -0.4 0.2 2.4
v -0.0999999 0.2 2.4
v 0.3 0.2 2.4
v 0.7 0.2 2.4
v 1.9 0.2 2.4
v 2 0.2 2.4
v 3.6 0.2 2.4
v 3.7 0.2 2.4
v 3.9 0.2 2.4
v -3.2 0.2 2.3
v -3.1 0.2 2.3
v -1.3 0.2 2.3
v -1 0.2 2.3
v -0.4 0.2 2.3
v -0.2 0.2 2.3
v -0.0999999 0.2 2.3
v 0 0.2 2.3
v 0.9 0.2 2.3
v 1.4 0.2 2.3
v 1.9 0.2 2.3
v 2 0.2 2.3
v 2.4 0.2 2.3
v 3.2 0.2 2.3
v 3.3 0.2 2.3
v -3.7 0.2 2.2
v -3.6 0.2 2.2
v -3 0.2 2.2
v -2.9 0.2 2.2
v -2.3 0.2 2.2
v -2.1 0.2 2.2
v -1.5 0.2 2.2
v -1.3 0.2 2.2
v -1.2 0.2 2.2
v -1 0.2 2.2
v -0.2 0.2 2.2
v -0.0999999 0.2 2.2
v 0.6 0.2 2.2
v 0.7 0.2 2.2
v 0.9 0.2 2.2
v 1.4 0.2 2.2
v 2 0.2 2.2
v 2.1 0.2 2.2
v 2.3 0.2 2.2
v 2.4 0.2 2.2
v 2.5 0.2 2.2
v 3 0.2 2.2
v 3.1 0.2 2.2
v 3.2 0.2 2.2
v 3.3 0.2 2.2
v -3.7 0.2 2.1
v -3.6 0.2 2.1
v -2.4 0.2 2.1
v -2.3 0.2 2.1
v -1.7 0.2 2.1
v -1.5 0.2 2.1
v -1.4 0.2 2.1
v -1.2 0.2 2.1
v 0.5 0.2 2.1
v 0.6 0.2 2.1
v 1.8 0.2 2.1
v 1.9 0.2 2.1
v 2.1 0.2 2.1
v 2.3 0.2 2.1
v 2.4 0.2 2.1
v 3 0.2 2.1
v 3.1 0.2 2.1
v 3.2 0.2 2.1
v -3.6 0.2 2
v -3.5 0.2 2
v -3.4 0.2 2
v -3.3 0.2 2
v -3.2 0.2 2
v -3.1 0.2 2
v -3 0.2 2
v -2.4 0.2 2
v -2.1 0.2 2
v -1.7 0.2 2
v -1.4 0.2 2
v -0.8 0.2 2
v -0.3 0.2 2
v 0.4 0.2 2
v 0.5 0.2 2
v 0.6 0.2 2
v 0.7 0.2 2
v 2.3 0.2 2
v 2.5 0.2 2
v 3.2 0.2 2
v 3.3 0.2 2
v -3 0.2 1.9
v -2.9 0.2 1.9
v -0.9 0.2 1.9
v -0.8 0.2 1.9
v -0.7 0.2 1.9
v -0.3 0.2 1.9
v -0.2 0.2 1.9
v -0.0999999 0.2 1.9
v 0 0.2 1.9
v 0.3 0.2 1.9
v 0.4 0.2 1.9
v 0.5 0.2 1.9
v 0.6 0.2 1.9
v 1 0.2 1.9
v 1.4 0.2 1.9
v 1.8 0.2 1.9
v 1.9 0.2 1.9
v 2 0.2 1.9
v 3.1 0.2 1.9
v 3.2 0.2 1.9
v -3.2 0.2 1.8
v -3.1 0.2 1.8
v -2.5 0.2 1.8
v -2.4 0.2 1.8
v -1.8 0.2 1.8
v -1.7 0.2 1.8
v -0.8 0.2 1.8
v -0.7 0.2 1.8
v 0.3 0.2 1.8
v 0.5 0.2 1.8
v 0.6 0.2 1.8
v 0.8 0.2 1.8
v 1 0.2 1.8
v 1.4 0.2 1.8
v 2.8 0.2 1.8
v 2.9 0.2 1.8
v 3.3 0.2 1.8
v 3.4 0.2 1.8
v -3.8 0.2 1.7
v -3.7 0.2 1.7
v -3.1 0.2 1.7
v -3 0.2 1.7
v -1.9 0.2 1.7
v -1.8 0.2 1.7
v -1.7 0.2 1.7
v -1.6 0.2 1.7
v -0.9 0.2 1.7
v -0.8 0.2 1.7
v -0.2 0.2 1.7
v -0.0999999 0.2 1.7
v 0.7 0.2 1.7
v 0.8 0.2 1.7
v 3.2 0.2 1.7
v 3.3 0.2 1.7
v -3.9 0.2 1.6
v -3.8 0.2 1.6
v -3.7 0.2 1.6
v -3.6 0.2 1.6
v -3.5 0.2 1.6
v -2.6 0.2 1.6
v -2.5 0.2 1.6
v -1.9 0.2 1.6
v -1.6 0.2 1.6
v -0.9 0.2 1.6
v -0.6 0.2 1.6
v 0.6 0.2 1.6
v 0.7 0.2 1.6
v 1.2 0.2 1.6
v 1.5 0.2 1.6
v 2 0.2 1.6
v 2.1 0.2 1.6
v 2.5 0.2 1.6
v 2.6 0.2 1.6
v 3.4 0.2 1.6
v 3.5 0.2 1.6
v 3.6 0.2 1.6
v 3.7 0.2 1.6
v 3.9 0.2 1.6
v -3.9 0.2 1.5
v -3.7 0.2 1.5
v -3.6 0.2 1.5
v -3.5 0.2 1.5
v -3.4 0.2 1.5
v -3.3 0.2 1.5
v -3.2 0.2 1.5
v -2.5 0.2 1.5
v -2.4 0.2 1.5
v -0.9 0.2 1.5
v -0.8 0.2 1.5
v -0.6 0.2 1.5
v -0.5 0.2 1.5
v 1 0.2 1.5
v 1.2 0.2 1.5
v 1.3 0.2 1.5
v 1.5 0.2 1.5
v 1.9 0.2 1.5
v 2 0.2 1.5
v 2.9 0.2 1.5
v 3 0.2 1.5
v 3.3 0.2 1.5
v 3.4 0.2 1.5
v 3.6 0.2 1.5
v 3.7 0.2 1.5
v 3.9 0.2 1.5
v -3.8 0.2 1.4
v -3.7 0.2 1.4
v -3.2 0.2 1.4
v -3.1 0.2 1.4
v -2.6 0.2 1.4
v -2.5 0.2 1.4
v -0.8 0.2 1.4
v -0.5 0.2 1.4
v 0.3 0.2 1.4
v 0.5 0.2 1.4
v 1 0.2 1.4
v 1.3 0.2 1.4
v 2.8 0.2 1.4
v 2.9 0.2 1.4
v 3.9 0.2 1.4
v -3.6 0.2 1.3
v -3.5 0.2 1.3
v -3.3 0.2 1.3
v -3.2 0.2 1.3
v -1.4 0.2 1.3
v -1.2 0.2 1.3
v 0.2 0.2 1.3
v 0.3 0.2 1.3
v 0.4 0.2 1.3
v 0.5 0.2 1.3
v 2 0.2 1.3
v 2.1 0.2 1.3
v 3.4 0.2 1.3
v 3.5 0.2 1.3
v -2.4 0.2 1.2
v -2.3 0.2 1.2
v -1.3 0.2 1.2
v -1.2 0.2 1.2
v 0.1 0.2 1.2
v 0.2 0.2 1.2
v 0.3 0.2 1.2
v 0.4 0.2 1.2
v 0.7 0.2 1.2
v 0.8 0.2 1.2
v 2.6 0.2 1.2
v 2.7 0.2 1.2
v 3.4 0.2 1.2
v 3.6 0.2 1.2
v -3.1 0.2 1.1
v -3 0.2 1.1
v -1.5 0.2 1.1
v -1.4 0.2 1.1
v -1.3 0.2 1.1
v 0 0.2 1.1
v 0.1 0.2 1.1
v 0.2 0.2 1.1
v 0.3 0.2 1.1
v 0.8 0.2 1.1
v 0.9 0.2 1.1
v 1.9 0.2 1.1
v 2 0.2 1.1
v 2.5 0.2 1.1
v 2.6 0.2 1.1
v 2.9 0.2 1.1
v 3 0.2 1.1
v 3.1 0.2 1.1
v 3.4 0.2 1.1
v 3.5 0.2 1.1
v -3.9 0.2 1
v -3.8 0.2 1
v -3.2 0.2 1
v -3.1 0.2 1
v -2.5 0.2 1
v -2.4 0.2 1
v -1.6 0.2 1
v -1.5 0.2 1
v 0 0.2 1
v 0.2 0.2 1
v 0.7 0.2 1
v 0.8 0.2 1
v -3.3 0.2 0.9
v -3.2 0.2 0.9
v -3.1 0.2 0.9
v -3 0.2 0.9
v -2.4 0.2 0.9
v -2.3 0.2 0.9
v -1.5 0.2 0.9
v -1.4 0.2 0.9
v -0.8 0.2 0.9
v -0.3 0.2 0.9
v 3.1 0.2 0.9
v 3.2 0.2 0.9
v 3.5 0.2 0.9
v 3.6 0.2 0.9
v 3.7 0.2 0.9
v -3.7 0.2 0.8
v -3.5 0.2 0.8
v -3.4 0.2 0.8
v -3.3 0.2 0.8
v -3.2 0.2 0.8
v -3.1 0.2 0.8
v -2.6 0.2 0.8
v -2.5 0.2 0.8
v -1.7 0.2 0.8
v -1.6 0.2 0.8
v -0.3 0.2 0.8
v -0.2 0.2 0.8
v 0.8 0.2 0.8
v 0.9 0.2 0.8
v 1 0.2 0.8
v 3 0.2 0.8
v 3.1 0.2 0.8
v -3.9 0.2 0.7
v -3.7 0.2 0.7
v -3.6 0.2 0.7
v -3.5 0.2 0.7
v -3.4 0.2 0.7
v -3.2 0.2 0.7
v -2.5 0.2 0.7
v -2.4 0.2 0.7
v -1.6 0.2 0.7
v -1.5 0.2 0.7
v -0.2 0.2 0.7
v -0.0999999 0.2 0.7
v 0 0.2 0.7
v 0.2 0.2 0.7
v 1.5 0.2 0.7
v 1.6 0.2 0.7
v 1.8 0.2 0.7
v 1.9 0.2 0.7
v 2.3 0.2 0.7
v 2.4 0.2 0.7
v 3.6 0.2 0.7
v 3.7 0.2 0.7
v 3.9 0.2 0.7
v -3.9 0.2 0.6
v -3.7 0.2 0.6
v -3.6 0.2 0.6
v -3.5 0.2 0.6
v -1.8 0.2 0.6
v -1.7 0.2 0.6
v -1.6 0.2 0.6
v -1 0.2 0.6
v -0.9 0.2 0.6
v -0.3 0.2 0.6
v -0.0999999 0.2 0.6
v 0 0.2 0.6
v 0.1 0.2 0.6
v 1.6 0.2 0.6
v 1.8 0.2 0.6
v 2.6 0.2 0.6
v 2.7 0.2 0.6
v 3.2 0.2 0.6
v 3.3 0.2 0.6
v 3.6 0.2 0.6
v 3.7 0.2 0.6
v 3.9 0.2 0.6
v -1.9 0.2 0.5
v -1.8 0.2 0.5
v -1.7 0.2 0.5
v 0.1 0.2 0.5
v 0.2 0.2 0.5
v 0.3 0.2 0.5
v 0.9 0.2 0.5
v 1 0.2 0.5
v 1.1 0.2 0.5
v 1.5 0.2 0.5
v 2 0.2 0.5
v 2.3 0.2 0.5
v 2.4 0.2 0.5
v 2.5 0.2 0.5
v 3.1 0.2 0.5
v 3.2 0.2 0.5
v -2.9 0.2 0.4
v -2.8 0.2 0.4
v -2 0.2 0.4
v -1.9 0.2 0.4
v -1.8 0.2 0.4
v -0.8 0.2 0.4
v -0.3 0.2 0.4
v -0.2 0.2 0.4
v 2.5 0.2 0.4
v 2.6 0.2 0.4
v -2.1 0.2 0.3
v -2 0.2 0.3
v -1.2 0.2 0.3
v -1.1 0.2 0.3
v -1 0.2 0.3
v -0.9 0.2 0.3
v -0.6 0.2 0.3
v -0.5 0.2 0.3
v -0.0999999 0.2 0.3
v 0 0.2 0.3
v 0.2 0.2 0.3
v 0.3 0.2 0.3
v 1 0.2 0.3
v 1.1 0.2 0.3
v 1.3 0.2 0.3
v 1.4 0.2 0.3
v 2.4 0.2 0.3
v 2.5 0.2 0.3
v -2.2 0.2 0.2
v -2.1 0.2 0.2
v -2 0.2 0.2
v -1.9 0.2 0.2
v -1.3 0.2 0.2
v -1.2 0.2 0.2
v -0.9 0.2 0.2
v -0.8 0.2 0.2
v -0.6 0.2 0.2
v -0.5 0.2 0.2
v -0.3 0.2 0.2
v -0.2 0.2 0.2
v -0.0999999 0.2 0.2
v 0.5 0.2 0.2
v 0.6 0.2 0.2
v 1.3 0.2 0.2
v 1.4 0.2 0.2
v 1.5 0.2 0.2
v 3 0.2 0.2
v 3.1 0.2 0.2
v 3.2 0.2 0.2
v 3.3 0.2 0.2
v 3.4 0.2 0.2
v -2.1 0.2 0.0999999
v -2 0.2 0.0999999
v -1.3 0.2 0.0999999
v -1.2 0.2 0.0999999
v -0.6 0.2 0.0999999
v -0.5 0.2 0.0999999
v -0.4 0.2 0.0999999
v -0.3 0.2 0.0999999
v 0.2 0.2 0.0999999
v 0.3 0.2 0.0999999
v 1.4 0.2 0.0999999
v 1.5 0.2 0.0999999
v 2.5 0.2 0.0999999
v 2.6 0.2 0.0999999
v -3.3 0.2 -2.38419e-07
v -3.2 0.2 -2.38419e-07
v -2.2 0.2 -2.38419e-07
v -2.1 0.2 -2.38419e-07
v -1.5 0.2 -2.38419e-07
v -1.4 0.2 -2.38419e-07
v -0.5 0.2 -2.38419e-07
v -0.4 0.2 -2.38419e-07
v -0.3 0.2 -2.38419e-07
v 0.1 0.2 -2.38419e-07
v 0.2 0.2 -2.38419e-07
v 0.3 0.2 -2.38419e-07
v 0.5 0.2 -2.38419e-07
v 0.6 0.2 -2.38419e-07
v 2.5 0.2 -2.38419e-07
v 2.6 0.2 -2.38419e-07
v 2.9 0.2 -2.38419e-07
v 3 0.2 -2.38419e-07
v 3.4 0.2 -2.38419e-07
v 3.5 0.2 -2.38419e-07
v -2.5 0.2 -0.1
v -2.4 0.2 -0.1
v -1.2 0.2 -0.1
v -1.1 0.2 -0.1
v -0.9 0.2 -0.1
v -0.8 0.2 -0.1
v -0.2 0.2 -0.1
v 0 0.2 -0.1
v 2.9 0.2 -0.1
v 3.1 0.2 -0.1
v 3.3 0.2 -0.1
v 3.4 0.2 -0.1
v -3.9 0.2 -0.2
v -3.7 0.2 -0.2
v -3.6 0.2 -0.2
v -3.5 0.2 -0.2
v -2.6 0.2 -0.2
v -2.5 0.2 -0.2
v -1.5 0.2 -0.2
v -1.4 0.2 -0.2
v -1.2 0.2 -0.2
v -0.8 0.2 -0.2
v -0.7 0.2 -0.2
v -0.6 0.2 -0.2
v -0.4 0.2 -0.2
v -0.3 0.2 -0.2
v -0.0999999 0.2 -0.2
v 0 0.2 -0.2
v 0.1 0.2 -0.2
v 0.2 0.2 -0.2
v 0.3 0.2 -0.2
v 0.5 0.2 -0.2
v 0.6 0.2 -0.2
v 1.1 0.2 -0.2
v 1.2 0.2 -0.2
v 3.6 0.2 -0.2
v 3.7 0.2 -0.2
v 3.9 0.2 -0.2
v -3.9 0.2 -0.3
v -3.6 0.2 -0.3
v -3.5 0.2 -0.3
v -3.3 0.2 -0.3
v -3.2 0.2 -0.3
v -3.1 0.2 -0.3
v -1.1 0.2 -0.3
v -0.9 0.2 -0.3
v -0.8 0.2 -0.3
v -0.7 0.2 -0.3
v -0.6 0.2 -0.3
v -0.5 0.2 -0.3
v -0.4 0.2 -0.3
v -0.3 0.2 -0.3
v 0.1 0.2 -0.3
v 0.2 0.2 -0.3
v 1.2 0.2 -0.3
v 1.3 0.2 -0.3
v 3.6 0.2 -0.3
v 3.7 0.2 -0.3
v 3.9 0.2 -0.3
v -2.9 0.2 -0.4
v -2.8 0.2 -0.4
v -1.6 0.2 -0.4
v -1.5 0.2 -0.4
v -1 0.2 -0.4
v -0.9 0.2 -0.4
v -0.7 0.2 -0.4
v -0.6 0.2 -0.4
v -0.5 0.2 -0.4
v -0.2 0.2 -0.4
v -0.0999999 0.2 -0.4
v 0 0.2 -0.4
v 0.2 0.2 -0.4
v 0.3 0.2 -0.4
v 1.2 0.2 -0.4
v 1.3 0.2 -0.4
v 2.3 0.2 -0.4
v 2.5 0.2 -0.4
v 2.6 0.2 -0.4
v 2.8 0.2 -0.4
v 3.4 0.2 -0.4
v 3.5 0.2 -0.4
v -2.5 0.2 -0.5
v -2.4 0.2 -0.5
v -1.7 0.2 -0.5
v -1.6 0.2 -0.5
v -1.3 0.2 -0.5
v -1.2 0.2 -0.5
v -1.1 0.2 -0.5
v -1 0.2 -0.5
v -0.5 0.2 -0.5
v -0.4 0.2 -0.5
v 0.2 0.2 -0.5
v 0.3 0.2 -0.5
v 0.5 0.2 -0.5
v 0.6 0.2 -0.5
v 1.5 0.2 -0.5
v 1.7 0.2 -0.5
v 2.2 0.2 -0.5
v 2.3 0.2 -0.5
v 3.1 0.2 -0.5
v 3.2 0.2 -0.5
v -3.2 0.2 -0.6
v -3.1 0.2 -0.6
v -3 0.2 -0.6
v -1.6 0.2 -0.6
v -1.5 0.2 -0.6
v -1.2 0.2 -0.6
v -1.1 0.2 -0.6
v -1 0.2 -0.6
v -0.9 0.2 -0.6
v -0.7 0.2 -0.6
v -0.6 0.2 -0.6
v 0.2 0.2 -0.6
v 0.3 0.2 -0.6
v 0.4 0.2 -0.6
v 0.5 0.2 -0.6
v 1.5 0.2 -0.6
v 1.6 0.2 -0.6
v 3.2 0.2 -0.6
v 3.3 0.2 -0.6
v -1.8 0.2 -0.7
v -1.7 0.2 -0.7
v -1.2 0.2 -0.7
v -1.1 0.2 -0.7
v -0.6 0.2 -0.7
v -0.5 0.2 -0.7
v -0.4 0.2 -0.7
v -0.3 0.2 -0.7
v -0.2 0.2 -0.7
v 0.3 0.2 -0.7
v 0.4 0.2 -0.7
v 0.5 0.2 -0.7
v 1.7 0.2 -0.7
v 1.8 0.2 -0.7
v 3.1 0.2 -0.7
v 3.2 0.2 -0.7
v -3 0.2 -0.8
v -2.9 0.2 -0.8
v -1.9 0.2 -0.8
v -1.8 0.2 -0.8
v -1.7 0.2 -0.8
v -1.6 0.2 -0.8
v -0.9 0.2 -0.8
v -0.7 0.2 -0.8
v -0.3 0.2 -0.8
v -0.0999999 0.2 -0.8
v 0.1 0.2 -0.8
v 0.2 0.2 -0.8
v 0.3 0.2 -0.8
v 0.4 0.2 -0.8
v 0.5 0.2 -0.8
v 1.6 0.2 -0.8
v 1.7 0.2 -0.8
v 2.2 0.2 -0.8
v 2.3 0.2 -0.8
v 2.4 0.2 -0.8
v 2.8 0.2 -0.8
v -3.1 0.2 -0.9
v -3 0.2 -0.9
v -1.8 0.2 -0.9
v -1.7 0.2 -0.9
v -1.4 0.2 -0.9
v -1.3 0.2 -0.9
v -1.2 0.2 -0.9
v -1 0.2 -0.9
v -0.9 0.2 -0.9
v -0.4 0.2 -0.9
v -0.3 0.2 -0.9
v 0.1 0.2 -0.9
v 0.2 0.2 -0.9
v 0.3 0.2 -0.9
v 0.4 0.2 -0.9
v 1.2 0.2 -0.9
v 1.3 0.2 -0.9
v 1.8 0.2 -0.9
v 1.9 0.2 -0.9
v 3.2 0.2 -0.9
v 3.3 0.2 -0.9
v 3.4 0.2 -0.9
v -2 0.2 -1
v -1.9 0.2 -1
v -1.8 0.2 -1
v -0.9 0.2 -1
v -0.7 0.2 -1
v -0.6 0.2 -1
v -0.5 0.2 -1
v -0.3 0.2 -1
v 0 0.2 -1
v 0.1 0.2 -1
v 0.2 0.2 -1
v 0.4 0.2 -1
v 0.5 0.2 -1
v 1.1 0.2 -1
v 1.2 0.2 -1
v 1.7 0.2 -1
v 1.8 0.2 -1
v -3.9 0.2 -1.1
v -3.6 0.2 -1.1
v -3.5 0.2 -1.1
v -3 0.2 -1.1
v -2.9 0.2 -1.1
v -2.8 0.2 -1.1
v -2.1 0.2 -1.1
v -2 0.2 -1.1
v -1.9 0.2 -1.1
v -0.7 0.2 -1.1
v -0.6 0.2 -1.1
v -0.4 0.2 -1.1
v 0 0.2 -1.1
v 0.4 0.2 -1.1
v 0.5 0.2 -1.1
v 1.1 0.2 -1.1
v 1.2 0.2 -1.1
v 3.5 0.2 -1.1
v 3.6 0.2 -1.1
v 3.7 0.2 -1.1
v 3.9 0.2 -1.1
v -3.9 0.2 -1.2
v -3.7 0.2 -1.2
v -3.6 0.2 -1.2
v -3.5 0.2 -1.2
v -2.2 0.2 -1.2
v -2.1 0.2 -1.2
v 0.4 0.2 -1.2
v 0.5 0.2 -1.2
v 1.1 0.2 -1.2
v 1.2 0.2 -1.2
v 3.5 0.2 -1.2
v 3.6 0.2 -1.2
v 3.7 0.2 -1.2
v 3.9 0.2 -1.2
v -2.9 0.2 -1.3
v -2.8 0.2 -1.3
v -2.2 0.2 -1.3
v -2 0.2 -1.3
v 1.8 0.2 -1.3
v 1.9 0.2 -1.3
v 2 0.2 -1.3
v 3.3 0.2 -1.3
v 3.4 0.2 -1.3
v -1.3 0.2 -1.4
v -1.2 0.2 -1.4
v 2.3 0.2 -1.5
v 2.4 0.2 -1.5
v 2.5 0.2 -1.5
v 3.6 0.2 -1.5
v 3.7 0.2 -1.5
v 3.8 0.2 -1.5
v -3.8 0.2 -1.6
v -3.7 0.2 -1.6
v -2.2 0.2 -1.6
v -2.1 0.2 -1.6
v -0.4 0.2 -1.6
v -0.3 0.2 -1.6
v 0.3 0.2 -1.6
v 0.4 0.2 -1.6
v 0.5 0.2 -1.6
v 1.1 0.2 -1.6
v 1.2 0.2 -1.6
v 1.6 0.2 -1.6
v 1.8 0.2 -1.6
v 2 0.2 -1.6
v 2.1 0.2 -1.6
v 3.1 0.2 -1.6
v 3.2 0.2 -1.6
v 3.6 0.2 -1.6
v 3.7 0.2 -1.6
v -3.8 0.2 -1.7
v -3.6 0.2 -1.7
v -3.5 0.2 -1.7
v -3.3 0.2 -1.7
v -2.2 0.2 -1.7
v -2.1 0.2 -1.7
v -1.7 0.2 -1.7
v -1.5 0.2 -1.7
v -1.4 0.2 -1.7
v -0.3 0.2 -1.7
v -0.0999999 0.2 -1.7
v 0.3 0.2 -1.7
v 0.4 0.2 -1.7
v 1.8 0.2 -1.7
v 1.9 0.2 -1.7
v 3 0.2 -1.7
v 3.1 0.2 -1.7
v -3.5 0.2 -1.8
v -3.4 0.2 -1.8
v -3.2 0.2 -1.8
v -3.1 0.2 -1.8
v -2.6 0.2 -1.8
v -2.3 0.2 -1.8
v -2.1 0.2 -1.8
v -1.7 0.2 -1.8
v -1.5 0.2 -1.8
v -1.4 0.2 -1.8
v -1 0.2 -1.8
v -0.4 0.2 -1.8
v -0.2 0.2 -1.8
v 1.1 0.2 -1.8
v 1.3 0.2 -1.8
v 1.6 0.2 -1.8
v 1.8 0.2 -1.8
v 3.1 0.2 -1.8
v 3.2 0.2 -1.8
v 3.6 0.2 -1.8
v 3.8 0.2 -1.8
v -3.4 0.2 -1.9
v -3.3 0.2 -1.9
v -3.2 0.2 -1.9
v -3.1 0.2 -1.9
v -3 0.2 -1.9
v -2.6 0.2 -1.9
v -2.4 0.2 -1.9
v -2.3 0.2 -1.9
v -2.2 0.2 -1.9
v -1.7 0.2 -1.9
v -1 0.2 -1.9
v -0.7 0.2 -1.9
v -0.2 0.2 -1.9
v -0.0999999 0.2 -1.9
v 0.8 0.2 -1.9
v 0.9 0.2 -1.9
v 1.8 0.2 -1.9
v 2.1 0.2 -1.9
v -3.9 0.2 -2
v -3.6 0.2 -2
v -3.5 0.2 -2
v -3.3 0.2 -2
v -3.1 0.2 -2
v -3 0.2 -2
v -2.8 0.2 -2
v -2.7 0.2 -2
v -2.6 0.2 -2
v -2.4 0.2 -2
v -2.3 0.2 -2
v -1.8 0.2 -2
v -1.7 0.2 -2
v -1 0.2 -2
v -0.9 0.2 -2
v -0.8 0.2 -2
v -0.7 0.2 -2
v 0 0.2 -2
v 0.1 0.2 -2
v 0.4 0.2 -2
v 0.5 0.2 -2
v 0.7 0.2 -2
v 0.8 0.2 -2
v 0.9 0.2 -2
v 1 0.2 -2
v 1.8 0.2 -2
v 1.9 0.2 -2
v 2.7 0.2 -2
v 2.8 0.2 -2
v 3 0.2 -2
v 3.1 0.2 -2
v 3.6 0.2 -2
v 3.7 0.2 -2
v 3.9 0.2 -2
v -3.5 0.2 -2.1
v -3.1 0.2 -2.1
v -2.8 0.2 -2.1
v -2.7 0.2 -2.1
v -2.6 0.2 -2.1
v -2.3 0.2 -2.1
v -2.2 0.2 -2.1
v -1.8 0.2 -2.1
v -1.7 0.2 -2.1
v -0.9 0.2 -2.1
v -0.8 0.2 -2.1
v 0 0.2 -2.1
v 0.1 0.2 -2.1
v 0.3 0.2 -2.1
v 0.4 0.2 -2.1
v 0.6 0.2 -2.1
v 0.7 0.2 -2.1
v 0.8 0.2 -2.1
v 0.9 0.2 -2.1
v 1 0.2 -2.1
v 1.8 0.2 -2.1
v 1.9 0.2 -2.1
v 2.7 0.2 -2.1
v 2.8 0.2 -2.1
v 3.6 0.2 -2.1
v 0.4 0.2 -2.3
v 0.6 0.2 -2.3
v 0.7 0.2 -2.3
v -3.5 0.2 -2.4
v -2.7 0.2 -2.4
v -2.6 0.2 -2.4
v -1.8 0.2 -2.4
v -1.7 0.2 -2.4
v -0.9 0.2 -2.4
v -0.8 0.2 -2.4
v 0 0.2 -2.4
v 0.1 0.2 -2.4
v 0.4 0.2 -2.4
v 0.6 0.2 -2.4
v 0.9 0.2 -2.4
v 1 0.2 -2.4
v 1.8 0.2 -2.4
v 1.9 0.2 -2.4
v 2.4 0.2 -2.4
v 2.5 0.2 -2.4
v 2.7 0.2 -2.4
v 2.8 0.2 -2.4
v 3.6 0.2 -2.4
v -0.8 0.3 0.9
v -0.3 0.3 0.9
v -0.7 0.3 0.8
v -0.4 0.3 0.8
v -0.7 0.3 0.5
v -0.4 0.3 0.5
v -0.8 0.3 0.4
v -0.3 0.3 0.4
v -0.7 0.4 0.8
v -0.4 0.4 0.8
v -0.6 0.4 0.7
v -0.5 0.4 0.7
v -0.6 0.4 0.6
v -0.5 0.4 0.6
v -0.7 0.4 0.5
v -0.4 0.4 0.5
v 2.3 0.4 -0.4
v 2.8 0.4 -0.4
v 2.3 0.4 -0.8
v 2.8 0.4 -0.8
v 2.3 0.6 -0.1
v 2.8 0.6 -0.1
v 2.3 0.6 -0.4
v 2.8 0.6 -0.4
v 2.3 0.8 0.2
v 2.8 0.8 0.2
v 2.3 0.8 -0.1
v 2.8 0.8 -0.1
v 2.3 1 0.5
v 2.8 1 0.5
v 2.3 1 0.2
v 2.8 1 0.2
v -0.9 1.1 1
v -0.2 1.1 1
v -0.8 1.1 0.9
v -0.3 1.1 0.9
v -0.8 1.1 0.4
v -0.3 1.1 0.4
v -0.9 1.1 0.3
v -0.2 1.1 0.3
v -0.8 1.2 0.9
v -0.3 1.2 0.9
v -0.7 1.2 0.8
v -0.4 1.2 0.8
v 2.3 1.2 0.8
v 2.9 1.2 0.8
v -0.7 1.2 0.5
v -0.4 1.2 0.5
v 2.3 1.2 0.5
v 2.9 1.2 0.5
v -0.8 1.2 0.4
v -0.3 1.2 0.4
v -0.7 1.3 0.8
v -0.4 1.3 0.8
v -0.6 1.3 0.7
v -0.5 1.3 0.7
v -0.6 1.3 0.6
v -0.5 1.3 0.6
v -0.7 1.3 0.5
v -0.4 1.3 0.5
v 2.3 1.4 1.1
v 2.9 1.4 1.1
v 2.3 1.4 0.8
v 2.9 1.4 0.8
v 2.3 1.6 1.4
v 2.9 1.6 1.4
v 2.3 1.6 1.1
v 2.9 1.6 1.1
v -0.7 1.7 0.8
v -0.4 1.7 0.8
v -0.7 1.7 0.5
v -0.4 1.7 0.5
v 2.3 1.8 1.7
v 3 1.8 1.7
v 2.3 1.8 1.4
v 3 1.8 1.4
v 3.4 2.1 -2
v 3.7 2.1 -2
v 3.4 2.1 -2.1
v 3.7 2.1 -2.1
v -3.5 2.2 2.5
v 3.6 2.2 2.5
v -2.6 2.2 2
v 2.8 2.2 2
v 1.9 2.2 -0.6
v 2.8 2.2 -0.6
v -2.6 2.2 -0.7
v -2.2 2.2 -0.7
v -3.5 2.2 -0.9
v -2.2 2.2 -0.9
v 1.9 2.2 -0.9
v -3.5 2.2 -1
v -3.5 2.2 -2
v 3.6 2.2 -2
v -3.6 2.3 2.4
v -3.5 2.3 2.4
v 3.6 2.3 2.4
v 3.7 2.3 2.4
v -3.6 2.3 1.6
v -3.5 2.3 1.6
v 3.6 2.3 1.6
v 3.7 2.3 1.6
v -3.6 2.3 1.5
v -3.5 2.3 1.5
v 3.6 2.3 1.5
v 3.7 2.3 1.5
v -3.6 2.3 0.7
v -3.5 2.3 0.7
v 3.6 2.3 0.7
v 3.7 2.3 0.7
v -3.6 2.3 0.6
v -3.5 2.3 0.6
v 3.6 2.3 0.6
v 3.7 2.3 0.6
v -3.6 2.3 -0.2
v -3.5 2.3 -0.2
v 3.6 2.3 -0.2
v 3.7 2.3 -0.2
v -3.6 2.3 -0.3
v -3.5 2.3 -0.3
v 3.6 2.3 -0.3
v 3.7 2.3 -0.3
v -3.6 2.3 -0.9
v -3.5 2.3 -0.9
v -3.6 2.3 -1
v -3.5 2.3 -1
v -3.6 2.3 -1.1
v -3.5 2.3 -1.1
v 3.6 2.3 -1.1
v 3.7 2.3 -1.1
v -3.6 2.3 -1.2
v -3.5 2.3 -1.2
v 3.6 2.3 -1.2
v 3.7 2.3 -1.2
v -3.6 2.3 -2
v -3.5 2.3 -2
v -2.7 2.3 -2
v -2.6 2.3 -2
v -1.8 2.3 -2
v -1.7 2.3 -2
v -0.9 2.3 -2
v -0.8 2.3 -2
v 0 2.3 -2
v 0.1 2.3 -2
v 0.9 2.3 -2
v 1 2.3 -2
v 1.8 2.3 -2
v 1.9 2.3 -2
v 2.7 2.3 -2
v 2.8 2.3 -2
v 3.6 2.3 -2
v 3.7 2.3 -2
v -3.5 2.3 -2.1
v -2.7 2.3 -2.1
v -2.6 2.3 -2.1
v -1.8 2.3 -2.1
v -1.7 2.3 -2.1
v -0.9 2.3 -2.1
v -0.8 2.3 -2.1
v 0 2.3 -2.1
v 0.1 2.3 -2.1
v 0.9 2.3 -2.1
v 1 2.3 -2.1
v 1.8 2.3 -2.1
v 1.9 2.3 -2.1
v 2.7 2.3 -2.1
v 2.8 2.3 -2.1
v 3.6 2.3 -2.1
v -3.9 2.6 2.4
v -3.7 2.6 2.4
v -3.5 2.6 2.4
v 3.6 2.6 2.4
v 3.7 2.6 2.4
v 3.9 2.6 2.4
v 3.9 2.6 2.3
v -3.9 2.6 2
v -3.9 2.6 1.6
v -3.7 2.6 1.6
v -3.5 2.6 1.6
v 3.6 2.6 1.6
v 3.7 2.6 1.6
v 3.9 2.6 1.6
v -3.9 2.6 1.5
v -3.7 2.6 1.5
v -3.5 2.6 1.5
v 3.6 2.6 1.5
v 3.7 2.6 1.5
v 3.9 2.6 1.5
v 3.9 2.6 1.3
v -3.9 2.6 1.1
v -3.7 2.6 1.1
v -3.9 2.6 0.7
v -3.7 2.6 0.7
v -3.5 2.6 0.7
v 3.6 2.6 0.7
v 3.7 2.6 0.7
v 3.9 2.6 0.7
v -3.9 2.6 0.6
v -3.7 2.6 0.6
v -3.5 2.6 0.6
v 3.6 2.6 0.6
v 3.7 2.6 0.6
v 3.9 2.6 0.6
v 3.9 2.6 0.3
v -3.9 2.6 0.0999999
v -3.9 2.6 -0.2
v -3.7 2.6 -0.2
v -3.5 2.6 -0.2
v 3.6 2.6 -0.2
v 3.7 2.6 -0.2
v 3.9 2.6 -0.2
v -3.9 2.6 -0.3
v -3.7 2.6 -0.3
v -3.5 2.6 -0.3
v 3.6 2.6 -0.3
v 3.7 2.6 -0.3
v 3.9 2.6 -0.3
v -3.9 2.6 -0.4
v -3.7 2.6 -0.4
v 3.9 2.6 -0.7
v -3.9 2.6 -0.9
v -3.9 2.6 -1.1
v -3.7 2.6 -1.1
v -3.5 2.6 -1.1
v 3.6 2.6 -1.1
v 3.7 2.6 -1.1
v 3.9 2.6 -1.1
v -3.9 2.6 -1.2
v -3.7 2.6 -1.2
v -3.5 2.6 -1.2
v 3.6 2.6 -1.2
v 3.7 2.6 -1.2
v 3.9 2.6 -1.2
v -3.9 2.6 -1.3
v 3.9 2.6 -1.5
v -3.9 2.6 -1.7
v -3.9 2.6 -1.9
v -3.9 2.6 -2
v -3.7 2.6 -2
v -3.5 2.6 -2
v -2.7 2.6 -2
v -2.6 2.6 -2
v -1.8 2.6 -2
v -1.7 2.6 -2
v -0.9 2.6 -2
v -0.8 2.6 -2
v 0 2.6 -2
v 0.1 2.6 -2
v 0.9 2.6 -2
v 1 2.6 -2
v 1.8 2.6 -2
v 1.9 2.6 -2
v 2.7 2.6 -2
v 2.8 2.6 -2
v 3.6 2.6 -2
v 3.7 2.6 -2
v 3.9 2.6 -2
v -3.5 2.6 -2.1
v -2.7 2.6 -2.1
v -2.6 2.6 -2.1
v -1.8 2.6 -2.1
v -1.7 2.6 -2.1
v -0.9 2.6 -2.1
v -0.8 2.6 -2.1
v 0 2.6 -2.1
v 0.1 2.6 -2.1
v 0.9 2.6 -2.1
v 1 2.6 -2.1
v 1.8 2.6 -2.1
v 1.9 2.6 -2.1
v 2.7 2.6 -2.1
v 2.8 2.6 -2.1
v 3.6 2.6 -2.1
v -3.5 2.6 -2.4
v -3 2.6 -2.4
v -2.7 2.6 -2.4
v -2.6 2.6 -2.4
v -2.3 2.6 -2.4
v -1.8 2.6 -2.4
v -1.7 2.6 -2.4
v -1.5 2.6 -2.4
v -0.9 2.6 -2.4
v -0.8 2.6 -2.4
v -0.2 2.6 -2.4
v 0 2.6 -2.4
v 0.1 2.6 -2.4
v 0.5 2.6 -2.4
v 0.9 2.6 -2.4
v 1 2.6 -2.4
v 1.4 2.6 -2.4
v 1.8 2.6 -2.4
v 1.9 2.6 -2.4
v 2.2 2.6 -2.4
v 2.7 2.6 -2.4
v 2.8 2.6 -2.4
v 3.4 2.6 -2.4
v 3.6 2.6 -2.4
v -3.6 3.7 2.5
v -3.5 3.7 2.5
v 3.6 3.7 2.5
v 3.7 3.7 2.5
v -3.6 3.7 2.4
v -3.5 3.7 2.4
v 3.6 3.7 2.4
v 3.7 3.7 2.4
v -3.6 3.7 1.6
v -3.5 3.7 1.6
v 3.6 3.7 1.6
v 3.7 3.7 1.6
v -3.6 3.7 1.5
v -3.5 3.7 1.5
v 3.6 3.7 1.5
v 3.7 3.7 1.5
v -3.6 3.7 0.7
v -3.5 3.7 0.7
v 3.6 3.7 0.7
v 3.7 3.7 0.7
v -3.6 3.7 0.6
v -3.5 3.7 0.6
v 3.6 3.7 0.6
v 3.7 3.7 0.6
v -3.6 3.7 -0.2
v -3.5 3.7 -0.2
v 3.6 3.7 -0.2
v 3.7 3.7 -0.2
v -3.6 3.7 -0.3
v -3.5 3.7 -0.3
v 3.6 3.7 -0.3
v 3.7 3.7 -0.3
v -3.6 3.7 -1.1
v -3.5 3.7 -1.1
v 3.6 3.7 -1.1
v 3.7 3.7 -1.1
v -3.6 3.7 -1.2
v -3.5 3.7 -1.2
v 3.6 3.7 -1.2
v 3.7 3.7 -1.2
v -3.6 3.7 -2
v -3.5 3.7 -2
v -2.7 3.7 -2
v -2.6 3.7 -2
v -1.8 3.7 -2
v -1.7 3.7 -2
v -0.9 3.7 -2
v -0.8 3.7 -2
v 0 3.7 -2
v 0.1 3.7 -2
v 0.9 3.7 -2
v 1 3.7 -2
v 1.8 3.7 -2
v 1.9 3.7 -2
v 2.7 3.7 -2
v 2.8 3.7 -2
v 3.6 3.7 -2
v 3.7 3.7 -2
v -3.6 3.7 -2.1
v -3.5 3.7 -2.1
v -2.7 3.7 -2.1
v -2.6 3.7 -2.1
v -1.8 3.7 -2.1
v -1.7 3.7 -2.1
v -0.9 3.7 -2.1
v -0.8 3.7 -2.1
v 0 3.7 -2.1
v 0.1 3.7 -2.1
v 0.9 3.7 -2.1
v 1 3.7 -2.1
v 1.8 3.7 -2.1
v 1.9 3.7 -2.1
v 2.7 3.7 -2.1
v 2.8 3.7 -2.1
v 3.6 3.7 -2.1
v 3.7 3.7 -2.1
v -3.6 3.8 2.4
v -3.5 3.8 2.4
v 3.6 3.8 2.4
v 3.7 3.8 2.4
v -3.6 3.8 2.3
v -3.5 3.8 2.3
v 3.6 3.8 2.3
v 3.7 3.8 2.3
v -3.6 3.8 1.7
v -3.5 3.8 1.7
v 3.6 3.8 1.7
v 3.7 3.8 1.7
v -3.6 3.8 1.6
v -3.5 3.8 1.6
v 3.6 3.8 1.6
v 3.7 3.8 1.6
v -3.6 3.8 1.5
v -3.5 3.8 1.5
v 3.6 3.8 1.5
v 3.7 3.8 1.5
v -3.6 3.8 1.4
v -3.5 3.8 1.4
v 3.6 3.8 1.4
v 3.7 3.8 1.4
v -3.6 3.8 0.8
v -3.5 3.8 0.8
v 3.6 3.8 0.8
v 3.7 3.8 0.8
v -3.6 3.8 0.7
v -3.5 3.8 0.7
v 3.6 3.8 0.7
v 3.7 3.8 0.7
v -3.6 3.8 0.6
v -3.5 3.8 0.6
v 3.6 3.8 0.6
v 3.7 3.8 0.6
v -3.6 3.8 0.5
v -3.5 3.8 0.5
v 3.6 3.8 0.5
v 3.7 3.8 0.5
v -3.6 3.8 -0.1
v -3.5 3.8 -0.1
v 3.6 3.8 -0.1
v 3.7 3.8 -0.1
v -3.6 3.8 -0.2
v -3.5 3.8 -0.2
v 3.6 3.8 -0.2
v 3.7 3.8 -0.2
v -3.6 3.8 -0.3
v -3.5 3.8 -0.3
v 3.6 3.8 -0.3
v 3.7 3.8 -0.3
v -3.6 3.8 -0.4
v -3.5 3.8 -0.4
v 3.6 3.8 -0.4
v 3.7 3.8 -0.4
v -3.6 3.8 -1
v -3.5 3.8 -1
v 3.6 3.8 -1
v 3.7 3.8 -1
v -3.6 3.8 -1.1
v -3.5 3.8 -1.1
v 3.6 3.8 -1.1
v 3.7 3.8 -1.1
v -3.6 3.8 -1.2
v -3.5 3.8 -1.2
v 3.6 3.8 -1.2
v 3.7 3.8 -1.2
v -3.6 3.8 -1.3
v -3.5 3.8 -1.3
v 3.6 3.8 -1.3
v 3.7 3.8 -1.3
v -3.6 3.8 -1.9
v -3.5 3.8 -1.9
v 3.6 3.8 -1.9
v 3.7 3.8 -1.9
v -3.6 3.8 -2
v -3.5 3.8 -2
v -3.4 3.8 -2
v -2.8 3.8 -2
v -2.7 3.8 -2
v -2.6 3.8 -2
v -2.5 3.8 -2
v -1.9 3.8 -2
v -1.8 3.8 -2
v -1.7 3.8 -2
v -1.6 3.8 -2
v -1 3.8 -2
v -0.9 3.8 -2
v -0.8 3.8 -2
v -0.7 3.8 -2
v -0.0999999 3.8 -2
v 0 3.8 -2
v 0.1 3.8 -2
v 0.2 3.8 -2
v 0.8 3.8 -2
v 0.9 3.8 -2
v 1 3.8 -2
v 1.1 3.8 -2
v 1.7 3.8 -2
v 1.8 3.8 -2
v 1.9 3.8 -2
v 2 3.8 -2
v 2.6 3.8 -2
v 2.7 3.8 -2
v 2.8 3.8 -2
v 2.9 3.8 -2
v 3.5 3.8 -2
v 3.6 3.8 -2
v 3.7 3.8 -2
v -3.5 3.8 -2.1
v -3.4 3.8 -2.1
v -2.8 3.8 -2.1
v -2.7 3.8 -2.1
v -2.6 3.8 -2.1
v -2.5 3.8 -2.1
v -1.9 3.8 -2.1
v -1.8 3.8 -2.1
v -1.7 3.8 -2.1
v -1.6 3.8 -2.1
v -1 3.8 -2.1
v -0.9 3.8 -2.1
v -0.8 3.8 -2.1
v -0.7 3.8 -2.1
v -0.0999999 3.8 -2.1
v 0 3.8 -2.1
v 0.1 3.8 -2.1
v 0.2 3.8 -2.1
v 0.8 3.8 -2.1
v 0.9 3.8 -2.1
v 1 3.8 -2.1
v 1.1 3.8 -2.1
v 1.7 3.8 -2.1
v 1.8 3.8 -2.1
v 1.9 3.8 -2.1
v 2 3.8 -2.1
v 2.6 3.8 -2.1
v 2.7 3.8 -2.1
v 2.8 3.8 -2.1
v 2.9 3.8 -2.1
v 3.5 3.8 -2.1
v 3.6 3.8 -2.1
v -3.6 3.9 2.3
v -3.5 3.9 2.3
v 3.6 3.9 2.3
v 3.7 3.9 2.3
v -3.6 3.9 2.2
v -3.5 3.9 2.2
v 3.6 3.9 2.2
v 3.7 3.9 2.2
v -3.6 3.9 1.8
v -3.5 3.9 1.8
v 3.6 3.9 1.8
v 3.7 3.9 1.8
v -3.6 3.9 1.7
v -3.5 3.9 1.7
v 3.6 3.9 1.7
v 3.7 3.9 1.7
v -3.6 3.9 1.4
v -3.5 3.9 1.4
v 3.6 3.9 1.4
v 3.7 3.9 1.4
v -3.6 3.9 1.3
v -3.5 3.9 1.3
v 3.6 3.9 1.3
v 3.7 3.9 1.3
v -3.6 3.9 0.9
v -3.5 3.9 0.9
v 3.6 3.9 0.9
v 3.7 3.9 0.9
v -3.6 3.9 0.8
v -3.5 3.9 0.8
v 3.6 3.9 0.8
v 3.7 3.9 0.8
v -3.6 3.9 0.5
v -3.5 3.9 0.5
v 3.6 3.9 0.5
v 3.7 3.9 0.5
v -3.6 3.9 0.4
v -3.5 3.9 0.4
v 3.6 3.9 0.4
v 3.7 3.9 0.4
v -3.6 3.9 -2.38419e-07
v -3.5 3.9 -2.38419e-07
v 3.6 3.9 -2.38419e-07
v 3.7 3.9 -2.38419e-07
v -3.6 3.9 -0.1
v -3.5 3.9 -0.1
v 3.6 3.9 -0.1
v 3.7 3.9 -0.1
v -3.6 3.9 -0.4
v -3.5 3.9 -0.4
v 3.6 3.9 -0.4
v 3.7 3.9 -0.4
v -3.6 3.9 -0.5
v -3.5 3.9 -0.5
v 3.6 3.9 -0.5
v 3.7 3.9 -0.5
v -3.6 3.9 -0.9
v -3.5 3.9 -0.9
v 3.6 3.9 -0.9
v 3.7 3.9 -0.9
v -3.6 3.9 -1
v -3.5 3.9 -1
v 3.6 3.9 -1
v 3.7 3.9 -1
v -3.6 3.9 -1.3
v -3.5 3.9 -1.3
v 3.6 3.9 -1.3
v 3.7 3.9 -1.3
v -3.6 3.9 -1.4
v -3.5 3.9 -1.4
v 3.6 3.9 -1.4
v 3.7 3.9 -1.4
v -3.6 3.9 -1.8
v -3.5 3.9 -1.8
v 3.6 3.9 -1.8
v 3.7 3.9 -1.8
v -3.6 3.9 -1.9
v -3.5 3.9 -1.9
v 3.6 3.9 -1.9
v 3.7 3.9 -1.9
v -3.4 3.9 -2
v -3.3 3.9 -2
v -2.9 3.9 -2
v -2.8 3.9 -2
v -2.5 3.9 -2
v -2.4 3.9 -2
v -2 3.9 -2
v -1.9 3.9 -2
v -1.6 3.9 -2
v -1.5 3.9 -2
v -1.1 3.9 -2
v -1 3.9 -2
v -0.7 3.9 -2
v -0.6 3.9 -2
v -0.2 3.9 -2
v -0.0999999 3.9 -2
v 0.2 3.9 -2
v 0.3 3.9 -2
v 0.7 3.9 -2
v 0.8 3.9 -2
v 1.1 3.9 -2
v 1.2 3.9 -2
v 1.6 3.9 -2
v 1.7 3.9 -2
v 2 3.9 -2
v 2.1 3.9 -2
v 2.5 3.9 -2
v 2.6 3.9 -2
v 2.9 3.9 -2
v 3 3.9 -2
v 3.4 3.9 -2
v 3.5 3.9 -2
v -3.4 3.9 -2.1
v -3.3 3.9 -2.1
v -2.9 3.9 -2.1
v -2.8 3.9 -2.1
v -2.5 3.9 -2.1
v -2.4 3.9 -2.1
v -2 3.9 -2.1
v -1.9 3.9 -2.1
v -1.6 3.9 -2.1
v -1.5 3.9 -2.1
v -1.1 3.9 -2.1
v -1 3.9 -2.1
v -0.7 3.9 -2.1
v -0.6 3.9 -2.1
v -0.2 3.9 -2.1
v -0.0999999 3.9 -2.1
v 0.2 3.9 -2.1
v 0.3 3.9 -2.1
v 0.7 3.9 -2.1
v 0.8 3.9 -2.1
v 1.1 3.9 -2.1
v 1.2 3.9 -2.1
v 1.6 3.9 -2.1
v 1.7 3.9 -2.1
v 2 3.9 -2.1
v 2.1 3.9 -2.1
v 2.5 3.9 -2.1
v 2.6 3.9 -2.1
v 2.9 3.9 -2.1
v 3 3.9 -2.1
v 3.4 3.9 -2.1
v 3.5 3.9 -2.1
v -4 4 2.5
v -3.9 4 2.5
v -3.6 4 2.5
v 3.7 4 2.5
v 3.9 4 2.5
v 4 4 2.5
v -3.7 4 2.2
v -3.6 4 2.2
v -3.5 4 2.2
v 3.6 4 2.2
v 3.7 4 2.2
v -3.7 4 1.8
v -3.6 4 1.8
v -3.5 4 1.8
v 3.6 4 1.8
v 3.7 4 1.8
v -3.9 4 1.3
v -3.7 4 1.3
v -3.6 4 1.3
v -3.5 4 1.3
v 3.6 4 1.3
v 3.7 4 1.3
v -3.9 4 0.9
v -3.7 4 0.9
v -3.6 4 0.9
v -3.5 4 0.9
v 3.6 4 0.9
v 3.7 4 0.9
v -3.7 4 0.4
v -3.6 4 0.4
v -3.5 4 0.4
v 3.6 4 0.4
v 3.7 4 0.4
v -3.7 4 -2.38419e-07
v -3.6 4 -2.38419e-07
v -3.5 4 -2.38419e-07
v 3.6 4 -2.38419e-07
v 3.7 4 -2.38419e-07
v -3.7 4 -0.5
v -3.6 4 -0.5
v -3.5 4 -0.5
v 3.6 4 -0.5
v 3.7 4 -0.5
v -3.7 4 -0.9
v -3.6 4 -0.9
v -3.5 4 -0.9
v 3.6 4 -0.9
v 3.7 4 -0.9
v -3.7 4 -1.4
v -3.6 4 -1.4
v -3.5 4 -1.4
v 3.6 4 -1.4
v 3.7 4 -1.4
v -3.7 4 -1.8
v -3.6 4 -1.8
v -3.5 4 -1.8
v 3.6 4 -1.8
v 3.7 4 -1.8
v -3.3 4 -2
v -2.9 4 -2
v -2.4 4 -2
v -2 4 -2
v -1.5 4 -2
v -1.1 4 -2
v -0.6 4 -2
v -0.2 4 -2
v 0.3 4 -2
v 0.7 4 -2
v 1.2 4 -2
v 1.6 4 -2
v 2.1 4 -2
v 2.5 4 -2
v 3 4 -2
v 3.4 4 -2
v -3.6 4 -2.1
v -3.3 4 -2.1
v -2.9 4 -2.1
v -2.4 4 -2.1
v -2 4 -2.1
v -1.5 4 -2.1
v -1.1 4 -2.1
v -0.6 4 -2.1
v -0.2 4 -2.1
v 0.3 4 -2.1
v 0.7 4 -2.1
v 1.2 4 -2.1
v 1.6 4 -2.1
v 2.1 4 -2.1
v 2.5 4 -2.1
v 3 4 -2.1
v 3.4 4 -2.1
v 3.7 4 -2.1
v -3.9 4 -2.4
v 3.9 4 -2.4
v -4 4 -2.5
v 4 4 -2.5

# faces
f 3/3/1 2/3/1 1/3/1
f 4/3/1 2/3/1 3/3/1
f 5/3/1 2/3/1 4/3/1
f 6/3/1 2/3/1 5/3/1
f 7/3/1 2/3/1 6/3/1
f 8/3/1 2/3/1 7/3/1
f 9/3/1 2/3/1 8/3/1
f 10/3/1 2/3/1 9/3/1
f 11/3/1 2/3/1 10/3/1
f 12/3/1 2/3/1 11/3/1
f 13/3/1 3/3/1 1/3/1
f 13/11/1 4/11/1 3/11/1
f 14/3/1 5/3/1 4/3/1
f 14/11/1 4/11/1 13/11/1
f 15/11/1 6/11/1 5/11/1
f 15/3/1 5/3/1 14/3/1
f 16/3/1 7/3/1 6/3/1
f 16/11/1 6/11/1 15/11/1
f 17/11/1 8/11/1 7/11/1
f 17/3/1 7/3/1 16/3/1
f 18/3/1 9/3/1 8/3/1
f 18/11/1 8/11/1 17/11/1
f 19/11/1 10/11/1 9/11/1
f 19/3/1 9/3/1 18/3/1
f 20/3/1 11/3/1 10/3/1
f 20/11/1 10/11/1 19/11/1
f 21/11/1 12/11/1 11/11/1
f 21/3/1 11/3/1 20/3/1
f 22/3/1 2/3/1 12/3/1
f 22/11/1 12/11/1 21/11/1
f 23/3/1 21/3/1 20/3/1
f 23/3/1 20/3/1 19/3/1
f 23/3/1 22/3/1 21/3/1
f 23/3/1 19/3/1 18/3/1
f 23/3/1 18/3/1 17/3/1
f 23/3/1 17/3/1 16/3/1
f 23/3/1 16/3/1 15/3/1
f 23/3/1 15/3/1 14/3/1
f 23/3/1 14/3/1 13/3/1
f 24/3/1 22/3/1 23/3/1
f 25/3/1 22/3/1 24/3/1
f 26/3/1 22/3/1 25/3/1
f 27/3/1 13/3/1 1/3/1
f 27/3/1 23/3/1 13/3/1
f 28/3/1 23/3/1 27/3/1
f 29/7/1 24/7/1 23/7/1
f 29/3/1 23/3/1 28/3/1
f 30/3/1 25/3/1 24/3/1
f 30/7/1 24/7/1 29/7/1
f 31/3/1 25/3/1 30/3/1
f 32/3/1 25/3/1 31/3/1
f 33/3/1 25/3/1 32/3/1
f 34/3/1 25/3/1 33/3/1
f 35/11/1 26/11/1 25/11/1
f 35/3/1 25/3/1 34/3/1
f 36/3/1 22/3/1 26/3/1
f 36/11/1 26/11/1 35/11/1
f 37/3/1 22/3/1 36/3/1
f 38/3/1 22/3/1 37/3/1
f 39/3/1 22/3/1 38/3/1
f 40/3/1 22/3/1 39/3/1
f 41/3/1 22/3/1 40/3/1
f 42/3/1 2/3/1 22/3/1
f 42/3/1 22/3/1 41/3/1
f 43/3/1 27/3/1 1/3/1
f 44/6/1 28/6/1 27/6/1
f 44/3/1 27/3/1 43/3/1
f 45/7/1 33/7/1 32/7/1
f 46/8/1 34/8/1 33/8/1
f 46/7/1 33/7/1 45/7/1
f 47/7/1 41/7/1 40/7/1
f 47/11/1 42/11/1 41/11/1
f 48/3/1 2/3/1 42/3/1
f 48/11/1 42/11/1 47/11/1
f 49/7/1 45/7/1 32/7/1
f 50/8/1 46/8/1 45/8/1
f 50/7/1 45/7/1 49/7/1
f 51/6/1 36/6/1 35/6/1
f 51/6/1 37/6/1 36/6/1
f 52/8/1 38/8/1 37/8/1
f 52/6/1 37/6/1 51/6/1
f 53/6/1 28/6/1 44/6/1
f 53/6/1 44/6/1 43/6/1
f 54/7/1 29/7/1 28/7/1
f 54/6/1 28/6/1 53/6/1
f 54/7/1 30/7/1 29/7/1
f 55/7/1 30/7/1 54/7/1
f 56/8/1 31/8/1 30/8/1
f 56/7/1 30/7/1 55/7/1
f 57/3/1 35/3/1 34/3/1
f 57/6/1 51/6/1 35/6/1
f 58/6/1 51/6/1 57/6/1
f 59/6/1 51/6/1 58/6/1
f 60/8/1 52/8/1 51/8/1
f 60/6/1 51/6/1 59/6/1
f 61/7/1 47/7/1 40/7/1
f 61/7/1 48/7/1 47/7/1
f 62/3/1 2/3/1 48/3/1
f 62/7/1 48/7/1 61/7/1
f 63/6/1 53/6/1 43/6/1
f 64/6/1 53/6/1 63/6/1
f 65/6/1 53/6/1 64/6/1
f 66/7/1 55/7/1 54/7/1
f 66/6/1 53/6/1 65/6/1
f 66/7/1 54/7/1 53/7/1
f 67/8/1 31/8/1 56/8/1
f 67/8/1 56/8/1 55/8/1
f 68/3/1 32/3/1 31/3/1
f 68/8/1 31/8/1 67/8/1
f 69/7/1 49/7/1 32/7/1
f 69/3/1 32/3/1 68/3/1
f 70/6/1 59/6/1 58/6/1
f 70/9/1 58/9/1 57/9/1
f 71/6/1 59/6/1 70/6/1
f 72/6/1 59/6/1 71/6/1
f 73/8/1 60/8/1 59/8/1
f 73/6/1 59/6/1 72/6/1
f 74/6/1 40/6/1 39/6/1
f 75/7/1 61/7/1 40/7/1
f 75/6/1 40/6/1 74/6/1
f 76/3/1 64/3/1 63/3/1
f 77/6/1 65/6/1 64/6/1
f 77/3/1 64/3/1 76/3/1
f 78/7/1 66/7/1 65/7/1
f 78/6/1 65/6/1 77/6/1
f 79/7/1 55/7/1 66/7/1
f 79/7/1 66/7/1 78/7/1
f 80/8/1 67/8/1 55/8/1
f 80/7/1 55/7/1 79/7/1
f 81/11/1 68/11/1 67/11/1
f 81/7/1 69/7/1 68/7/1
f 82/7/1 49/7/1 69/7/1
f 82/7/1 69/7/1 81/7/1
f 83/6/1 74/6/1 39/6/1
f 83/11/1 39/11/1 38/11/1
f 84/7/1 75/7/1 74/7/1
f 84/6/1 74/6/1 83/6/1
f 85/7/1 78/7/1 77/7/1
f 85/7/1 79/7/1 78/7/1
f 85/7/1 77/7/1 76/7/1
f 86/7/1 79/7/1 85/7/1
f 87/7/1 79/7/1 86/7/1
f 88/8/1 80/8/1 79/8/1
f 88/7/1 79/7/1 87/7/1
f 89/8/1 67/8/1 80/8/1
f 89/8/1 80/8/1 88/8/1
f 90/8/1 67/8/1 89/8/1
f 91/7/1 49/7/1 82/7/1
f 91/9/1 82/9/1 81/9/1
f 92/8/1 50/8/1 49/8/1
f 92/7/1 49/7/1 91/7/1
f 93/6/1 72/6/1 71/6/1
f 93/9/1 71/9/1 70/9/1
f 94/8/1 73/8/1 72/8/1
f 94/6/1 72/6/1 93/6/1
f 95/7/1 84/7/1 83/7/1
f 95/11/1 83/11/1 38/11/1
f 96/7/1 84/7/1 95/7/1
f 97/7/1 85/7/1 76/7/1
f 98/8/1 86/8/1 85/8/1
f 98/7/1 85/7/1 97/7/1
f 99/7/1 87/7/1 86/7/1
f 100/11/1 88/11/1 87/11/1
f 100/7/1 87/7/1 99/7/1
f 101/8/1 94/8/1 93/8/1
f 101/9/1 93/9/1 70/9/1
f 102/8/1 73/8/1 94/8/1
f 102/8/1 94/8/1 101/8/1
f 103/7/1 84/7/1 96/7/1
f 103/8/1 96/8/1 95/8/1
f 104/7/1 75/7/1 84/7/1
f 104/7/1 84/7/1 103/7/1
f 105/7/1 61/7/1 75/7/1
f 105/7/1 75/7/1 104/7/1
f 106/11/1 62/11/1 61/11/1
f 106/7/1 61/7/1 105/7/1
f 107/7/1 97/7/1 76/7/1
f 108/8/1 98/8/1 97/8/1
f 108/7/1 97/7/1 107/7/1
f 109/7/1 99/7/1 86/7/1
f 109/8/1 98/8/1 108/8/1
f 109/8/1 86/8/1 98/8/1
f 110/11/1 100/11/1 99/11/1
f 110/7/1 99/7/1 109/7/1
f 111/8/1 67/8/1 90/8/1
f 111/9/1 90/9/1 89/9/1
f 112/8/1 67/8/1 111/8/1
f 113/8/1 67/8/1 112/8/1
f 114/11/1 81/11/1 67/11/1
f 114/8/1 67/8/1 113/8/1
f 115/8/1 50/8/1 92/8/1
f 115/9/1 92/9/1 91/9/1
f 116/8/1 46/8/1 50/8/1
f 116/8/1 50/8/1 115/8/1
f 117/8/1 34/8/1 46/8/1
f 117/8/1 46/8/1 116/8/1
f 117/3/1 57/3/1 34/3/1
f 118/8/1 73/8/1 102/8/1
f 118/9/1 102/9/1 101/9/1
f 119/8/1 52/8/1 60/8/1
f 119/8/1 73/8/1 118/8/1
f 119/8/1 38/8/1 52/8/1
f 119/8/1 60/8/1 73/8/1
f 119/11/1 95/11/1 38/11/1
f 120/8/1 113/8/1 112/8/1
f 120/9/1 112/9/1 111/9/1
f 121/11/1 114/11/1 113/11/1
f 121/8/1 113/8/1 120/8/1
f 122/9/1 116/9/1 115/9/1
f 122/9/1 115/9/1 91/9/1
f 122/9/1 91/9/1 81/9/1
f 123/11/1 117/11/1 116/11/1
f 123/9/1 116/9/1 122/9/1
f 124/8/1 104/8/1 103/8/1
f 124/7/1 105/7/1 104/7/1
f 125/11/1 106/11/1 105/11/1
f 125/7/1 105/7/1 124/7/1
f 126/7/1 107/7/1 76/7/1
f 127/8/1 108/8/1 107/8/1
f 127/7/1 107/7/1 126/7/1
f 127/8/1 109/8/1 108/8/1
f 128/8/1 109/8/1 127/8/1
f 129/11/1 110/11/1 109/11/1
f 129/8/1 109/8/1 128/8/1
f 130/8/1 103/8/1 95/8/1
f 130/11/1 95/11/1 119/11/1
f 130/11/1 119/11/1 118/11/1
f 130/8/1 124/8/1 103/8/1
f 131/8/1 124/8/1 130/8/1
f 132/11/1 125/11/1 124/11/1
f 132/8/1 124/8/1 131/8/1
f 133/11/1 125/11/1 132/11/1
f 134/8/1 128/8/1 127/8/1
f 134/3/1 127/3/1 126/3/1
f 135/8/1 128/8/1 134/8/1
f 136/11/1 110/11/1 129/11/1
f 136/11/1 100/11/1 110/11/1
f 136/11/1 88/11/1 100/11/1
f 136/11/1 129/11/1 128/11/1
f 137/3/1 89/3/1 88/3/1
f 137/11/1 88/11/1 136/11/1
f 138/11/1 114/11/1 121/11/1
f 138/11/1 81/11/1 114/11/1
f 138/11/1 121/11/1 120/11/1
f 138/9/1 122/9/1 81/9/1
f 139/9/1 122/9/1 138/9/1
f 140/9/1 118/9/1 101/9/1
f 140/9/1 101/9/1 70/9/1
f 140/9/1 70/9/1 57/9/1
f 140/3/1 57/3/1 117/3/1
f 141/9/1 118/9/1 140/9/1
f 142/11/1 130/11/1 118/11/1
f 142/11/1 131/11/1 130/11/1
f 143/11/1 131/11/1 142/11/1
f 144/8/1 132/8/1 131/8/1
f 144/11/1 131/11/1 143/11/1
f 144/8/1 133/8/1 132/8/1
f 145/8/1 133/8/1 144/8/1
f 146/11/1 136/11/1 128/11/1
f 147/3/1 137/3/1 136/3/1
f 147/11/1 136/11/1 146/11/1
f 148/3/1 89/3/1 137/3/1
f 148/3/1 137/3/1 147/3/1
f 148/9/1 111/9/1 89/9/1
f 148/9/1 120/9/1 111/9/1
f 149/11/1 138/11/1 120/11/1
f 149/9/1 120/9/1 148/9/1
f 150/9/1 122/9/1 139/9/1
f 150/3/1 139/3/1 138/3/1
f 151/11/1 123/11/1 122/11/1
f 151/9/1 122/9/1 150/9/1
f 152/9/1 118/9/1 141/9/1
f 152/3/1 141/3/1 140/3/1
f 153/9/1 118/9/1 152/9/1
f 154/11/1 145/11/1 144/11/1
f 154/3/1 143/3/1 142/3/1
f 154/11/1 144/11/1 143/11/1
f 155/11/1 145/11/1 154/11/1
f 156/8/1 133/8/1 145/8/1
f 156/11/1 145/11/1 155/11/1
f 157/11/1 125/11/1 133/11/1
f 157/8/1 133/8/1 156/8/1
f 158/8/1 128/8/1 135/8/1
f 158/3/1 135/3/1 134/3/1
f 159/11/1 146/11/1 128/11/1
f 159/8/1 128/8/1 158/8/1
f 160/3/1 147/3/1 146/3/1
f 160/11/1 146/11/1 159/11/1
f 160/3/1 149/3/1 148/3/1
f 160/3/1 148/3/1 147/3/1
f 161/11/1 138/11/1 149/11/1
f 161/3/1 149/3/1 160/3/1
f 162/3/1 150/3/1 138/3/1
f 162/11/1 138/11/1 161/11/1
f 162/3/1 151/3/1 150/3/1
f 163/11/1 123/11/1 151/11/1
f 163/3/1 151/3/1 162/3/1
f 164/3/1 153/3/1 152/3/1
f 164/11/1 123/11/1 163/11/1
f 164/11/1 117/11/1 123/11/1
f 164/3/1 152/3/1 140/3/1
f 164/3/1 140/3/1 117/3/1
f 165/9/1 118/9/1 153/9/1
f 165/3/1 153/3/1 164/3/1
f 166/11/1 142/11/1 118/11/1
f 166/9/1 118/9/1 165/9/1
f 167/3/1 154/3/1 142/3/1
f 167/11/1 142/11/1 166/11/1
f 167/3/1 155/3/1 154/3/1
f 168/11/1 157/11/1 156/11/1
f 168/3/1 155/3/1 167/3/1
f 168/11/1 156/11/1 155/11/1
f 169/11/1 125/11/1 157/11/1
f 169/11/1 157/11/1 168/11/1
f 169/3/1 2/3/1 62/3/1
f 169/11/1 62/11/1 106/11/1
f 169/11/1 106/11/1 125/11/1
f 170/3/1 159/3/1 158/3/1
f 170/3/1 168/3/1 167/3/1
f 170/3/1 169/3/1 168/3/1
f 170/3/1 167/3/1 166/3/1
f 170/3/1 163/3/1 162/3/1
f 170/3/1 161/3/1 160/3/1
f 170/3/1 134/3/1 126/3/1
f 170/3/1 165/3/1 164/3/1
f 170/3/1 162/3/1 161/3/1
f 170/3/1 164/3/1 163/3/1
f 170/3/1 166/3/1 165/3/1
f 170/3/1 160/3/1 159/3/1
f 170/3/1 158/3/1 134/3/1
f 171/3/1 2/3/1 169/3/1
f 171/3/1 169/3/1 170/3/1
f 178/4/1 173/4/1 172/4/1
f 179/4/1 173/4/1 178/4/1
f 180/4/1 175/4/1 174/4/1
f 181/4/1 175/4/1 180/4/1
f 183/4/1 177/4/1 176/4/1
f 184/4/1 177/4/1 183/4/1
f 185/4/1 183/4/1 182/4/1
f 186/9/1 184/9/1 183/9/1
f 186/4/1 183/4/1 185/4/1
f 187/9/1 184/9/1 186/9/1
f 190/4/1 189/4/1 188/4/1
f 191/4/1 189/4/1 190/4/1
f 194/4/1 193/4/1 192/4/1
f 195/4/1 193/4/1 194/4/1
f 198/4/1 197/4/1 196/4/1
f 199/4/1 197/4/1 198/4/1
f 203/4/1 201/4/1 200/4/1
f 204/9/1 202/9/1 201/9/1
f 204/4/1 201/4/1 203/4/1
f 205/9/1 202/9/1 204/9/1
f 209/4/1 207/4/1 206/4/1
f 210/9/1 208/9/1 207/9/1
f 210/4/1 207/4/1 209/4/1
f 211/9/1 208/9/1 210/9/1
f 215/4/1 213/4/1 212/4/1
f 216/9/1 214/9/1 213/9/1
f 216/4/1 213/4/1 215/4/1
f 217/9/1 214/9/1 216/9/1
f 220/4/1 219/4/1 218/4/1
f 221/4/1 219/4/1 220/4/1
f 225/9/1 224/9/1 223/9/1
f 226/4/1 223/4/1 222/4/1
f 227/9/1 225/9/1 223/9/1
f 227/4/1 223/4/1 226/4/1
f 228/9/1 225/9/1 227/9/1
f 231/4/1 230/4/1 229/4/1
f 232/4/1 230/4/1 231/4/1
f 235/4/1 234/4/1 233/4/1
f 236/4/1 234/4/1 235/4/1
f 239/4/1 238/4/1 237/4/1
f 240/4/1 238/4/1 239/4/1
f 244/4/1 242/4/1 241/4/1
f 245/9/1 243/9/1 242/9/1
f 245/4/1 242/4/1 244/4/1
f 246/9/1 243/9/1 245/9/1
f 250/4/1 248/4/1 247/4/1
f 251/9/1 249/9/1 248/9/1
f 251/4/1 248/4/1 250/4/1
f 252/9/1 249/9/1 251/9/1
f 256/4/1 254/4/1 253/4/1
f 257/9/1 255/9/1 254/9/1
f 257/4/1 254/4/1 256/4/1
f 258/9/1 255/9/1 257/9/1
f 261/4/1 260/4/1 259/4/1
f 262/4/1 260/4/1 261/4/1
f 266/9/1 265/9/1 264/9/1
f 267/4/1 264/4/1 263/4/1
f 268/9/1 266/9/1 264/9/1
f 268/4/1 264/4/1 267/4/1
f 269/9/1 266/9/1 268/9/1
f 272/4/1 271/4/1 270/4/1
f 273/4/1 271/4/1 272/4/1
f 276/4/1 275/4/1 274/4/1
f 277/4/1 275/4/1 276/4/1
f 280/4/1 279/4/1 278/4/1
f 281/4/1 279/4/1 280/4/1
f 285/4/1 283/4/1 282/4/1
f 286/9/1 284/9/1 283/9/1
f 286/4/1 283/4/1 285/4/1
f 287/9/1 284/9/1 286/9/1
f 291/4/1 289/4/1 288/4/1
f 292/9/1 290/9/1 289/9/1
f 292/4/1 289/4/1 291/4/1
f 293/9/1 290/9/1 292/9/1
f 299/3/1 298/3/1 297/3/1
f 300/3/1 298/3/1 299/3/1
f 301/4/1 295/4/1 294/4/1
f 302/9/1 296/9/1 295/9/1
f 302/4/1 295/4/1 301/4/1
f 303/9/1 296/9/1 302/9/1
f 306/4/1 305/4/1 304/4/1
f 307/4/1 305/4/1 306/4/1
f 311/9/1 310/9/1 309/9/1
f 312/4/1 309/4/1 308/4/1
f 313/9/1 311/9/1 309/9/1
f 313/4/1 309/4/1 312/4/1
f 314/9/1 311/9/1 313/9/1
f 317/3/1 316/3/1 315/3/1
f 318/3/1 316/3/1 317/3/1
f 321/5/1 320/5/1 319/5/1
f 322/5/1 320/5/1 321/5/1
f 325/4/1 324/4/1 323/4/1
f 326/4/1 324/4/1 325/4/1
f 329/3/1 328/3/1 327/3/1
f 330/3/1 328/3/1 329/3/1
f 333/5/1 332/5/1 331/5/1
f 334/5/1 332/5/1 333/5/1
f 337/1/1 336/1/1 335/1/1
f 338/1/1 336/1/1 337/1/1
f 341/4/1 340/4/1 339/4/1
f 342/4/1 340/4/1 341/4/1
f 345/3/1 344/3/1 343/3/1
f 346/3/1 344/3/1 345/3/1
f 349/1/1 348/1/1 347/1/1
f 350/1/1 348/1/1 349/1/1
f 353/4/1 352/4/1 351/4/1
f 354/4/1 352/4/1 353/4/1
f 358/4/1 356/4/1 355/4/1
f 359/9/1 357/9/1 356/9/1
f 359/4/1 356/4/1 358/4/1
f 360/9/1 357/9/1 359/9/1
f 364/4/1 362/4/1 361/4/1
f 365/9/1 363/9/1 362/9/1
f 365/4/1 362/4/1 364/4/1
f 366/9/1 363/9/1 365/9/1
f 370/4/1 368/4/1 367/4/1
f 371/9/1 369/9/1 368/9/1
f 371/4/1 368/4/1 370/4/1
f 372/9/1 369/9/1 371/9/1
f 375/4/1 374/4/1 373/4/1
f 376/4/1 374/4/1 375/4/1
f 380/9/1 379/9/1 378/9/1
f 381/4/1 378/4/1 377/4/1
f 382/9/1 380/9/1 378/9/1
f 382/4/1 378/4/1 381/4/1
f 383/9/1 380/9/1 382/9/1
f 386/4/1 385/4/1 384/4/1
f 387/4/1 385/4/1 386/4/1
f 390/4/1 389/4/1 388/4/1
f 391/4/1 389/4/1 390/4/1
f 394/4/1 393/4/1 392/4/1
f 395/4/1 393/4/1 394/4/1
f 399/4/1 397/4/1 396/4/1
f 400/9/1 398/9/1 397/9/1
f 400/4/1 397/4/1 399/4/1
f 401/9/1 398/9/1 400/9/1
f 405/4/1 403/4/1 402/4/1
f 406/9/1 404/9/1 403/9/1
f 406/4/1 403/4/1 405/4/1
f 407/9/1 404/9/1 406/9/1
f 411/4/1 409/4/1 408/4/1
f 412/9/1 410/9/1 409/9/1
f 412/4/1 409/4/1 411/4/1
f 413/9/1 410/9/1 412/9/1
f 416/4/1 415/4/1 414/4/1
f 417/4/1 415/4/1 416/4/1
f 421/9/1 420/9/1 419/9/1
f 422/4/1 419/4/1 418/4/1
f 423/9/1 421/9/1 419/9/1
f 423/4/1 419/4/1 422/4/1
f 424/9/1 421/9/1 423/9/1
f 427/4/1 426/4/1 425/4/1
f 428/4/1 426/4/1 427/4/1
f 431/4/1 430/4/1 429/4/1
f 432/4/1 430/4/1 431/4/1
f 435/4/1 434/4/1 433/4/1
f 436/4/1 434/4/1 435/4/1
f 440/4/1 438/4/1 437/4/1
f 441/9/1 439/9/1 438/9/1
f 441/4/1 438/4/1 440/4/1
f 442/9/1 439/9/1 441/9/1
f 446/4/1 444/4/1 443/4/1
f 447/9/1 445/9/1 444/9/1
f 447/4/1 444/4/1 446/4/1
f 448/9/1 445/9/1 447/9/1
f 452/4/1 450/4/1 449/4/1
f 453/9/1 451/9/1 450/9/1
f 453/4/1 450/4/1 452/4/1
f 454/9/1 451/9/1 453/9/1
f 457/4/1 456/4/1 455/4/1
f 458/4/1 456/4/1 457/4/1
f 462/9/1 461/9/1 460/9/1
f 463/4/1 460/4/1 459/4/1
f 464/9/1 462/9/1 460/9/1
f 464/4/1 460/4/1 463/4/1
f 465/9/1 462/9/1 464/9/1
f 468/9/1 467/9/1 466/9/1
f 469/9/1 467/9/1 468/9/1
f 472/4/1 471/4/1 470/4/1
f 473/4/1 471/4/1 472/4/1
f 476/4/1 475/4/1 474/4/1
f 477/4/1 475/4/1 476/4/1
f 480/4/1 479/4/1 478/4/1
f 481/4/1 479/4/1 480/4/1
f 485/7/1 483/7/1 482/7/1
f 485/7/1 484/7/1 483/7/1
f 486/7/1 484/7/1 485/7/1
f 489/7/1 488/7/1 487/7/1
f 490/7/1 488/7/1 489/7/1
f 493/7/1 492/7/1 491/7/1
f 494/7/1 492/7/1 493/7/1
f 497/7/1 496/7/1 495/7/1
f 498/7/1 496/7/1 497/7/1
f 501/7/1 500/7/1 499/7/1
f 502/7/1 500/7/1 501/7/1
f 505/7/1 504/7/1 503/7/1
f 506/7/1 504/7/1 505/7/1
f 509/7/1 508/7/1 507/7/1
f 510/7/1 508/7/1 509/7/1
f 513/7/1 512/7/1 511/7/1
f 514/7/1 512/7/1 513/7/1
f 517/4/1 516/4/1 515/4/1
f 518/4/1 516/4/1 517/4/1
f 522/4/1 520/4/1 519/4/1
f 523/9/1 521/9/1 520/9/1
f 523/4/1 520/4/1 522/4/1
f 524/9/1 521/9/1 523/9/1
f 526/9/1 525/9/1 524/9/1
f 526/9/1 524/9/1 523/9/1
f 527/9/1 525/9/1 526/9/1
f 531/4/1 529/4/1 528/4/1
f 532/9/1 530/9/1 529/9/1
f 532/4/1 529/4/1 531/4/1
f 533/9/1 530/9/1 532/9/1
f 536/4/1 535/4/1 534/4/1
f 537/4/1 535/4/1 536/4/1
f 541/9/1 540/9/1 539/9/1
f 542/4/1 539/4/1 538/4/1
f 543/9/1 541/9/1 539/9/1
f 543/4/1 539/4/1 542/4/1
f 544/9/1 541/9/1 543/9/1
f 545/9/1 541/9/1 544/9/1
f 546/9/1 541/9/1 545/9/1
f 549/9/1 548/9/1 547/9/1
f 550/9/1 548/9/1 549/9/1
f 553/4/1 552/4/1 551/4/1
f 554/4/1 552/4/1 553/4/1
f 557/4/1 556/4/1 555/4/1
f 558/4/1 556/4/1 557/4/1
f 561/4/1 560/4/1 559/4/1
f 562/4/1 560/4/1 561/4/1
f 565/4/1 564/4/1 563/4/1
f 566/4/1 564/4/1 565/4/1
f 570/4/1 568/4/1 567/4/1
f 571/9/1 569/9/1 568/9/1
f 571/4/1 568/4/1 570/4/1
f 572/9/1 569/9/1 571/9/1
f 573/9/1 569/9/1 572/9/1
f 587/4/1 575/4/1 574/4/1
f 588/4/1 577/4/1 576/4/1
f 589/4/1 577/4/1 588/4/1
f 590/4/1 579/4/1 578/4/1
f 591/4/1 579/4/1 590/4/1
f 592/4/1 581/4/1 580/4/1
f 593/4/1 581/4/1 592/4/1
f 594/4/1 583/4/1 582/4/1
f 595/4/1 583/4/1 594/4/1
f 596/4/1 585/4/1 584/4/1
f 597/9/1 586/9/1 585/9/1
f 597/4/1 585/4/1 596/4/1
f 598/9/1 586/9/1 597/9/1
f 599/4/1 596/4/1 595/4/1
f 599/4/1 587/4/1 574/4/1
f 599/4/1 589/4/1 588/4/1
f 599/4/1 594/4/1 593/4/1
f 599/4/1 591/4/1 590/4/1
f 599/4/1 592/4/1 591/4/1
f 599/4/1 593/4/1 592/4/1
f 599/4/1 590/4/1 589/4/1
f 599/4/1 595/4/1 594/4/1
f 599/4/1 588/4/1 587/4/1
f 600/4/1 596/4/1 599/4/1
f 603/4/1 602/4/1 601/4/1
f 604/4/1 602/4/1 603/4/1
f 605/4/1 602/4/1 604/4/1
f 606/4/1 602/4/1 605/4/1
f 607/4/1 602/4/1 606/4/1
f 608/4/1 602/4/1 607/4/1
f 609/4/1 602/4/1 608/4/1
f 610/4/1 602/4/1 609/4/1
f 611/4/1 602/4/1 610/4/1
f 612/4/1 602/4/1 611/4/1
f 614/4/1 603/4/1 601/4/1
f 615/4/1 605/4/1 604/4/1
f 616/4/1 605/4/1 615/4/1
f 617/4/1 607/4/1 606/4/1
f 618/4/1 607/4/1 617/4/1
f 619/4/1 609/4/1 608/4/1
f 620/4/1 609/4/1 619/4/1
f 621/4/1 611/4/1 610/4/1
f 622/4/1 611/4/1 621/4/1
f 623/4/1 613/4/1 612/4/1
f 624/4/1 613/4/1 623/4/1
f 625/4/1 622/4/1 621/4/1
f 625/4/1 620/4/1 619/4/1
f 625/4/1 623/4/1 622/4/1
f 625/4/1 618/4/1 617/4/1
f 625/4/1 621/4/1 620/4/1
f 625/4/1 614/4/1 601/4/1
f 625/4/1 619/4/1 618/4/1
f 625/4/1 616/4/1 615/4/1
f 625/4/1 617/4/1 616/4/1
f 625/4/1 615/4/1 614/4/1
f 626/4/1 623/4/1 625/4/1
f 627/4/1 623/4/1 626/4/1
f 628/4/1 623/4/1 627/4/1
f 629/4/1 623/4/1 628/4/1
f 630/4/1 623/4/1 629/4/1
f 631/4/1 623/4/1 630/4/1
f 632/4/1 623/4/1 631/4/1
f 633/4/1 623/4/1 632/4/1
f 634/4/1 623/4/1 633/4/1
f 637/9/1 636/9/1 635/9/1
f 638/4/1 625/4/1 601/4/1
f 639/4/1 625/4/1 638/4/1
f 642/4/1 627/4/1 626/4/1
f 643/4/1 627/4/1 642/4/1
f 646/4/1 629/4/1 628/4/1
f 647/4/1 629/4/1 646/4/1
f 650/4/1 631/4/1 630/4/1
f 651/4/1 631/4/1 650/4/1
f 654/4/1 633/4/1 632/4/1
f 655/4/1 633/4/1 654/4/1
f 658/4/1 635/4/1 634/4/1
f 659/9/1 637/9/1 635/9/1
f 659/4/1 635/4/1 658/4/1
f 660/9/1 637/9/1 659/9/1
f 661/4/1 640/4/1 639/4/1
f 662/4/1 640/4/1 661/4/1
f 665/4/1 642/4/1 641/4/1
f 666/4/1 642/4/1 665/4/1
f 667/4/1 644/4/1 643/4/1
f 668/4/1 644/4/1 667/4/1
f 671/4/1 646/4/1 645/4/1
f 672/4/1 646/4/1 671/4/1
f 673/4/1 648/4/1 647/4/1
f 674/4/1 648/4/1 673/4/1
f 677/4/1 650/4/1 649/4/1
f 678/4/1 650/4/1 677/4/1
f 679/4/1 652/4/1 651/4/1
f 680/4/1 652/4/1 679/4/1
f 683/4/1 654/4/1 653/4/1
f 684/4/1 654/4/1 683/4/1
f 685/4/1 656/4/1 655/4/1
f 686/4/1 656/4/1 685/4/1
f 689/4/1 658/4/1 657/4/1
f 690/4/1 658/4/1 689/4/1
f 691/4/1 663/4/1 662/4/1
f 692/4/1 663/4/1 691/4/1
f 693/4/1 665/4/1 664/4/1
f 694/4/1 665/4/1 693/4/1
f 695/4/1 669/4/1 668/4/1
f 696/4/1 669/4/1 695/4/1
f 697/4/1 671/4/1 670/4/1
f 698/4/1 671/4/1 697/4/1
f 699/4/1 675/4/1 674/4/1
f 700/4/1 675/4/1 699/4/1
f 701/4/1 677/4/1 676/4/1
f 702/4/1 677/4/1 701/4/1
f 703/4/1 681/4/1 680/4/1
f 704/4/1 681/4/1 703/4/1
f 705/4/1 683/4/1 682/4/1
f 706/4/1 683/4/1 705/4/1
f 707/4/1 687/4/1 686/4/1
f 708/4/1 687/4/1 707/4/1
f 709/4/1 689/4/1 688/4/1
f 710/4/1 689/4/1 709/4/1
f 711/4/1 693/4/1 692/4/1
f 712/4/1 693/4/1 711/4/1
f 713/4/1 697/4/1 696/4/1
f 714/4/1 697/4/1 713/4/1
f 715/4/1 701/4/1 700/4/1
f 716/4/1 701/4/1 715/4/1
f 717/4/1 705/4/1 704/4/1
f 718/4/1 705/4/1 717/4/1
f 719/4/1 709/4/1 708/4/1
f 720/4/1 709/4/1 719/4/1
f 723/9/1 722/9/1 721/9/1
f 724/9/1 722/9/1 723/9/1
f 735/10/1 726/10/1 725/10/1
f 736/10/1 726/10/1 735/10/1
f 737/10/1 728/10/1 727/10/1
f 738/10/1 728/10/1 737/10/1
f 739/10/1 730/10/1 729/10/1
f 740/10/1 730/10/1 739/10/1
f 741/10/1 732/10/1 731/10/1
f 742/10/1 732/10/1 741/10/1
f 743/10/1 734/10/1 733/10/1
f 744/10/1 734/10/1 743/10/1
f 757/9/1 746/9/1 745/9/1
f 760/9/1 748/9/1 747/9/1
f 761/9/1 748/9/1 760/9/1
f 764/9/1 750/9/1 749/9/1
f 765/9/1 750/9/1 764/9/1
f 768/9/1 752/9/1 751/9/1
f 769/9/1 752/9/1 768/9/1
f 772/9/1 754/9/1 753/9/1
f 773/9/1 754/9/1 772/9/1
f 776/9/1 756/9/1 755/9/1
f 777/9/1 758/9/1 757/9/1
f 780/9/1 762/9/1 761/9/1
f 780/9/1 760/9/1 759/9/1
f 780/9/1 761/9/1 760/9/1
f 781/9/1 762/9/1 780/9/1
f 784/9/1 766/9/1 765/9/1
f 784/9/1 764/9/1 763/9/1
f 784/9/1 765/9/1 764/9/1
f 785/9/1 766/9/1 784/9/1
f 788/9/1 770/9/1 769/9/1
f 788/9/1 768/9/1 767/9/1
f 788/9/1 769/9/1 768/9/1
f 789/9/1 770/9/1 788/9/1
f 792/9/1 774/9/1 773/9/1
f 792/9/1 772/9/1 771/9/1
f 792/9/1 773/9/1 772/9/1
f 793/9/1 774/9/1 792/9/1
f 796/9/1 776/9/1 775/9/1
f 797/9/1 778/9/1 777/9/1
f 797/9/1 757/9/1 745/9/1
f 797/9/1 777/9/1 757/9/1
f 798/9/1 778/9/1 797/9/1
f 799/9/1 782/9/1 781/9/1
f 799/9/1 781/9/1 780/9/1
f 799/9/1 780/9/1 779/9/1
f 800/9/1 782/9/1 799/9/1
f 801/9/1 786/9/1 785/9/1
f 801/9/1 785/9/1 784/9/1
f 801/9/1 784/9/1 783/9/1
f 802/9/1 786/9/1 801/9/1
f 803/9/1 790/9/1 789/9/1
f 803/9/1 789/9/1 788/9/1
f 803/9/1 788/9/1 787/9/1
f 804/9/1 790/9/1 803/9/1
f 805/9/1 794/9/1 793/9/1
f 805/9/1 793/9/1 792/9/1
f 805/9/1 792/9/1 791/9/1
f 806/9/1 794/9/1 805/9/1
f 807/9/1 796/9/1 795/9/1
f 808/9/1 776/9/1 796/9/1
f 808/9/1 796/9/1 807/9/1
f 808/9/1 756/9/1 776/9/1
f 820/3/1 812/3/1 811/3/1
f 821/11/1 813/11/1 812/11/1
f 821/3/1 812/3/1 820/3/1
f 822/11/1 810/11/1 809/11/1
f 823/11/1 810/11/1 822/11/1
f 824/11/1 821/11/1 820/11/1
f 825/11/1 813/11/1 821/11/1
f 825/11/1 821/11/1 824/11/1
f 826/11/1 815/11/1 814/11/1
f 827/11/1 815/11/1 826/11/1
f 828/11/1 817/11/1 816/11/1
f 829/11/1 817/11/1 828/11/1
f 830/11/1 819/11/1 818/11/1
f 831/11/1 819/11/1 830/11/1
f 847/7/1 839/7/1 838/7/1
f 847/6/1 840/6/1 839/6/1
f 848/6/1 840/6/1 847/6/1
f 849/6/1 846/6/1 845/6/1
f 849/7/1 845/7/1 844/7/1
f 850/6/1 846/6/1 849/6/1
f 851/7/1 833/7/1 832/7/1
f 851/6/1 834/6/1 833/6/1
f 852/6/1 834/6/1 851/6/1
f 853/7/1 836/7/1 835/7/1
f 853/6/1 837/6/1 836/6/1
f 854/6/1 837/6/1 853/6/1
f 855/6/1 840/6/1 848/6/1
f 855/7/1 848/7/1 847/7/1
f 856/6/1 840/6/1 855/6/1
f 857/7/1 850/7/1 849/7/1
f 857/7/1 849/7/1 844/7/1
f 858/7/1 850/7/1 857/7/1
f 859/6/1 834/6/1 852/6/1
f 859/7/1 852/7/1 851/7/1
f 860/6/1 834/6/1 859/6/1
f 861/7/1 860/7/1 859/7/1
f 861/6/1 834/6/1 860/6/1
f 862/6/1 834/6/1 861/6/1
f 863/6/1 837/6/1 854/6/1
f 863/7/1 854/7/1 853/7/1
f 864/6/1 837/6/1 863/6/1
f 865/6/1 840/6/1 856/6/1
f 866/6/1 840/6/1 865/6/1
f 867/6/1 843/6/1 842/6/1
f 868/6/1 843/6/1 867/6/1
f 869/6/1 846/6/1 850/6/1
f 869/7/1 850/7/1 858/7/1
f 870/6/1 846/6/1 869/6/1
f 871/7/1 862/7/1 861/7/1
f 871/7/1 851/7/1 832/7/1
f 871/7/1 859/7/1 851/7/1
f 871/7/1 861/7/1 859/7/1
f 872/7/1 862/7/1 871/7/1
f 873/6/1 834/6/1 862/6/1
f 873/7/1 862/7/1 872/7/1
f 874/6/1 834/6/1 873/6/1
f 875/7/1 853/7/1 835/7/1
f 875/7/1 863/7/1 853/7/1
f 875/7/1 864/7/1 863/7/1
f 876/7/1 864/7/1 875/7/1
f 877/7/1 842/7/1 841/7/1
f 878/7/1 842/7/1 877/7/1
f 879/6/1 867/6/1 842/6/1
f 879/7/1 842/7/1 878/7/1
f 880/6/1 867/6/1 879/6/1
f 881/11/1 858/11/1 857/11/1
f 881/7/1 870/7/1 869/7/1
f 881/7/1 869/7/1 858/7/1
f 882/7/1 870/7/1 881/7/1
f 883/11/1 872/11/1 871/11/1
f 883/7/1 874/7/1 873/7/1
f 883/7/1 873/7/1 872/7/1
f 884/7/1 874/7/1 883/7/1
f 885/7/1 874/7/1 884/7/1
f 886/7/1 874/7/1 885/7/1
f 887/6/1 837/6/1 864/6/1
f 887/7/1 864/7/1 876/7/1
f 888/6/1 837/6/1 887/6/1
f 889/6/1 837/6/1 888/6/1
f 890/7/1 856/7/1 855/7/1
f 890/6/1 865/6/1 856/6/1
f 891/6/1 865/6/1 890/6/1
f 892/8/1 866/8/1 865/8/1
f 892/6/1 865/6/1 891/6/1
f 893/7/1 880/7/1 879/7/1
f 893/7/1 879/7/1 878/7/1
f 894/6/1 867/6/1 880/6/1
f 894/7/1 880/7/1 893/7/1
f 895/8/1 868/8/1 867/8/1
f 895/6/1 867/6/1 894/6/1
f 896/6/1 846/6/1 870/6/1
f 897/6/1 846/6/1 896/6/1
f 898/7/1 885/7/1 884/7/1
f 898/11/1 884/11/1 883/11/1
f 899/7/1 885/7/1 898/7/1
f 900/7/1 885/7/1 899/7/1
f 901/8/1 886/8/1 885/8/1
f 901/7/1 885/7/1 900/7/1
f 902/7/1 888/7/1 887/7/1
f 902/11/1 876/11/1 875/11/1
f 902/7/1 887/7/1 876/7/1
f 903/7/1 888/7/1 902/7/1
f 904/7/1 891/7/1 890/7/1
f 904/7/1 847/7/1 838/7/1
f 904/7/1 855/7/1 847/7/1
f 904/7/1 890/7/1 855/7/1
f 905/7/1 891/7/1 904/7/1
f 906/11/1 878/11/1 877/11/1
f 906/7/1 893/7/1 878/7/1
f 907/7/1 893/7/1 906/7/1
f 908/6/1 894/6/1 893/6/1
f 908/7/1 893/7/1 907/7/1
f 909/8/1 895/8/1 894/8/1
f 909/6/1 894/6/1 908/6/1
f 910/7/1 870/7/1 882/7/1
f 910/11/1 882/11/1 881/11/1
f 911/7/1 870/7/1 910/7/1
f 912/6/1 896/6/1 870/6/1
f 912/7/1 870/7/1 911/7/1
f 913/8/1 897/8/1 896/8/1
f 913/6/1 896/6/1 912/6/1
f 914/7/1 900/7/1 899/7/1
f 914/11/1 899/11/1 898/11/1
f 915/8/1 901/8/1 900/8/1
f 915/7/1 900/7/1 914/7/1
f 916/7/1 888/7/1 903/7/1
f 916/11/1 903/11/1 902/11/1
f 917/7/1 888/7/1 916/7/1
f 918/7/1 888/7/1 917/7/1
f 919/8/1 889/8/1 888/8/1
f 919/7/1 888/7/1 918/7/1
f 920/7/1 891/7/1 905/7/1
f 920/11/1 905/11/1 904/11/1
f 921/7/1 891/7/1 920/7/1
f 922/8/1 892/8/1 891/8/1
f 922/7/1 891/7/1 921/7/1
f 923/11/1 907/11/1 906/11/1
f 923/7/1 909/7/1 908/7/1
f 923/7/1 908/7/1 907/7/1
f 924/8/1 895/8/1 909/8/1
f 924/7/1 909/7/1 923/7/1
f 925/7/1 912/7/1 911/7/1
f 925/11/1 911/11/1 910/11/1
f 926/8/1 913/8/1 912/8/1
f 926/7/1 912/7/1 925/7/1
f 927/7/1 918/7/1 917/7/1
f 927/11/1 917/11/1 916/11/1
f 928/8/1 919/8/1 918/8/1
f 928/7/1 918/7/1 927/7/1
f 929/11/1 924/11/1 923/11/1
f 930/8/1 895/8/1 924/8/1
f 930/11/1 924/11/1 929/11/1
f 931/11/1 915/11/1 914/11/1
f 931/11/1 914/11/1 898/11/1
f 931/11/1 883/11/1 871/11/1
f 931/11/1 898/11/1 883/11/1
f 932/11/1 915/11/1 931/11/1
f 933/11/1 915/11/1 932/11/1
f 934/8/1 901/8/1 915/8/1
f 934/11/1 915/11/1 933/11/1
f 935/8/1 886/8/1 901/8/1
f 935/8/1 901/8/1 934/8/1
f 936/8/1 886/8/1 935/8/1
f 937/11/1 927/11/1 916/11/1
f 937/11/1 902/11/1 875/11/1
f 937/11/1 916/11/1 902/11/1
f 938/11/1 927/11/1 937/11/1
f 939/11/1 927/11/1 938/11/1
f 940/8/1 928/8/1 927/8/1
f 940/11/1 927/11/1 939/11/1
f 941/8/1 889/8/1 919/8/1
f 941/8/1 928/8/1 940/8/1
f 941/8/1 919/8/1 928/8/1
f 942/8/1 889/8/1 941/8/1
f 943/11/1 921/11/1 920/11/1
f 943/11/1 920/11/1 904/11/1
f 944/11/1 921/11/1 943/11/1
f 945/11/1 921/11/1 944/11/1
f 946/8/1 922/8/1 921/8/1
f 946/11/1 921/11/1 945/11/1
f 947/8/1 892/8/1 922/8/1
f 947/8/1 922/8/1 946/8/1
f 947/8/1 866/8/1 892/8/1
f 948/8/1 866/8/1 947/8/1
f 949/11/1 923/11/1 906/11/1
f 949/11/1 929/11/1 923/11/1
f 949/11/1 906/11/1 877/11/1
f 950/11/1 929/11/1 949/11/1
f 951/8/1 868/8/1 895/8/1
f 951/8/1 895/8/1 930/8/1
f 951/8/1 930/8/1 929/8/1
f 952/8/1 868/8/1 951/8/1
f 953/11/1 881/11/1 857/11/1
f 953/11/1 925/11/1 910/11/1
f 953/11/1 910/11/1 881/11/1
f 954/11/1 925/11/1 953/11/1
f 955/11/1 925/11/1 954/11/1
f 956/8/1 926/8/1 925/8/1
f 956/11/1 925/11/1 955/11/1
f 957/8/1 897/8/1 913/8/1
f 957/8/1 926/8/1 956/8/1
f 957/8/1 913/8/1 926/8/1
f 958/8/1 897/8/1 957/8/1
f 959/11/1 933/11/1 932/11/1
f 960/11/1 933/11/1 959/11/1
f 961/8/1 935/8/1 934/8/1
f 961/8/1 934/8/1 933/8/1
f 962/8/1 935/8/1 961/8/1
f 963/11/1 939/11/1 938/11/1
f 964/11/1 939/11/1 963/11/1
f 965/8/1 940/8/1 939/8/1
f 965/8/1 941/8/1 940/8/1
f 966/8/1 941/8/1 965/8/1
f 967/11/1 945/11/1 944/11/1
f 968/11/1 945/11/1 967/11/1
f 969/8/1 946/8/1 945/8/1
f 969/8/1 947/8/1 946/8/1
f 970/8/1 947/8/1 969/8/1
f 971/11/1 929/11/1 950/11/1
f 972/11/1 929/11/1 971/11/1
f 973/8/1 951/8/1 929/8/1
f 974/8/1 951/8/1 973/8/1
f 975/11/1 955/11/1 954/11/1
f 976/11/1 955/11/1 975/11/1
f 977/8/1 956/8/1 955/8/1
f 977/8/1 957/8/1 956/8/1
f 978/8/1 957/8/1 977/8/1
f 979/11/1 933/11/1 960/11/1
f 980/8/1 961/8/1 933/8/1
f 980/11/1 933/11/1 979/11/1
f 981/8/1 961/8/1 980/8/1
f 982/11/1 939/11/1 964/11/1
f 983/8/1 965/8/1 939/8/1
f 983/11/1 939/11/1 982/11/1
f 984/8/1 965/8/1 983/8/1
f 985/11/1 945/11/1 968/11/1
f 986/8/1 969/8/1 945/8/1
f 986/11/1 945/11/1 985/11/1
f 987/8/1 969/8/1 986/8/1
f 988/11/1 929/11/1 972/11/1
f 989/8/1 973/8/1 929/8/1
f 989/11/1 929/11/1 988/11/1
f 990/8/1 973/8/1 989/8/1
f 991/11/1 955/11/1 976/11/1
f 992/8/1 977/8/1 955/8/1
f 992/11/1 955/11/1 991/11/1
f 993/8/1 977/8/1 992/8/1
f 994/11/2 995/11/2 1005/11/2
f 1005/11/2 995/11/2 1006/11/2
f 996/11/2 997/11/2 1007/11/2
f 997/11/2 998/11/2 1007/11/2
f 1007/11/2 998/11/2 1008/11/2
f 999/11/2 1000/11/2 1009/11/2
f 1009/11/2 1000/11/2 1010/11/2
f 1001/11/2 1002/11/2 1011/11/2
f 1011/11/2 1002/11/2 1012/11/2
f 1003/11/2 1004/11/2 1013/11/2
f 1013/11/2 1004/11/2 1014/11/2
f 1021/7/2 1022/7/2 1033/7/2
f 1022/8/2 1023/8/2 1034/8/2
f 1033/7/2 1022/7/2 1034/7/2
f 1031/11/2 1032/11/2 1035/11/2
f 1030/7/2 1031/7/2 1035/7/2
f 1035/11/2 1032/11/2 1036/11/2
f 1016/7/2 1017/7/2 1037/7/2
f 1018/7/2 1019/7/2 1038/7/2
f 1021/7/2 1033/7/2 1039/7/2
f 1033/8/2 1034/8/2 1040/8/2
f 1039/7/2 1033/7/2 1040/7/2
f 1024/6/2 1025/6/2 1041/6/2
f 1025/6/2 1026/6/2 1041/6/2
f 1026/8/2 1027/8/2 1042/8/2
f 1041/6/2 1026/6/2 1042/6/2
f 1015/6/2 1016/6/2 1043/6/2
f 1016/7/2 1037/7/2 1044/7/2
f 1043/6/2 1016/6/2 1044/6/2
f 1038/7/2 1019/7/2 1045/7/2
f 1019/8/2 1020/8/2 1046/8/2
f 1045/7/2 1019/7/2 1046/7/2
f 1024/6/2 1041/6/2 1047/6/2
f 1047/6/2 1041/6/2 1048/6/2
f 1048/6/2 1041/6/2 1049/6/2
f 1041/8/2 1042/8/2 1050/8/2
f 1049/6/2 1041/6/2 1050/6/2
f 1030/7/2 1035/7/2 1051/7/2
f 1035/7/2 1036/7/2 1051/7/2
f 1051/7/2 1036/7/2 1052/7/2
f 1015/6/2 1043/6/2 1053/6/2
f 1043/7/2 1044/7/2 1054/7/2
f 1053/6/2 1043/6/2 1054/6/2
f 1046/8/2 1020/8/2 1055/8/2
f 1045/8/2 1046/8/2 1055/8/2
f 1055/8/2 1020/8/2 1056/8/2
f 1048/6/2 1049/6/2 1057/6/2
f 1047/9/2 1048/9/2 1057/9/2
f 1057/6/2 1049/6/2 1058/6/2
f 1058/6/2 1049/6/2 1059/6/2
f 1049/8/2 1050/8/2 1060/8/2
f 1059/6/2 1049/6/2 1060/6/2
f 1029/6/2 1030/6/2 1061/6/2
f 1030/7/2 1051/7/2 1062/7/2
f 1061/6/2 1030/6/2 1062/6/2
f 1015/6/2 1053/6/2 1063/6/2
f 1053/7/2 1054/7/2 1064/7/2
f 1063/6/2 1053/6/2 1064/6/2
f 1055/11/2 1056/11/2 1065/11/2
f 1021/7/2 1039/7/2 1066/7/2
f 1066/7/2 1039/7/2 1067/7/2
f 1028/11/2 1029/11/2 1068/11/2
f 1029/6/2 1061/6/2 1068/6/2
f 1061/7/2 1062/7/2 1069/7/2
f 1068/6/2 1061/6/2 1069/6/2
f 1054/7/2 1044/7/2 1070/7/2
f 1064/7/2 1054/7/2 1070/7/2
f 1063/7/2 1064/7/2 1070/7/2
f 1044/7/2 1037/7/2 1071/7/2
f 1070/7/2 1044/7/2 1071/7/2
f 1071/7/2 1037/7/2 1072/7/2
f 1072/7/2 1037/7/2 1073/7/2
f 1045/8/2 1055/8/2 1074/8/2
f 1074/8/2 1055/8/2 1075/8/2
f 1067/7/2 1039/7/2 1076/7/2
f 1066/9/2 1067/9/2 1076/9/2
f 1039/8/2 1040/8/2 1077/8/2
f 1076/7/2 1039/7/2 1077/7/2
f 1058/6/2 1059/6/2 1078/6/2
f 1057/9/2 1058/9/2 1078/9/2
f 1059/8/2 1060/8/2 1079/8/2
f 1078/6/2 1059/6/2 1079/6/2
f 1068/7/2 1069/7/2 1080/7/2
f 1028/11/2 1068/11/2 1080/11/2
f 1080/7/2 1069/7/2 1081/7/2
f 1063/7/2 1070/7/2 1082/7/2
f 1070/8/2 1071/8/2 1083/8/2
f 1082/7/2 1070/7/2 1083/7/2
f 1071/7/2 1072/7/2 1084/7/2
f 1072/11/2 1073/11/2 1085/11/2
f 1084/7/2 1072/7/2 1085/7/2
f 1057/9/2 1078/9/2 1086/9/2
f 1078/8/2 1079/8/2 1086/8/2
f 1079/8/2 1060/8/2 1087/8/2
f 1086/8/2 1079/8/2 1087/8/2
f 1081/7/2 1069/7/2 1088/7/2
f 1080/8/2 1081/8/2 1088/8/2
f 1069/7/2 1062/7/2 1089/7/2
f 1088/7/2 1069/7/2 1089/7/2
f 1062/7/2 1051/7/2 1090/7/2
f 1089/7/2 1062/7/2 1090/7/2
f 1051/11/2 1052/11/2 1091/11/2
f 1090/7/2 1051/7/2 1091/7/2
f 1063/7/2 1082/7/2 1092/7/2
f 1082/8/2 1083/8/2 1093/8/2
f 1092/7/2 1082/7/2 1093/7/2
f 1071/7/2 1084/7/2 1094/7/2
f 1093/8/2 1083/8/2 1094/8/2
f 1083/8/2 1071/8/2 1094/8/2
f 1084/11/2 1085/11/2 1095/11/2
f 1094/7/2 1084/7/2 1095/7/2
f 1075/8/2 1055/8/2 1096/8/2
f 1074/9/2 1075/9/2 1096/9/2
f 1096/8/2 1055/8/2 1097/8/2
f 1097/8/2 1055/8/2 1098/8/2
f 1055/11/2 1065/11/2 1099/11/2
f 1098/8/2 1055/8/2 1099/8/2
f 1077/8/2 1040/8/2 1100/8/2
f 1076/9/2 1077/9/2 1100/9/2
f 1040/8/2 1034/8/2 1101/8/2
f 1100/8/2 1040/8/2 1101/8/2
f 1034/8/2 1023/8/2 1102/8/2
f 1101/8/2 1034/8/2 1102/8/2
f 1087/8/2 1060/8/2 1103/8/2
f 1086/9/2 1087/9/2 1103/9/2
f 1042/8/2 1027/8/2 1104/8/2
f 1103/8/2 1060/8/2 1104/8/2
f 1060/8/2 1050/8/2 1104/8/2
f 1050/8/2 1042/8/2 1104/8/2
f 1097/8/2 1098/8/2 1105/8/2
f 1096/9/2 1097/9/2 1105/9/2
f 1098/11/2 1099/11/2 1106/11/2
f 1105/8/2 1098/8/2 1106/8/2
f 1100/9/2 1101/9/2 1107/9/2
f 1076/9/2 1100/9/2 1107/9/2
f 1066/9/2 1076/9/2 1107/9/2
f 1101/11/2 1102/11/2 1108/11/2
f 1107/9/2 1101/9/2 1108/9/2
f 1088/8/2 1089/8/2 1109/8/2
f 1089/7/2 1090/7/2 1109/7/2
f 1090/11/2 1091/11/2 1110/11/2
f 1109/7/2 1090/7/2 1110/7/2
f 1092/8/2 1093/8/2 1111/8/2
f 1093/8/2 1094/8/2 1111/8/2
f 1094/11/2 1095/11/2 1112/11/2
f 1111/8/2 1094/8/2 1112/8/2
f 1080/8/2 1088/8/2 1113/8/2
f 1028/11/2 1080/11/2 1113/11/2
f 1088/8/2 1109/8/2 1113/8/2
f 1113/8/2 1109/8/2 1114/8/2
f 1109/11/2 1110/11/2 1115/11/2
f 1114/8/2 1109/8/2 1115/8/2
f 1115/11/2 1110/11/2 1116/11/2
f 1092/8/2 1111/8/2 1117/8/2
f 1117/8/2 1111/8/2 1118/8/2
f 1112/11/2 1095/11/2 1119/11/2
f 1095/11/2 1085/11/2 1119/11/2
f 1111/11/2 1112/11/2 1119/11/2
f 1085/11/2 1073/11/2 1119/11/2
f 1119/11/2 1073/11/2 1120/11/2
f 1074/9/2 1096/9/2 1121/9/2
f 1096/9/2 1105/9/2 1121/9/2
f 1106/11/2 1099/11/2 1122/11/2
f 1105/11/2 1106/11/2 1122/11/2
f 1099/11/2 1065/11/2 1122/11/2
f 1122/11/2 1065/11/2 1123/11/2
f 1066/9/2 1107/9/2 1124/9/2
f 1124/9/2 1107/9/2 1125/9/2
f 1086/9/2 1103/9/2 1126/9/2
f 1057/9/2 1086/9/2 1126/9/2
f 1047/9/2 1057/9/2 1126/9/2
f 1126/9/2 1103/9/2 1127/9/2
f 1103/11/2 1104/11/2 1128/11/2
f 1128/11/2 1104/11/2 1129/11/2
f 1113/11/2 1114/11/2 1130/11/2
f 1028/11/2 1113/11/2 1130/11/2
f 1130/11/2 1114/11/2 1131/11/2
f 1114/8/2 1115/8/2 1132/8/2
f 1131/11/2 1114/11/2 1132/11/2
f 1115/8/2 1116/8/2 1132/8/2
f 1132/8/2 1116/8/2 1133/8/2
f 1110/11/2 1091/11/2 1134/11/2
f 1116/11/2 1110/11/2 1134/11/2
f 1091/11/2 1052/11/2 1134/11/2
f 1134/11/2 1052/11/2 1135/11/2
f 1118/8/2 1111/8/2 1136/8/2
f 1136/8/2 1111/8/2 1137/8/2
f 1111/11/2 1119/11/2 1138/11/2
f 1138/11/2 1119/11/2 1139/11/2
f 1121/9/2 1105/9/2 1140/9/2
f 1105/11/2 1122/11/2 1141/11/2
f 1140/9/2 1105/9/2 1141/9/2
f 1141/11/2 1122/11/2 1142/11/2
f 1142/11/2 1122/11/2 1143/11/2
f 1125/9/2 1107/9/2 1144/9/2
f 1107/11/2 1108/11/2 1145/11/2
f 1144/9/2 1107/9/2 1145/9/2
f 1127/9/2 1103/9/2 1146/9/2
f 1146/9/2 1103/9/2 1147/9/2
f 1103/11/2 1128/11/2 1148/11/2
f 1148/11/2 1128/11/2 1149/11/2
f 1132/11/2 1133/11/2 1150/11/2
f 1131/11/2 1132/11/2 1150/11/2
f 1150/11/2 1133/11/2 1151/11/2
f 1133/8/2 1116/8/2 1152/8/2
f 1151/11/2 1133/11/2 1152/11/2
f 1116/11/2 1134/11/2 1153/11/2
f 1152/8/2 1116/8/2 1153/8/2
f 1153/11/2 1134/11/2 1154/11/2
f 1154/11/2 1134/11/2 1155/11/2
f 1137/8/2 1111/8/2 1156/8/2
f 1111/11/2 1138/11/2 1157/11/2
f 1156/8/2 1111/8/2 1157/8/2
f 1157/11/2 1138/11/2 1158/11/2
f 1141/11/2 1142/11/2 1159/11/2
f 1159/11/2 1142/11/2 1160/11/2
f 1145/11/2 1108/11/2 1161/11/2
f 1108/11/2 1102/11/2 1162/11/2
f 1161/11/2 1108/11/2 1162/11/2
f 1147/9/2 1103/9/2 1163/9/2
f 1103/11/2 1148/11/2 1164/11/2
f 1163/9/2 1103/9/2 1164/9/2
f 1164/11/2 1148/11/2 1165/11/2
f 1153/11/2 1154/11/2 1166/11/2
f 1151/11/2 1152/11/2 1166/11/2
f 1152/11/2 1153/11/2 1166/11/2
f 1166/11/2 1154/11/2 1167/11/2
f 1168/9/2 1169/9/2 1170/9/2
f 1170/9/2 1169/9/2 1171/9/2
f 1172/10/2 1173/10/2 1184/10/2
f 1184/10/2 1173/10/2 1185/10/2
f 1174/10/2 1175/10/2 1186/10/2
f 1186/10/2 1175/10/2 1187/10/2
f 1176/10/2 1177/10/2 1188/10/2
f 1188/10/2 1177/10/2 1189/10/2
f 1178/10/2 1179/10/2 1190/10/2
f 1179/10/2 1180/10/2 1190/10/2
f 1180/10/2 1181/10/2 1190/10/2
f 1190/10/2 1181/10/2 1191/10/2
f 1182/10/2 1183/10/2 1192/10/2
f 1192/10/2 1183/10/2 1193/10/2
f 1194/9/2 1195/9/2 1206/9/2
f 1196/9/2 1197/9/2 1209/9/2
f 1209/9/2 1197/9/2 1210/9/2
f 1198/9/2 1199/9/2 1213/9/2
f 1213/9/2 1199/9/2 1214/9/2
f 1200/9/2 1201/9/2 1217/9/2
f 1217/9/2 1201/9/2 1218/9/2
f 1202/9/2 1203/9/2 1221/9/2
f 1221/9/2 1203/9/2 1222/9/2
f 1204/9/2 1205/9/2 1225/9/2
f 1206/9/2 1207/9/2 1226/9/2
f 1210/9/2 1211/9/2 1229/9/2
f 1208/9/2 1209/9/2 1229/9/2
f 1209/9/2 1210/9/2 1229/9/2
f 1229/9/2 1211/9/2 1230/9/2
f 1214/9/2 1215/9/2 1233/9/2
f 1212/9/2 1213/9/2 1233/9/2
f 1213/9/2 1214/9/2 1233/9/2
f 1233/9/2 1215/9/2 1234/9/2
f 1218/9/2 1219/9/2 1237/9/2
f 1216/9/2 1217/9/2 1237/9/2
f 1217/9/2 1218/9/2 1237/9/2
f 1237/9/2 1219/9/2 1238/9/2
f 1222/9/2 1223/9/2 1241/9/2
f 1220/9/2 1221/9/2 1241/9/2
f 1221/9/2 1222/9/2 1241/9/2
f 1241/9/2 1223/9/2 1242/9/2
f 1224/9/2 1225/9/2 1245/9/2
f 1226/9/2 1227/9/2 1246/9/2
f 1194/9/2 1206/9/2 1246/9/2
f 1206/9/2 1226/9/2 1246/9/2
f 1246/9/2 1227/9/2 1247/9/2
f 1230/9/2 1231/9/2 1248/9/2
f 1229/9/2 1230/9/2 1248/9/2
f 1228/9/2 1229/9/2 1248/9/2
f 1248/9/2 1231/9/2 1249/9/2
f 1234/9/2 1235/9/2 1250/9/2
f 1233/9/2 1234/9/2 1250/9/2
f 1232/9/2 1233/9/2 1250/9/2
f 1250/9/2 1235/9/2 1251/9/2
f 1238/9/2 1239/9/2 1252/9/2
f 1237/9/2 1238/9/2 1252/9/2
f 1236/9/2 1237/9/2 1252/9/2
f 1252/9/2 1239/9/2 1253/9/2
f 1242/9/2 1243/9/2 1254/9/2
f 1241/9/2 1242/9/2 1254/9/2
f 1240/9/2 1241/9/2 1254/9/2
f 1254/9/2 1243/9/2 1255/9/2
f 1244/9/2 1245/9/2 1256/9/2
f 1245/9/2 1225/9/2 1257/9/2
f 1256/9/2 1245/9/2 1257/9/2
f 1225/9/2 1205/9/2 1257/9/2
f 1258/4/2 1259/4/2 1271/4/2
f 1260/4/2 1261/4/2 1272/4/2
f 1272/4/2 1261/4/2 1273/4/2
f 1262/4/2 1263/4/2 1274/4/2
f 1274/4/2 1263/4/2 1275/4/2
f 1264/4/2 1265/4/2 1276/4/2
f 1276/4/2 1265/4/2 1277/4/2
f 1266/4/2 1267/4/2 1278/4/2
f 1278/4/2 1267/4/2 1279/4/2
f 1268/4/2 1269/4/2 1280/4/2
f 1269/9/2 1270/9/2 1281/9/2
f 1280/4/2 1269/4/2 1281/4/2
f 1281/9/2 1270/9/2 1282/9/2
f 1279/4/2 1280/4/2 1283/4/2
f 1258/4/2 1271/4/2 1283/4/2
f 1272/4/2 1273/4/2 1283/4/2
f 1277/4/2 1278/4/2 1283/4/2
f 1274/4/2 1275/4/2 1283/4/2
f 1275/4/2 1276/4/2 1283/4/2
f 1276/4/2 1277/4/2 1283/4/2
f 1273/4/2 1274/4/2 1283/4/2
f 1278/4/2 1279/4/2 1283/4/2
f 1271/4/2 1272/4/2 1283/4/2
f 1283/4/2 1280/4/2 1284/4/2
f 1285/4/2 1286/4/2 1289/4/2
f 1289/4/2 1286/4/2 1290/4/2
f 1290/4/2 1286/4/2 1291/4/2
f 1291/4/2 1286/4/2 1292/4/2
f 1292/4/2 1286/4/2 1293/4/2
f 1293/4/2 1286/4/2 1294/4/2
f 1294/4/2 1286/4/2 1295/4/2
f 1286/10/2 1287/10/2 1296/10/2
f 1295/4/2 1286/4/2 1296/4/2
f 1287/4/2 1288/4/2 1297/4/2
f 1296/10/2 1287/10/2 1297/10/2
f 1297/4/2 1288/4/2 1298/4/2
f 1298/4/2 1288/4/2 1299/4/2
f 1299/4/2 1288/4/2 1300/4/2
f 1285/4/2 1289/4/2 1302/4/2
f 1290/4/2 1291/4/2 1303/4/2
f 1303/4/2 1291/4/2 1304/4/2
f 1292/4/2 1293/4/2 1305/4/2
f 1305/4/2 1293/4/2 1306/4/2
f 1294/4/2 1295/4/2 1307/4/2
f 1307/4/2 1295/4/2 1308/4/2
f 1298/4/2 1299/4/2 1309/4/2
f 1309/4/2 1299/4/2 1310/4/2
f 1300/4/2 1301/4/2 1311/4/2
f 1311/4/2 1301/4/2 1312/4/2
f 1309/4/2 1310/4/2 1313/4/2
f 1307/4/2 1308/4/2 1313/4/2
f 1310/4/2 1311/4/2 1313/4/2
f 1305/4/2 1306/4/2 1313/4/2
f 1308/4/2 1309/4/2 1313/4/2
f 1303/4/2 1304/4/2 1313/4/2
f 1306/4/2 1307/4/2 1313/4/2
f 1285/4/2 1302/4/2 1313/4/2
f 1304/4/2 1305/4/2 1313/4/2
f 1302/4/2 1303/4/2 1313/4/2
f 1313/4/2 1311/4/2 1314/4/2
f 1314/4/2 1311/4/2 1315/4/2
f 1315/4/2 1311/4/2 1316/4/2
f 1316/4/2 1311/4/2 1317/4/2
f 1317/4/2 1311/4/2 1318/4/2
f 1318/4/2 1311/4/2 1319/4/2
f 1319/4/2 1311/4/2 1320/4/2
f 1320/4/2 1311/4/2 1321/4/2
f 1321/4/2 1311/4/2 1322/4/2
f 1323/9/2 1324/9/2 1325/9/2
f 1323/9/2 1325/9/2 1326/9/2
f 1285/4/2 1313/4/2 1327/4/2
f 1327/4/2 1313/4/2 1328/4/2
f 1314/4/2 1315/4/2 1331/4/2
f 1331/4/2 1315/4/2 1332/4/2
f 1316/4/2 1317/4/2 1335/4/2
f 1335/4/2 1317/4/2 1336/4/2
f 1318/4/2 1319/4/2 1339/4/2
f 1339/4/2 1319/4/2 1340/4/2
f 1320/4/2 1321/4/2 1343/4/2
f 1343/4/2 1321/4/2 1344/4/2
f 1322/4/2 1323/4/2 1347/4/2
f 1323/9/2 1326/9/2 1348/9/2
f 1347/4/2 1323/4/2 1348/4/2
f 1348/9/2 1326/9/2 1349/9/2
f 1328/4/2 1329/4/2 1350/4/2
f 1350/4/2 1329/4/2 1351/4/2
f 1330/4/2 1331/4/2 1354/4/2
f 1354/4/2 1331/4/2 1355/4/2
f 1332/4/2 1333/4/2 1356/4/2
f 1356/4/2 1333/4/2 1357/4/2
f 1334/4/2 1335/4/2 1360/4/2
f 1360/4/2 1335/4/2 1361/4/2
f 1336/4/2 1337/4/2 1362/4/2
f 1362/4/2 1337/4/2 1363/4/2
f 1338/4/2 1339/4/2 1366/4/2
f 1366/4/2 1339/4/2 1367/4/2
f 1340/4/2 1341/4/2 1368/4/2
f 1368/4/2 1341/4/2 1369/4/2
f 1342/4/2 1343/4/2 1372/4/2
f 1372/4/2 1343/4/2 1373/4/2
f 1344/4/2 1345/4/2 1374/4/2
f 1374/4/2 1345/4/2 1375/4/2
f 1346/4/2 1347/4/2 1378/4/2
f 1378/4/2 1347/4/2 1379/4/2
f 1351/4/2 1352/4/2 1380/4/2
f 1380/4/2 1352/4/2 1381/4/2
f 1353/4/2 1354/4/2 1382/4/2
f 1382/4/2 1354/4/2 1383/4/2
f 1357/4/2 1358/4/2 1384/4/2
f 1384/4/2 1358/4/2 1385/4/2
f 1359/4/2 1360/4/2 1386/4/2
f 1386/4/2 1360/4/2 1387/4/2
f 1363/4/2 1364/4/2 1388/4/2
f 1388/4/2 1364/4/2 1389/4/2
f 1365/4/2 1366/4/2 1390/4/2
f 1390/4/2 1366/4/2 1391/4/2
f 1369/4/2 1370/4/2 1392/4/2
f 1392/4/2 1370/4/2 1393/4/2
f 1371/4/2 1372/4/2 1394/4/2
f 1394/4/2 1372/4/2 1395/4/2
f 1375/4/2 1376/4/2 1396/4/2
f 1396/4/2 1376/4/2 1397/4/2
f 1377/4/2 1378/4/2 1398/4/2
f 1398/4/2 1378/4/2 1399/4/2
f 1381/4/2 1382/4/2 1400/4/2
f 1400/4/2 1382/4/2 1401/4/2
f 1385/4/2 1386/4/2 1402/4/2
f 1402/4/2 1386/4/2 1403/4/2
f 1389/4/2 1390/4/2 1404/4/2
f 1404/4/2 1390/4/2 1405/4/2
f 1393/4/2 1394/4/2 1406/4/2
f 1406/4/2 1394/4/2 1407/4/2
f 1397/4/2 1398/4/2 1408/4/2
f 1408/4/2 1398/4/2 1409/4/2
f 1410/4/2 1411/4/2 1413/4/2
f 1411/9/2 1412/9/2 1414/9/2
f 1413/4/2 1411/4/2 1414/4/2
f 1414/9/2 1412/9/2 1415/9/2
f 1416/4/2 1417/4/2 1419/4/2
f 1417/9/2 1418/9/2 1420/9/2
f 1419/4/2 1417/4/2 1420/4/2
f 1420/9/2 1418/9/2 1421/9/2
f 1422/4/2 1423/4/2 1424/4/2
f 1424/4/2 1423/4/2 1425/4/2
f 1426/4/2 1427/4/2 1428/4/2
f 1428/4/2 1427/4/2 1429/4/2
f 1430/4/2 1431/4/2 1432/4/2
f 1432/4/2 1431/4/2 1433/4/2
f 1434/4/2 1435/4/2 1437/4/2
f 1435/9/2 1436/9/2 1438/9/2
f 1437/4/2 1435/4/2 1438/4/2
f 1438/9/2 1436/9/2 1439/9/2
f 1440/9/2 1441/9/2 1442/9/2
f 1442/9/2 1441/9/2 1443/9/2
f 1444/4/2 1445/4/2 1446/4/2
f 1446/4/2 1445/4/2 1447/4/2
f 1449/9/2 1450/9/2 1451/9/2
f 1448/4/2 1449/4/2 1452/4/2
f 1449/9/2 1451/9/2 1453/9/2
f 1452/4/2 1449/4/2 1453/4/2
f 1453/9/2 1451/9/2 1454/9/2
f 1455/4/2 1456/4/2 1458/4/2
f 1456/9/2 1457/9/2 1459/9/2
f 1458/4/2 1456/4/2 1459/4/2
f 1459/9/2 1457/9/2 1460/9/2
f 1461/4/2 1462/4/2 1464/4/2
f 1462/9/2 1463/9/2 1465/9/2
f 1464/4/2 1462/4/2 1465/4/2
f 1465/9/2 1463/9/2 1466/9/2
f 1467/9/2 1468/9/2 1469/9/2
f 1469/9/2 1468/9/2 1470/9/2
f 1471/4/2 1472/4/2 1473/4/2
f 1473/4/2 1472/4/2 1474/4/2
f 1475/4/2 1476/4/2 1477/4/2
f 1477/4/2 1476/4/2 1478/4/2
f 1479/4/2 1480/4/2 1481/4/2
f 1481/4/2 1480/4/2 1482/4/2
f 1483/4/2 1484/4/2 1486/4/2
f 1484/9/2 1485/9/2 1487/9/2
f 1486/4/2 1484/4/2 1487/4/2
f 1487/9/2 1485/9/2 1488/9/2
f 1489/4/2 1490/4/2 1491/4/2
f 1491/4/2 1490/4/2 1492/4/2
f 1494/9/2 1495/9/2 1496/9/2
f 1493/4/2 1494/4/2 1497/4/2
f 1494/9/2 1496/9/2 1498/9/2
f 1497/4/2 1494/4/2 1498/4/2
f 1498/9/2 1496/9/2 1499/9/2
f 1500/4/2 1501/4/2 1503/4/2
f 1501/9/2 1502/9/2 1504/9/2
f 1503/4/2 1501/4/2 1504/4/2
f 1504/9/2 1502/9/2 1505/9/2
f 1506/4/2 1507/4/2 1509/4/2
f 1507/9/2 1508/9/2 1510/9/2
f 1509/4/2 1507/4/2 1510/4/2
f 1510/9/2 1508/9/2 1511/9/2
f 1512/4/2 1513/4/2 1514/4/2
f 1514/4/2 1513/4/2 1515/4/2
f 1516/4/2 1517/4/2 1518/4/2
f 1518/4/2 1517/4/2 1519/4/2
f 1520/4/2 1521/4/2 1522/4/2
f 1522/4/2 1521/4/2 1523/4/2
f 1524/4/2 1525/4/2 1527/4/2
f 1525/9/2 1526/9/2 1528/9/2
f 1527/4/2 1525/4/2 1528/4/2
f 1528/9/2 1526/9/2 1529/9/2
f 1530/4/2 1531/4/2 1532/4/2
f 1532/4/2 1531/4/2 1533/4/2
f 1535/9/2 1536/9/2 1537/9/2
f 1534/4/2 1535/4/2 1538/4/2
f 1535/9/2 1537/9/2 1539/9/2
f 1538/4/2 1535/4/2 1539/4/2
f 1539/9/2 1537/9/2 1540/9/2
f 1541/4/2 1542/4/2 1544/4/2
f 1542/9/2 1543/9/2 1545/9/2
f 1544/4/2 1542/4/2 1545/4/2
f 1545/9/2 1543/9/2 1546/9/2
f 1547/4/2 1548/4/2 1550/4/2
f 1548/9/2 1549/9/2 1551/9/2
f 1550/4/2 1548/4/2 1551/4/2
f 1551/9/2 1549/9/2 1552/9/2
f 1553/3/2 1554/3/2 1555/3/2
f 1555/3/2 1554/3/2 1556/3/2
f 1557/1/2 1558/1/2 1559/1/2
f 1559/1/2 1558/1/2 1560/1/2
f 1561/3/2 1562/3/2 1563/3/2
f 1563/3/2 1562/3/2 1564/3/2
f 1565/5/2 1566/5/2 1567/5/2
f 1567/5/2 1566/5/2 1568/5/2
f 1569/1/2 1570/1/2 1571/1/2
f 1571/1/2 1570/1/2 1572/1/2
f 1573/3/2 1574/3/2 1577/3/2
f 1575/3/2 1576/3/2 1577/3/2
f 1574/3/2 1575/3/2 1577/3/2
f 1577/3/2 1576/3/2 1578/3/2
f 1579/5/2 1580/5/2 1581/5/2
f 1581/5/2 1580/5/2 1582/5/2
f 1583/3/2 1584/3/2 1585/3/2
f 1585/3/2 1584/3/2 1586/3/2
f 1587/4/2 1588/4/2 1589/4/2
f 1589/4/2 1588/4/2 1590/4/2
f 1591/4/2 1592/4/2 1593/4/2
f 1593/4/2 1592/4/2 1594/4/2
f 1595/4/2 1596/4/2 1597/4/2
f 1597/4/2 1596/4/2 1598/4/2
f 1599/4/2 1600/4/2 1602/4/2
f 1600/9/2 1601/9/2 1603/9/2
f 1602/4/2 1600/4/2 1603/4/2
f 1603/9/2 1601/9/2 1604/9/2
f 1605/4/2 1606/4/2 1607/4/2
f 1607/4/2 1606/4/2 1608/4/2
f 1610/9/2 1611/9/2 1612/9/2
f 1609/4/2 1610/4/2 1613/4/2
f 1610/9/2 1612/9/2 1614/9/2
f 1613/4/2 1610/4/2 1614/4/2
f 1614/9/2 1612/9/2 1615/9/2
f 1616/4/2 1617/4/2 1619/4/2
f 1617/9/2 1618/9/2 1620/9/2
f 1619/4/2 1617/4/2 1620/4/2
f 1620/9/2 1618/9/2 1621/9/2
f 1622/4/2 1623/4/2 1625/4/2
f 1623/9/2 1624/9/2 1626/9/2
f 1625/4/2 1623/4/2 1626/4/2
f 1626/9/2 1624/9/2 1627/9/2
f 1628/4/2 1629/4/2 1630/4/2
f 1630/4/2 1629/4/2 1631/4/2
f 1632/4/2 1633/4/2 1634/4/2
f 1634/4/2 1633/4/2 1635/4/2
f 1636/4/2 1637/4/2 1638/4/2
f 1638/4/2 1637/4/2 1639/4/2
f 1640/4/2 1641/4/2 1643/4/2
f 1641/9/2 1642/9/2 1644/9/2
f 1643/4/2 1641/4/2 1644/4/2
f 1644/9/2 1642/9/2 1645/9/2
f 1646/4/2 1647/4/2 1648/4/2
f 1648/4/2 1647/4/2 1649/4/2
f 1651/9/2 1652/9/2 1653/9/2
f 1650/4/2 1651/4/2 1654/4/2
f 1651/9/2 1653/9/2 1655/9/2
f 1654/4/2 1651/4/2 1655/4/2
f 1655/9/2 1653/9/2 1656/9/2
f 1657/4/2 1658/4/2 1660/4/2
f 1658/9/2 1659/9/2 1661/9/2
f 1660/4/2 1658/4/2 1661/4/2
f 1661/9/2 1659/9/2 1662/9/2
f 1663/4/2 1664/4/2 1666/4/2
f 1664/9/2 1665/9/2 1667/9/2
f 1666/4/2 1664/4/2 1667/4/2
f 1667/9/2 1665/9/2 1668/9/2
f 1669/4/2 1670/4/2 1671/4/2
f 1671/4/2 1670/4/2 1672/4/2
f 1673/4/2 1674/4/2 1675/4/2
f 1675/4/2 1674/4/2 1676/4/2
f 1677/4/2 1678/4/2 1679/4/2
f 1679/4/2 1678/4/2 1680/4/2
f 1681/4/2 1682/4/2 1684/4/2
f 1682/9/2 1683/9/2 1685/9/2
f 1684/4/2 1682/4/2 1685/4/2
f 1685/9/2 1683/9/2 1686/9/2
f 1687/4/2 1688/4/2 1689/4/2
f 1689/4/2 1688/4/2 1690/4/2
f 1692/9/2 1693/9/2 1694/9/2
f 1691/4/2 1692/4/2 1695/4/2
f 1692/9/2 1694/9/2 1696/9/2
f 1695/4/2 1692/4/2 1696/4/2
f 1696/9/2 1694/9/2 1697/9/2
f 1698/4/2 1699/4/2 1701/4/2
f 1699/9/2 1700/9/2 1702/9/2
f 1701/4/2 1699/4/2 1702/4/2
f 1702/9/2 1700/9/2 1703/9/2
f 1704/4/2 1705/4/2 1707/4/2
f 1705/9/2 1706/9/2 1708/9/2
f 1707/4/2 1705/4/2 1708/4/2
f 1708/9/2 1706/9/2 1709/9/2
f 1710/4/2 1711/4/2 1712/4/2
f 1712/4/2 1711/4/2 1713/4/2
f 1714/4/2 1715/4/2 1716/4/2
f 1716/4/2 1715/4/2 1717/4/2
f 1718/4/2 1719/4/2 1720/4/2
f 1720/4/2 1719/4/2 1721/4/2
f 1722/7/2 1723/7/2 1727/7/2
f 1727/7/2 1723/7/2 1728/7/2
f 1729/7/2 1730/7/2 1731/7/2
f 1731/7/2 1730/7/2 1732/7/2
f 1733/7/2 1734/7/2 1735/7/2
f 1735/7/2 1734/7/2 1736/7/2
f 1737/7/2 1738/7/2 1739/7/2
f 1739/7/2 1738/7/2 1740/7/2
f 1724/4/2 1725/4/2 1741/4/2
f 1725/9/2 1726/9/2 1742/9/2
f 1741/4/2 1725/4/2 1742/4/2
f 1742/9/2 1726/9/2 1743/9/2
f 1744/4/2 1745/4/2 1746/4/2
f 1746/4/2 1745/4/2 1747/4/2
f 1749/9/2 1750/9/2 1751/9/2
f 1748/4/2 1749/4/2 1752/4/2
f 1749/9/2 1751/9/2 1753/9/2
f 1752/4/2 1749/4/2 1753/4/2
f 1753/9/2 1751/9/2 1754/9/2
f 1755/7/2 1756/7/2 1757/7/2
f 1757/7/2 1756/7/2 1758/7/2
f 1759/7/2 1760/7/2 1761/7/2
f 1761/7/2 1760/7/2 1762/7/2
f 1763/7/2 1764/7/2 1765/7/2
f 1765/7/2 1764/7/2 1766/7/2
f 1767/4/2 1768/4/2 1770/4/2
f 1768/9/2 1769/9/2 1771/9/2
f 1770/4/2 1768/4/2 1771/4/2
f 1771/9/2 1769/9/2 1772/9/2
f 1773/7/2 1774/7/2 1775/7/2
f 1775/7/2 1774/7/2 1776/7/2
f 1777/4/2 1778/4/2 1780/4/2
f 1778/9/2 1779/9/2 1781/9/2
f 1780/4/2 1778/4/2 1781/4/2
f 1781/9/2 1779/9/2 1782/9/2
f 1783/9/2 1784/9/2 1785/9/2
f 1785/9/2 1784/9/2 1786/9/2
f 1787/4/2 1788/4/2 1789/4/2
f 1789/4/2 1788/4/2 1790/4/2
f 1791/4/2 1792/4/2 1793/4/2
f 1793/4/2 1792/4/2 1794/4/2
f 1795/4/2 1796/4/2 1797/4/2
f 1797/4/2 1796/4/2 1798/4/2
f 1799/2/2 1800/2/2 1801/2/2
f 1801/2/2 1800/2/2 1802/2/2
f 1801/3/2 1802/3/2 1803/3/2
f 1803/3/2 1802/3/2 1804/3/2
f 1804/3/2 1802/3/2 1805/3/2
f 1805/3/2 1802/3/2 1806/3/2
f 1806/3/2 1802/3/2 1807/3/2
f 1807/3/2 1802/3/2 1808/3/2
f 1808/3/2 1802/3/2 1809/3/2
f 1809/3/2 1802/3/2 1810/3/2
f 1810/3/2 1802/3/2 1811/3/2
f 1811/3/2 1802/3/2 1812/3/2
f 1804/3/2 1805/3/2 1813/3/2
f 1805/11/2 1806/11/2 1814/11/2
f 1813/3/2 1805/3/2 1814/3/2
f 1801/3/2 1803/3/2 1815/3/2
f 1803/11/2 1804/11/2 1815/11/2
f 1804/3/2 1813/3/2 1816/3/2
f 1815/11/2 1804/11/2 1816/11/2
f 1813/11/2 1814/11/2 1817/11/2
f 1816/3/2 1813/3/2 1817/3/2
f 1814/11/2 1806/11/2 1818/11/2
f 1817/11/2 1814/11/2 1818/11/2
f 1806/3/2 1807/3/2 1818/3/2
f 1807/11/2 1808/11/2 1819/11/2
f 1818/3/2 1807/3/2 1819/3/2
f 1808/3/2 1809/3/2 1820/3/2
f 1819/11/2 1808/11/2 1820/11/2
f 1809/11/2 1810/11/2 1821/11/2
f 1820/3/2 1809/3/2 1821/3/2
f 1810/3/2 1811/3/2 1822/3/2
f 1821/11/2 1810/11/2 1822/11/2
f 1811/11/2 1812/11/2 1823/11/2
f 1822/3/2 1811/3/2 1823/3/2
f 1812/3/2 1802/3/2 1824/3/2
f 1823/11/2 1812/11/2 1824/11/2
f 1816/3/2 1817/3/2 1825/3/2
f 1815/3/2 1816/3/2 1825/3/2
f 1823/3/2 1824/3/2 1825/3/2
f 1820/3/2 1821/3/2 1825/3/2
f 1819/3/2 1820/3/2 1825/3/2
f 1818/3/2 1819/3/2 1825/3/2
f 1817/3/2 1818/3/2 1825/3/2
f 1821/3/2 1822/3/2 1825/3/2
f 1801/3/2 1815/3/2 1825/3/2
f 1822/3/2 1823/3/2 1825/3/2
f 1825/3/2 1824/3/2 1826/3/2
f 1826/3/2 1824/3/2 1827/3/2
f 1827/3/2 1824/3/2 1828/3/2
f 1828/3/2 1824/3/2 1829/3/2
f 1829/3/2 1824/3/2 1830/3/2
f 1830/3/2 1824/3/2 1831/3/2
f 1831/3/2 1824/3/2 1832/3/2
f 1832/3/2 1824/3/2 1833/3/2
f 1833/3/2 1824/3/2 1834/3/2
f 1834/3/2 1824/3/2 1835/3/2
f 1835/3/2 1824/3/2 1836/3/2
f 1836/3/2 1824/3/2 1837/3/2
f 1837/3/2 1824/3/2 1838/3/2
f 1824/3/2 1802/3/2 1839/3/2
f 1838/3/2 1824/3/2 1839/3/2
f 1831/7/2 1832/7/2 1840/7/2
f 1832/6/2 1833/6/2 1840/6/2
f 1840/6/2 1833/6/2 1841/6/2
f 1837/7/2 1838/7/2 1842/7/2
f 1838/6/2 1839/6/2 1842/6/2
f 1842/6/2 1839/6/2 1843/6/2
f 1825/7/2 1826/7/2 1844/7/2
f 1826/6/2 1827/6/2 1844/6/2
f 1844/6/2 1827/6/2 1845/6/2
f 1828/7/2 1829/7/2 1846/7/2
f 1829/6/2 1830/6/2 1846/6/2
f 1846/6/2 1830/6/2 1847/6/2
f 1841/6/2 1833/6/2 1848/6/2
f 1840/7/2 1841/7/2 1848/7/2
f 1848/6/2 1833/6/2 1849/6/2
f 1842/7/2 1843/7/2 1850/7/2
f 1836/3/2 1837/3/2 1850/3/2
f 1837/7/2 1842/7/2 1850/7/2
f 1850/7/2 1843/7/2 1851/7/2
f 1845/6/2 1827/6/2 1852/6/2
f 1844/7/2 1845/7/2 1852/7/2
f 1852/6/2 1827/6/2 1853/6/2
f 1852/7/2 1853/7/2 1854/7/2
f 1853/6/2 1827/6/2 1854/6/2
f 1854/6/2 1827/6/2 1855/6/2
f 1847/6/2 1830/6/2 1856/6/2
f 1846/7/2 1847/7/2 1856/7/2
f 1856/6/2 1830/6/2 1857/6/2
f 1849/6/2 1833/6/2 1858/6/2
f 1833/3/2 1834/3/2 1859/3/2
f 1858/6/2 1833/6/2 1859/6/2
f 1835/6/2 1836/6/2 1860/6/2
f 1836/3/2 1850/3/2 1861/3/2
f 1860/6/2 1836/6/2 1861/6/2
f 1843/6/2 1839/6/2 1862/6/2
f 1851/7/2 1843/7/2 1862/7/2
f 1862/6/2 1839/6/2 1863/6/2
f 1801/3/2 1825/3/2 1864/3/2
f 1854/7/2 1855/7/2 1864/7/2
f 1825/7/2 1844/7/2 1864/7/2
f 1844/7/2 1852/7/2 1864/7/2
f 1852/7/2 1854/7/2 1864/7/2
f 1864/7/2 1855/7/2 1865/7/2
f 1855/6/2 1827/6/2 1866/6/2
f 1865/7/2 1855/7/2 1866/7/2
f 1827/3/2 1828/3/2 1867/3/2
f 1866/6/2 1827/6/2 1867/6/2
f 1828/7/2 1846/7/2 1868/7/2
f 1867/3/2 1828/3/2 1868/3/2
f 1856/7/2 1857/7/2 1868/7/2
f 1846/7/2 1856/7/2 1868/7/2
f 1868/7/2 1857/7/2 1869/7/2
f 1834/7/2 1835/7/2 1870/7/2
f 1859/3/2 1834/3/2 1870/3/2
f 1870/7/2 1835/7/2 1871/7/2
f 1835/6/2 1860/6/2 1872/6/2
f 1871/7/2 1835/7/2 1872/7/2
f 1872/6/2 1860/6/2 1873/6/2
f 1850/11/2 1851/11/2 1874/11/2
f 1862/7/2 1863/7/2 1874/7/2
f 1851/7/2 1862/7/2 1874/7/2
f 1874/7/2 1863/7/2 1875/7/2
f 1864/11/2 1865/11/2 1876/11/2
f 1865/7/2 1866/7/2 1876/7/2
f 1866/7/2 1867/7/2 1876/7/2
f 1876/7/2 1867/7/2 1877/7/2
f 1877/7/2 1867/7/2 1878/7/2
f 1867/3/2 1868/3/2 1879/3/2
f 1878/7/2 1867/7/2 1879/7/2
f 1857/6/2 1830/6/2 1880/6/2
f 1869/7/2 1857/7/2 1880/7/2
f 1880/6/2 1830/6/2 1881/6/2
f 1830/3/2 1831/3/2 1882/3/2
f 1881/6/2 1830/6/2 1882/6/2
f 1849/6/2 1858/6/2 1883/6/2
f 1848/7/2 1849/7/2 1883/7/2
f 1883/6/2 1858/6/2 1884/6/2
f 1858/8/2 1859/8/2 1885/8/2
f 1884/6/2 1858/6/2 1885/6/2
f 1872/7/2 1873/7/2 1886/7/2
f 1871/7/2 1872/7/2 1886/7/2
f 1873/6/2 1860/6/2 1887/6/2
f 1886/7/2 1873/7/2 1887/7/2
f 1860/8/2 1861/8/2 1888/8/2
f 1887/6/2 1860/6/2 1888/6/2
f 1863/6/2 1839/6/2 1889/6/2
f 1839/3/2 1802/3/2 1890/3/2
f 1889/6/2 1839/6/2 1890/6/2
f 1877/7/2 1878/7/2 1891/7/2
f 1876/11/2 1877/11/2 1891/11/2
f 1891/7/2 1878/7/2 1892/7/2
f 1892/7/2 1878/7/2 1893/7/2
f 1878/8/2 1879/8/2 1894/8/2
f 1893/7/2 1878/7/2 1894/7/2
f 1880/7/2 1881/7/2 1895/7/2
f 1868/11/2 1869/11/2 1895/11/2
f 1869/7/2 1880/7/2 1895/7/2
f 1895/7/2 1881/7/2 1896/7/2
f 1882/3/2 1831/3/2 1897/3/2
f 1831/7/2 1840/7/2 1897/7/2
f 1840/7/2 1848/7/2 1897/7/2
f 1883/7/2 1884/7/2 1897/7/2
f 1848/7/2 1883/7/2 1897/7/2
f 1897/7/2 1884/7/2 1898/7/2
f 1871/7/2 1886/7/2 1899/7/2
f 1870/11/2 1871/11/2 1899/11/2
f 1899/7/2 1886/7/2 1900/7/2
f 1886/6/2 1887/6/2 1901/6/2
f 1900/7/2 1886/7/2 1901/7/2
f 1887/8/2 1888/8/2 1902/8/2
f 1901/6/2 1887/6/2 1902/6/2
f 1875/7/2 1863/7/2 1903/7/2
f 1874/11/2 1875/11/2 1903/11/2
f 1903/7/2 1863/7/2 1904/7/2
f 1863/6/2 1889/6/2 1905/6/2
f 1904/7/2 1863/7/2 1905/7/2
f 1889/8/2 1890/8/2 1906/8/2
f 1905/6/2 1889/6/2 1906/6/2
f 1892/7/2 1893/7/2 1907/7/2
f 1891/11/2 1892/11/2 1907/11/2
f 1893/8/2 1894/8/2 1908/8/2
f 1907/7/2 1893/7/2 1908/7/2
f 1896/7/2 1881/7/2 1909/7/2
f 1895/11/2 1896/11/2 1909/11/2
f 1909/7/2 1881/7/2 1910/7/2
f 1910/7/2 1881/7/2 1911/7/2
f 1881/8/2 1882/8/2 1912/8/2
f 1911/7/2 1881/7/2 1912/7/2
f 1898/7/2 1884/7/2 1913/7/2
f 1897/11/2 1898/11/2 1913/11/2
f 1913/7/2 1884/7/2 1914/7/2
f 1884/8/2 1885/8/2 1915/8/2
f 1914/7/2 1884/7/2 1915/7/2
f 1901/7/2 1902/7/2 1916/7/2
f 1899/11/2 1900/11/2 1916/11/2
f 1900/7/2 1901/7/2 1916/7/2
f 1902/8/2 1888/8/2 1917/8/2
f 1916/7/2 1902/7/2 1917/7/2
f 1903/11/2 1904/11/2 1918/11/2
f 1904/7/2 1905/7/2 1918/7/2
f 1905/8/2 1906/8/2 1919/8/2
f 1918/7/2 1905/7/2 1919/7/2
f 1910/7/2 1911/7/2 1920/7/2
f 1909/11/2 1910/11/2 1920/11/2
f 1911/8/2 1912/8/2 1921/8/2
f 1920/7/2 1911/7/2 1921/7/2
f 1916/11/2 1917/11/2 1922/11/2
f 1917/8/2 1888/8/2 1923/8/2
f 1922/11/2 1917/11/2 1923/11/2
f 1891/11/2 1907/11/2 1924/11/2
f 1907/11/2 1908/11/2 1924/11/2
f 1876/11/2 1891/11/2 1924/11/2
f 1801/3/2 1864/3/2 1924/3/2
f 1864/11/2 1876/11/2 1924/11/2
f 1924/11/2 1908/11/2 1925/11/2
f 1925/11/2 1908/11/2 1926/11/2
f 1908/8/2 1894/8/2 1927/8/2
f 1926/11/2 1908/11/2 1927/11/2
f 1894/8/2 1879/8/2 1928/8/2
f 1927/8/2 1894/8/2 1928/8/2
f 1879/3/2 1868/3/2 1929/3/2
f 1928/8/2 1879/8/2 1929/8/2
f 1868/11/2 1895/11/2 1930/11/2
f 1929/3/2 1868/3/2 1930/3/2
f 1909/11/2 1920/11/2 1930/11/2
f 1895/11/2 1909/11/2 1930/11/2
f 1930/11/2 1920/11/2 1931/11/2
f 1931/11/2 1920/11/2 1932/11/2
f 1920/8/2 1921/8/2 1933/8/2
f 1932/11/2 1920/11/2 1933/11/2
f 1912/8/2 1882/8/2 1934/8/2
f 1933/8/2 1921/8/2 1934/8/2
f 1921/8/2 1912/8/2 1934/8/2
f 1882/3/2 1897/3/2 1935/3/2
f 1934/8/2 1882/8/2 1935/8/2
f 1913/11/2 1914/11/2 1936/11/2
f 1935/3/2 1897/3/2 1936/3/2
f 1897/11/2 1913/11/2 1936/11/2
f 1936/11/2 1914/11/2 1937/11/2
f 1937/11/2 1914/11/2 1938/11/2
f 1914/8/2 1915/8/2 1939/8/2
f 1938/11/2 1914/11/2 1939/11/2
f 1915/8/2 1885/8/2 1940/8/2
f 1939/8/2 1915/8/2 1940/8/2
f 1885/8/2 1859/8/2 1940/8/2
f 1859/3/2 1870/3/2 1941/3/2
f 1940/8/2 1859/8/2 1941/8/2
f 1899/11/2 1916/11/2 1942/11/2
f 1941/3/2 1870/3/2 1942/3/2
f 1916/11/2 1922/11/2 1942/11/2
f 1870/11/2 1899/11/2 1942/11/2
f 1942/11/2 1922/11/2 1943/11/2
f 1888/8/2 1861/8/2 1944/8/2
f 1923/8/2 1888/8/2 1944/8/2
f 1922/8/2 1923/8/2 1944/8/2
f 1861/3/2 1850/3/2 1945/3/2
f 1944/8/2 1861/8/2 1945/8/2
f 1850/11/2 1874/11/2 1946/11/2
f 1945/3/2 1850/3/2 1946/3/2
f 1903/11/2 1918/11/2 1946/11/2
f 1874/11/2 1903/11/2 1946/11/2
f 1946/11/2 1918/11/2 1947/11/2
f 1947/11/2 1918/11/2 1948/11/2
f 1918/8/2 1919/8/2 1949/8/2
f 1948/11/2 1918/11/2 1949/11/2
f 1906/8/2 1890/8/2 1950/8/2
f 1949/8/2 1919/8/2 1950/8/2
f 1919/8/2 1906/8/2 1950/8/2
f 1890/3/2 1802/3/2 1951/3/2
f 1950/8/2 1890/8/2 1951/8/2
f 1925/11/2 1926/11/2 1952/11/2
f 1924/3/2 1925/3/2 1952/3/2
f 1952/11/2 1926/11/2 1953/11/2
f 1927/8/2 1928/8/2 1954/8/2
f 1926/8/2 1927/8/2 1954/8/2
f 1928/3/2 1929/3/2 1955/3/2
f 1954/8/2 1928/8/2 1955/8/2
f 1930/3/2 1931/3/2 1955/3/2
f 1929/3/2 1930/3/2 1955/3/2
f 1931/11/2 1932/11/2 1956/11/2
f 1955/3/2 1931/3/2 1956/3/2
f 1956/11/2 1932/11/2 1957/11/2
f 1932/8/2 1933/8/2 1958/8/2
f 1933/8/2 1934/8/2 1958/8/2
f 1935/3/2 1936/3/2 1959/3/2
f 1958/8/2 1934/8/2 1959/8/2
f 1936/3/2 1937/3/2 1959/3/2
f 1934/3/2 1935/3/2 1959/3/2
f 1937/11/2 1938/11/2 1960/11/2
f 1959/3/2 1937/3/2 1960/3/2
f 1960/11/2 1938/11/2 1961/11/2
f 1938/8/2 1939/8/2 1962/8/2
f 1939/8/2 1940/8/2 1962/8/2
f 1940/3/2 1941/3/2 1963/3/2
f 1962/8/2 1940/8/2 1963/8/2
f 1942/3/2 1943/3/2 1963/3/2
f 1941/3/2 1942/3/2 1963/3/2
f 1943/11/2 1922/11/2 1964/11/2
f 1963/3/2 1943/3/2 1964/3/2
f 1964/11/2 1922/11/2 1965/11/2
f 1922/8/2 1944/8/2 1966/8/2
f 1946/3/2 1947/3/2 1967/3/2
f 1966/8/2 1944/8/2 1967/8/2
f 1945/3/2 1946/3/2 1967/3/2
f 1944/3/2 1945/3/2 1967/3/2
f 1947/11/2 1948/11/2 1968/11/2
f 1967/3/2 1947/3/2 1968/3/2
f 1968/11/2 1948/11/2 1969/11/2
f 1948/8/2 1949/8/2 1970/8/2
f 1949/8/2 1950/8/2 1970/8/2
f 1950/3/2 1951/3/2 1971/3/2
f 1970/8/2 1950/8/2 1971/8/2
f 1953/11/2 1926/11/2 1972/11/2
f 1952/3/2 1953/3/2 1972/3/2
f 1926/8/2 1954/8/2 1973/8/2
f 1972/11/2 1926/11/2 1973/11/2
f 1955/3/2 1956/3/2 1974/3/2
f 1973/8/2 1954/8/2 1974/8/2
f 1956/3/2 1957/3/2 1974/3/2
f 1954/3/2 1955/3/2 1974/3/2
f 1957/11/2 1932/11/2 1975/11/2
f 1974/3/2 1957/3/2 1975/3/2
f 1932/8/2 1958/8/2 1976/8/2
f 1975/11/2 1932/11/2 1976/11/2
f 1958/3/2 1959/3/2 1977/3/2
f 1976/8/2 1958/8/2 1977/8/2
f 1959/3/2 1960/3/2 1977/3/2
f 1960/3/2 1961/3/2 1977/3/2
f 1961/11/2 1938/11/2 1978/11/2
f 1977/3/2 1961/3/2 1978/3/2
f 1938/8/2 1962/8/2 1979/8/2
f 1978/11/2 1938/11/2 1979/11/2
f 1962/3/2 1963/3/2 1980/3/2
f 1979/8/2 1962/8/2 1980/8/2
f 1964/3/2 1965/3/2 1980/3/2
f 1963/3/2 1964/3/2 1980/3/2
f 1965/11/2 1922/11/2 1981/11/2
f 1980/3/2 1965/3/2 1981/3/2
f 1922/8/2 1966/8/2 1982/8/2
f 1981/11/2 1922/11/2 1982/11/2
f 1967/3/2 1968/3/2 1983/3/2
f 1982/8/2 1966/8/2 1983/8/2
f 1968/3/2 1969/3/2 1983/3/2
f 1966/3/2 1967/3/2 1983/3/2
f 1969/11/2 1948/11/2 1984/11/2
f 1983/3/2 1969/3/2 1984/3/2
f 1948/8/2 1970/8/2 1985/8/2
f 1984/11/2 1948/11/2 1985/11/2
f 1970/3/2 1971/3/2 1986/3/2
f 1985/8/2 1970/8/2 1986/8/2
f 1977/3/2 1978/3/2 1987/3/2
f 1978/3/2 1979/3/2 1987/3/2
f 1985/3/2 1986/3/2 1987/3/2
f 1983/3/2 1984/3/2 1987/3/2
f 1924/3/2 1952/3/2 1987/3/2
f 1952/3/2 1972/3/2 1987/3/2
f 1981/3/2 1982/3/2 1987/3/2
f 1980/3/2 1981/3/2 1987/3/2
f 1801/3/2 1924/3/2 1987/3/2
f 1982/3/2 1983/3/2 1987/3/2
f 1979/3/2 1980/3/2 1987/3/2
f 1972/3/2 1973/3/2 1987/3/2
f 1974/3/2 1975/3/2 1987/3/2
f 1984/3/2 1985/3/2 1987/3/2
f 1973/3/2 1974/3/2 1987/3/2
f 1975/3/2 1976/3/2 1987/3/2
f 1976/3/2 1977/3/2 1987/3/2
f 1986/3/2 1971/3/2 1988/3/2
f 1987/3/2 1986/3/2 1988/3/2
f 1951/3/2 1802/3/2 1988/3/2
f 1971/3/2 1951/3/2 1988/3/2
f 1995/3/3 1990/3/3 1989/3/3
f 1996/3/3 1990/3/3 1995/3/3
f 1997/3/3 1990/3/3 1996/3/3
f 1998/6/3 1991/6/3 1990/6/3
f 1998/3/3 1990/3/3 1997/3/3
f 1999/3/3 1992/3/3 1991/3/3
f 1999/6/3 1991/6/3 1998/6/3
f 2000/7/3 1993/7/3 1992/7/3
f 2000/3/3 1992/3/3 1999/3/3
f 2001/3/3 1994/3/3 1993/3/3
f 2001/7/3 1993/7/3 2000/7/3
f 2002/3/3 1994/3/3 2001/3/3
f 2003/9/3 2000/9/3 1999/9/3
f 2003/9/3 1998/9/3 1997/9/3
f 2003/9/3 2002/9/3 2001/9/3
f 2003/9/3 2001/9/3 2000/9/3
f 2003/9/3 1999/9/3 1998/9/3
f 2004/9/3 2002/9/3 2003/9/3
f 2005/10/3 1997/10/3 1996/10/3
f 2005/9/3 2003/9/3 1997/9/3
f 2006/9/3 2003/9/3 2005/9/3
f 2007/9/3 2002/9/3 2004/9/3
f 2007/4/3 2004/4/3 2003/4/3
f 2008/9/3 2002/9/3 2007/9/3
f 2009/4/3 2006/4/3 2005/4/3
f 2009/10/3 2005/10/3 1996/10/3
f 2010/9/3 2003/9/3 2006/9/3
f 2010/4/3 2006/4/3 2009/4/3
f 2011/4/3 2007/4/3 2003/4/3
f 2011/9/3 2003/9/3 2010/9/3
f 2012/4/3 2007/4/3 2011/4/3
f 2013/10/3 2009/10/3 1996/10/3
f 2013/2/3 1996/2/3 1995/2/3
f 2014/10/3 2009/10/3 2013/10/3
f 2015/2/3 2013/2/3 1995/2/3
f 2015/8/3 2014/8/3 2013/8/3
f 2016/8/3 2014/8/3 2015/8/3
f 2017/2/3 2015/2/3 1995/2/3
f 2017/10/3 2016/10/3 2015/10/3
f 2018/10/3 2016/10/3 2017/10/3
f 2019/2/3 2017/2/3 1995/2/3
f 2019/8/3 2018/8/3 2017/8/3
f 2020/8/3 2018/8/3 2019/8/3
f 2021/10/3 2020/10/3 2019/10/3
f 2022/9/3 2011/9/3 2010/9/3
f 2023/9/3 2011/9/3 2022/9/3
f 2025/10/3 2021/10/3 2019/10/3
f 2025/4/3 2022/4/3 2021/4/3
f 2026/9/3 2023/9/3 2022/9/3
f 2026/4/3 2022/4/3 2025/4/3
f 2027/4/3 2024/4/3 2023/4/3
f 2027/9/3 2023/9/3 2026/9/3
f 2028/4/3 2024/4/3 2027/4/3
f 2030/2/3 2019/2/3 1995/2/3
f 2030/10/3 2025/10/3 2019/10/3
f 2031/9/3 2028/9/3 2027/9/3
f 2031/10/3 2025/10/3 2030/10/3
f 2031/9/3 2026/9/3 2025/9/3
f 2031/9/3 2027/9/3 2026/9/3
f 2031/9/3 2029/9/3 2028/9/3
f 2032/9/3 2029/9/3 2031/9/3
f 2033/2/3 2030/2/3 1995/2/3
f 2034/3/3 2031/3/3 2030/3/3
f 2034/2/3 2030/2/3 2033/2/3
f 2034/3/3 2032/3/3 2031/3/3
f 2035/3/3 2032/3/3 2034/3/3
f 2038/4/3 2037/4/3 2036/4/3
f 2039/4/3 2037/4/3 2038/4/3
f 2042/4/3 2041/4/3 2040/4/3
f 2043/4/3 2041/4/3 2042/4/3
f 2046/4/3 2045/4/3 2044/4/3
f 2047/4/3 2045/4/3 2046/4/3
f 2050/4/3 2049/4/3 2048/4/3
f 2051/4/3 2049/4/3 2050/4/3
f 2054/4/3 2053/4/3 2052/4/3
f 2055/4/3 2053/4/3 2054/4/3
f 2058/4/3 2057/4/3 2056/4/3
f 2059/4/3 2057/4/3 2058/4/3
f 2062/9/3 2061/9/3 2060/9/3
f 2063/9/3 2061/9/3 2062/9/3
f 2064/4/3 2063/4/3 2062/4/3
f 2065/4/3 2063/4/3 2064/4/3
f 2068/4/3 2067/4/3 2066/4/3
f 2069/4/3 2067/4/3 2068/4/3
f 2070/9/3 2069/9/3 2068/9/3
f 2071/9/3 2069/9/3 2070/9/3
f 2074/9/3 2073/9/3 2072/9/3
f 2075/9/3 2073/9/3 2074/9/3
f 2076/4/3 2075/4/3 2074/4/3
f 2077/4/3 2075/4/3 2076/4/3
f 2080/7/3 2079/7/3 2078/7/3
f 2081/7/3 2079/7/3 2080/7/3
f 2084/4/3 2083/4/3 2082/4/3
f 2085/4/3 2083/4/3 2084/4/3
f 2086/9/3 2085/9/3 2084/9/3
f 2087/9/3 2085/9/3 2086/9/3
f 2094/9/3 2089/9/3 2088/9/3
f 2095/8/3 2092/8/3 2091/8/3
f 2096/9/3 2093/9/3 2092/9/3
f 2096/8/3 2092/8/3 2095/8/3
f 2097/9/3 2089/9/3 2094/9/3
f 2098/7/3 2091/7/3 2090/7/3
f 2099/8/3 2095/8/3 2091/8/3
f 2099/7/3 2091/7/3 2098/7/3
f 2100/9/3 2096/9/3 2095/9/3
f 2100/8/3 2095/8/3 2099/8/3
f 2101/9/3 2093/9/3 2096/9/3
f 2101/9/3 2096/9/3 2100/9/3
f 2102/9/3 2089/9/3 2097/9/3
f 2103/9/3 2089/9/3 2102/9/3
f 2106/4/3 2103/4/3 2102/4/3
f 2107/4/3 2103/4/3 2106/4/3
f 2108/4/3 2105/4/3 2104/4/3
f 2109/4/3 2105/4/3 2108/4/3
f 2110/4/3 2100/4/3 2099/4/3
f 2110/4/3 2099/4/3 2098/4/3
f 2110/4/3 2101/4/3 2100/4/3
f 2111/4/3 2101/4/3 2110/4/3
f 2118/4/3 2113/4/3 2112/4/3
f 2119/4/3 2113/4/3 2118/4/3
f 2120/4/3 2115/4/3 2114/4/3
f 2121/4/3 2115/4/3 2120/4/3
f 2122/4/3 2117/4/3 2116/4/3
f 2123/4/3 2117/4/3 2122/4/3
f 2124/9/3 2119/9/3 2118/9/3
f 2125/9/3 2119/9/3 2124/9/3
f 2126/9/3 2123/9/3 2122/9/3
f 2127/9/3 2123/9/3 2126/9/3
f 2128/9/3 2123/9/3 2127/9/3
f 2129/9/3 2123/9/3 2128/9/3
f 2132/4/3 2131/4/3 2130/4/3
f 2133/4/3 2131/4/3 2132/4/3
f 2136/4/3 2135/4/3 2134/4/3
f 2137/4/3 2135/4/3 2136/4/3
f 2140/4/3 2139/4/3 2138/4/3
f 2141/4/3 2139/4/3 2140/4/3
f 2144/7/3 2143/7/3 2142/7/3
f 2145/7/3 2143/7/3 2144/7/3
f 2148/4/3 2147/4/3 2146/4/3
f 2149/4/3 2147/4/3 2148/4/3
f 2152/4/3 2151/4/3 2150/4/3
f 2153/4/3 2151/4/3 2152/4/3
f 2156/4/3 2155/4/3 2154/4/3
f 2157/4/3 2155/4/3 2156/4/3
f 2160/7/3 2159/7/3 2158/7/3
f 2161/7/3 2159/7/3 2160/7/3
f 2164/3/3 2163/3/3 2162/3/3
f 2165/3/3 2163/3/3 2164/3/3
f 2168/11/3 2167/11/3 2166/11/3
f 2169/11/3 2167/11/3 2168/11/3
f 2170/4/3 2169/4/3 2168/4/3
f 2171/4/3 2169/4/3 2170/4/3
f 2176/3/3 2173/3/3 2172/3/3
f 2177/3/3 2173/3/3 2176/3/3
f 2178/5/3 2175/5/3 2174/5/3
f 2179/5/3 2175/5/3 2178/5/3
f 2182/4/3 2181/4/3 2180/4/3
f 2183/4/3 2181/4/3 2182/4/3
f 2184/9/3 2183/9/3 2182/9/3
f 2185/9/3 2183/9/3 2184/9/3
f 2188/11/3 2187/11/3 2186/11/3
f 2189/11/3 2187/11/3 2188/11/3
f 2190/4/3 2189/4/3 2188/4/3
f 2191/4/3 2189/4/3 2190/4/3
f 2198/3/3 2193/3/3 2192/3/3
f 2199/3/3 2193/3/3 2198/3/3
f 2200/5/3 2195/5/3 2194/5/3
f 2201/5/3 2195/5/3 2200/5/3
f 2202/1/3 2197/1/3 2196/1/3
f 2203/1/3 2197/1/3 2202/1/3
f 2206/7/3 2205/7/3 2204/7/3
f 2207/7/3 2205/7/3 2206/7/3
f 2210/4/3 2209/4/3 2208/4/3
f 2211/4/3 2209/4/3 2210/4/3
f 2212/9/3 2211/9/3 2210/9/3
f 2213/9/3 2211/9/3 2212/9/3
f 2220/9/3 2215/9/3 2214/9/3
f 2221/7/3 2217/7/3 2216/7/3
f 2221/7/3 2218/7/3 2217/7/3
f 2222/9/3 2219/9/3 2218/9/3
f 2222/7/3 2218/7/3 2221/7/3
f 2223/9/3 2219/9/3 2222/9/3
f 2224/9/3 2215/9/3 2220/9/3
f 2225/9/3 2215/9/3 2224/9/3
f 2228/4/3 2225/4/3 2224/4/3
f 2229/4/3 2225/4/3 2228/4/3
f 2230/4/3 2227/4/3 2226/4/3
f 2231/4/3 2227/4/3 2230/4/3
f 2232/4/3 2222/4/3 2221/4/3
f 2232/4/3 2223/4/3 2222/4/3
f 2233/4/3 2223/4/3 2232/4/3
f 2238/3/3 2235/3/3 2234/3/3
f 2239/3/3 2235/3/3 2238/3/3
f 2240/1/3 2237/1/3 2236/1/3
f 2241/1/3 2237/1/3 2240/1/3
f 2248/4/3 2243/4/3 2242/4/3
f 2249/4/3 2243/4/3 2248/4/3
f 2250/4/3 2245/4/3 2244/4/3
f 2251/4/3 2245/4/3 2250/4/3
f 2252/4/3 2247/4/3 2246/4/3
f 2253/4/3 2247/4/3 2252/4/3
f 2254/9/3 2249/9/3 2248/9/3
f 2255/9/3 2249/9/3 2254/9/3
f 2256/9/3 2253/9/3 2252/9/3
f 2257/9/3 2253/9/3 2256/9/3
f 2258/9/3 2253/9/3 2257/9/3
f 2261/4/3 2260/4/3 2259/4/3
f 2262/4/3 2260/4/3 2261/4/3
f 2265/4/3 2264/4/3 2263/4/3
f 2266/4/3 2264/4/3 2265/4/3
f 2269/4/3 2268/4/3 2267/4/3
f 2270/4/3 2268/4/3 2269/4/3
f 2273/7/3 2272/7/3 2271/7/3
f 2274/7/3 2272/7/3 2273/7/3
f 2277/4/3 2276/4/3 2275/4/3
f 2278/4/3 2276/4/3 2277/4/3
f 2281/4/3 2280/4/3 2279/4/3
f 2282/4/3 2280/4/3 2281/4/3
f 2285/4/3 2284/4/3 2283/4/3
f 2286/4/3 2284/4/3 2285/4/3
f 2289/7/3 2288/7/3 2287/7/3
f 2290/7/3 2288/7/3 2289/7/3
f 2293/4/3 2292/4/3 2291/4/3
f 2294/4/3 2292/4/3 2293/4/3
f 2297/4/3 2296/4/3 2295/4/3
f 2298/4/3 2296/4/3 2297/4/3
f 2299/9/3 2298/9/3 2297/9/3
f 2300/9/3 2298/9/3 2299/9/3
f 2303/4/3 2302/4/3 2301/4/3
f 2304/4/3 2302/4/3 2303/4/3
f 2307/7/3 2306/7/3 2305/7/3
f 2308/7/3 2306/7/3 2307/7/3
f 2311/4/3 2310/4/3 2309/4/3
f 2312/4/3 2310/4/3 2311/4/3
f 2313/9/3 2312/9/3 2311/9/3
f 2314/9/3 2312/9/3 2313/9/3
f 2320/9/3 2316/9/3 2315/9/3
f 2321/9/3 2319/9/3 2318/9/3
f 2321/9/3 2318/9/3 2317/9/3
f 2322/9/3 2319/9/3 2321/9/3
f 2323/9/3 2319/9/3 2322/9/3
f 2324/9/3 2319/9/3 2323/9/3
f 2325/9/3 2316/9/3 2320/9/3
f 2326/9/3 2316/9/3 2325/9/3
f 2329/4/3 2326/4/3 2325/4/3
f 2330/4/3 2326/4/3 2329/4/3
f 2331/4/3 2328/4/3 2327/4/3
f 2332/4/3 2328/4/3 2331/4/3
f 2333/4/3 2322/4/3 2321/4/3
f 2334/4/3 2322/4/3 2333/4/3
f 2341/4/3 2336/4/3 2335/4/3
f 2342/4/3 2336/4/3 2341/4/3
f 2343/4/3 2338/4/3 2337/4/3
f 2344/4/3 2338/4/3 2343/4/3
f 2345/4/3 2340/4/3 2339/4/3
f 2346/4/3 2340/4/3 2345/4/3
f 2347/9/3 2342/9/3 2341/9/3
f 2348/9/3 2342/9/3 2347/9/3
f 2349/9/3 2346/9/3 2345/9/3
f 2350/9/3 2346/9/3 2349/9/3
f 2351/9/3 2346/9/3 2350/9/3
f 2354/4/3 2353/4/3 2352/4/3
f 2355/4/3 2353/4/3 2354/4/3
f 2358/4/3 2357/4/3 2356/4/3
f 2359/4/3 2357/4/3 2358/4/3
f 2362/4/3 2361/4/3 2360/4/3
f 2363/4/3 2361/4/3 2362/4/3
f 2366/7/3 2365/7/3 2364/7/3
f 2367/7/3 2365/7/3 2366/7/3
f 2368/7/3 2365/7/3 2367/7/3
f 2369/7/3 2365/7/3 2368/7/3
f 2372/4/3 2371/4/3 2370/4/3
f 2373/4/3 2371/4/3 2372/4/3
f 2376/4/3 2375/4/3 2374/4/3
f 2377/4/3 2375/4/3 2376/4/3
f 2380/4/3 2379/4/3 2378/4/3
f 2381/4/3 2379/4/3 2380/4/3
f 2384/9/3 2383/9/3 2382/9/3
f 2385/9/3 2383/9/3 2384/9/3
f 2388/9/3 2387/9/3 2386/9/3
f 2389/9/3 2387/9/3 2388/9/3
f 2392/11/3 2391/11/3 2390/11/3
f 2393/11/3 2391/11/3 2392/11/3
f 2394/4/3 2393/4/3 2392/4/3
f 2395/4/3 2393/4/3 2394/4/3
f 2398/9/3 2397/9/3 2396/9/3
f 2399/9/3 2397/9/3 2398/9/3
f 2402/4/3 2401/4/3 2400/4/3
f 2403/4/3 2401/4/3 2402/4/3
f 2404/9/3 2403/9/3 2402/9/3
f 2405/9/3 2403/9/3 2404/9/3
f 2408/11/3 2407/11/3 2406/11/3
f 2409/11/3 2407/11/3 2408/11/3
f 2410/4/3 2409/4/3 2408/4/3
f 2411/4/3 2409/4/3 2410/4/3
f 2414/4/3 2413/4/3 2412/4/3
f 2415/4/3 2413/4/3 2414/4/3
f 2416/9/3 2415/9/3 2414/9/3
f 2417/9/3 2415/9/3 2416/9/3
f 2423/11/3 2421/11/3 2420/11/3
f 2423/11/3 2422/11/3 2421/11/3
f 2424/11/3 2422/11/3 2423/11/3
f 2425/9/3 2419/9/3 2418/9/3
f 2426/9/3 2419/9/3 2425/9/3
f 2429/4/3 2426/4/3 2425/4/3
f 2430/4/3 2426/4/3 2429/4/3
f 2431/4/3 2428/4/3 2427/4/3
f 2432/4/3 2428/4/3 2431/4/3
f 2433/4/3 2424/4/3 2423/4/3
f 2434/4/3 2424/4/3 2433/4/3
f 2441/4/3 2436/4/3 2435/4/3
f 2442/4/3 2436/4/3 2441/4/3
f 2443/4/3 2438/4/3 2437/4/3
f 2444/4/3 2438/4/3 2443/4/3
f 2445/4/3 2440/4/3 2439/4/3
f 2446/4/3 2440/4/3 2445/4/3
f 2447/9/3 2442/9/3 2441/9/3
f 2448/9/3 2442/9/3 2447/9/3
f 2449/9/3 2446/9/3 2445/9/3
f 2450/9/3 2446/9/3 2449/9/3
f 2451/9/3 2446/9/3 2450/9/3
f 2454/4/3 2453/4/3 2452/4/3
f 2455/4/3 2453/4/3 2454/4/3
f 2458/4/3 2457/4/3 2456/4/3
f 2459/4/3 2457/4/3 2458/4/3
f 2462/4/3 2461/4/3 2460/4/3
f 2463/4/3 2461/4/3 2462/4/3
f 2466/4/3 2465/4/3 2464/4/3
f 2467/4/3 2465/4/3 2466/4/3
f 2470/4/3 2469/4/3 2468/4/3
f 2471/4/3 2469/4/3 2470/4/3
f 2474/4/3 2473/4/3 2472/4/3
f 2475/4/3 2473/4/3 2474/4/3
f 2478/9/3 2477/9/3 2476/9/3
f 2479/9/3 2477/9/3 2478/9/3
f 2480/4/3 2479/4/3 2478/4/3
f 2481/4/3 2479/4/3 2480/4/3
f 2484/4/3 2483/4/3 2482/4/3
f 2485/4/3 2483/4/3 2484/4/3
f 2486/9/3 2485/9/3 2484/9/3
f 2487/9/3 2485/9/3 2486/9/3
f 2490/9/3 2489/9/3 2488/9/3
f 2491/9/3 2489/9/3 2490/9/3
f 2492/4/3 2491/4/3 2490/4/3
f 2493/4/3 2491/4/3 2492/4/3
f 2496/4/3 2495/4/3 2494/4/3
f 2497/4/3 2495/4/3 2496/4/3
f 2498/9/3 2497/9/3 2496/9/3
f 2499/9/3 2497/9/3 2498/9/3
f 2506/9/3 2503/9/3 2502/9/3
f 2506/9/3 2505/9/3 2504/9/3
f 2506/9/3 2504/9/3 2503/9/3
f 2507/9/3 2505/9/3 2506/9/3
f 2508/9/3 2501/9/3 2500/9/3
f 2509/9/3 2501/9/3 2508/9/3
f 2512/4/3 2509/4/3 2508/4/3
f 2513/4/3 2509/4/3 2512/4/3
f 2516/4/3 2511/4/3 2510/4/3
f 2517/4/3 2511/4/3 2516/4/3
f 2518/4/3 2507/4/3 2506/4/3
f 2519/4/3 2507/4/3 2518/4/3
f 2521/4/3 2520/4/3 2519/4/3
f 2522/4/3 2520/4/3 2521/4/3
f 2524/4/3 2523/4/3 2522/4/3
f 2525/4/3 2523/4/3 2524/4/3
f 2528/4/3 2526/4/3 2525/4/3
f 2529/4/3 2526/4/3 2528/4/3
f 2531/4/3 2528/4/3 2527/4/3
f 2532/4/3 2528/4/3 2531/4/3
f 2534/4/3 2514/4/3 2513/4/3
f 2535/4/3 2516/4/3 2515/4/3
f 2536/4/3 2518/4/3 2517/4/3
f 2537/4/3 2518/4/3 2536/4/3
f 2538/4/3 2531/4/3 2530/4/3
f 2539/4/3 2531/4/3 2538/4/3
f 2540/4/3 2534/4/3 2533/4/3
f 2541/4/3 2514/4/3 2534/4/3
f 2541/4/3 2534/4/3 2540/4/3
f 2542/4/3 2535/4/3 2515/4/3
f 2542/4/3 2537/4/3 2536/4/3
f 2542/4/3 2536/4/3 2535/4/3
f 2542/4/3 2538/4/3 2537/4/3
f 2543/4/3 2538/4/3 2542/4/3
f 2544/4/3 2538/4/3 2543/4/3
f 2545/4/3 2538/4/3 2544/4/3
f 2547/4/3 2546/4/3 2545/4/3
f 2548/4/3 2546/4/3 2547/4/3
f 2550/4/3 2549/4/3 2548/4/3
f 2551/4/3 2549/4/3 2550/4/3
f 2554/4/3 2552/4/3 2551/4/3
f 2555/4/3 2552/4/3 2554/4/3
f 2557/4/3 2554/4/3 2553/4/3
f 2558/4/3 2554/4/3 2557/4/3
f 2560/4/3 2514/4/3 2541/4/3
f 2561/4/3 2542/4/3 2515/4/3
f 2562/4/3 2544/4/3 2543/4/3
f 2563/4/3 2544/4/3 2562/4/3
f 2564/4/3 2557/4/3 2556/4/3
f 2565/4/3 2557/4/3 2564/4/3
f 2566/4/3 2560/4/3 2559/4/3
f 2567/4/3 2514/4/3 2560/4/3
f 2567/4/3 2560/4/3 2566/4/3
f 2568/4/3 2561/4/3 2515/4/3
f 2568/4/3 2563/4/3 2562/4/3
f 2568/4/3 2562/4/3 2561/4/3
f 2568/4/3 2564/4/3 2563/4/3
f 2569/4/3 2564/4/3 2568/4/3
f 2570/4/3 2564/4/3 2569/4/3
f 2571/4/3 2564/4/3 2570/4/3
f 2573/4/3 2572/4/3 2571/4/3
f 2574/4/3 2572/4/3 2573/4/3
f 2576/4/3 2575/4/3 2574/4/3
f 2577/4/3 2575/4/3 2576/4/3
f 2580/4/3 2578/4/3 2577/4/3
f 2581/4/3 2578/4/3 2580/4/3
f 2583/4/3 2580/4/3 2579/4/3
f 2584/4/3 2580/4/3 2583/4/3
f 2586/4/3 2514/4/3 2567/4/3
f 2587/4/3 2568/4/3 2515/4/3
f 2588/4/3 2570/4/3 2569/4/3
f 2589/4/3 2570/4/3 2588/4/3
f 2590/4/3 2583/4/3 2582/4/3
f 2591/4/3 2583/4/3 2590/4/3
f 2592/4/3 2586/4/3 2585/4/3
f 2593/4/3 2514/4/3 2586/4/3
f 2593/4/3 2586/4/3 2592/4/3
f 2594/4/3 2587/4/3 2515/4/3
f 2594/4/3 2589/4/3 2588/4/3
f 2594/4/3 2588/4/3 2587/4/3
f 2594/4/3 2590/4/3 2589/4/3
f 2595/4/3 2590/4/3 2594/4/3
f 2596/4/3 2590/4/3 2595/4/3
f 2597/4/3 2590/4/3 2596/4/3
f 2599/4/3 2598/4/3 2597/4/3
f 2600/4/3 2598/4/3 2599/4/3
f 2602/4/3 2601/4/3 2600/4/3
f 2603/4/3 2601/4/3 2602/4/3
f 2606/4/3 2604/4/3 2603/4/3
f 2607/4/3 2604/4/3 2606/4/3
f 2609/4/3 2606/4/3 2605/4/3
f 2610/4/3 2606/4/3 2609/4/3
f 2612/4/3 2514/4/3 2593/4/3
f 2613/4/3 2594/4/3 2515/4/3
f 2614/4/3 2596/4/3 2595/4/3
f 2615/4/3 2596/4/3 2614/4/3
f 2616/4/3 2609/4/3 2608/4/3
f 2617/4/3 2609/4/3 2616/4/3
f 2618/4/3 2612/4/3 2611/4/3
f 2619/4/3 2514/4/3 2612/4/3
f 2619/4/3 2612/4/3 2618/4/3
f 2620/4/3 2613/4/3 2515/4/3
f 2620/4/3 2615/4/3 2614/4/3
f 2620/4/3 2614/4/3 2613/4/3
f 2620/4/3 2616/4/3 2615/4/3
f 2621/4/3 2616/4/3 2620/4/3
f 2622/4/3 2616/4/3 2621/4/3
f 2623/4/3 2616/4/3 2622/4/3
f 2625/4/3 2624/4/3 2623/4/3
f 2626/4/3 2624/4/3 2625/4/3
f 2628/4/3 2627/4/3 2626/4/3
f 2629/4/3 2627/4/3 2628/4/3
f 2632/4/3 2630/4/3 2629/4/3
f 2633/4/3 2630/4/3 2632/4/3
f 2635/4/3 2632/4/3 2631/4/3
f 2636/4/3 2632/4/3 2635/4/3
f 2638/4/3 2514/4/3 2619/4/3
f 2639/4/3 2620/4/3 2515/4/3
f 2640/4/3 2622/4/3 2621/4/3
f 2641/4/3 2622/4/3 2640/4/3
f 2642/4/3 2635/4/3 2634/4/3
f 2643/4/3 2635/4/3 2642/4/3
f 2644/4/3 2638/4/3 2637/4/3
f 2645/4/3 2514/4/3 2638/4/3
f 2645/4/3 2638/4/3 2644/4/3
f 2646/4/3 2639/4/3 2515/4/3
f 2646/4/3 2641/4/3 2640/4/3
f 2646/4/3 2640/4/3 2639/4/3
f 2646/4/3 2642/4/3 2641/4/3
f 2647/4/3 2642/4/3 2646/4/3
f 2648/4/3 2642/4/3 2647/4/3
f 2649/4/3 2642/4/3 2648/4/3
f 2651/4/3 2650/4/3 2649/4/3
f 2652/4/3 2650/4/3 2651/4/3
f 2654/4/3 2653/4/3 2652/4/3
f 2655/4/3 2653/4/3 2654/4/3
f 2658/4/3 2656/4/3 2655/4/3
f 2659/4/3 2656/4/3 2658/4/3
f 2661/4/3 2658/4/3 2657/4/3
f 2662/4/3 2658/4/3 2661/4/3
f 2664/4/3 2514/4/3 2645/4/3
f 2665/4/3 2646/4/3 2515/4/3
f 2666/4/3 2648/4/3 2647/4/3
f 2667/4/3 2648/4/3 2666/4/3
f 2668/4/3 2661/4/3 2660/4/3
f 2669/4/3 2661/4/3 2668/4/3
f 2670/4/3 2664/4/3 2663/4/3
f 2671/4/3 2514/4/3 2664/4/3
f 2671/4/3 2664/4/3 2670/4/3
f 2672/4/3 2665/4/3 2515/4/3
f 2672/4/3 2667/4/3 2666/4/3
f 2672/4/3 2666/4/3 2665/4/3
f 2672/4/3 2668/4/3 2667/4/3
f 2673/4/3 2668/4/3 2672/4/3
f 2674/4/3 2668/4/3 2673/4/3
f 2675/4/3 2668/4/3 2674/4/3
f 2677/4/3 2676/4/3 2675/4/3
f 2678/4/3 2676/4/3 2677/4/3
f 2680/4/3 2679/4/3 2678/4/3
f 2681/4/3 2679/4/3 2680/4/3
f 2684/4/3 2682/4/3 2681/4/3
f 2685/4/3 2682/4/3 2684/4/3
f 2687/4/3 2684/4/3 2683/4/3
f 2688/4/3 2684/4/3 2687/4/3
f 2690/4/3 2514/4/3 2671/4/3
f 2691/4/3 2672/4/3 2515/4/3
f 2692/4/3 2674/4/3 2673/4/3
f 2693/4/3 2674/4/3 2692/4/3
f 2694/4/3 2687/4/3 2686/4/3
f 2695/4/3 2687/4/3 2694/4/3
f 2696/4/3 2690/4/3 2689/4/3
f 2697/4/3 2514/4/3 2690/4/3
f 2697/4/3 2690/4/3 2696/4/3
f 2698/4/3 2691/4/3 2515/4/3
f 2698/4/3 2693/4/3 2692/4/3
f 2698/4/3 2692/4/3 2691/4/3
f 2698/4/3 2694/4/3 2693/4/3
f 2699/4/3 2694/4/3 2698/4/3
f 2700/4/3 2694/4/3 2699/4/3
f 2701/4/3 2694/4/3 2700/4/3
f 2703/4/3 2702/4/3 2701/4/3
f 2704/4/3 2702/4/3 2703/4/3
f 2706/4/3 2705/4/3 2704/4/3
f 2707/4/3 2705/4/3 2706/4/3
f 2710/4/3 2708/4/3 2707/4/3
f 2711/4/3 2708/4/3 2710/4/3
f 2713/4/3 2710/4/3 2709/4/3
f 2714/4/3 2710/4/3 2713/4/3
f 2716/4/3 2514/4/3 2697/4/3
f 2717/4/3 2514/4/3 2716/4/3
f 2718/4/3 2698/4/3 2515/4/3
f 2719/4/3 2698/4/3 2718/4/3
f 2720/4/3 2700/4/3 2699/4/3
f 2721/4/3 2700/4/3 2720/4/3
f 2722/4/3 2713/4/3 2712/4/3
f 2723/4/3 2713/4/3 2722/4/3
f 2724/4/3 2716/4/3 2715/4/3
f 2725/4/3 2716/4/3 2724/4/3
f 2726/4/3 2720/4/3 2719/4/3
f 2727/4/3 2720/4/3 2726/4/3
f 2728/4/3 2722/4/3 2721/4/3
f 2729/4/3 2722/4/3 2728/4/3
f 2730/9/3 2725/9/3 2724/9/3
f 2731/9/3 2725/9/3 2730/9/3
f 2732/9/3 2729/9/3 2728/9/3
f 2733/9/3 2729/9/3 2732/9/3
f 2734/9/3 2729/9/3 2733/9/3
f 2739/9/3 2736/9/3 2735/9/3
f 2740/9/3 2736/9/3 2739/9/3
f 2741/9/3 2736/9/3 2740/9/3
f 2742/9/3 2736/9/3 2741/9/3
f 2743/9/3 2736/9/3 2742/9/3
f 2744/9/3 2736/9/3 2743/9/3
f 2748/9/3 2746/9/3 2745/9/3
f 2749/10/3 2738/10/3 2737/10/3
f 2750/10/3 2738/10/3 2749/10/3
f 2752/9/3 2748/9/3 2747/9/3
f 2755/9/3 2752/9/3 2751/9/3
f 2756/9/3 2748/9/3 2752/9/3
f 2756/9/3 2752/9/3 2755/9/3
f 2757/9/3 2748/9/3 2756/9/3
f 2758/9/3 2746/9/3 2748/9/3
f 2758/9/3 2748/9/3 2757/9/3
f 2759/9/3 2746/9/3 2758/9/3
f 2760/9/3 2746/9/3 2759/9/3
f 2764/9/3 2762/9/3 2761/9/3
f 2765/10/3 2754/10/3 2753/10/3
f 2766/10/3 2754/10/3 2765/10/3
f 2768/9/3 2764/9/3 2763/9/3
f 2771/9/3 2768/9/3 2767/9/3
f 2772/9/3 2764/9/3 2768/9/3
f 2772/9/3 2768/9/3 2771/9/3
f 2773/9/3 2764/9/3 2772/9/3
f 2774/9/3 2762/9/3 2764/9/3
f 2774/9/3 2764/9/3 2773/9/3
f 2775/9/3 2762/9/3 2774/9/3
f 2776/9/3 2762/9/3 2775/9/3
f 2780/9/3 2778/9/3 2777/9/3
f 2781/10/3 2770/10/3 2769/10/3
f 2782/10/3 2770/10/3 2781/10/3
f 2784/9/3 2780/9/3 2779/9/3
f 2787/9/3 2784/9/3 2783/9/3
f 2788/9/3 2780/9/3 2784/9/3
f 2788/9/3 2784/9/3 2787/9/3
f 2789/9/3 2780/9/3 2788/9/3
f 2790/9/3 2778/9/3 2780/9/3
f 2790/9/3 2780/9/3 2789/9/3
f 2791/9/3 2778/9/3 2790/9/3
f 2792/9/3 2778/9/3 2791/9/3
f 2796/9/3 2794/9/3 2793/9/3
f 2797/10/3 2786/10/3 2785/10/3
f 2798/10/3 2786/10/3 2797/10/3
f 2800/9/3 2796/9/3 2795/9/3
f 2803/9/3 2800/9/3 2799/9/3
f 2804/9/3 2796/9/3 2800/9/3
f 2804/9/3 2800/9/3 2803/9/3
f 2805/9/3 2796/9/3 2804/9/3
f 2806/9/3 2794/9/3 2796/9/3
f 2806/9/3 2796/9/3 2805/9/3
f 2807/9/3 2794/9/3 2806/9/3
f 2808/9/3 2794/9/3 2807/9/3
f 2812/9/3 2810/9/3 2809/9/3
f 2813/10/3 2802/10/3 2801/10/3
f 2814/10/3 2802/10/3 2813/10/3
f 2816/9/3 2812/9/3 2811/9/3
f 2819/9/3 2816/9/3 2815/9/3
f 2820/9/3 2812/9/3 2816/9/3
f 2820/9/3 2816/9/3 2819/9/3
f 2821/9/3 2812/9/3 2820/9/3
f 2822/9/3 2810/9/3 2812/9/3
f 2822/9/3 2812/9/3 2821/9/3
f 2823/9/3 2810/9/3 2822/9/3
f 2824/9/3 2810/9/3 2823/9/3
f 2828/9/3 2826/9/3 2825/9/3
f 2829/10/3 2818/10/3 2817/10/3
f 2830/10/3 2818/10/3 2829/10/3
f 2832/9/3 2828/9/3 2827/9/3
f 2835/9/3 2832/9/3 2831/9/3
f 2836/9/3 2828/9/3 2832/9/3
f 2836/9/3 2832/9/3 2835/9/3
f 2837/9/3 2828/9/3 2836/9/3
f 2838/9/3 2826/9/3 2828/9/3
f 2838/9/3 2828/9/3 2837/9/3
f 2839/9/3 2826/9/3 2838/9/3
f 2840/9/3 2826/9/3 2839/9/3
f 2844/9/3 2842/9/3 2841/9/3
f 2845/10/3 2834/10/3 2833/10/3
f 2846/10/3 2834/10/3 2845/10/3
f 2848/9/3 2844/9/3 2843/9/3
f 2851/9/3 2848/9/3 2847/9/3
f 2852/9/3 2844/9/3 2848/9/3
f 2852/9/3 2848/9/3 2851/9/3
f 2853/9/3 2844/9/3 2852/9/3
f 2854/9/3 2842/9/3 2844/9/3
f 2854/9/3 2844/9/3 2853/9/3
f 2855/9/3 2842/9/3 2854/9/3
f 2856/9/3 2842/9/3 2855/9/3
f 2862/9/3 2860/9/3 2859/9/3
f 2863/10/3 2850/10/3 2849/10/3
f 2864/10/3 2850/10/3 2863/10/3
f 2866/9/3 2862/9/3 2861/9/3
f 2867/9/3 2858/9/3 2857/9/3
f 2868/9/3 2858/9/3 2867/9/3
f 2869/9/3 2866/9/3 2865/9/3
f 2870/9/3 2862/9/3 2866/9/3
f 2870/9/3 2866/9/3 2869/9/3
f 2870/9/3 2860/9/3 2862/9/3
f 2877/6/3 2874/6/3 2873/6/3
f 2877/7/3 2875/7/3 2874/7/3
f 2878/7/3 2875/7/3 2877/7/3
f 2879/8/3 2876/8/3 2875/8/3
f 2879/7/3 2875/7/3 2878/7/3
f 2880/8/3 2876/8/3 2879/8/3
f 2881/8/3 2876/8/3 2880/8/3
f 2883/7/3 2879/7/3 2878/7/3
f 2883/8/3 2882/8/3 2881/8/3
f 2883/8/3 2881/8/3 2880/8/3
f 2883/7/3 2880/7/3 2879/7/3
f 2884/8/3 2882/8/3 2883/8/3
f 2885/8/3 2882/8/3 2884/8/3
f 2887/7/3 2884/7/3 2883/7/3
f 2887/8/3 2886/8/3 2885/8/3
f 2887/8/3 2885/8/3 2884/8/3
f 2888/8/3 2886/8/3 2887/8/3
f 2889/8/3 2886/8/3 2888/8/3
f 2890/6/3 2878/6/3 2877/6/3
f 2890/6/3 2877/6/3 2873/6/3
f 2891/7/3 2883/7/3 2878/7/3
f 2891/6/3 2878/6/3 2890/6/3
f 2891/7/3 2887/7/3 2883/7/3
f 2891/7/3 2888/7/3 2887/7/3
f 2892/7/3 2888/7/3 2891/7/3
f 2893/11/3 2889/11/3 2888/11/3
f 2893/7/3 2888/7/3 2892/7/3
f 2894/6/3 2890/6/3 2873/6/3
f 2895/7/3 2892/7/3 2891/7/3
f 2895/6/3 2890/6/3 2894/6/3
f 2895/7/3 2891/7/3 2890/7/3
f 2896/11/3 2889/11/3 2893/11/3
f 2896/11/3 2893/11/3 2892/11/3
f 2897/11/3 2889/11/3 2896/11/3
f 2898/11/3 2896/11/3 2892/11/3
f 2899/11/3 2896/11/3 2898/11/3
f 2900/11/3 2872/11/3 2871/11/3
f 2901/11/3 2872/11/3 2900/11/3
f 2902/7/3 2895/7/3 2894/7/3
f 2903/7/3 2892/7/3 2895/7/3
f 2903/7/3 2895/7/3 2902/7/3
f 2903/11/3 2898/11/3 2892/11/3
f 2904/11/3 2898/11/3 2903/11/3
f 2910/6/3 2908/6/3 2907/6/3
f 2911/8/3 2909/8/3 2908/8/3
f 2911/6/3 2908/6/3 2910/6/3
f 2912/8/3 2909/8/3 2911/8/3
f 2913/8/3 2909/8/3 2912/8/3
f 2915/8/3 2913/8/3 2912/8/3
f 2915/8/3 2914/8/3 2913/8/3
f 2917/6/3 2910/6/3 2907/6/3
f 2918/7/3 2912/7/3 2911/7/3
f 2918/6/3 2910/6/3 2917/6/3
f 2918/7/3 2911/7/3 2910/7/3
f 2919/8/3 2915/8/3 2912/8/3
f 2919/7/3 2912/7/3 2918/7/3
f 2919/8/3 2916/8/3 2915/8/3
f 2920/8/3 2916/8/3 2919/8/3
f 2921/7/3 2918/7/3 2917/7/3
f 2921/7/3 2919/7/3 2918/7/3
f 2921/7/3 2920/7/3 2919/7/3
f 2922/8/3 2916/8/3 2920/8/3
f 2922/7/3 2920/7/3 2921/7/3
f 2923/8/3 2916/8/3 2922/8/3
f 2924/7/3 2921/7/3 2917/7/3
f 2925/11/3 2922/11/3 2921/11/3
f 2925/7/3 2921/7/3 2924/7/3
f 2925/11/3 2923/11/3 2922/11/3
f 2926/11/3 2925/11/3 2924/11/3
f 2926/11/3 2923/11/3 2925/11/3
f 2927/11/3 2923/11/3 2926/11/3
f 2928/11/3 2926/11/3 2924/11/3
f 2929/11/3 2926/11/3 2928/11/3
f 2930/11/3 2906/11/3 2905/11/3
f 2931/11/3 2906/11/3 2930/11/3
f 2932/7/3 2924/7/3 2917/7/3
f 2933/11/3 2928/11/3 2924/11/3
f 2933/7/3 2924/7/3 2932/7/3
f 2934/11/3 2928/11/3 2933/11/3
f 2940/8/3 2939/8/3 2938/8/3
f 2942/6/3 2938/6/3 2937/6/3
f 2943/6/3 2938/6/3 2942/6/3
f 2944/8/3 2940/8/3 2938/8/3
f 2944/6/3 2938/6/3 2943/6/3
f 2944/8/3 2941/8/3 2940/8/3
f 2945/8/3 2941/8/3 2944/8/3
f 2946/8/3 2941/8/3 2945/8/3
f 2948/7/3 2943/7/3 2942/7/3
f 2948/6/3 2944/6/3 2943/6/3
f 2948/6/3 2945/6/3 2944/6/3
f 2949/6/3 2945/6/3 2948/6/3
f 2950/8/3 2946/8/3 2945/8/3
f 2950/6/3 2945/6/3 2949/6/3
f 2950/8/3 2947/8/3 2946/8/3
f 2951/8/3 2947/8/3 2950/8/3
f 2952/7/3 2949/7/3 2948/7/3
f 2952/6/3 2950/6/3 2949/6/3
f 2952/6/3 2951/6/3 2950/6/3
f 2953/6/3 2951/6/3 2952/6/3
f 2954/8/3 2947/8/3 2951/8/3
f 2954/6/3 2951/6/3 2953/6/3
f 2955/8/3 2947/8/3 2954/8/3
f 2956/11/3 2954/11/3 2953/11/3
f 2956/11/3 2955/11/3 2954/11/3
f 2957/11/3 2955/11/3 2956/11/3
f 2958/11/3 2956/11/3 2953/11/3
f 2959/11/3 2956/11/3 2958/11/3
f 2960/11/3 2936/11/3 2935/11/3
f 2961/11/3 2936/11/3 2960/11/3
f 2962/7/3 2953/7/3 2952/7/3
f 2962/7/3 2948/7/3 2942/7/3
f 2962/7/3 2952/7/3 2948/7/3
f 2963/11/3 2958/11/3 2953/11/3
f 2963/7/3 2953/7/3 2962/7/3
f 2964/11/3 2958/11/3 2963/11/3
f 2970/6/3 2968/6/3 2967/6/3
f 2971/8/3 2969/8/3 2968/8/3
f 2971/6/3 2968/6/3 2970/6/3
f 2972/8/3 2969/8/3 2971/8/3
f 2974/6/3 2970/6/3 2967/6/3
f 2975/8/3 2972/8/3 2971/8/3
f 2975/6/3 2970/6/3 2974/6/3
f 2975/8/3 2973/8/3 2972/8/3
f 2975/8/3 2971/8/3 2970/8/3
f 2976/8/3 2973/8/3 2975/8/3
f 2977/8/3 2973/8/3 2976/8/3
f 2979/8/3 2977/8/3 2976/8/3
f 2979/8/3 2978/8/3 2977/8/3
f 2979/7/3 2976/7/3 2975/7/3
f 2979/7/3 2975/7/3 2974/7/3
f 2980/8/3 2978/8/3 2979/8/3
f 2981/6/3 2974/6/3 2967/6/3
f 2982/7/3 2979/7/3 2974/7/3
f 2982/6/3 2974/6/3 2981/6/3
f 2983/6/3 2981/6/3 2967/6/3
f 2984/7/3 2982/7/3 2981/7/3
f 2984/6/3 2981/6/3 2983/6/3
f 2985/7/3 2979/7/3 2982/7/3
f 2985/7/3 2982/7/3 2984/7/3
f 2986/11/3 2980/11/3 2979/11/3
f 2986/7/3 2979/7/3 2985/7/3
f 2987/11/3 2980/11/3 2986/11/3
f 2988/11/3 2980/11/3 2987/11/3
f 2989/11/3 2986/11/3 2985/11/3
f 2989/11/3 2987/11/3 2986/11/3
f 2990/11/3 2987/11/3 2989/11/3
f 2991/11/3 2966/11/3 2965/11/3
f 2992/11/3 2966/11/3 2991/11/3
f 2993/7/3 2984/7/3 2983/7/3
f 2993/7/3 2985/7/3 2984/7/3
f 2994/11/3 2989/11/3 2985/11/3
f 2994/7/3 2985/7/3 2993/7/3
f 2995/11/3 2989/11/3 2994/11/3
f 3001/6/3 2999/6/3 2998/6/3
f 3001/8/3 3000/8/3 2999/8/3
f 3002/8/3 3000/8/3 3001/8/3
f 3003/8/3 3000/8/3 3002/8/3
f 3005/6/3 3001/6/3 2998/6/3
f 3006/7/3 3002/7/3 3001/7/3
f 3006/6/3 3001/6/3 3005/6/3
f 3007/8/3 3003/8/3 3002/8/3
f 3007/7/3 3002/7/3 3006/7/3
f 3007/8/3 3004/8/3 3003/8/3
f 3008/8/3 3004/8/3 3007/8/3
f 3009/8/3 3004/8/3 3008/8/3
f 3011/11/3 2997/11/3 2996/11/3
f 3012/8/3 3009/8/3 3008/8/3
f 3012/7/3 3006/7/3 3005/7/3
f 3012/8/3 3010/8/3 3009/8/3
f 3012/7/3 3008/7/3 3007/7/3
f 3012/7/3 3007/7/3 3006/7/3
f 3013/8/3 3010/8/3 3012/8/3
f 3014/6/3 3005/6/3 2998/6/3
f 3015/7/3 3012/7/3 3005/7/3
f 3015/6/3 3005/6/3 3014/6/3
f 3016/7/3 3012/7/3 3015/7/3
f 3017/11/3 3013/11/3 3012/11/3
f 3017/7/3 3012/7/3 3016/7/3
f 3018/11/3 2997/11/3 3011/11/3
f 3019/11/3 3013/11/3 3017/11/3
f 3019/11/3 3017/11/3 3016/11/3
f 3020/11/3 3013/11/3 3019/11/3
f 3021/7/3 3016/7/3 3015/7/3
f 3021/7/3 3015/7/3 3014/7/3
f 3022/11/3 3019/11/3 3016/11/3
f 3022/7/3 3016/7/3 3021/7/3
f 3023/11/3 3019/11/3 3022/11/3
f 3024/11/3 3019/11/3 3023/11/3
f 3025/11/3 2997/11/3 3018/11/3
f 3026/11/3 2997/11/3 3025/11/3
f 3027/7/3 3021/7/3 3014/7/3
f 3028/11/3 3022/11/3 3021/11/3
f 3028/7/3 3021/7/3 3027/7/3
f 3028/11/3 3023/11/3 3022/11/3
f 3029/11/3 3023/11/3 3028/11/3
f 3035/6/3 3033/6/3 3032/6/3
f 3035/8/3 3034/8/3 3033/8/3
f 3036/8/3 3034/8/3 3035/8/3
f 3037/8/3 3034/8/3 3036/8/3
f 3039/6/3 3035/6/3 3032/6/3
f 3039/6/3 3036/6/3 3035/6/3
f 3040/8/3 3037/8/3 3036/8/3
f 3040/6/3 3036/6/3 3039/6/3
f 3040/8/3 3038/8/3 3037/8/3
f 3041/8/3 3038/8/3 3040/8/3
f 3043/8/3 3041/8/3 3040/8/3
f 3043/8/3 3042/8/3 3041/8/3
f 3043/7/3 3040/7/3 3039/7/3
f 3044/8/3 3042/8/3 3043/8/3
f 3045/6/3 3039/6/3 3032/6/3
f 3046/7/3 3043/7/3 3039/7/3
f 3046/6/3 3039/6/3 3045/6/3
f 3047/7/3 3043/7/3 3046/7/3
f 3048/11/3 3044/11/3 3043/11/3
f 3048/7/3 3043/7/3 3047/7/3
f 3049/8/3 3042/8/3 3044/8/3
f 3049/11/3 3044/11/3 3048/11/3
f 3050/8/3 3042/8/3 3049/8/3
f 3051/11/3 3048/11/3 3047/11/3
f 3051/11/3 3049/11/3 3048/11/3
f 3051/11/3 3050/11/3 3049/11/3
f 3052/11/3 3050/11/3 3051/11/3
f 3053/11/3 3051/11/3 3047/11/3
f 3054/11/3 3051/11/3 3053/11/3
f 3055/11/3 3031/11/3 3030/11/3
f 3056/11/3 3031/11/3 3055/11/3
f 3057/7/3 3047/7/3 3046/7/3
f 3057/7/3 3046/7/3 3045/7/3
f 3058/11/3 3053/11/3 3047/11/3
f 3058/7/3 3047/7/3 3057/7/3
f 3059/11/3 3053/11/3 3058/11/3
f 3065/8/3 3064/8/3 3063/8/3
f 3067/8/3 3065/8/3 3063/8/3
f 3067/8/3 3066/8/3 3065/8/3
f 3067/6/3 3063/6/3 3062/6/3
f 3068/8/3 3066/8/3 3067/8/3
f 3069/8/3 3066/8/3 3068/8/3
f 3071/6/3 3067/6/3 3062/6/3
f 3071/6/3 3068/6/3 3067/6/3
f 3072/8/3 3069/8/3 3068/8/3
f 3072/6/3 3068/6/3 3071/6/3
f 3072/8/3 3070/8/3 3069/8/3
f 3073/8/3 3070/8/3 3072/8/3
f 3074/7/3 3072/7/3 3071/7/3
f 3074/7/3 3073/7/3 3072/7/3
f 3075/8/3 3070/8/3 3073/8/3
f 3075/7/3 3073/7/3 3074/7/3
f 3076/8/3 3070/8/3 3075/8/3
f 3077/11/3 3061/11/3 3060/11/3
f 3078/7/3 3074/7/3 3071/7/3
f 3079/11/3 3075/11/3 3074/11/3
f 3079/7/3 3074/7/3 3078/7/3
f 3079/11/3 3076/11/3 3075/11/3
f 3080/11/3 3061/11/3 3077/11/3
f 3081/11/3 3076/11/3 3079/11/3
f 3081/11/3 3079/11/3 3078/11/3
f 3082/11/3 3076/11/3 3081/11/3
f 3083/11/3 3061/11/3 3080/11/3
f 3084/11/3 3061/11/3 3083/11/3
f 3085/7/3 3078/7/3 3071/7/3
f 3086/11/3 3081/11/3 3078/11/3
f 3086/7/3 3078/7/3 3085/7/3
f 3087/11/3 3081/11/3 3086/11/3
f 3093/6/3 3091/6/3 3090/6/3
f 3093/8/3 3092/8/3 3091/8/3
f 3094/8/3 3092/8/3 3093/8/3
f 3095/8/3 3092/8/3 3094/8/3
f 3097/11/3 3094/11/3 3093/11/3
f 3097/8/3 3096/8/3 3095/8/3
f 3097/8/3 3095/8/3 3094/8/3
f 3098/8/3 3096/8/3 3097/8/3
f 3099/8/3 3096/8/3 3098/8/3
f 3101/6/3 3093/6/3 3090/6/3
f 3102/11/3 3097/11/3 3093/11/3
f 3102/6/3 3093/6/3 3101/6/3
f 3102/11/3 3098/11/3 3097/11/3
f 3103/11/3 3098/11/3 3102/11/3
f 3104/8/3 3099/8/3 3098/8/3
f 3104/11/3 3098/11/3 3103/11/3
f 3104/8/3 3100/8/3 3099/8/3
f 3105/8/3 3100/8/3 3104/8/3
f 3106/6/3 3101/6/3 3090/6/3
f 3107/7/3 3103/7/3 3102/7/3
f 3107/6/3 3101/6/3 3106/6/3
f 3107/7/3 3102/7/3 3101/7/3
f 3108/11/3 3105/11/3 3104/11/3
f 3108/8/3 3100/8/3 3105/8/3
f 3108/11/3 3104/11/3 3103/11/3
f 3109/8/3 3100/8/3 3108/8/3
f 3110/6/3 3106/6/3 3090/6/3
f 3110/7/3 3107/7/3 3106/7/3
f 3111/7/3 3103/7/3 3107/7/3
f 3111/7/3 3107/7/3 3110/7/3
f 3112/6/3 3110/6/3 3090/6/3
f 3112/6/3 3111/6/3 3110/6/3
f 3113/7/3 3103/7/3 3111/7/3
f 3113/6/3 3111/6/3 3112/6/3
f 3114/7/3 3113/7/3 3112/7/3
f 3114/7/3 3103/7/3 3113/7/3
f 3115/11/3 3109/11/3 3108/11/3
f 3115/7/3 3103/7/3 3114/7/3
f 3115/11/3 3108/11/3 3103/11/3
f 3116/11/3 3109/11/3 3115/11/3
f 3117/11/3 3109/11/3 3116/11/3
f 3118/11/3 3089/11/3 3088/11/3
f 3119/11/3 3089/11/3 3118/11/3
f 3120/7/3 3114/7/3 3112/7/3
f 3121/11/3 3115/11/3 3114/11/3
f 3121/7/3 3114/7/3 3120/7/3
f 3121/11/3 3116/11/3 3115/11/3
f 3122/11/3 3116/11/3 3121/11/3
f 3125/9/4 3126/9/4 3129/9/4
f 3127/9/4 3128/9/4 3129/9/4
f 3126/9/4 3127/9/4 3129/9/4
f 3129/9/4 3128/9/4 3130/9/4
f 3123/9/4 3124/9/4 3131/9/4
f 3131/9/4 3124/9/4 3132/9/4
f 3131/4/4 3132/4/4 3135/4/4
f 3135/4/4 3132/4/4 3136/4/4
f 3133/4/4 3134/4/4 3137/4/4
f 3137/4/4 3134/4/4 3138/4/4
f 3129/4/4 3130/4/4 3139/4/4
f 3139/4/4 3130/4/4 3140/4/4
f 3141/4/4 3142/4/4 3147/4/4
f 3147/4/4 3142/4/4 3148/4/4
f 3143/4/4 3144/4/4 3149/4/4
f 3149/4/4 3144/4/4 3150/4/4
f 3145/4/4 3146/4/4 3151/4/4
f 3151/4/4 3146/4/4 3152/4/4
f 3147/9/4 3148/9/4 3153/9/4
f 3153/9/4 3148/9/4 3154/9/4
f 3151/9/4 3152/9/4 3155/9/4
f 3155/9/4 3152/9/4 3156/9/4
f 3156/9/4 3152/9/4 3157/9/4
f 3158/9/4 3159/9/4 3160/9/4
f 3160/9/4 3159/9/4 3161/9/4
f 3160/4/4 3161/4/4 3162/4/4
f 3160/4/4 3162/4/4 3163/4/4
f 3163/4/4 3162/4/4 3164/4/4
f 3165/4/4 3166/4/4 3167/4/4
f 3167/4/4 3166/4/4 3168/4/4
f 3167/9/4 3168/9/4 3169/9/4
f 3169/9/4 3168/9/4 3170/9/4
f 3171/8/4 3172/8/4 3173/8/4
f 3171/8/4 3173/8/4 3174/8/4
f 3174/8/4 3173/8/4 3175/8/4
f 3174/4/4 3175/4/4 3176/4/4
f 3176/4/4 3175/4/4 3177/4/4
f 3178/4/4 3179/4/4 3180/4/4
f 3180/4/4 3179/4/4 3181/4/4
f 3180/9/4 3181/9/4 3182/9/4
f 3182/9/4 3181/9/4 3183/9/4
f 3184/9/4 3185/9/4 3186/9/4
f 3186/9/4 3185/9/4 3187/9/4
f 3188/4/4 3189/4/4 3190/4/4
f 3190/4/4 3189/4/4 3191/4/4
f 3192/4/4 3193/4/4 3194/4/4
f 3194/4/4 3193/4/4 3195/4/4
f 3196/4/4 3197/4/4 3198/4/4
f 3198/4/4 3197/4/4 3199/4/4
f 3200/4/4 3201/4/4 3202/4/4
f 3202/4/4 3201/4/4 3203/4/4
f 3204/4/4 3205/4/4 3206/4/4
f 3206/4/4 3205/4/4 3207/4/4
f 3208/4/4 3209/4/4 3210/4/4
f 3210/4/4 3209/4/4 3211/4/4
f 3215/8/4 3216/8/4 3220/8/4
f 3216/8/4 3217/8/4 3220/8/4
f 3217/9/4 3218/9/4 3221/9/4
f 3220/8/4 3217/8/4 3221/8/4
f 3212/9/4 3213/9/4 3222/9/4
f 3214/7/4 3215/7/4 3223/7/4
f 3215/8/4 3220/8/4 3224/8/4
f 3223/7/4 3215/7/4 3224/7/4
f 3220/9/4 3221/9/4 3225/9/4
f 3224/8/4 3220/8/4 3225/8/4
f 3221/9/4 3218/9/4 3226/9/4
f 3225/9/4 3221/9/4 3226/9/4
f 3218/11/4 3219/11/4 3226/11/4
f 3226/11/4 3219/11/4 3227/11/4
f 3222/9/4 3213/9/4 3228/9/4
f 3228/9/4 3213/9/4 3229/9/4
f 3228/4/4 3229/4/4 3232/4/4
f 3232/4/4 3229/4/4 3233/4/4
f 3230/4/4 3231/4/4 3234/4/4
f 3234/4/4 3231/4/4 3235/4/4
f 3224/4/4 3225/4/4 3236/4/4
f 3223/4/4 3224/4/4 3236/4/4
f 3225/4/4 3226/4/4 3236/4/4
f 3236/4/4 3226/4/4 3237/4/4
f 3238/4/4 3239/4/4 3244/4/4
f 3244/4/4 3239/4/4 3245/4/4
f 3240/4/4 3241/4/4 3246/4/4
f 3246/4/4 3241/4/4 3247/4/4
f 3242/4/4 3243/4/4 3248/4/4
f 3248/4/4 3243/4/4 3249/4/4
f 3244/9/4 3245/9/4 3250/9/4
f 3250/9/4 3245/9/4 3251/9/4
f 3251/9/4 3245/9/4 3252/9/4
f 3248/9/4 3249/9/4 3253/9/4
f 3253/9/4 3249/9/4 3254/9/4
f 3254/9/4 3249/9/4 3255/9/4
f 3256/4/4 3257/4/4 3258/4/4
f 3258/4/4 3257/4/4 3259/4/4
f 3260/7/4 3261/7/4 3262/7/4
f 3262/7/4 3261/7/4 3263/7/4
f 3264/4/4 3265/4/4 3266/4/4
f 3266/4/4 3265/4/4 3267/4/4
f 3266/9/4 3267/9/4 3268/9/4
f 3268/9/4 3267/9/4 3269/9/4
f 3270/11/4 3271/11/4 3272/11/4
f 3272/11/4 3271/11/4 3273/11/4
f 3272/9/4 3273/9/4 3274/9/4
f 3274/9/4 3273/9/4 3275/9/4
f 3274/4/4 3275/4/4 3276/4/4
f 3276/4/4 3275/4/4 3277/4/4
f 3278/4/4 3279/4/4 3280/4/4
f 3280/4/4 3279/4/4 3281/4/4
f 3280/9/4 3281/9/4 3282/9/4
f 3282/9/4 3281/9/4 3283/9/4
f 3284/7/4 3285/7/4 3286/7/4
f 3286/7/4 3285/7/4 3287/7/4
f 3288/4/4 3289/4/4 3290/4/4
f 3290/4/4 3289/4/4 3291/4/4
f 3292/4/4 3293/4/4 3294/4/4
f 3294/4/4 3293/4/4 3295/4/4
f 3296/4/4 3297/4/4 3298/4/4
f 3298/4/4 3297/4/4 3299/4/4
f 3300/7/4 3301/7/4 3302/7/4
f 3302/7/4 3301/7/4 3303/7/4
f 3304/4/4 3305/4/4 3306/4/4
f 3306/4/4 3305/4/4 3307/4/4
f 3308/4/4 3309/4/4 3310/4/4
f 3310/4/4 3309/4/4 3311/4/4
f 3312/4/4 3313/4/4 3314/4/4
f 3314/4/4 3313/4/4 3315/4/4
f 3319/9/4 3320/9/4 3321/9/4
f 3316/9/4 3317/9/4 3323/9/4
f 3318/7/4 3319/7/4 3324/7/4
f 3321/9/4 3322/9/4 3325/9/4
f 3324/7/4 3319/7/4 3325/7/4
f 3319/9/4 3321/9/4 3325/9/4
f 3325/9/4 3322/9/4 3326/9/4
f 3326/9/4 3322/9/4 3327/9/4
f 3323/9/4 3317/9/4 3328/9/4
f 3328/9/4 3317/9/4 3329/9/4
f 3328/4/4 3329/4/4 3332/4/4
f 3332/4/4 3329/4/4 3333/4/4
f 3330/4/4 3331/4/4 3334/4/4
f 3334/4/4 3331/4/4 3335/4/4
f 3324/4/4 3325/4/4 3336/4/4
f 3325/4/4 3326/4/4 3336/4/4
f 3336/4/4 3326/4/4 3337/4/4
f 3338/3/4 3339/3/4 3342/3/4
f 3342/3/4 3339/3/4 3343/3/4
f 3340/1/4 3341/1/4 3344/1/4
f 3344/1/4 3341/1/4 3345/1/4
f 3346/4/4 3347/4/4 3352/4/4
f 3352/4/4 3347/4/4 3353/4/4
f 3348/4/4 3349/4/4 3354/4/4
f 3354/4/4 3349/4/4 3355/4/4
f 3350/4/4 3351/4/4 3356/4/4
f 3356/4/4 3351/4/4 3357/4/4
f 3352/9/4 3353/9/4 3358/9/4
f 3358/9/4 3353/9/4 3359/9/4
f 3356/9/4 3357/9/4 3360/9/4
f 3360/9/4 3357/9/4 3361/9/4
f 3361/9/4 3357/9/4 3362/9/4
f 3363/9/4 3364/9/4 3365/9/4
f 3365/9/4 3364/9/4 3366/9/4
f 3367/4/4 3368/4/4 3369/4/4
f 3369/4/4 3368/4/4 3370/4/4
f 3371/3/4 3372/3/4 3377/3/4
f 3377/3/4 3372/3/4 3378/3/4
f 3373/5/4 3374/5/4 3379/5/4
f 3379/5/4 3374/5/4 3380/5/4
f 3375/1/4 3376/1/4 3381/1/4
f 3381/1/4 3376/1/4 3382/1/4
f 3383/7/4 3384/7/4 3385/7/4
f 3385/7/4 3384/7/4 3386/7/4
f 3387/4/4 3388/4/4 3389/4/4
f 3389/4/4 3388/4/4 3390/4/4
f 3389/9/4 3390/9/4 3391/9/4
f 3391/9/4 3390/9/4 3392/9/4
f 3393/9/4 3394/9/4 3395/9/4
f 3395/9/4 3394/9/4 3396/9/4
f 3395/4/4 3396/4/4 3397/4/4
f 3397/4/4 3396/4/4 3398/4/4
f 3399/3/4 3400/3/4 3403/3/4
f 3403/3/4 3400/3/4 3404/3/4
f 3401/5/4 3402/5/4 3405/5/4
f 3405/5/4 3402/5/4 3406/5/4
f 3407/4/4 3408/4/4 3409/4/4
f 3409/4/4 3408/4/4 3410/4/4
f 3409/9/4 3410/9/4 3411/9/4
f 3411/9/4 3410/9/4 3412/9/4
f 3413/3/4 3414/3/4 3415/3/4
f 3415/3/4 3414/3/4 3416/3/4
f 3417/7/4 3418/7/4 3419/7/4
f 3419/7/4 3418/7/4 3420/7/4
f 3421/4/4 3422/4/4 3423/4/4
f 3423/4/4 3422/4/4 3424/4/4
f 3425/4/4 3426/4/4 3427/4/4
f 3427/4/4 3426/4/4 3428/4/4
f 3429/4/4 3430/4/4 3431/4/4
f 3431/4/4 3430/4/4 3432/4/4
f 3433/7/4 3434/7/4 3435/7/4
f 3435/7/4 3434/7/4 3436/7/4
f 3437/4/4 3438/4/4 3439/4/4
f 3439/4/4 3438/4/4 3440/4/4
f 3441/4/4 3442/4/4 3443/4/4
f 3443/4/4 3442/4/4 3444/4/4
f 3445/4/4 3446/4/4 3447/4/4
f 3447/4/4 3446/4/4 3448/4/4
f 3451/9/4 3452/9/4 3454/9/4
f 3452/9/4 3453/9/4 3454/9/4
f 3454/9/4 3453/9/4 3455/9/4
f 3449/9/4 3450/9/4 3456/9/4
f 3456/9/4 3450/9/4 3457/9/4
f 3456/4/4 3457/4/4 3460/4/4
f 3460/4/4 3457/4/4 3461/4/4
f 3458/4/4 3459/4/4 3462/4/4
f 3462/4/4 3459/4/4 3463/4/4
f 3454/4/4 3455/4/4 3464/4/4
f 3464/4/4 3455/4/4 3465/4/4
f 3466/4/4 3467/4/4 3472/4/4
f 3472/4/4 3467/4/4 3473/4/4
f 3468/4/4 3469/4/4 3474/4/4
f 3474/4/4 3469/4/4 3475/4/4
f 3470/4/4 3471/4/4 3476/4/4
f 3476/4/4 3471/4/4 3477/4/4
f 3472/9/4 3473/9/4 3478/9/4
f 3478/9/4 3473/9/4 3479/9/4
f 3476/9/4 3477/9/4 3480/9/4
f 3480/9/4 3477/9/4 3481/9/4
f 3481/9/4 3477/9/4 3482/9/4
f 3483/9/4 3484/9/4 3485/9/4
f 3485/9/4 3484/9/4 3486/9/4
f 3485/4/4 3486/4/4 3487/4/4
f 3487/4/4 3486/4/4 3488/4/4
f 3489/7/4 3490/7/4 3491/7/4
f 3491/7/4 3490/7/4 3492/7/4
f 3493/4/4 3494/4/4 3495/4/4
f 3495/4/4 3494/4/4 3496/4/4
f 3495/9/4 3496/9/4 3497/9/4
f 3497/9/4 3496/9/4 3498/9/4
f 3499/9/4 3500/9/4 3501/9/4
f 3501/9/4 3500/9/4 3502/9/4
f 3501/4/4 3502/4/4 3503/4/4
f 3503/4/4 3502/4/4 3504/4/4
f 3505/4/4 3506/4/4 3507/4/4
f 3507/4/4 3506/4/4 3508/4/4
f 3507/9/4 3508/9/4 3509/9/4
f 3509/9/4 3508/9/4 3510/9/4
f 3511/7/4 3512/7/4 3513/7/4
f 3513/7/4 3512/7/4 3514/7/4
f 3514/7/4 3512/7/4 3515/7/4
f 3516/4/4 3517/4/4 3518/4/4
f 3518/4/4 3517/4/4 3519/4/4
f 3520/4/4 3521/4/4 3522/4/4
f 3522/4/4 3521/4/4 3523/4/4
f 3524/4/4 3525/4/4 3526/4/4
f 3526/4/4 3525/4/4 3527/4/4
f 3528/4/4 3529/4/4 3530/4/4
f 3530/4/4 3529/4/4 3531/4/4
f 3532/4/4 3533/4/4 3534/4/4
f 3534/4/4 3533/4/4 3535/4/4
f 3536/4/4 3537/4/4 3538/4/4
f 3538/4/4 3537/4/4 3539/4/4
f 3540/9/4 3541/9/4 3544/9/4
f 3542/11/4 3543/11/4 3545/11/4
f 3545/11/4 3543/11/4 3546/11/4
f 3544/9/4 3541/9/4 3547/9/4
f 3547/9/4 3541/9/4 3548/9/4
f 3547/4/4 3548/4/4 3551/4/4
f 3551/4/4 3548/4/4 3552/4/4
f 3549/4/4 3550/4/4 3553/4/4
f 3553/4/4 3550/4/4 3554/4/4
f 3545/4/4 3546/4/4 3555/4/4
f 3555/4/4 3546/4/4 3556/4/4
f 3557/4/4 3558/4/4 3563/4/4
f 3563/4/4 3558/4/4 3564/4/4
f 3559/4/4 3560/4/4 3565/4/4
f 3565/4/4 3560/4/4 3566/4/4
f 3561/4/4 3562/4/4 3567/4/4
f 3567/4/4 3562/4/4 3568/4/4
f 3563/9/4 3564/9/4 3569/9/4
f 3569/9/4 3564/9/4 3570/9/4
f 3567/9/4 3568/9/4 3571/9/4
f 3571/9/4 3568/9/4 3572/9/4
f 3572/9/4 3568/9/4 3573/9/4
f 3574/9/4 3575/9/4 3576/9/4
f 3576/9/4 3575/9/4 3577/9/4
f 3576/4/4 3577/4/4 3578/4/4
f 3578/4/4 3577/4/4 3579/4/4
f 3580/4/4 3581/4/4 3582/4/4
f 3582/4/4 3581/4/4 3583/4/4
f 3582/9/4 3583/9/4 3584/9/4
f 3584/9/4 3583/9/4 3585/9/4
f 3586/9/4 3587/9/4 3588/9/4
f 3588/9/4 3587/9/4 3589/9/4
f 3588/4/4 3589/4/4 3590/4/4
f 3590/4/4 3589/4/4 3591/4/4
f 3592/4/4 3593/4/4 3594/4/4
f 3594/4/4 3593/4/4 3595/4/4
f 3594/9/4 3595/9/4 3596/9/4
f 3596/9/4 3595/9/4 3597/9/4
f 3598/4/4 3599/4/4 3600/4/4
f 3600/4/4 3599/4/4 3601/4/4
f 3602/4/4 3603/4/4 3604/4/4
f 3604/4/4 3603/4/4 3605/4/4
f 3606/4/4 3607/4/4 3608/4/4
f 3608/4/4 3607/4/4 3609/4/4
f 3610/4/4 3611/4/4 3612/4/4
f 3612/4/4 3611/4/4 3613/4/4
f 3614/4/4 3615/4/4 3616/4/4
f 3616/4/4 3615/4/4 3617/4/4
f 3618/9/4 3619/9/4 3622/9/4
f 3622/9/4 3619/9/4 3623/9/4
f 3620/4/4 3621/4/4 3624/4/4
f 3624/4/4 3621/4/4 3625/4/4
f 3626/4/4 3627/4/4 3628/4/4
f 3628/4/4 3627/4/4 3629/4/4
f 3630/4/4 3631/4/4 3632/4/4
f 3632/4/4 3631/4/4 3633/4/4
f 3634/9/4 3635/9/4 3636/9/4
f 3636/9/4 3635/9/4 3637/9/4
f 3638/3/4 3639/3/4 3640/3/4
f 3640/3/4 3639/3/4 3641/3/4
f 3641/3/4 3639/3/4 3642/3/4
f 3642/3/4 3639/3/4 3643/3/4
f 3643/3/4 3639/3/4 3644/3/4
f 3644/3/4 3639/3/4 3645/3/4
f 3645/3/4 3639/3/4 3646/3/4
f 3646/3/4 3639/3/4 3647/3/4
f 3644/6/4 3645/6/4 3648/6/4
f 3645/7/4 3646/7/4 3648/7/4
f 3648/7/4 3646/7/4 3649/7/4
f 3646/8/4 3647/8/4 3650/8/4
f 3649/7/4 3646/7/4 3650/7/4
f 3650/8/4 3647/8/4 3651/8/4
f 3647/3/4 3639/3/4 3652/3/4
f 3651/8/4 3647/8/4 3652/8/4
f 3652/3/4 3639/3/4 3653/3/4
f 3650/7/4 3651/7/4 3654/7/4
f 3649/7/4 3650/7/4 3654/7/4
f 3652/8/4 3653/8/4 3654/8/4
f 3651/8/4 3652/8/4 3654/8/4
f 3654/8/4 3653/8/4 3655/8/4
f 3654/7/4 3655/7/4 3656/7/4
f 3655/8/4 3653/8/4 3656/8/4
f 3656/8/4 3653/8/4 3657/8/4
f 3653/3/4 3639/3/4 3658/3/4
f 3657/8/4 3653/8/4 3658/8/4
f 3648/6/4 3649/6/4 3659/6/4
f 3644/6/4 3648/6/4 3659/6/4
f 3656/7/4 3657/7/4 3660/7/4
f 3659/6/4 3649/6/4 3660/6/4
f 3649/7/4 3654/7/4 3660/7/4
f 3654/7/4 3656/7/4 3660/7/4
f 3660/7/4 3657/7/4 3661/7/4
f 3657/11/4 3658/11/4 3662/11/4
f 3661/7/4 3657/7/4 3662/7/4
f 3643/3/4 3644/3/4 3663/3/4
f 3644/6/4 3659/6/4 3663/6/4
f 3660/7/4 3661/7/4 3664/7/4
f 3663/6/4 3659/6/4 3664/6/4
f 3659/7/4 3660/7/4 3664/7/4
f 3662/11/4 3658/11/4 3665/11/4
f 3661/11/4 3662/11/4 3665/11/4
f 3658/3/4 3639/3/4 3666/3/4
f 3665/11/4 3658/11/4 3666/11/4
f 3661/11/4 3665/11/4 3667/11/4
f 3665/3/4 3666/3/4 3668/3/4
f 3667/11/4 3665/11/4 3668/11/4
f 3641/3/4 3642/3/4 3669/3/4
f 3642/11/4 3643/11/4 3669/11/4
f 3643/3/4 3663/3/4 3670/3/4
f 3669/11/4 3643/11/4 3670/11/4
f 3663/7/4 3664/7/4 3671/7/4
f 3670/3/4 3663/3/4 3671/3/4
f 3664/7/4 3661/7/4 3672/7/4
f 3671/7/4 3664/7/4 3672/7/4
f 3661/11/4 3667/11/4 3672/11/4
f 3667/3/4 3668/3/4 3673/3/4
f 3672/11/4 3667/11/4 3673/11/4
f 3671/3/4 3672/3/4 3674/3/4
f 3670/3/4 3671/3/4 3674/3/4
f 3672/3/4 3673/3/4 3674/3/4
f 3641/3/4 3669/3/4 3674/3/4
f 3669/3/4 3670/3/4 3674/3/4
f 3674/3/4 3673/3/4 3675/3/4
f 3675/3/4 3673/3/4 3676/3/4
f 3676/3/4 3673/3/4 3677/3/4
f 3673/3/4 3668/3/4 3678/3/4
f 3677/3/4 3673/3/4 3678/3/4
f 3676/6/4 3677/6/4 3679/6/4
f 3677/8/4 3678/8/4 3680/8/4
f 3679/6/4 3677/6/4 3680/6/4
f 3680/8/4 3678/8/4 3681/8/4
f 3678/3/4 3668/3/4 3682/3/4
f 3681/8/4 3678/8/4 3682/8/4
f 3668/3/4 3666/3/4 3683/3/4
f 3682/3/4 3668/3/4 3683/3/4
f 3681/8/4 3682/8/4 3684/8/4
f 3683/3/4 3666/3/4 3684/3/4
f 3682/8/4 3683/8/4 3684/8/4
f 3666/3/4 3639/3/4 3685/3/4
f 3684/3/4 3666/3/4 3685/3/4
f 3675/3/4 3676/3/4 3686/3/4
f 3676/6/4 3679/6/4 3686/6/4
f 3679/7/4 3680/7/4 3687/7/4
f 3686/6/4 3679/6/4 3687/6/4
f 3680/7/4 3681/7/4 3687/7/4
f 3684/8/4 3685/8/4 3688/8/4
f 3687/7/4 3681/7/4 3688/7/4
f 3681/8/4 3684/8/4 3688/8/4
f 3688/8/4 3685/8/4 3689/8/4
f 3686/7/4 3687/7/4 3690/7/4
f 3687/7/4 3688/7/4 3690/7/4
f 3688/7/4 3689/7/4 3690/7/4
f 3689/8/4 3685/8/4 3691/8/4
f 3690/7/4 3689/7/4 3691/7/4
f 3685/3/4 3639/3/4 3692/3/4
f 3691/8/4 3685/8/4 3692/8/4
f 3686/7/4 3690/7/4 3693/7/4
f 3690/11/4 3691/11/4 3694/11/4
f 3693/7/4 3690/7/4 3694/7/4
f 3691/11/4 3692/11/4 3694/11/4
f 3693/11/4 3694/11/4 3695/11/4
f 3694/11/4 3692/11/4 3695/11/4
f 3692/3/4 3639/3/4 3696/3/4
f 3695/11/4 3692/11/4 3696/11/4
f 3693/11/4 3695/11/4 3697/11/4
f 3695/3/4 3696/3/4 3698/3/4
f 3697/11/4 3695/11/4 3698/11/4
f 3641/3/4 3674/3/4 3699/3/4
f 3674/11/4 3675/11/4 3699/11/4
f 3675/3/4 3686/3/4 3700/3/4
f 3699/11/4 3675/11/4 3700/11/4
f 3686/7/4 3693/7/4 3701/7/4
f 3700/3/4 3686/3/4 3701/3/4
f 3693/11/4 3697/11/4 3702/11/4
f 3701/7/4 3693/7/4 3702/7/4
f 3697/3/4 3698/3/4 3703/3/4
f 3702/11/4 3697/11/4 3703/11/4
f 3641/3/4 3699/3/4 3704/3/4
f 3699/3/4 3700/3/4 3704/3/4
f 3702/3/4 3703/3/4 3704/3/4
f 3700/3/4 3701/3/4 3704/3/4
f 3701/3/4 3702/3/4 3704/3/4
f 3704/3/4 3703/3/4 3705/3/4
f 3705/3/4 3703/3/4 3706/3/4
f 3706/3/4 3703/3/4 3707/3/4
f 3703/3/4 3698/3/4 3708/3/4
f 3707/3/4 3703/3/4 3708/3/4
f 3707/8/4 3708/8/4 3709/8/4
f 3708/3/4 3698/3/4 3709/3/4
f 3698/3/4 3696/3/4 3710/3/4
f 3709/3/4 3698/3/4 3710/3/4
f 3706/6/4 3707/6/4 3711/6/4
f 3705/3/4 3706/3/4 3711/3/4
f 3711/6/4 3707/6/4 3712/6/4
f 3707/8/4 3709/8/4 3713/8/4
f 3712/6/4 3707/6/4 3713/6/4
f 3709/8/4 3710/8/4 3713/8/4
f 3713/8/4 3710/8/4 3714/8/4
f 3710/3/4 3696/3/4 3715/3/4
f 3714/8/4 3710/8/4 3715/8/4
f 3696/3/4 3639/3/4 3716/3/4
f 3715/3/4 3696/3/4 3716/3/4
f 3713/6/4 3714/6/4 3717/6/4
f 3711/7/4 3712/7/4 3717/7/4
f 3712/6/4 3713/6/4 3717/6/4
f 3717/6/4 3714/6/4 3718/6/4
f 3714/8/4 3715/8/4 3719/8/4
f 3718/6/4 3714/6/4 3719/6/4
f 3715/8/4 3716/8/4 3719/8/4
f 3719/8/4 3716/8/4 3720/8/4
f 3717/7/4 3718/7/4 3721/7/4
f 3718/6/4 3719/6/4 3721/6/4
f 3719/6/4 3720/6/4 3721/6/4
f 3721/6/4 3720/6/4 3722/6/4
f 3720/8/4 3716/8/4 3723/8/4
f 3722/6/4 3720/6/4 3723/6/4
f 3716/3/4 3639/3/4 3724/3/4
f 3723/8/4 3716/8/4 3724/8/4
f 3722/11/4 3723/11/4 3725/11/4
f 3723/11/4 3724/11/4 3725/11/4
f 3724/3/4 3639/3/4 3726/3/4
f 3725/11/4 3724/11/4 3726/11/4
f 3722/11/4 3725/11/4 3727/11/4
f 3725/3/4 3726/3/4 3728/3/4
f 3727/11/4 3725/11/4 3728/11/4
f 3641/3/4 3704/3/4 3729/3/4
f 3704/11/4 3705/11/4 3729/11/4
f 3705/3/4 3711/3/4 3730/3/4
f 3729/11/4 3705/11/4 3730/11/4
f 3721/7/4 3722/7/4 3731/7/4
f 3730/3/4 3711/3/4 3731/3/4
f 3711/7/4 3717/7/4 3731/7/4
f 3717/7/4 3721/7/4 3731/7/4
f 3722/11/4 3727/11/4 3732/11/4
f 3731/7/4 3722/7/4 3732/7/4
f 3727/3/4 3728/3/4 3733/3/4
f 3732/11/4 3727/11/4 3733/11/4
f 3729/3/4 3730/3/4 3734/3/4
f 3730/3/4 3731/3/4 3734/3/4
f 3732/3/4 3733/3/4 3734/3/4
f 3641/3/4 3729/3/4 3734/3/4
f 3731/3/4 3732/3/4 3734/3/4
f 3734/3/4 3733/3/4 3735/3/4
f 3735/3/4 3733/3/4 3736/3/4
f 3736/3/4 3733/3/4 3737/3/4
f 3733/3/4 3728/3/4 3738/3/4
f 3737/3/4 3733/3/4 3738/3/4
f 3736/6/4 3737/6/4 3739/6/4
f 3737/8/4 3738/8/4 3740/8/4
f 3739/6/4 3737/6/4 3740/6/4
f 3738/3/4 3728/3/4 3741/3/4
f 3740/8/4 3738/8/4 3741/8/4
f 3728/3/4 3726/3/4 3742/3/4
f 3741/3/4 3728/3/4 3742/3/4
f 3736/6/4 3739/6/4 3743/6/4
f 3739/8/4 3740/8/4 3744/8/4
f 3743/6/4 3739/6/4 3744/6/4
f 3740/8/4 3741/8/4 3744/8/4
f 3741/8/4 3742/8/4 3744/8/4
f 3744/8/4 3742/8/4 3745/8/4
f 3742/3/4 3726/3/4 3746/3/4
f 3745/8/4 3742/8/4 3746/8/4
f 3726/3/4 3639/3/4 3747/3/4
f 3746/3/4 3726/3/4 3747/3/4
f 3745/8/4 3746/8/4 3748/8/4
f 3744/7/4 3745/7/4 3748/7/4
f 3746/8/4 3747/8/4 3748/8/4
f 3743/7/4 3744/7/4 3748/7/4
f 3747/3/4 3639/3/4 3749/3/4
f 3748/8/4 3747/8/4 3749/8/4
f 3736/6/4 3743/6/4 3750/6/4
f 3743/7/4 3748/7/4 3751/7/4
f 3750/6/4 3743/6/4 3751/6/4
f 3736/6/4 3750/6/4 3752/6/4
f 3735/3/4 3736/3/4 3752/3/4
f 3750/7/4 3751/7/4 3753/7/4
f 3752/6/4 3750/6/4 3753/6/4
f 3751/7/4 3748/7/4 3754/7/4
f 3753/7/4 3751/7/4 3754/7/4
f 3748/11/4 3749/11/4 3755/11/4
f 3754/7/4 3748/7/4 3755/7/4
f 3755/11/4 3749/11/4 3756/11/4
f 3749/3/4 3639/3/4 3757/3/4
f 3756/11/4 3749/11/4 3757/11/4
f 3755/11/4 3756/11/4 3758/11/4
f 3754/11/4 3755/11/4 3758/11/4
f 3756/3/4 3757/3/4 3759/3/4
f 3758/11/4 3756/11/4 3759/11/4
f 3641/3/4 3734/3/4 3760/3/4
f 3734/11/4 3735/11/4 3760/11/4
f 3735/3/4 3752/3/4 3761/3/4
f 3760/11/4 3735/11/4 3761/11/4
f 3752/7/4 3753/7/4 3762/7/4
f 3761/3/4 3752/3/4 3762/3/4
f 3753/7/4 3754/7/4 3762/7/4
f 3754/11/4 3758/11/4 3763/11/4
f 3762/7/4 3754/7/4 3763/7/4
f 3758/3/4 3759/3/4 3764/3/4
f 3763/11/4 3758/11/4 3764/11/4
f 3760/3/4 3761/3/4 3765/3/4
f 3641/3/4 3760/3/4 3765/3/4
f 3763/3/4 3764/3/4 3765/3/4
f 3761/3/4 3762/3/4 3765/3/4
f 3762/3/4 3763/3/4 3765/3/4
f 3765/3/4 3764/3/4 3766/3/4
f 3766/3/4 3764/3/4 3767/3/4
f 3767/3/4 3764/3/4 3768/3/4
f 3764/3/4 3759/3/4 3769/3/4
f 3768/3/4 3764/3/4 3769/3/4
f 3767/6/4 3768/6/4 3770/6/4
f 3768/8/4 3769/8/4 3770/8/4
f 3770/8/4 3769/8/4 3771/8/4
f 3769/3/4 3759/3/4 3772/3/4
f 3771/8/4 3769/8/4 3772/8/4
f 3759/3/4 3757/3/4 3773/3/4
f 3772/3/4 3759/3/4 3773/3/4
f 3767/6/4 3770/6/4 3774/6/4
f 3770/7/4 3771/7/4 3775/7/4
f 3774/6/4 3770/6/4 3775/6/4
f 3771/8/4 3772/8/4 3776/8/4
f 3775/7/4 3771/7/4 3776/7/4
f 3772/8/4 3773/8/4 3776/8/4
f 3776/8/4 3773/8/4 3777/8/4
f 3773/3/4 3757/3/4 3778/3/4
f 3777/8/4 3773/8/4 3778/8/4
f 3757/3/4 3639/3/4 3779/3/4
f 3778/3/4 3757/3/4 3779/3/4
f 3777/8/4 3778/8/4 3780/8/4
f 3774/7/4 3775/7/4 3780/7/4
f 3778/8/4 3779/8/4 3780/8/4
f 3775/7/4 3776/7/4 3780/7/4
f 3776/7/4 3777/7/4 3780/7/4
f 3779/3/4 3639/3/4 3781/3/4
f 3780/8/4 3779/8/4 3781/8/4
f 3767/6/4 3774/6/4 3782/6/4
f 3766/3/4 3767/3/4 3782/3/4
f 3774/7/4 3780/7/4 3783/7/4
f 3782/6/4 3774/6/4 3783/6/4
f 3783/7/4 3780/7/4 3784/7/4
f 3780/11/4 3781/11/4 3785/11/4
f 3784/7/4 3780/7/4 3785/7/4
f 3784/11/4 3785/11/4 3786/11/4
f 3785/11/4 3781/11/4 3786/11/4
f 3781/3/4 3639/3/4 3787/3/4
f 3786/11/4 3781/11/4 3787/11/4
f 3783/7/4 3784/7/4 3788/7/4
f 3782/7/4 3783/7/4 3788/7/4
f 3784/11/4 3786/11/4 3789/11/4
f 3788/7/4 3784/7/4 3789/7/4
f 3789/11/4 3786/11/4 3790/11/4
f 3786/3/4 3787/3/4 3791/3/4
f 3790/11/4 3786/11/4 3791/11/4
f 3641/3/4 3765/3/4 3792/3/4
f 3765/11/4 3766/11/4 3792/11/4
f 3766/3/4 3782/3/4 3793/3/4
f 3792/11/4 3766/11/4 3793/11/4
f 3782/7/4 3788/7/4 3794/7/4
f 3793/3/4 3782/3/4 3794/3/4
f 3789/11/4 3790/11/4 3795/11/4
f 3794/7/4 3788/7/4 3795/7/4
f 3788/11/4 3789/11/4 3795/11/4
f 3790/3/4 3791/3/4 3796/3/4
f 3795/11/4 3790/11/4 3796/11/4
f 3792/3/4 3793/3/4 3797/3/4
f 3641/3/4 3792/3/4 3797/3/4
f 3795/3/4 3796/3/4 3797/3/4
f 3793/3/4 3794/3/4 3797/3/4
f 3794/3/4 3795/3/4 3797/3/4
f 3797/3/4 3796/3/4 3798/3/4
f 3798/3/4 3796/3/4 3799/3/4
f 3799/3/4 3796/3/4 3800/3/4
f 3796/3/4 3791/3/4 3801/3/4
f 3800/3/4 3796/3/4 3801/3/4
f 3799/6/4 3800/6/4 3802/6/4
f 3800/8/4 3801/8/4 3802/8/4
f 3802/8/4 3801/8/4 3803/8/4
f 3801/3/4 3791/3/4 3804/3/4
f 3803/8/4 3801/8/4 3804/8/4
f 3791/3/4 3787/3/4 3805/3/4
f 3804/3/4 3791/3/4 3805/3/4
f 3802/6/4 3803/6/4 3806/6/4
f 3799/6/4 3802/6/4 3806/6/4
f 3803/8/4 3804/8/4 3807/8/4
f 3806/6/4 3803/6/4 3807/6/4
f 3804/8/4 3805/8/4 3807/8/4
f 3805/3/4 3787/3/4 3808/3/4
f 3807/8/4 3805/8/4 3808/8/4
f 3787/3/4 3639/3/4 3809/3/4
f 3808/3/4 3787/3/4 3809/3/4
f 3806/7/4 3807/7/4 3810/7/4
f 3807/8/4 3808/8/4 3810/8/4
f 3808/8/4 3809/8/4 3810/8/4
f 3810/8/4 3809/8/4 3811/8/4
f 3799/6/4 3806/6/4 3812/6/4
f 3798/3/4 3799/3/4 3812/3/4
f 3806/7/4 3810/7/4 3813/7/4
f 3812/6/4 3806/6/4 3813/6/4
f 3813/7/4 3810/7/4 3814/7/4
f 3810/11/4 3811/11/4 3815/11/4
f 3814/7/4 3810/7/4 3815/7/4
f 3811/8/4 3809/8/4 3816/8/4
f 3815/11/4 3811/11/4 3816/11/4
f 3809/3/4 3639/3/4 3817/3/4
f 3816/8/4 3809/8/4 3817/8/4
f 3815/11/4 3816/11/4 3818/11/4
f 3814/11/4 3815/11/4 3818/11/4
f 3816/11/4 3817/11/4 3818/11/4
f 3817/3/4 3639/3/4 3819/3/4
f 3818/11/4 3817/11/4 3819/11/4
f 3814/11/4 3818/11/4 3820/11/4
f 3818/3/4 3819/3/4 3821/3/4
f 3820/11/4 3818/11/4 3821/11/4
f 3641/3/4 3797/3/4 3822/3/4
f 3797/11/4 3798/11/4 3822/11/4
f 3798/3/4 3812/3/4 3823/3/4
f 3822/11/4 3798/11/4 3823/11/4
f 3812/7/4 3813/7/4 3824/7/4
f 3823/3/4 3812/3/4 3824/3/4
f 3813/7/4 3814/7/4 3824/7/4
f 3814/11/4 3820/11/4 3825/11/4
f 3824/7/4 3814/7/4 3825/7/4
f 3820/3/4 3821/3/4 3826/3/4
f 3825/11/4 3820/11/4 3826/11/4
f 3822/3/4 3823/3/4 3827/3/4
f 3823/3/4 3824/3/4 3827/3/4
f 3825/3/4 3826/3/4 3827/3/4
f 3641/3/4 3822/3/4 3827/3/4
f 3824/3/4 3825/3/4 3827/3/4
f 3827/3/4 3826/3/4 3828/3/4
f 3828/3/4 3826/3/4 3829/3/4
f 3829/3/4 3826/3/4 3830/3/4
f 3819/3/4 3639/3/4 3831/3/4
f 3830/3/4 3826/3/4 3831/3/4
f 3826/3/4 3821/3/4 3831/3/4
f 3821/3/4 3819/3/4 3831/3/4
f 3829/6/4 3830/6/4 3832/6/4
f 3830/8/4 3831/8/4 3832/8/4
f 3832/8/4 3831/8/4 3833/8/4
f 3828/3/4 3829/3/4 3834/3/4
f 3829/6/4 3832/6/4 3834/6/4
f 3832/6/4 3833/6/4 3834/6/4
f 3833/8/4 3831/8/4 3835/8/4
f 3834/6/4 3833/6/4 3835/6/4
f 3835/8/4 3831/8/4 3836/8/4
f 3834/7/4 3835/7/4 3837/7/4
f 3835/7/4 3836/7/4 3837/7/4
f 3836/8/4 3831/8/4 3838/8/4
f 3837/7/4 3836/7/4 3838/7/4
f 3831/3/4 3639/3/4 3839/3/4
f 3838/8/4 3831/8/4 3839/8/4
f 3834/7/4 3837/7/4 3840/7/4
f 3837/11/4 3838/11/4 3841/11/4
f 3840/7/4 3837/7/4 3841/7/4
f 3838/11/4 3839/11/4 3841/11/4
f 3840/11/4 3841/11/4 3842/11/4
f 3841/11/4 3839/11/4 3842/11/4
f 3839/3/4 3639/3/4 3843/3/4
f 3842/11/4 3839/11/4 3843/11/4
f 3827/11/4 3828/11/4 3844/11/4
f 3641/3/4 3827/3/4 3844/3/4
f 3828/3/4 3834/3/4 3845/3/4
f 3844/11/4 3828/11/4 3845/11/4
f 3834/7/4 3840/7/4 3846/7/4
f 3845/3/4 3834/3/4 3846/3/4
f 3840/11/4 3842/11/4 3847/11/4
f 3846/7/4 3840/7/4 3847/7/4
f 3842/3/4 3843/3/4 3848/3/4
f 3847/11/4 3842/11/4 3848/11/4
f 3844/3/4 3845/3/4 3849/3/4
f 3641/3/4 3844/3/4 3849/3/4
f 3847/3/4 3848/3/4 3849/3/4
f 3845/3/4 3846/3/4 3849/3/4
f 3846/3/4 3847/3/4 3849/3/4
f 3849/3/4 3848/3/4 3850/3/4
f 3850/3/4 3848/3/4 3851/3/4
f 3851/3/4 3848/3/4 3852/3/4
f 3852/3/4 3848/3/4 3853/3/4
f 3851/6/4 3852/6/4 3854/6/4
f 3852/8/4 3853/8/4 3854/8/4
f 3854/8/4 3853/8/4 3855/8/4
f 3853/3/4 3848/3/4 3856/3/4
f 3855/8/4 3853/8/4 3856/8/4
f 3848/3/4 3843/3/4 3857/3/4
f 3856/3/4 3848/3/4 3857/3/4
f 3855/8/4 3856/8/4 3858/8/4
f 3854/11/4 3855/11/4 3858/11/4
f 3856/8/4 3857/8/4 3858/8/4
f 3858/8/4 3857/8/4 3859/8/4
f 3857/3/4 3843/3/4 3860/3/4
f 3859/8/4 3857/8/4 3860/8/4
f 3843/3/4 3639/3/4 3861/3/4
f 3860/3/4 3843/3/4 3861/3/4
f 3851/6/4 3854/6/4 3862/6/4
f 3858/11/4 3859/11/4 3863/11/4
f 3862/6/4 3854/6/4 3863/6/4
f 3854/11/4 3858/11/4 3863/11/4
f 3863/11/4 3859/11/4 3864/11/4
f 3859/8/4 3860/8/4 3865/8/4
f 3864/11/4 3859/11/4 3865/11/4
f 3860/8/4 3861/8/4 3865/8/4
f 3865/8/4 3861/8/4 3866/8/4
f 3851/6/4 3862/6/4 3867/6/4
f 3863/7/4 3864/7/4 3868/7/4
f 3867/6/4 3862/6/4 3868/6/4
f 3862/7/4 3863/7/4 3868/7/4
f 3866/8/4 3861/8/4 3869/8/4
f 3865/11/4 3866/11/4 3869/11/4
f 3864/11/4 3865/11/4 3869/11/4
f 3861/3/4 3639/3/4 3870/3/4
f 3869/8/4 3861/8/4 3870/8/4
f 3851/6/4 3867/6/4 3871/6/4
f 3867/7/4 3868/7/4 3871/7/4
f 3868/7/4 3864/7/4 3872/7/4
f 3871/7/4 3868/7/4 3872/7/4
f 3851/6/4 3871/6/4 3873/6/4
f 3850/3/4 3851/3/4 3873/3/4
f 3871/6/4 3872/6/4 3873/6/4
f 3872/7/4 3864/7/4 3874/7/4
f 3873/6/4 3872/6/4 3874/6/4
f 3873/7/4 3874/7/4 3875/7/4
f 3874/7/4 3864/7/4 3875/7/4
f 3869/11/4 3870/11/4 3876/11/4
f 3875/7/4 3864/7/4 3876/7/4
f 3864/11/4 3869/11/4 3876/11/4
f 3876/11/4 3870/11/4 3877/11/4
f 3870/3/4 3639/3/4 3878/3/4
f 3877/11/4 3870/11/4 3878/11/4
f 3641/3/4 3849/3/4 3879/3/4
f 3849/11/4 3850/11/4 3879/11/4
f 3850/3/4 3873/3/4 3880/3/4
f 3879/11/4 3850/11/4 3880/11/4
f 3876/11/4 3877/11/4 3881/11/4
f 3873/7/4 3875/7/4 3881/7/4
f 3875/11/4 3876/11/4 3881/11/4
f 3877/3/4 3878/3/4 3882/3/4
f 3881/11/4 3877/11/4 3882/11/4
f 3880/3/4 3873/3/4 3883/3/4
f 3873/7/4 3881/7/4 3883/7/4
f 3879/3/4 3880/3/4 3883/3/4
f 3881/3/4 3882/3/4 3884/3/4
f 3883/7/4 3881/7/4 3884/7/4
f 3640/2/4 3641/2/4 3885/2/4
f 3641/3/4 3879/3/4 3886/3/4
f 3885/2/4 3641/2/4 3886/2/4
f 3879/3/4 3883/3/4 3886/3/4
f 3883/3/4 3884/3/4 3886/3/4
f 3884/3/4 3882/3/4 3887/3/4
f 3886/3/4 3884/3/4 3887/3/4
f 3882/3/4 3878/3/4 3887/3/4
f 3878/3/4 3639/3/4 3887/3/4
f 3891/3/5 3889/3/5 3888/3/5
f 3891/2/5 3890/2/5 3889/2/5
f 3892/2/5 3890/2/5 3891/2/5
f 3893/3/5 3891/3/5 3888/3/5
f 3893/10/5 3892/10/5 3891/10/5
f 3894/2/5 3890/2/5 3892/2/5
f 3894/10/5 3892/10/5 3893/10/5
f 3895/3/5 3893/3/5 3888/3/5
f 3896/2/5 3894/2/5 3893/2/5
f 3896/3/5 3893/3/5 3895/3/5
f 3897/2/5 3890/2/5 3894/2/5
f 3897/2/5 3894/2/5 3896/2/5
f 3900/7/5 3899/7/5 3898/7/5
f 3901/7/5 3899/7/5 3900/7/5
f 3904/7/5 3903/7/5 3902/7/5
f 3905/7/5 3903/7/5 3904/7/5
f 3908/7/5 3907/7/5 3906/7/5
f 3909/7/5 3907/7/5 3908/7/5
f 3912/3/5 3911/3/5 3910/3/5
f 3913/3/5 3911/3/5 3912/3/5
f 3914/3/5 3912/3/5 3910/3/5
f 3915/3/5 3911/3/5 3913/3/5
f 3916/3/5 3914/3/5 3910/3/5
f 3916/3/5 3915/3/5 3914/3/5
f 3917/3/5 3911/3/5 3915/3/5
f 3917/3/5 3915/3/5 3916/3/5
f 3920/7/5 3919/7/5 3918/7/5
f 3921/7/5 3919/7/5 3920/7/5
f 3924/7/5 3923/7/5 3922/7/5
f 3925/7/5 3923/7/5 3924/7/5
f 3928/7/5 3927/7/5 3926/7/5
f 3929/7/5 3927/7/5 3928/7/5
f 3932/1/5 3931/1/5 3930/1/5
f 3933/1/5 3931/1/5 3932/1/5
f 3934/1/5 3932/1/5 3930/1/5
f 3935/1/5 3931/1/5 3933/1/5
f 3936/1/5 3934/1/5 3930/1/5
f 3936/1/5 3935/1/5 3934/1/5
f 3937/1/5 3931/1/5 3935/1/5
f 3937/1/5 3935/1/5 3936/1/5
f 3940/7/5 3939/7/5 3938/7/5
f 3941/7/5 3939/7/5 3940/7/5
f 3948/9/5 3943/9/5 3942/9/5
f 3949/4/5 3944/4/5 3943/4/5
f 3949/9/5 3943/9/5 3948/9/5
f 3950/4/5 3944/4/5 3949/4/5
f 3951/4/5 3946/4/5 3945/4/5
f 3952/9/5 3947/9/5 3946/9/5
f 3952/4/5 3946/4/5 3951/4/5
f 3953/9/5 3947/9/5 3952/9/5
f 3960/9/5 3955/9/5 3954/9/5
f 3961/4/5 3956/4/5 3955/4/5
f 3961/9/5 3955/9/5 3960/9/5
f 3962/4/5 3956/4/5 3961/4/5
f 3963/4/5 3958/4/5 3957/4/5
f 3964/9/5 3959/9/5 3958/9/5
f 3964/4/5 3958/4/5 3963/4/5
f 3965/9/5 3959/9/5 3964/9/5
f 3972/9/5 3967/9/5 3966/9/5
f 3973/4/5 3968/4/5 3967/4/5
f 3973/9/5 3967/9/5 3972/9/5
f 3974/4/5 3968/4/5 3973/4/5
f 3975/4/5 3970/4/5 3969/4/5
f 3976/9/5 3971/9/5 3970/9/5
f 3976/4/5 3970/4/5 3975/4/5
f 3977/9/5 3971/9/5 3976/9/5
f 3984/9/5 3979/9/5 3978/9/5
f 3985/4/5 3980/4/5 3979/4/5
f 3985/9/5 3979/9/5 3984/9/5
f 3986/4/5 3980/4/5 3985/4/5
f 3987/4/5 3982/4/5 3981/4/5
f 3988/9/5 3983/9/5 3982/9/5
f 3988/4/5 3982/4/5 3987/4/5
f 3989/9/5 3983/9/5 3988/9/5
f 3996/9/5 3991/9/5 3990/9/5
f 3997/4/5 3992/4/5 3991/4/5
f 3997/9/5 3991/9/5 3996/9/5
f 3998/4/5 3992/4/5 3997/4/5
f 4013/4/5 3994/4/5 3993/4/5
f 4014/9/5 3995/9/5 3994/9/5
f 4014/4/5 3994/4/5 4013/4/5
f 4015/9/5 3995/9/5 4014/9/5
f 4016/4/5 3999/4/5 3998/4/5
f 4017/4/5 3999/4/5 4016/4/5
f 4018/4/5 4001/4/5 4000/4/5
f 4019/4/5 4001/4/5 4018/4/5
f 4020/4/5 4003/4/5 4002/4/5
f 4021/4/5 4003/4/5 4020/4/5
f 4022/4/5 4005/4/5 4004/4/5
f 4023/4/5 4005/4/5 4022/4/5
f 4024/4/5 4007/4/5 4006/4/5
f 4025/4/5 4007/4/5 4024/4/5
f 4026/4/5 4009/4/5 4008/4/5
f 4027/4/5 4009/4/5 4026/4/5
f 4028/4/5 4011/4/5 4010/4/5
f 4029/4/5 4011/4/5 4028/4/5
f 4030/4/5 4013/4/5 4012/4/5
f 4031/4/5 4013/4/5 4030/4/5
f 4032/9/5 4017/9/5 4016/9/5
f 4033/9/5 4017/9/5 4032/9/5
f 4034/9/5 4019/9/5 4018/9/5
f 4035/9/5 4019/9/5 4034/9/5
f 4036/9/5 4021/9/5 4020/9/5
f 4037/9/5 4021/9/5 4036/9/5
f 4038/9/5 4023/9/5 4022/9/5
f 4039/9/5 4023/9/5 4038/9/5
f 4040/9/5 4025/9/5 4024/9/5
f 4041/9/5 4025/9/5 4040/9/5
f 4042/9/5 4027/9/5 4026/9/5
f 4043/9/5 4027/9/5 4042/9/5
f 4044/9/5 4029/9/5 4028/9/5
f 4045/9/5 4029/9/5 4044/9/5
f 4046/9/5 4031/9/5 4030/9/5
f 4047/9/5 4031/9/5 4046/9/5
f 4050/9/5 4049/9/5 4048/9/5
f 4051/9/5 4049/9/5 4050/9/5
f 4053/9/5 4049/9/5 4051/9/5
f 4054/9/5 4050/9/5 4048/9/5
f 4056/9/5 4055/9/5 4054/9/5
f 4057/9/5 4053/9/5 4052/9/5
f 4058/9/5 4056/9/5 4054/9/5
f 4058/9/5 4057/9/5 4056/9/5
f 4058/9/5 4054/9/5 4048/9/5
f 4059/9/5 4053/9/5 4057/9/5
f 4059/9/5 4057/9/5 4058/9/5
f 4059/9/5 4049/9/5 4053/9/5
f 4062/4/5 4061/4/5 4060/4/5
f 4063/4/5 4061/4/5 4062/4/5
f 4068/4/5 4065/4/5 4064/4/5
f 4069/4/5 4065/4/5 4068/4/5
f 4070/4/5 4067/4/5 4066/4/5
f 4071/4/5 4067/4/5 4070/4/5
f 4076/4/5 4073/4/5 4072/4/5
f 4077/4/5 4073/4/5 4076/4/5
f 4078/4/5 4075/4/5 4074/4/5
f 4079/4/5 4075/4/5 4078/4/5
f 4084/4/5 4081/4/5 4080/4/5
f 4085/4/5 4081/4/5 4084/4/5
f 4086/4/5 4083/4/5 4082/4/5
f 4087/4/5 4083/4/5 4086/4/5
f 4092/4/5 4089/4/5 4088/4/5
f 4093/4/5 4089/4/5 4092/4/5
f 4094/4/5 4091/4/5 4090/4/5
f 4095/4/5 4091/4/5 4094/4/5
f 4100/4/5 4097/4/5 4096/4/5
f 4101/4/5 4097/4/5 4100/4/5
f 4116/4/5 4099/4/5 4098/4/5
f 4117/4/5 4099/4/5 4116/4/5
f 4118/4/5 4102/4/5 4101/4/5
f 4119/4/5 4102/4/5 4118/4/5
f 4120/4/5 4104/4/5 4103/4/5
f 4121/4/5 4104/4/5 4120/4/5
f 4122/4/5 4106/4/5 4105/4/5
f 4123/4/5 4106/4/5 4122/4/5
f 4124/4/5 4108/4/5 4107/4/5
f 4125/4/5 4108/4/5 4124/4/5
f 4126/4/5 4110/4/5 4109/4/5
f 4127/4/5 4110/4/5 4126/4/5
f 4128/4/5 4112/4/5 4111/4/5
f 4129/4/5 4112/4/5 4128/4/5
f 4130/4/5 4114/4/5 4113/4/5
f 4131/4/5 4114/4/5 4130/4/5
f 4132/4/5 4116/4/5 4115/4/5
f 4133/4/5 4116/4/5 4132/4/5
f 4140/9/5 4135/9/5 4134/9/5
f 4141/4/5 4136/4/5 4135/4/5
f 4141/9/5 4135/9/5 4140/9/5
f 4142/4/5 4136/4/5 4141/4/5
f 4143/4/5 4138/4/5 4137/4/5
f 4144/9/5 4139/9/5 4138/9/5
f 4144/4/5 4138/4/5 4143/4/5
f 4145/9/5 4139/9/5 4144/9/5
f 4152/9/5 4147/9/5 4146/9/5
f 4153/4/5 4148/4/5 4147/4/5
f 4153/9/5 4147/9/5 4152/9/5
f 4154/4/5 4148/4/5 4153/4/5
f 4155/4/5 4150/4/5 4149/4/5
f 4156/9/5 4151/9/5 4150/9/5
f 4156/4/5 4150/4/5 4155/4/5
f 4157/9/5 4151/9/5 4156/9/5
f 4163/4/5 4159/4/5 4158/4/5
f 4164/4/5 4159/4/5 4163/4/5
f 4165/4/5 4161/4/5 4160/4/5
f 4166/9/5 4162/9/5 4161/9/5
f 4166/4/5 4161/4/5 4165/4/5
f 4167/9/5 4162/9/5 4166/9/5
f 4174/11/5 4169/11/5 4168/11/5
f 4175/4/5 4170/4/5 4169/4/5
f 4175/11/5 4169/11/5 4174/11/5
f 4176/4/5 4170/4/5 4175/4/5
f 4177/4/5 4172/4/5 4171/4/5
f 4178/9/5 4173/9/5 4172/9/5
f 4178/4/5 4172/4/5 4177/4/5
f 4179/9/5 4173/9/5 4178/9/5
f 4187/9/5 4181/9/5 4180/9/5
f 4188/9/5 4181/9/5 4187/9/5
f 4189/4/5 4183/4/5 4182/4/5
f 4190/4/5 4183/4/5 4189/4/5
f 4191/4/5 4185/4/5 4184/4/5
f 4192/9/5 4186/9/5 4185/9/5
f 4192/4/5 4185/4/5 4191/4/5
f 4193/9/5 4186/9/5 4192/9/5
f 4199/4/5 4195/4/5 4194/4/5
f 4200/4/5 4195/4/5 4199/4/5
f 4201/4/5 4197/4/5 4196/4/5
f 4202/9/5 4198/9/5 4197/9/5
f 4202/4/5 4197/4/5 4201/4/5
f 4203/9/5 4198/9/5 4202/9/5
f 4210/9/5 4205/9/5 4204/9/5
f 4211/4/5 4206/4/5 4205/4/5
f 4211/9/5 4205/9/5 4210/9/5
f 4212/4/5 4206/4/5 4211/4/5
f 4213/4/5 4208/4/5 4207/4/5
f 4214/9/5 4209/9/5 4208/9/5
f 4214/4/5 4208/4/5 4213/4/5
f 4215/9/5 4209/9/5 4214/9/5
f 4222/11/5 4217/11/5 4216/11/5
f 4223/4/5 4218/4/5 4217/4/5
f 4223/11/5 4217/11/5 4222/11/5
f 4224/4/5 4218/4/5 4223/4/5
f 4225/4/5 4220/4/5 4219/4/5
f 4226/9/5 4221/9/5 4220/9/5
f 4226/4/5 4220/4/5 4225/4/5
f 4227/9/5 4221/9/5 4226/9/5
f 4234/9/5 4229/9/5 4228/9/5
f 4235/4/5 4230/4/5 4229/4/5
f 4235/9/5 4229/9/5 4234/9/5
f 4236/4/5 4230/4/5 4235/4/5
f 4237/4/5 4232/4/5 4231/4/5
f 4238/9/5 4233/9/5 4232/9/5
f 4238/4/5 4232/4/5 4237/4/5
f 4239/9/5 4233/9/5 4238/9/5
f 4246/9/5 4241/9/5 4240/9/5
f 4247/4/5 4242/4/5 4241/4/5
f 4247/9/5 4241/9/5 4246/9/5
f 4248/4/5 4242/4/5 4247/4/5
f 4279/4/5 4244/4/5 4243/4/5
f 4280/9/5 4245/9/5 4244/9/5
f 4280/4/5 4244/4/5 4279/4/5
f 4281/9/5 4245/9/5 4280/9/5
f 4282/4/5 4249/4/5 4248/4/5
f 4283/4/5 4249/4/5 4282/4/5
f 4284/4/5 4251/4/5 4250/4/5
f 4285/4/5 4251/4/5 4284/4/5
f 4286/4/5 4253/4/5 4252/4/5
f 4287/4/5 4253/4/5 4286/4/5
f 4288/4/5 4255/4/5 4254/4/5
f 4289/4/5 4255/4/5 4288/4/5
f 4290/4/5 4257/4/5 4256/4/5
f 4291/4/5 4257/4/5 4290/4/5
f 4292/4/5 4259/4/5 4258/4/5
f 4293/4/5 4259/4/5 4292/4/5
f 4294/4/5 4261/4/5 4260/4/5
f 4295/4/5 4261/4/5 4294/4/5
f 4296/4/5 4263/4/5 4262/4/5
f 4297/4/5 4263/4/5 4296/4/5
f 4298/4/5 4265/4/5 4264/4/5
f 4299/4/5 4265/4/5 4298/4/5
f 4300/4/5 4267/4/5 4266/4/5
f 4301/4/5 4267/4/5 4300/4/5
f 4302/4/5 4269/4/5 4268/4/5
f 4303/4/5 4269/4/5 4302/4/5
f 4304/4/5 4271/4/5 4270/4/5
f 4305/4/5 4271/4/5 4304/4/5
f 4306/4/5 4273/4/5 4272/4/5
f 4307/4/5 4273/4/5 4306/4/5
f 4308/4/5 4275/4/5 4274/4/5
f 4309/4/5 4275/4/5 4308/4/5
f 4310/4/5 4277/4/5 4276/4/5
f 4311/4/5 4277/4/5 4310/4/5
f 4312/4/5 4279/4/5 4278/4/5
f 4313/4/5 4279/4/5 4312/4/5
f 4314/9/5 4309/9/5 4308/9/5
f 4315/9/5 4309/9/5 4314/9/5
f 4316/9/5 4283/9/5 4282/9/5
f 4317/9/5 4283/9/5 4316/9/5
f 4318/9/5 4285/9/5 4284/9/5
f 4319/9/5 4285/9/5 4318/9/5
f 4320/9/5 4287/9/5 4286/9/5
f 4321/9/5 4287/9/5 4320/9/5
f 4322/9/5 4289/9/5 4288/9/5
f 4323/9/5 4289/9/5 4322/9/5
f 4324/9/5 4291/9/5 4290/9/5
f 4325/9/5 4291/9/5 4324/9/5
f 4326/9/5 4293/9/5 4292/9/5
f 4327/9/5 4293/9/5 4326/9/5
f 4328/9/5 4295/9/5 4294/9/5
f 4329/9/5 4295/9/5 4328/9/5
f 4330/9/5 4297/9/5 4296/9/5
f 4331/9/5 4297/9/5 4330/9/5
f 4332/9/5 4299/9/5 4298/9/5
f 4333/9/5 4299/9/5 4332/9/5
f 4334/9/5 4301/9/5 4300/9/5
f 4335/9/5 4301/9/5 4334/9/5
f 4336/9/5 4303/9/5 4302/9/5
f 4337/9/5 4303/9/5 4336/9/5
f 4338/9/5 4305/9/5 4304/9/5
f 4339/9/5 4305/9/5 4338/9/5
f 4340/9/5 4307/9/5 4306/9/5
f 4341/9/5 4307/9/5 4340/9/5
f 4342/9/5 4311/9/5 4310/9/5
f 4343/9/5 4311/9/5 4342/9/5
f 4344/9/5 4313/9/5 4312/9/5
f 4345/9/5 4313/9/5 4344/9/5
f 4353/8/5 4347/8/5 4346/8/5
f 4353/8/5 4348/8/5 4347/8/5
f 4354/4/5 4349/4/5 4348/4/5
f 4354/8/5 4348/8/5 4353/8/5
f 4355/4/5 4349/4/5 4354/4/5
f 4356/4/5 4351/4/5 4350/4/5
f 4357/9/5 4352/9/5 4351/9/5
f 4357/4/5 4351/4/5 4356/4/5
f 4358/9/5 4352/9/5 4357/9/5
f 4365/9/5 4360/9/5 4359/9/5
f 4366/4/5 4361/4/5 4360/4/5
f 4366/9/5 4360/9/5 4365/9/5
f 4367/4/5 4361/4/5 4366/4/5
f 4368/4/5 4363/4/5 4362/4/5
f 4369/9/5 4364/9/5 4363/9/5
f 4369/4/5 4363/4/5 4368/4/5
f 4370/9/5 4364/9/5 4369/9/5
f 4373/11/5 4372/11/5 4371/11/5
f 4374/11/5 4372/11/5 4373/11/5
f 4379/11/5 4373/11/5 4371/11/5
f 4380/9/5 4374/9/5 4373/9/5
f 4380/11/5 4373/11/5 4379/11/5
f 4381/4/5 4375/4/5 4374/4/5
f 4381/9/5 4374/9/5 4380/9/5
f 4382/4/5 4375/4/5 4381/4/5
f 4383/4/5 4377/4/5 4376/4/5
f 4384/9/5 4378/9/5 4377/9/5
f 4384/4/5 4377/4/5 4383/4/5
f 4385/9/5 4378/9/5 4384/9/5
f 4392/11/5 4387/11/5 4386/11/5
f 4393/4/5 4388/4/5 4387/4/5
f 4393/11/5 4387/11/5 4392/11/5
f 4394/4/5 4388/4/5 4393/4/5
f 4395/4/5 4390/4/5 4389/4/5
f 4396/9/5 4391/9/5 4390/9/5
f 4396/4/5 4390/4/5 4395/4/5
f 4397/9/5 4391/9/5 4396/9/5
f 4401/9/5 4399/9/5 4398/9/5
f 4402/9/5 4399/9/5 4401/9/5
f 4407/9/5 4401/9/5 4400/9/5
f 4407/9/5 4402/9/5 4401/9/5
f 4408/4/5 4403/4/5 4402/4/5
f 4408/9/5 4402/9/5 4407/9/5
f 4409/4/5 4403/4/5 4408/4/5
f 4410/4/5 4405/4/5 4404/4/5
f 4411/9/5 4406/9/5 4405/9/5
f 4411/4/5 4405/4/5 4410/4/5
f 4412/9/5 4406/9/5 4411/9/5
f 4418/4/5 4414/4/5 4413/4/5
f 4419/4/5 4414/4/5 4418/4/5
f 4420/4/5 4416/4/5 4415/4/5
f 4421/9/5 4417/9/5 4416/9/5
f 4421/4/5 4416/4/5 4420/4/5
f 4422/9/5 4417/9/5 4421/9/5
f 4429/9/5 4424/9/5 4423/9/5
f 4430/4/5 4425/4/5 4424/4/5
f 4430/9/5 4424/9/5 4429/9/5
f 4431/4/5 4425/4/5 4430/4/5
f 4432/4/5 4427/4/5 4426/4/5
f 4433/9/5 4428/9/5 4427/9/5
f 4433/4/5 4427/4/5 4432/4/5
f 4434/9/5 4428/9/5 4433/9/5
f 4441/11/5 4436/11/5 4435/11/5
f 4442/4/5 4437/4/5 4436/4/5
f 4442/11/5 4436/11/5 4441/11/5
f 4443/4/5 4437/4/5 4442/4/5
f 4444/4/5 4439/4/5 4438/4/5
f 4445/9/5 4440/9/5 4439/9/5
f 4445/4/5 4439/4/5 4444/4/5
f 4446/9/5 4440/9/5 4445/9/5
f 4453/9/5 4448/9/5 4447/9/5
f 4454/4/5 4449/4/5 4448/4/5
f 4454/9/5 4448/9/5 4453/9/5
f 4455/4/5 4449/4/5 4454/4/5
f 4456/4/5 4451/4/5 4450/4/5
f 4457/9/5 4452/9/5 4451/9/5
f 4457/4/5 4451/4/5 4456/4/5
f 4458/9/5 4452/9/5 4457/9/5
f 4465/9/5 4460/9/5 4459/9/5
f 4466/4/5 4461/4/5 4460/4/5
f 4466/9/5 4460/9/5 4465/9/5
f 4467/4/5 4461/4/5 4466/4/5
f 4468/4/5 4463/4/5 4462/4/5
f 4469/9/5 4464/9/5 4463/9/5
f 4469/4/5 4463/4/5 4468/4/5
f 4470/9/5 4464/9/5 4469/9/5
f 4503/4/5 4472/4/5 4471/4/5
f 4504/4/5 4472/4/5 4503/4/5
f 4505/4/5 4474/4/5 4473/4/5
f 4506/4/5 4474/4/5 4505/4/5
f 4507/4/5 4476/4/5 4475/4/5
f 4508/4/5 4476/4/5 4507/4/5
f 4509/4/5 4478/4/5 4477/4/5
f 4510/4/5 4478/4/5 4509/4/5
f 4511/4/5 4480/4/5 4479/4/5
f 4512/4/5 4480/4/5 4511/4/5
f 4513/4/5 4482/4/5 4481/4/5
f 4514/4/5 4482/4/5 4513/4/5
f 4515/4/5 4484/4/5 4483/4/5
f 4516/4/5 4484/4/5 4515/4/5
f 4517/4/5 4486/4/5 4485/4/5
f 4518/4/5 4486/4/5 4517/4/5
f 4519/4/5 4488/4/5 4487/4/5
f 4520/4/5 4488/4/5 4519/4/5
f 4521/4/5 4490/4/5 4489/4/5
f 4522/4/5 4490/4/5 4521/4/5
f 4523/4/5 4492/4/5 4491/4/5
f 4524/4/5 4492/4/5 4523/4/5
f 4525/4/5 4494/4/5 4493/4/5
f 4526/4/5 4494/4/5 4525/4/5
f 4527/4/5 4496/4/5 4495/4/5
f 4528/4/5 4496/4/5 4527/4/5
f 4529/4/5 4498/4/5 4497/4/5
f 4530/4/5 4498/4/5 4529/4/5
f 4531/4/5 4500/4/5 4499/4/5
f 4532/4/5 4500/4/5 4531/4/5
f 4533/4/5 4502/4/5 4501/4/5
f 4534/4/5 4502/4/5 4533/4/5
f 4537/9/5 4504/9/5 4503/9/5
f 4538/9/5 4504/9/5 4537/9/5
f 4539/9/5 4506/9/5 4505/9/5
f 4540/9/5 4506/9/5 4539/9/5
f 4541/9/5 4508/9/5 4507/9/5
f 4542/9/5 4508/9/5 4541/9/5
f 4543/9/5 4510/9/5 4509/9/5
f 4544/9/5 4510/9/5 4543/9/5
f 4545/9/5 4512/9/5 4511/9/5
f 4546/9/5 4512/9/5 4545/9/5
f 4547/9/5 4514/9/5 4513/9/5
f 4548/9/5 4514/9/5 4547/9/5
f 4549/9/5 4516/9/5 4515/9/5
f 4550/9/5 4516/9/5 4549/9/5
f 4551/9/5 4518/9/5 4517/9/5
f 4552/9/5 4518/9/5 4551/9/5
f 4553/9/5 4520/9/5 4519/9/5
f 4554/9/5 4520/9/5 4553/9/5
f 4555/9/5 4522/9/5 4521/9/5
f 4556/9/5 4522/9/5 4555/9/5
f 4557/9/5 4524/9/5 4523/9/5
f 4558/9/5 4524/9/5 4557/9/5
f 4559/9/5 4526/9/5 4525/9/5
f 4560/9/5 4526/9/5 4559/9/5
f 4561/9/5 4528/9/5 4527/9/5
f 4562/9/5 4528/9/5 4561/9/5
f 4563/9/5 4536/9/5 4535/9/5
f 4564/9/5 4536/9/5 4563/9/5
f 4565/9/5 4532/9/5 4531/9/5
f 4566/9/5 4532/9/5 4565/9/5
f 4574/9/5 4568/9/5 4567/9/5
f 4575/9/5 4573/9/5 4572/9/5
f 4576/9/5 4568/9/5 4574/9/5
f 4577/4/5 4569/4/5 4568/4/5
f 4577/9/5 4568/9/5 4576/9/5
f 4577/4/5 4570/4/5 4569/4/5
f 4578/4/5 4570/4/5 4577/4/5
f 4579/4/5 4572/4/5 4571/4/5
f 4580/9/5 4575/9/5 4572/9/5
f 4580/4/5 4572/4/5 4579/4/5
f 4581/9/5 4575/9/5 4580/9/5
f 4589/9/5 4588/9/5 4587/9/5
f 4590/11/5 4583/11/5 4582/11/5
f 4590/11/5 4584/11/5 4583/11/5
f 4591/4/5 4585/4/5 4584/4/5
f 4591/11/5 4584/11/5 4590/11/5
f 4592/4/5 4585/4/5 4591/4/5
f 4593/4/5 4587/4/5 4586/4/5
f 4594/9/5 4589/9/5 4587/9/5
f 4594/4/5 4587/4/5 4593/4/5
f 4595/9/5 4589/9/5 4594/9/5
f 4602/9/5 4601/9/5 4600/9/5
f 4603/9/5 4597/9/5 4596/9/5
f 4603/4/5 4598/4/5 4597/4/5
f 4604/4/5 4598/4/5 4603/4/5
f 4605/4/5 4600/4/5 4599/4/5
f 4606/9/5 4602/9/5 4600/9/5
f 4606/4/5 4600/4/5 4605/4/5
f 4607/9/5 4602/9/5 4606/9/5
f 4608/9/5 4603/9/5 4596/9/5
f 4609/9/5 4608/9/5 4596/9/5
f 4610/9/5 4608/9/5 4609/9/5
f 4617/9/5 4612/9/5 4611/9/5
f 4618/9/5 4616/9/5 4615/9/5
f 4619/9/5 4612/9/5 4617/9/5
f 4620/4/5 4613/4/5 4612/4/5
f 4620/9/5 4612/9/5 4619/9/5
f 4621/4/5 4613/4/5 4620/4/5
f 4622/4/5 4615/4/5 4614/4/5
f 4623/9/5 4618/9/5 4615/9/5
f 4623/4/5 4615/4/5 4622/4/5
f 4624/9/5 4618/9/5 4623/9/5
f 4631/9/5 4630/9/5 4629/9/5
f 4632/9/5 4626/9/5 4625/9/5
f 4633/4/5 4627/4/5 4626/4/5
f 4633/9/5 4626/9/5 4632/9/5
f 4634/4/5 4627/4/5 4633/4/5
f 4635/4/5 4629/4/5 4628/4/5
f 4636/9/5 4631/9/5 4629/9/5
f 4636/4/5 4629/4/5 4635/4/5
f 4637/9/5 4631/9/5 4636/9/5
f 4654/4/5 4639/4/5 4638/4/5
f 4655/4/5 4639/4/5 4654/4/5
f 4656/4/5 4641/4/5 4640/4/5
f 4657/4/5 4641/4/5 4656/4/5
f 4658/4/5 4643/4/5 4642/4/5
f 4659/4/5 4643/4/5 4658/4/5
f 4660/4/5 4645/4/5 4644/4/5
f 4661/4/5 4645/4/5 4660/4/5
f 4662/4/5 4647/4/5 4646/4/5
f 4663/4/5 4647/4/5 4662/4/5
f 4664/4/5 4649/4/5 4648/4/5
f 4665/4/5 4649/4/5 4664/4/5
f 4666/4/5 4651/4/5 4650/4/5
f 4667/4/5 4651/4/5 4666/4/5
f 4669/4/5 4653/4/5 4652/4/5
f 4670/4/5 4653/4/5 4669/4/5
f 4672/9/5 4655/9/5 4654/9/5
f 4673/9/5 4655/9/5 4672/9/5
f 4674/9/5 4655/9/5 4673/9/5
f 4675/9/5 4657/9/5 4656/9/5
f 4676/9/5 4657/9/5 4675/9/5
f 4677/9/5 4657/9/5 4676/9/5
f 4678/9/5 4659/9/5 4658/9/5
f 4679/9/5 4659/9/5 4678/9/5
f 4680/9/5 4659/9/5 4679/9/5
f 4681/9/5 4661/9/5 4660/9/5
f 4682/9/5 4661/9/5 4681/9/5
f 4683/9/5 4661/9/5 4682/9/5
f 4684/9/5 4663/9/5 4662/9/5
f 4685/9/5 4663/9/5 4684/9/5
f 4686/9/5 4663/9/5 4685/9/5
f 4687/9/5 4665/9/5 4664/9/5
f 4688/9/5 4665/9/5 4687/9/5
f 4689/9/5 4665/9/5 4688/9/5
f 4690/9/5 4668/9/5 4667/9/5
f 4690/9/5 4667/9/5 4666/9/5
f 4691/9/5 4668/9/5 4690/9/5
f 4692/9/5 4668/9/5 4691/9/5
f 4693/9/5 4671/9/5 4670/9/5
f 4693/9/5 4670/9/5 4669/9/5
f 4694/9/5 4671/9/5 4693/9/5
f 4695/9/5 4671/9/5 4694/9/5
f 4696/10/6 4697/10/6 4704/10/6
f 4704/10/6 4697/10/6 4705/10/6
f 4705/10/6 4697/10/6 4706/10/6
f 4697/8/6 4698/8/6 4707/8/6
f 4706/10/6 4697/10/6 4707/10/6
f 4698/10/6 4699/10/6 4708/10/6
f 4707/8/6 4698/8/6 4708/8/6
f 4708/10/6 4699/10/6 4709/10/6
f 4699/8/6 4700/8/6 4710/8/6
f 4709/10/6 4699/10/6 4710/10/6
f 4700/10/6 4701/10/6 4711/10/6
f 4710/8/6 4700/8/6 4711/8/6
f 4711/10/6 4701/10/6 4712/10/6
f 4712/10/6 4701/10/6 4713/10/6
f 4713/10/6 4701/10/6 4714/10/6
f 4705/8/6 4706/8/6 4717/8/6
f 4706/10/6 4707/10/6 4718/10/6
f 4717/8/6 4706/8/6 4718/8/6
f 4707/10/6 4708/10/6 4718/10/6
f 4718/10/6 4708/10/6 4719/10/6
f 4719/10/6 4708/10/6 4720/10/6
f 4708/8/6 4709/8/6 4721/8/6
f 4720/10/6 4708/10/6 4721/10/6
f 4721/8/6 4709/8/6 4722/8/6
f 4709/10/6 4710/10/6 4723/10/6
f 4722/8/6 4709/8/6 4723/8/6
f 4710/10/6 4711/10/6 4723/10/6
f 4711/10/6 4712/10/6 4723/10/6
f 4723/10/6 4712/10/6 4724/10/6
f 4724/10/6 4712/10/6 4725/10/6
f 4725/10/6 4712/10/6 4726/10/6
f 4712/8/6 4713/8/6 4727/8/6
f 4726/10/6 4712/10/6 4727/10/6
f 4715/10/6 4716/10/6 4728/10/6
f 4727/8/6 4713/8/6 4728/8/6
f 4714/10/6 4715/10/6 4728/10/6
f 4713/10/6 4714/10/6 4728/10/6
f 4728/10/6 4716/10/6 4729/10/6
f 4729/10/6 4716/10/6 4730/10/6
f 4730/10/6 4716/10/6 4731/10/6
f 4702/10/6 4703/10/6 4732/10/6
f 4703/10/6 4704/10/6 4732/10/6
f 4704/10/6 4705/10/6 4732/10/6
f 4732/10/6 4705/10/6 4733/10/6
f 4718/10/6 4719/10/6 4734/10/6
f 4717/10/6 4718/10/6 4734/10/6
f 4734/10/6 4719/10/6 4735/10/6
f 4735/10/6 4719/10/6 4736/10/6
f 4736/10/6 4719/10/6 4737/10/6
f 4737/10/6 4719/10/6 4738/10/6
f 4719/8/6 4720/8/6 4739/8/6
f 4738/10/6 4719/10/6 4739/10/6
f 4739/8/6 4720/8/6 4740/8/6
f 4721/10/6 4722/10/6 4741/10/6
f 4740/8/6 4720/8/6 4741/8/6
f 4720/10/6 4721/10/6 4741/10/6
f 4723/8/6 4724/8/6 4742/8/6
f 4741/10/6 4722/10/6 4742/10/6
f 4722/8/6 4723/8/6 4742/8/6
f 4742/8/6 4724/8/6 4743/8/6
f 4724/10/6 4725/10/6 4744/10/6
f 4744/10/6 4725/10/6 4745/10/6
f 4725/8/6 4726/8/6 4746/8/6
f 4745/10/6 4725/10/6 4746/10/6
f 4726/10/6 4727/10/6 4747/10/6
f 4746/8/6 4726/8/6 4747/8/6
f 4727/10/6 4728/10/6 4747/10/6
f 4728/8/6 4729/8/6 4748/8/6
f 4747/10/6 4728/10/6 4748/10/6
f 4748/8/6 4729/8/6 4749/8/6
f 4749/8/6 4729/8/6 4750/8/6
f 4729/10/6 4730/10/6 4751/10/6
f 4750/8/6 4729/8/6 4751/8/6
f 4751/10/6 4730/10/6 4752/10/6
f 4752/10/6 4730/10/6 4753/10/6
f 4753/10/6 4730/10/6 4754/10/6
f 4730/8/6 4731/8/6 4755/8/6
f 4754/10/6 4730/10/6 4755/10/6
f 4731/10/6 4716/10/6 4756/10/6
f 4755/8/6 4731/8/6 4756/8/6
f 4732/8/6 4733/8/6 4757/8/6
f 4702/10/6 4732/10/6 4757/10/6
f 4733/10/6 4705/10/6 4758/10/6
f 4757/8/6 4733/8/6 4758/8/6
f 4735/10/6 4736/10/6 4759/10/6
f 4736/8/6 4737/8/6 4760/8/6
f 4759/10/6 4736/10/6 4760/10/6
f 4737/10/6 4738/10/6 4761/10/6
f 4739/8/6 4740/8/6 4762/8/6
f 4761/10/6 4738/10/6 4762/10/6
f 4738/8/6 4739/8/6 4762/8/6
f 4762/8/6 4740/8/6 4763/8/6
f 4740/10/6 4741/10/6 4764/10/6
f 4763/8/6 4740/8/6 4764/8/6
f 4741/10/6 4742/10/6 4764/10/6
f 4742/10/6 4743/10/6 4764/10/6
f 4724/10/6 4744/10/6 4765/10/6
f 4744/8/6 4745/8/6 4766/8/6
f 4765/10/6 4744/10/6 4766/10/6
f 4745/10/6 4746/10/6 4767/10/6
f 4746/10/6 4747/10/6 4767/10/6
f 4747/10/6 4748/10/6 4767/10/6
f 4748/10/6 4749/10/6 4767/10/6
f 4767/10/6 4749/10/6 4768/10/6
f 4749/8/6 4750/8/6 4769/8/6
f 4768/10/6 4749/10/6 4769/10/6
f 4750/10/6 4751/10/6 4770/10/6
f 4769/8/6 4750/8/6 4770/8/6
f 4751/8/6 4752/8/6 4771/8/6
f 4770/10/6 4751/10/6 4771/10/6
f 4753/8/6 4754/8/6 4772/8/6
f 4752/10/6 4753/10/6 4772/10/6
f 4754/10/6 4755/10/6 4773/10/6
f 4772/8/6 4754/8/6 4773/8/6
f 4755/10/6 4756/10/6 4773/10/6
f 4773/10/6 4756/10/6 4774/10/6
f 4758/10/6 4705/10/6 4775/10/6
f 4757/10/6 4758/10/6 4775/10/6
f 4775/10/6 4705/10/6 4776/10/6
f 4776/10/6 4705/10/6 4777/10/6
f 4705/8/6 4717/8/6 4778/8/6
f 4777/10/6 4705/10/6 4778/10/6
f 4717/10/6 4734/10/6 4779/10/6
f 4778/8/6 4717/8/6 4779/8/6
f 4779/10/6 4734/10/6 4780/10/6
f 4734/8/6 4735/8/6 4781/8/6
f 4780/10/6 4734/10/6 4781/10/6
f 4759/8/6 4760/8/6 4782/8/6
f 4735/10/6 4759/10/6 4782/10/6
f 4760/8/6 4737/8/6 4783/8/6
f 4782/8/6 4760/8/6 4783/8/6
f 4737/10/6 4761/10/6 4783/10/6
f 4762/8/6 4763/8/6 4784/8/6
f 4783/10/6 4761/10/6 4784/10/6
f 4761/8/6 4762/8/6 4784/8/6
f 4763/10/6 4764/10/6 4785/10/6
f 4784/8/6 4763/8/6 4785/8/6
f 4764/10/6 4743/10/6 4786/10/6
f 4785/10/6 4764/10/6 4786/10/6
f 4786/10/6 4743/10/6 4787/10/6
f 4724/10/6 4765/10/6 4788/10/6
f 4765/8/6 4766/8/6 4789/8/6
f 4788/10/6 4765/10/6 4789/10/6
f 4766/8/6 4745/8/6 4790/8/6
f 4789/8/6 4766/8/6 4790/8/6
f 4745/10/6 4767/10/6 4791/10/6
f 4790/8/6 4745/8/6 4791/8/6
f 4770/8/6 4771/8/6 4792/8/6
f 4768/10/6 4769/10/6 4792/10/6
f 4769/10/6 4770/10/6 4792/10/6
f 4752/10/6 4772/10/6 4793/10/6
f 4792/8/6 4771/8/6 4793/8/6
f 4771/8/6 4752/8/6 4793/8/6
f 4772/10/6 4773/10/6 4793/10/6
f 4774/10/6 4756/10/6 4794/10/6
f 4773/8/6 4774/8/6 4794/8/6
f 4756/10/6 4716/10/6 4795/10/6
f 4794/10/6 4756/10/6 4795/10/6
f 4781/8/6 4735/8/6 4796/8/6
f 4780/8/6 4781/8/6 4796/8/6
f 4735/10/6 4782/10/6 4797/10/6
f 4796/8/6 4735/8/6 4797/8/6
f 4785/10/6 4786/10/6 4797/10/6
f 4782/10/6 4783/10/6 4797/10/6
f 4784/10/6 4785/10/6 4797/10/6
f 4783/10/6 4784/10/6 4797/10/6
f 4797/10/6 4786/10/6 4798/10/6
f 4786/8/6 4787/8/6 4799/8/6
f 4798/10/6 4786/10/6 4799/10/6
f 4799/8/6 4787/8/6 4800/8/6
f 4787/10/6 4743/10/6 4801/10/6
f 4800/8/6 4787/8/6 4801/8/6
f 4801/10/6 4743/10/6 4802/10/6
f 4743/8/6 4724/8/6 4803/8/6
f 4802/10/6 4743/10/6 4803/10/6
f 4724/10/6 4788/10/6 4804/10/6
f 4803/8/6 4724/8/6 4804/8/6
f 4804/10/6 4788/10/6 4805/10/6
f 4788/8/6 4789/8/6 4806/8/6
f 4805/10/6 4788/10/6 4806/10/6
f 4789/8/6 4790/8/6 4806/8/6
f 4806/8/6 4790/8/6 4807/8/6
f 4790/10/6 4791/10/6 4808/10/6
f 4807/8/6 4790/8/6 4808/8/6
f 4791/10/6 4767/10/6 4809/10/6
f 4808/10/6 4791/10/6 4809/10/6
f 4809/10/6 4767/10/6 4810/10/6
f 4767/8/6 4768/8/6 4811/8/6
f 4810/10/6 4767/10/6 4811/10/6
f 4768/10/6 4792/10/6 4812/10/6
f 4811/8/6 4768/8/6 4812/8/6
f 4792/10/6 4793/10/6 4812/10/6
f 4812/10/6 4793/10/6 4813/10/6
f 4773/8/6 4794/8/6 4814/8/6
f 4813/10/6 4793/10/6 4814/10/6
f 4794/8/6 4795/8/6 4814/8/6
f 4793/10/6 4773/10/6 4814/10/6
f 4814/8/6 4795/8/6 4815/8/6
f 4778/10/6 4779/10/6 4816/10/6
f 4779/10/6 4780/10/6 4816/10/6
f 4780/8/6 4796/8/6 4817/8/6
f 4816/10/6 4780/10/6 4817/10/6
f 4797/10/6 4798/10/6 4818/10/6
f 4796/10/6 4797/10/6 4818/10/6
f 4818/10/6 4798/10/6 4819/10/6
f 4819/10/6 4798/10/6 4820/10/6
f 4820/10/6 4798/10/6 4821/10/6
f 4799/8/6 4800/8/6 4822/8/6
f 4798/8/6 4799/8/6 4822/8/6
f 4801/10/6 4802/10/6 4823/10/6
f 4822/8/6 4800/8/6 4823/8/6
f 4800/10/6 4801/10/6 4823/10/6
f 4804/10/6 4805/10/6 4824/10/6
f 4806/8/6 4807/8/6 4824/8/6
f 4803/10/6 4804/10/6 4824/10/6
f 4805/8/6 4806/8/6 4824/8/6
f 4808/10/6 4809/10/6 4825/10/6
f 4824/8/6 4807/8/6 4825/8/6
f 4807/10/6 4808/10/6 4825/10/6
f 4825/10/6 4809/10/6 4826/10/6
f 4826/10/6 4809/10/6 4827/10/6
f 4809/8/6 4810/8/6 4828/8/6
f 4827/10/6 4809/10/6 4828/10/6
f 4810/10/6 4811/10/6 4829/10/6
f 4828/8/6 4810/8/6 4829/8/6
f 4811/10/6 4812/10/6 4829/10/6
f 4814/10/6 4815/10/6 4830/10/6
f 4813/10/6 4814/10/6 4830/10/6
f 4830/10/6 4815/10/6 4831/10/6
f 4815/8/6 4795/8/6 4832/8/6
f 4795/10/6 4716/10/6 4832/10/6
f 4832/10/6 4716/10/6 4833/10/6
f 4757/10/6 4775/10/6 4834/10/6
f 4702/10/6 4757/10/6 4834/10/6
f 4834/10/6 4775/10/6 4835/10/6
f 4817/8/6 4796/8/6 4836/8/6
f 4816/8/6 4817/8/6 4836/8/6
f 4796/10/6 4818/10/6 4837/10/6
f 4836/8/6 4796/8/6 4837/8/6
f 4819/10/6 4820/10/6 4838/10/6
f 4820/8/6 4821/8/6 4839/8/6
f 4838/10/6 4820/10/6 4839/10/6
f 4821/10/6 4798/10/6 4840/10/6
f 4839/8/6 4821/8/6 4840/8/6
f 4840/10/6 4798/10/6 4841/10/6
f 4798/8/6 4822/8/6 4842/8/6
f 4841/10/6 4798/10/6 4842/10/6
f 4822/10/6 4823/10/6 4843/10/6
f 4842/8/6 4822/8/6 4843/8/6
f 4823/10/6 4802/10/6 4844/10/6
f 4843/10/6 4823/10/6 4844/10/6
f 4802/8/6 4803/8/6 4844/8/6
f 4825/10/6 4826/10/6 4845/10/6
f 4844/8/6 4803/8/6 4845/8/6
f 4803/10/6 4824/10/6 4845/10/6
f 4824/10/6 4825/10/6 4845/10/6
f 4826/8/6 4827/8/6 4846/8/6
f 4827/10/6 4828/10/6 4847/10/6
f 4846/8/6 4827/8/6 4847/8/6
f 4828/10/6 4829/10/6 4847/10/6
f 4831/10/6 4815/10/6 4848/10/6
f 4832/8/6 4833/8/6 4848/8/6
f 4815/8/6 4832/8/6 4848/8/6
f 4848/8/6 4833/8/6 4849/8/6
f 4702/10/6 4834/10/6 4850/10/6
f 4834/8/6 4835/8/6 4851/8/6
f 4850/10/6 4834/10/6 4851/10/6
f 4835/10/6 4775/10/6 4852/10/6
f 4851/8/6 4835/8/6 4852/8/6
f 4775/8/6 4776/8/6 4853/8/6
f 4852/10/6 4775/10/6 4853/10/6
f 4776/10/6 4777/10/6 4854/10/6
f 4853/8/6 4776/8/6 4854/8/6
f 4836/10/6 4837/10/6 4855/10/6
f 4837/10/6 4818/10/6 4855/10/6
f 4818/8/6 4819/8/6 4856/8/6
f 4855/10/6 4818/10/6 4856/10/6
f 4840/8/6 4841/8/6 4857/8/6
f 4838/8/6 4839/8/6 4857/8/6
f 4839/8/6 4840/8/6 4857/8/6
f 4819/10/6 4838/10/6 4857/10/6
f 4842/10/6 4843/10/6 4858/10/6
f 4857/8/6 4841/8/6 4858/8/6
f 4843/10/6 4844/10/6 4858/10/6
f 4841/10/6 4842/10/6 4858/10/6
f 4844/10/6 4845/10/6 4858/10/6
f 4858/10/6 4845/10/6 4859/10/6
f 4859/10/6 4845/10/6 4860/10/6
f 4826/8/6 4846/8/6 4861/8/6
f 4860/10/6 4845/10/6 4861/10/6
f 4845/10/6 4826/10/6 4861/10/6
f 4846/10/6 4847/10/6 4862/10/6
f 4861/8/6 4846/8/6 4862/8/6
f 4847/10/6 4829/10/6 4863/10/6
f 4862/10/6 4847/10/6 4863/10/6
f 4829/10/6 4812/10/6 4864/10/6
f 4863/10/6 4829/10/6 4864/10/6
f 4812/8/6 4813/8/6 4865/8/6
f 4813/10/6 4830/10/6 4865/10/6
f 4865/10/6 4830/10/6 4866/10/6
f 4866/10/6 4830/10/6 4867/10/6
f 4867/10/6 4830/10/6 4868/10/6
f 4833/10/6 4716/10/6 4869/10/6
f 4849/8/6 4833/8/6 4869/8/6
f 4869/10/6 4716/10/6 4870/10/6
f 4870/10/6 4716/10/6 4871/10/6
f 4871/10/6 4716/10/6 4872/10/6
f 4872/10/6 4716/10/6 4873/10/6
f 4854/10/6 4777/10/6 4877/10/6
f 4777/8/6 4778/8/6 4878/8/6
f 4877/10/6 4777/10/6 4878/10/6
f 4778/10/6 4816/10/6 4879/10/6
f 4878/8/6 4778/8/6 4879/8/6
f 4816/8/6 4836/8/6 4880/8/6
f 4879/10/6 4816/10/6 4880/10/6
f 4856/8/6 4819/8/6 4881/8/6
f 4855/8/6 4856/8/6 4881/8/6
f 4819/10/6 4857/10/6 4882/10/6
f 4881/8/6 4819/8/6 4882/8/6
f 4858/10/6 4859/10/6 4882/10/6
f 4857/10/6 4858/10/6 4882/10/6
f 4859/8/6 4860/8/6 4883/8/6
f 4882/10/6 4859/10/6 4883/10/6
f 4883/8/6 4860/8/6 4884/8/6
f 4861/10/6 4862/10/6 4885/10/6
f 4884/8/6 4860/8/6 4885/8/6
f 4860/10/6 4861/10/6 4885/10/6
f 4862/10/6 4863/10/6 4885/10/6
f 4885/10/6 4863/10/6 4886/10/6
f 4886/10/6 4863/10/6 4887/10/6
f 4863/8/6 4864/8/6 4888/8/6
f 4887/10/6 4863/10/6 4888/10/6
f 4888/8/6 4864/8/6 4889/8/6
f 4864/10/6 4812/10/6 4890/10/6
f 4889/8/6 4864/8/6 4890/8/6
f 4812/8/6 4865/8/6 4891/8/6
f 4890/10/6 4812/10/6 4891/10/6
f 4865/8/6 4866/8/6 4891/8/6
f 4891/8/6 4866/8/6 4892/8/6
f 4830/8/6 4831/8/6 4893/8/6
f 4848/10/6 4849/10/6 4893/10/6
f 4831/10/6 4848/10/6 4893/10/6
f 4893/10/6 4849/10/6 4894/10/6
f 4869/8/6 4870/8/6 4895/8/6
f 4894/10/6 4849/10/6 4895/10/6
f 4849/8/6 4869/8/6 4895/8/6
f 4895/8/6 4870/8/6 4896/8/6
f 4870/10/6 4871/10/6 4897/10/6
f 4874/8/6 4875/8/6 4900/8/6
f 4875/10/6 4876/10/6 4901/10/6
f 4900/8/6 4875/8/6 4901/8/6
f 4880/8/6 4836/8/6 4902/8/6
f 4879/8/6 4880/8/6 4902/8/6
f 4836/10/6 4855/10/6 4903/10/6
f 4902/8/6 4836/8/6 4903/8/6
f 4855/8/6 4881/8/6 4904/8/6
f 4903/10/6 4855/10/6 4904/10/6
f 4881/10/6 4882/10/6 4905/10/6
f 4904/8/6 4881/8/6 4905/8/6
f 4883/10/6 4884/10/6 4905/10/6
f 4882/10/6 4883/10/6 4905/10/6
f 4884/8/6 4885/8/6 4906/8/6
f 4905/10/6 4884/10/6 4906/10/6
f 4885/8/6 4886/8/6 4906/8/6
f 4886/10/6 4887/10/6 4907/10/6
f 4906/8/6 4886/8/6 4907/8/6
f 4907/10/6 4887/10/6 4908/10/6
f 4908/10/6 4887/10/6 4909/10/6
f 4888/8/6 4889/8/6 4910/8/6
f 4909/10/6 4887/10/6 4910/10/6
f 4887/8/6 4888/8/6 4910/8/6
f 4891/10/6 4892/10/6 4911/10/6
f 4910/8/6 4889/8/6 4911/8/6
f 4890/10/6 4891/10/6 4911/10/6
f 4889/10/6 4890/10/6 4911/10/6
f 4868/10/6 4830/10/6 4912/10/6
f 4893/8/6 4894/8/6 4912/8/6
f 4830/8/6 4893/8/6 4912/8/6
f 4912/8/6 4894/8/6 4913/8/6
f 4897/10/6 4898/10/6 4914/10/6
f 4898/10/6 4899/10/6 4914/10/6
f 4901/10/6 4876/10/6 4915/10/6
f 4900/10/6 4901/10/6 4915/10/6
f 4876/8/6 4877/8/6 4915/8/6
f 4877/10/6 4878/10/6 4916/10/6
f 4915/8/6 4877/8/6 4916/8/6
f 4878/10/6 4879/10/6 4916/10/6
f 4879/8/6 4902/8/6 4917/8/6
f 4916/10/6 4879/10/6 4917/10/6
f 4903/10/6 4904/10/6 4918/10/6
f 4917/8/6 4902/8/6 4918/8/6
f 4902/10/6 4903/10/6 4918/10/6
f 4907/10/6 4908/10/6 4918/10/6
f 4905/10/6 4906/10/6 4918/10/6
f 4904/10/6 4905/10/6 4918/10/6
f 4906/10/6 4907/10/6 4918/10/6
f 4918/10/6 4908/10/6 4919/10/6
f 4919/10/6 4908/10/6 4920/10/6
f 4920/10/6 4908/10/6 4921/10/6
f 4908/8/6 4909/8/6 4922/8/6
f 4921/10/6 4908/10/6 4922/10/6
f 4922/8/6 4909/8/6 4923/8/6
f 4909/10/6 4910/10/6 4924/10/6
f 4923/8/6 4909/8/6 4924/8/6
f 4910/10/6 4911/10/6 4924/10/6
f 4911/10/6 4892/10/6 4925/10/6
f 4924/10/6 4911/10/6 4925/10/6
f 4892/8/6 4866/8/6 4925/8/6
f 4866/10/6 4867/10/6 4926/10/6
f 4925/8/6 4866/8/6 4926/8/6
f 4894/10/6 4895/10/6 4927/10/6
f 4896/8/6 4870/8/6 4927/8/6
f 4895/10/6 4896/10/6 4927/10/6
f 4870/10/6 4897/10/6 4928/10/6
f 4927/8/6 4870/8/6 4928/8/6
f 4897/10/6 4914/10/6 4928/10/6
f 4916/10/6 4917/10/6 4929/10/6
f 4917/10/6 4918/10/6 4929/10/6
f 4915/10/6 4916/10/6 4929/10/6
f 4918/10/6 4919/10/6 4929/10/6
f 4929/10/6 4919/10/6 4930/10/6
f 4919/8/6 4920/8/6 4931/8/6
f 4920/10/6 4921/10/6 4932/10/6
f 4931/8/6 4920/8/6 4932/8/6
f 4932/10/6 4921/10/6 4933/10/6
f 4922/8/6 4923/8/6 4934/8/6
f 4933/10/6 4921/10/6 4934/10/6
f 4921/8/6 4922/8/6 4934/8/6
f 4934/8/6 4923/8/6 4935/8/6
f 4923/10/6 4924/10/6 4936/10/6
f 4935/8/6 4923/8/6 4936/8/6
f 4925/10/6 4926/10/6 4936/10/6
f 4924/10/6 4925/10/6 4936/10/6
f 4936/10/6 4926/10/6 4937/10/6
f 4937/10/6 4926/10/6 4938/10/6
f 4912/10/6 4913/10/6 4939/10/6
f 4867/8/6 4868/8/6 4939/8/6
f 4868/10/6 4912/10/6 4939/10/6
f 4939/10/6 4913/10/6 4940/10/6
f 4894/10/6 4927/10/6 4941/10/6
f 4927/10/6 4928/10/6 4941/10/6
f 4928/10/6 4914/10/6 4942/10/6
f 4941/10/6 4928/10/6 4942/10/6
f 4915/10/6 4929/10/6 4943/10/6
f 4943/10/6 4929/10/6 4944/10/6
f 4930/10/6 4919/10/6 4945/10/6
f 4919/8/6 4931/8/6 4946/8/6
f 4945/10/6 4919/10/6 4946/10/6
f 4932/10/6 4933/10/6 4947/10/6
f 4946/8/6 4931/8/6 4947/8/6
f 4931/10/6 4932/10/6 4947/10/6
f 4947/10/6 4933/10/6 4948/10/6
f 4934/8/6 4935/8/6 4949/8/6
f 4948/10/6 4933/10/6 4949/10/6
f 4933/8/6 4934/8/6 4949/8/6
f 4949/8/6 4935/8/6 4950/8/6
f 4936/10/6 4937/10/6 4951/10/6
f 4950/8/6 4935/8/6 4951/8/6
f 4935/10/6 4936/10/6 4951/10/6
f 4938/10/6 4926/10/6 4952/10/6
f 4937/8/6 4938/8/6 4952/8/6
f 4952/10/6 4926/10/6 4953/10/6
f 4953/10/6 4926/10/6 4954/10/6
f 4954/10/6 4926/10/6 4955/10/6
f 4926/10/6 4867/10/6 4956/10/6
f 4955/10/6 4926/10/6 4956/10/6
f 4939/8/6 4940/8/6 4956/8/6
f 4867/8/6 4939/8/6 4956/8/6
f 4956/8/6 4940/8/6 4957/8/6
f 4913/8/6 4894/8/6 4958/8/6
f 4940/10/6 4913/10/6 4958/10/6
f 4894/10/6 4941/10/6 4959/10/6
f 4958/8/6 4894/8/6 4959/8/6
f 4959/10/6 4941/10/6 4960/10/6
f 4941/8/6 4942/8/6 4961/8/6
f 4960/10/6 4941/10/6 4961/10/6
f 4961/8/6 4942/8/6 4962/8/6
f 4874/8/6 4900/8/6 4963/8/6
f 4900/10/6 4915/10/6 4964/10/6
f 4963/8/6 4900/8/6 4964/8/6
f 4915/10/6 4943/10/6 4964/10/6
f 4964/10/6 4943/10/6 4965/10/6
f 4943/8/6 4944/8/6 4966/8/6
f 4965/10/6 4943/10/6 4966/10/6
f 4944/10/6 4929/10/6 4967/10/6
f 4929/8/6 4930/8/6 4968/8/6
f 4967/10/6 4929/10/6 4968/10/6
f 4930/10/6 4945/10/6 4969/10/6
f 4945/8/6 4946/8/6 4970/8/6
f 4969/10/6 4945/10/6 4970/10/6
f 4947/10/6 4948/10/6 4971/10/6
f 4946/10/6 4947/10/6 4971/10/6
f 4949/8/6 4950/8/6 4971/8/6
f 4948/8/6 4949/8/6 4971/8/6
f 4950/10/6 4951/10/6 4972/10/6
f 4971/8/6 4950/8/6 4972/8/6
f 4951/10/6 4937/10/6 4973/10/6
f 4972/10/6 4951/10/6 4973/10/6
f 4952/8/6 4953/8/6 4973/8/6
f 4937/8/6 4952/8/6 4973/8/6
f 4973/8/6 4953/8/6 4974/8/6
f 4964/10/6 4965/10/6 4975/10/6
f 4963/10/6 4964/10/6 4975/10/6
f 4965/8/6 4966/8/6 4976/8/6
f 4975/10/6 4965/10/6 4976/10/6
f 4966/8/6 4944/8/6 4977/8/6
f 4976/8/6 4966/8/6 4977/8/6
f 4944/10/6 4967/10/6 4978/10/6
f 4977/8/6 4944/8/6 4978/8/6
f 4968/8/6 4930/8/6 4979/8/6
f 4967/8/6 4968/8/6 4979/8/6
f 4930/10/6 4969/10/6 4980/10/6
f 4979/8/6 4930/8/6 4980/8/6
f 4970/8/6 4946/8/6 4981/8/6
f 4969/8/6 4970/8/6 4981/8/6
f 4971/10/6 4972/10/6 4982/10/6
f 4981/8/6 4946/8/6 4982/8/6
f 4946/10/6 4971/10/6 4982/10/6
f 4972/10/6 4973/10/6 4982/10/6
f 4973/10/6 4974/10/6 4982/10/6
f 4982/10/6 4974/10/6 4983/10/6
f 4983/10/6 4974/10/6 4984/10/6
f 4959/8/6 4960/8/6 4985/8/6
f 4961/10/6 4962/10/6 4985/10/6
f 4960/10/6 4961/10/6 4985/10/6
f 4985/10/6 4962/10/6 4986/10/6
f 4962/8/6 4942/8/6 4987/8/6
f 4986/10/6 4962/10/6 4987/10/6
f 4942/10/6 4914/10/6 4988/10/6
f 4987/8/6 4942/8/6 4988/8/6
f 4988/10/6 4914/10/6 4989/10/6
f 4963/10/6 4975/10/6 4990/10/6
f 4990/10/6 4975/10/6 4991/10/6
f 4991/10/6 4975/10/6 4992/10/6
f 4975/8/6 4976/8/6 4993/8/6
f 4992/10/6 4975/10/6 4993/10/6
f 4976/8/6 4977/8/6 4993/8/6
f 4993/8/6 4977/8/6 4994/8/6
f 4977/10/6 4978/10/6 4995/10/6
f 4994/8/6 4977/8/6 4995/8/6
f 4978/10/6 4967/10/6 4996/10/6
f 4995/10/6 4978/10/6 4996/10/6
f 4967/8/6 4979/8/6 4997/8/6
f 4996/10/6 4967/10/6 4997/10/6
f 4980/10/6 4969/10/6 4998/10/6
f 4979/10/6 4980/10/6 4998/10/6
f 4969/8/6 4981/8/6 4999/8/6
f 4998/10/6 4969/10/6 4999/10/6
f 4984/10/6 4974/10/6 5000/10/6
f 5000/10/6 4974/10/6 5001/10/6
f 4974/8/6 4953/8/6 5002/8/6
f 5001/10/6 4974/10/6 5002/10/6
f 4953/10/6 4954/10/6 5003/10/6
f 5002/8/6 4953/8/6 5003/8/6
f 5003/10/6 4954/10/6 5004/10/6
f 4958/10/6 4959/10/6 5005/10/6
f 4985/8/6 4986/8/6 5005/8/6
f 4959/8/6 4985/8/6 5005/8/6
f 5005/8/6 4986/8/6 5006/8/6
f 4963/10/6 4990/10/6 5007/10/6
f 4990/8/6 4991/8/6 5008/8/6
f 5007/10/6 4990/10/6 5008/10/6
f 5008/8/6 4991/8/6 5009/8/6
f 4991/10/6 4992/10/6 5010/10/6
f 5009/8/6 4991/8/6 5010/8/6
f 4993/8/6 4994/8/6 5011/8/6
f 5010/10/6 4992/10/6 5011/10/6
f 4992/8/6 4993/8/6 5011/8/6
f 4994/10/6 4995/10/6 5012/10/6
f 5011/8/6 4994/8/6 5012/8/6
f 4995/10/6 4996/10/6 5012/10/6
f 4997/8/6 4979/8/6 5013/8/6
f 4996/8/6 4997/8/6 5013/8/6
f 4979/10/6 4998/10/6 5014/10/6
f 5013/8/6 4979/8/6 5014/8/6
f 4999/8/6 4981/8/6 5015/8/6
f 4998/8/6 4999/8/6 5015/8/6
f 4982/10/6 4983/10/6 5016/10/6
f 5015/8/6 4981/8/6 5016/8/6
f 4981/10/6 4982/10/6 5016/10/6
f 5001/10/6 5002/10/6 5017/10/6
f 5000/8/6 5001/8/6 5017/8/6
f 5002/10/6 5003/10/6 5017/10/6
f 5017/10/6 5003/10/6 5018/10/6
f 5018/10/6 5003/10/6 5019/10/6
f 5019/10/6 5003/10/6 5020/10/6
f 5004/10/6 4954/10/6 5021/10/6
f 5021/10/6 4954/10/6 5022/10/6
f 5022/10/6 4954/10/6 5023/10/6
f 4954/8/6 4955/8/6 5024/8/6
f 5023/10/6 4954/10/6 5024/10/6
f 4956/10/6 4957/10/6 5025/10/6
f 4955/10/6 4956/10/6 5025/10/6
f 5025/10/6 4957/10/6 5026/10/6
f 4986/10/6 4987/10/6 5027/10/6
f 4988/8/6 4989/8/6 5027/8/6
f 4987/10/6 4988/10/6 5027/10/6
f 4989/10/6 4914/10/6 5028/10/6
f 5027/8/6 4989/8/6 5028/8/6
f 5028/10/6 4914/10/6 5029/10/6
f 5011/10/6 5012/10/6 5033/10/6
f 5010/10/6 5011/10/6 5033/10/6
f 5014/10/6 4998/10/6 5034/10/6
f 5013/10/6 5014/10/6 5034/10/6
f 4998/8/6 5015/8/6 5035/8/6
f 5034/10/6 4998/10/6 5035/10/6
f 5015/10/6 5016/10/6 5036/10/6
f 5035/8/6 5015/8/6 5036/8/6
f 5016/10/6 4983/10/6 5037/10/6
f 5036/10/6 5016/10/6 5037/10/6
f 5037/10/6 4983/10/6 5038/10/6
f 5000/8/6 5017/8/6 5039/8/6
f 5017/8/6 5018/8/6 5039/8/6
f 5018/10/6 5019/10/6 5040/10/6
f 5039/8/6 5018/8/6 5040/8/6
f 5019/8/6 5020/8/6 5041/8/6
f 5040/10/6 5019/10/6 5041/10/6
f 5041/8/6 5020/8/6 5042/8/6
f 5022/10/6 5023/10/6 5043/10/6
f 5021/8/6 5022/8/6 5043/8/6
f 5023/8/6 5024/8/6 5044/8/6
f 5043/10/6 5023/10/6 5044/10/6
f 4957/8/6 4940/8/6 5045/8/6
f 5026/10/6 4957/10/6 5045/10/6
f 4940/10/6 4958/10/6 5046/10/6
f 5045/8/6 4940/8/6 5046/8/6
f 5005/10/6 5006/10/6 5046/10/6
f 4958/10/6 5005/10/6 5046/10/6
f 4986/10/6 5027/10/6 5047/10/6
f 5006/8/6 4986/8/6 5047/8/6
f 5047/10/6 5027/10/6 5048/10/6
f 5048/10/6 5027/10/6 5049/10/6
f 5013/10/6 5034/10/6 5052/10/6
f 5034/8/6 5035/8/6 5053/8/6
f 5052/10/6 5034/10/6 5053/10/6
f 5035/10/6 5036/10/6 5054/10/6
f 5053/8/6 5035/8/6 5054/8/6
f 5036/10/6 5037/10/6 5054/10/6
f 5042/8/6 5020/8/6 5055/8/6
f 5040/10/6 5041/10/6 5055/10/6
f 5041/10/6 5042/10/6 5055/10/6
f 5039/10/6 5040/10/6 5055/10/6
f 5020/10/6 5003/10/6 5056/10/6
f 5055/8/6 5020/8/6 5056/8/6
f 5056/10/6 5003/10/6 5057/10/6
f 5003/8/6 5004/8/6 5058/8/6
f 5057/10/6 5003/10/6 5058/10/6
f 5004/10/6 5021/10/6 5059/10/6
f 5058/8/6 5004/8/6 5059/8/6
f 5059/10/6 5021/10/6 5060/10/6
f 5043/8/6 5044/8/6 5061/8/6
f 5060/10/6 5021/10/6 5061/10/6
f 5021/8/6 5043/8/6 5061/8/6
f 5044/8/6 5024/8/6 5062/8/6
f 5061/8/6 5044/8/6 5062/8/6
f 5024/8/6 4955/8/6 5062/8/6
f 4955/10/6 5025/10/6 5062/10/6
f 5025/8/6 5026/8/6 5063/8/6
f 5062/10/6 5025/10/6 5063/10/6
f 5026/10/6 5045/10/6 5064/10/6
f 5063/8/6 5026/8/6 5064/8/6
f 5045/10/6 5046/10/6 5064/10/6
f 5064/10/6 5046/10/6 5065/10/6
f 5046/10/6 5006/10/6 5066/10/6
f 5065/10/6 5046/10/6 5066/10/6
f 5006/8/6 5047/8/6 5066/8/6
f 5047/8/6 5048/8/6 5066/8/6
f 5066/8/6 5048/8/6 5067/8/6
f 5012/10/6 4996/10/6 5068/10/6
f 5032/10/6 5033/10/6 5068/10/6
f 5033/10/6 5012/10/6 5068/10/6
f 5068/10/6 4996/10/6 5069/10/6
f 5013/10/6 5052/10/6 5070/10/6
f 5052/8/6 5053/8/6 5071/8/6
f 5070/10/6 5052/10/6 5071/10/6
f 5053/10/6 5054/10/6 5072/10/6
f 5071/8/6 5053/8/6 5072/8/6
f 5038/10/6 4983/10/6 5073/10/6
f 5055/10/6 5056/10/6 5074/10/6
f 5039/10/6 5055/10/6 5074/10/6
f 5074/10/6 5056/10/6 5075/10/6
f 5064/8/6 5065/8/6 5076/8/6
f 5066/10/6 5067/10/6 5076/10/6
f 5065/10/6 5066/10/6 5076/10/6
f 5076/10/6 5067/10/6 5077/10/6
f 5013/10/6 5070/10/6 5078/10/6
f 5070/8/6 5071/8/6 5079/8/6
f 5078/10/6 5070/10/6 5079/10/6
f 5054/10/6 5037/10/6 5080/10/6
f 5071/10/6 5072/10/6 5080/10/6
f 5072/10/6 5054/10/6 5080/10/6
f 5080/10/6 5037/10/6 5081/10/6
f 5037/8/6 5038/8/6 5082/8/6
f 5081/10/6 5037/10/6 5082/10/6
f 5038/10/6 5073/10/6 5083/10/6
f 5082/8/6 5038/8/6 5083/8/6
f 5073/10/6 5074/10/6 5083/10/6
f 5083/10/6 5074/10/6 5084/10/6
f 5084/10/6 5074/10/6 5085/10/6
f 5075/10/6 5056/10/6 5086/10/6
f 5086/10/6 5056/10/6 5087/10/6
f 5056/8/6 5057/8/6 5088/8/6
f 5087/10/6 5056/10/6 5088/10/6
f 5058/10/6 5059/10/6 5089/10/6
f 5088/8/6 5057/8/6 5089/8/6
f 5057/10/6 5058/10/6 5089/10/6
f 5059/8/6 5060/8/6 5090/8/6
f 5089/10/6 5059/10/6 5090/10/6
f 5062/10/6 5063/10/6 5091/10/6
f 5090/8/6 5060/8/6 5091/8/6
f 5060/10/6 5061/10/6 5091/10/6
f 5061/10/6 5062/10/6 5091/10/6
f 5063/10/6 5064/10/6 5091/10/6
f 5091/10/6 5064/10/6 5092/10/6
f 5092/10/6 5064/10/6 5093/10/6
f 5076/8/6 5077/8/6 5094/8/6
f 5093/10/6 5064/10/6 5094/10/6
f 5064/8/6 5076/8/6 5094/8/6
f 5094/8/6 5077/8/6 5095/8/6
f 5013/10/6 5078/10/6 5096/10/6
f 5078/8/6 5079/8/6 5097/8/6
f 5096/10/6 5078/10/6 5097/10/6
f 5079/8/6 5071/8/6 5098/8/6
f 5097/8/6 5079/8/6 5098/8/6
f 5071/10/6 5080/10/6 5099/10/6
f 5098/8/6 5071/8/6 5099/8/6
f 5099/10/6 5080/10/6 5100/10/6
f 5080/8/6 5081/8/6 5101/8/6
f 5100/10/6 5080/10/6 5101/10/6
f 5081/10/6 5082/10/6 5102/10/6
f 5083/10/6 5084/10/6 5102/10/6
f 5082/10/6 5083/10/6 5102/10/6
f 5102/10/6 5084/10/6 5103/10/6
f 5084/8/6 5085/8/6 5104/8/6
f 5103/10/6 5084/10/6 5104/10/6
f 5085/10/6 5074/10/6 5105/10/6
f 5104/8/6 5085/8/6 5105/8/6
f 5074/8/6 5075/8/6 5106/8/6
f 5105/10/6 5074/10/6 5106/10/6
f 5075/10/6 5086/10/6 5107/10/6
f 5106/8/6 5075/8/6 5107/8/6
f 5086/8/6 5087/8/6 5108/8/6
f 5107/10/6 5086/10/6 5108/10/6
f 5089/10/6 5090/10/6 5109/10/6
f 5088/10/6 5089/10/6 5109/10/6
f 5087/10/6 5088/10/6 5109/10/6
f 5091/10/6 5092/10/6 5109/10/6
f 5090/10/6 5091/10/6 5109/10/6
f 5109/10/6 5092/10/6 5110/10/6
f 5092/8/6 5093/8/6 5111/8/6
f 5110/10/6 5092/10/6 5111/10/6
f 5094/10/6 5095/10/6 5112/10/6
f 5111/8/6 5093/8/6 5112/8/6
f 5093/10/6 5094/10/6 5112/10/6
f 5112/10/6 5095/10/6 5113/10/6
f 5077/10/6 5067/10/6 5114/10/6
f 5114/10/6 5067/10/6 5115/10/6
f 5067/8/6 5048/8/6 5116/8/6
f 5115/10/6 5067/10/6 5116/10/6
f 5048/10/6 5049/10/6 5117/10/6
f 5116/8/6 5048/8/6 5117/8/6
f 5050/10/6 5051/10/6 5117/10/6
f 5049/10/6 5050/10/6 5117/10/6
f 5117/10/6 5051/10/6 5118/10/6
f 5096/8/6 5097/8/6 5119/8/6
f 5097/8/6 5098/8/6 5119/8/6
f 5098/10/6 5099/10/6 5120/10/6
f 5119/8/6 5098/8/6 5120/8/6
f 5099/10/6 5100/10/6 5120/10/6
f 5100/8/6 5101/8/6 5121/8/6
f 5120/10/6 5100/10/6 5121/10/6
f 5101/8/6 5081/8/6 5122/8/6
f 5121/8/6 5101/8/6 5122/8/6
f 5106/10/6 5107/10/6 5123/10/6
f 5103/10/6 5104/10/6 5123/10/6
f 5104/10/6 5105/10/6 5123/10/6
f 5105/10/6 5106/10/6 5123/10/6
f 5123/10/6 5107/10/6 5124/10/6
f 5124/10/6 5107/10/6 5125/10/6
f 5125/10/6 5107/10/6 5126/10/6
f 5087/10/6 5109/10/6 5127/10/6
f 5127/10/6 5109/10/6 5128/10/6
f 5111/10/6 5112/10/6 5129/10/6
f 5112/8/6 5113/8/6 5129/8/6
f 5110/10/6 5111/10/6 5129/10/6
f 5113/10/6 5095/10/6 5130/10/6
f 5129/8/6 5113/8/6 5130/8/6
f 5095/8/6 5077/8/6 5131/8/6
f 5130/10/6 5095/10/6 5131/10/6
f 5077/10/6 5114/10/6 5132/10/6
f 5131/8/6 5077/8/6 5132/8/6
f 5032/10/6 5068/10/6 5133/10/6
f 5133/10/6 5068/10/6 5134/10/6
f 5013/10/6 5096/10/6 5135/10/6
f 5096/8/6 5119/8/6 5135/8/6
f 5120/10/6 5121/10/6 5136/10/6
f 5135/8/6 5119/8/6 5136/8/6
f 5121/10/6 5122/10/6 5136/10/6
f 5119/10/6 5120/10/6 5136/10/6
f 5136/10/6 5122/10/6 5137/10/6
f 5137/10/6 5122/10/6 5138/10/6
f 5123/8/6 5124/8/6 5139/8/6
f 5124/10/6 5125/10/6 5139/10/6
f 5125/8/6 5126/8/6 5140/8/6
f 5139/10/6 5125/10/6 5140/10/6
f 5126/10/6 5107/10/6 5141/10/6
f 5140/8/6 5126/8/6 5141/8/6
f 5087/10/6 5127/10/6 5142/10/6
f 5127/8/6 5128/8/6 5143/8/6
f 5142/10/6 5127/10/6 5143/10/6
f 5128/10/6 5109/10/6 5144/10/6
f 5143/8/6 5128/8/6 5144/8/6
f 5109/8/6 5110/8/6 5145/8/6
f 5144/10/6 5109/10/6 5145/10/6
f 5110/10/6 5129/10/6 5146/10/6
f 5145/8/6 5110/8/6 5146/8/6
f 5129/10/6 5130/10/6 5146/10/6
f 5131/10/6 5132/10/6 5146/10/6
f 5130/10/6 5131/10/6 5146/10/6
f 5146/10/6 5132/10/6 5147/10/6
f 5132/10/6 5114/10/6 5148/10/6
f 5147/10/6 5132/10/6 5148/10/6
f 5148/10/6 5114/10/6 5149/10/6
f 5114/8/6 5115/8/6 5150/8/6
f 5149/10/6 5114/10/6 5150/10/6
f 5118/10/6 5051/10/6 5151/10/6
f 5117/8/6 5118/8/6 5151/8/6
f 5151/10/6 5051/10/6 5152/10/6
f 5013/10/6 5135/10/6 5153/10/6
f 4996/8/6 5013/8/6 5153/8/6
f 5136/10/6 5137/10/6 5153/10/6
f 5135/10/6 5136/10/6 5153/10/6
f 5153/10/6 5137/10/6 5154/10/6
f 5122/8/6 5081/8/6 5155/8/6
f 5138/10/6 5122/10/6 5155/10/6
f 5081/10/6 5102/10/6 5156/10/6
f 5155/8/6 5081/8/6 5156/8/6
f 5102/8/6 5103/8/6 5157/8/6
f 5156/10/6 5102/10/6 5157/10/6
f 5103/10/6 5123/10/6 5158/10/6
f 5157/8/6 5103/8/6 5158/8/6
f 5140/10/6 5141/10/6 5159/10/6
f 5107/8/6 5108/8/6 5159/8/6
f 5141/10/6 5107/10/6 5159/10/6
f 5108/8/6 5087/8/6 5160/8/6
f 5159/8/6 5108/8/6 5160/8/6
f 5087/10/6 5142/10/6 5160/10/6
f 5148/10/6 5149/10/6 5161/10/6
f 5149/8/6 5150/8/6 5161/8/6
f 5150/8/6 5115/8/6 5162/8/6
f 5161/8/6 5150/8/6 5162/8/6
f 5115/10/6 5116/10/6 5162/10/6
f 5116/10/6 5117/10/6 5162/10/6
f 5151/8/6 5152/8/6 5163/8/6
f 5162/10/6 5117/10/6 5163/10/6
f 5117/8/6 5151/8/6 5163/8/6
f 5163/8/6 5152/8/6 5164/8/6
f 5030/10/6 5031/10/6 5165/10/6
f 5031/8/6 5032/8/6 5166/8/6
f 5165/10/6 5031/10/6 5166/10/6
f 5032/10/6 5133/10/6 5167/10/6
f 5166/8/6 5032/8/6 5167/8/6
f 5167/10/6 5133/10/6 5168/10/6
f 5069/10/6 4996/10/6 5169/10/6
f 5153/8/6 5154/8/6 5169/8/6
f 4996/8/6 5153/8/6 5169/8/6
f 5169/8/6 5154/8/6 5170/8/6
f 5154/10/6 5137/10/6 5171/10/6
f 5137/8/6 5138/8/6 5171/8/6
f 5155/10/6 5156/10/6 5172/10/6
f 5171/8/6 5138/8/6 5172/8/6
f 5157/10/6 5158/10/6 5172/10/6
f 5138/10/6 5155/10/6 5172/10/6
f 5156/10/6 5157/10/6 5172/10/6
f 5172/10/6 5158/10/6 5173/10/6
f 5158/10/6 5123/10/6 5174/10/6
f 5173/10/6 5158/10/6 5174/10/6
f 5174/10/6 5123/10/6 5175/10/6
f 5123/8/6 5139/8/6 5176/8/6
f 5175/10/6 5123/10/6 5176/10/6
f 5139/8/6 5140/8/6 5176/8/6
f 5140/10/6 5159/10/6 5177/10/6
f 5176/8/6 5140/8/6 5177/8/6
f 5159/10/6 5160/10/6 5177/10/6
f 5177/10/6 5160/10/6 5178/10/6
f 5178/10/6 5160/10/6 5179/10/6
f 5160/10/6 5142/10/6 5180/10/6
f 5179/10/6 5160/10/6 5180/10/6
f 5142/8/6 5143/8/6 5181/8/6
f 5180/10/6 5142/10/6 5181/10/6
f 5144/10/6 5145/10/6 5182/10/6
f 5181/8/6 5143/8/6 5182/8/6
f 5145/10/6 5146/10/6 5182/10/6
f 5143/10/6 5144/10/6 5182/10/6
f 5146/10/6 5147/10/6 5182/10/6
f 5182/10/6 5147/10/6 5183/10/6
f 5183/10/6 5147/10/6 5184/10/6
f 5184/10/6 5147/10/6 5185/10/6
f 5185/10/6 5147/10/6 5186/10/6
f 5186/10/6 5147/10/6 5187/10/6
f 5152/10/6 5051/10/6 5188/10/6
f 5188/10/6 5051/10/6 5189/10/6
f 5189/10/6 5051/10/6 5190/10/6
f 5168/10/6 5133/10/6 5193/10/6
f 5133/8/6 5134/8/6 5194/8/6
f 5193/10/6 5133/10/6 5194/10/6
f 5134/10/6 5068/10/6 5195/10/6
f 5194/8/6 5134/8/6 5195/8/6
f 5195/10/6 5068/10/6 5196/10/6
f 5173/10/6 5174/10/6 5197/10/6
f 5197/10/6 5174/10/6 5198/10/6
f 5174/8/6 5175/8/6 5199/8/6
f 5198/10/6 5174/10/6 5199/10/6
f 5175/10/6 5176/10/6 5200/10/6
f 5199/8/6 5175/8/6 5200/8/6
f 5176/10/6 5177/10/6 5200/10/6
f 5200/10/6 5177/10/6 5201/10/6
f 5201/10/6 5177/10/6 5202/10/6
f 5177/8/6 5178/8/6 5203/8/6
f 5202/10/6 5177/10/6 5203/10/6
f 5178/10/6 5179/10/6 5204/10/6
f 5203/8/6 5178/8/6 5204/8/6
f 5180/10/6 5181/10/6 5205/10/6
f 5181/10/6 5182/10/6 5205/10/6
f 5182/8/6 5183/8/6 5206/8/6
f 5205/10/6 5182/10/6 5206/10/6
f 5187/10/6 5147/10/6 5207/10/6
f 5186/8/6 5187/8/6 5207/8/6
f 5207/10/6 5147/10/6 5208/10/6
f 5152/10/6 5188/10/6 5209/10/6
f 5196/10/6 5068/10/6 5212/10/6
f 5068/8/6 5069/8/6 5212/8/6
f 5069/10/6 5169/10/6 5213/10/6
f 5212/8/6 5069/8/6 5213/8/6
f 5169/10/6 5170/10/6 5213/10/6
f 5154/10/6 5171/10/6 5214/10/6
f 5171/10/6 5172/10/6 5214/10/6
f 5214/10/6 5172/10/6 5215/10/6
f 5197/8/6 5198/8/6 5216/8/6
f 5198/10/6 5199/10/6 5217/10/6
f 5216/8/6 5198/8/6 5217/8/6
f 5199/10/6 5200/10/6 5217/10/6
f 5200/10/6 5201/10/6 5217/10/6
f 5217/10/6 5201/10/6 5218/10/6
f 5201/8/6 5202/8/6 5219/8/6
f 5218/10/6 5201/10/6 5219/10/6
f 5202/10/6 5203/10/6 5220/10/6
f 5219/8/6 5202/8/6 5220/8/6
f 5203/10/6 5204/10/6 5220/10/6
f 5204/10/6 5179/10/6 5221/10/6
f 5220/10/6 5204/10/6 5221/10/6
f 5179/8/6 5180/8/6 5222/8/6
f 5221/10/6 5179/10/6 5222/10/6
f 5180/10/6 5205/10/6 5223/10/6
f 5222/8/6 5180/8/6 5223/8/6
f 5206/8/6 5183/8/6 5224/8/6
f 5205/8/6 5206/8/6 5224/8/6
f 5183/10/6 5184/10/6 5225/10/6
f 5224/8/6 5183/8/6 5225/8/6
f 5186/8/6 5207/8/6 5226/8/6
f 5207/8/6 5208/8/6 5226/8/6
f 5208/10/6 5147/10/6 5227/10/6
f 5226/8/6 5208/8/6 5227/8/6
f 5227/10/6 5147/10/6 5228/10/6
f 5147/8/6 5148/8/6 5229/8/6
f 5228/10/6 5147/10/6 5229/10/6
f 5148/10/6 5161/10/6 5230/10/6
f 5229/8/6 5148/8/6 5230/8/6
f 5161/10/6 5162/10/6 5230/10/6
f 5163/10/6 5164/10/6 5230/10/6
f 5162/10/6 5163/10/6 5230/10/6
f 5230/10/6 5164/10/6 5231/10/6
f 5164/8/6 5152/8/6 5232/8/6
f 5231/10/6 5164/10/6 5232/10/6
f 5210/10/6 5211/10/6 5233/10/6
f 5232/8/6 5152/8/6 5233/8/6
f 5152/10/6 5209/10/6 5233/10/6
f 5209/10/6 5210/10/6 5233/10/6
f 5213/10/6 5170/10/6 5234/10/6
f 5170/8/6 5154/8/6 5234/8/6
f 5212/10/6 5213/10/6 5234/10/6
f 5154/10/6 5214/10/6 5235/10/6
f 5234/8/6 5154/8/6 5235/8/6
f 5235/10/6 5214/10/6 5236/10/6
f 5214/8/6 5215/8/6 5237/8/6
f 5236/10/6 5214/10/6 5237/10/6
f 5172/8/6 5173/8/6 5238/8/6
f 5173/10/6 5197/10/6 5239/10/6
f 5238/8/6 5173/8/6 5239/8/6
f 5197/8/6 5216/8/6 5240/8/6
f 5239/10/6 5197/10/6 5240/10/6
f 5217/10/6 5218/10/6 5241/10/6
f 5240/8/6 5216/8/6 5241/8/6
f 5216/10/6 5217/10/6 5241/10/6
f 5219/10/6 5220/10/6 5242/10/6
f 5220/10/6 5221/10/6 5242/10/6
f 5242/10/6 5221/10/6 5243/10/6
f 5224/10/6 5225/10/6 5244/10/6
f 5205/8/6 5224/8/6 5244/8/6
f 5225/10/6 5184/10/6 5245/10/6
f 5244/10/6 5225/10/6 5245/10/6
f 5184/8/6 5185/8/6 5246/8/6
f 5245/10/6 5184/10/6 5246/10/6
f 5185/10/6 5186/10/6 5247/10/6
f 5246/8/6 5185/8/6 5247/8/6
f 5226/10/6 5227/10/6 5248/10/6
f 5227/10/6 5228/10/6 5248/10/6
f 5248/10/6 5228/10/6 5249/10/6
f 5249/10/6 5228/10/6 5250/10/6
f 5250/10/6 5228/10/6 5251/10/6
f 5232/10/6 5233/10/6 5252/10/6
f 5231/10/6 5232/10/6 5252/10/6
f 5252/10/6 5233/10/6 5253/10/6
f 5193/10/6 5194/10/6 5254/10/6
f 5195/8/6 5196/8/6 5254/8/6
f 5191/10/6 5192/10/6 5254/10/6
f 5192/10/6 5193/10/6 5254/10/6
f 5194/10/6 5195/10/6 5254/10/6
f 5235/10/6 5236/10/6 5255/10/6
f 5254/8/6 5196/8/6 5255/8/6
f 5196/10/6 5212/10/6 5255/10/6
f 5212/10/6 5234/10/6 5255/10/6
f 5234/10/6 5235/10/6 5255/10/6
f 5255/10/6 5236/10/6 5256/10/6
f 5237/8/6 5215/8/6 5257/8/6
f 5236/8/6 5237/8/6 5257/8/6
f 5215/10/6 5172/10/6 5258/10/6
f 5257/8/6 5215/8/6 5258/8/6
f 5238/10/6 5239/10/6 5259/10/6
f 5240/10/6 5241/10/6 5259/10/6
f 5239/10/6 5240/10/6 5259/10/6
f 5259/10/6 5241/10/6 5260/10/6
f 5241/10/6 5218/10/6 5261/10/6
f 5260/10/6 5241/10/6 5261/10/6
f 5261/10/6 5218/10/6 5262/10/6
f 5218/8/6 5219/8/6 5263/8/6
f 5262/10/6 5218/10/6 5263/10/6
f 5219/10/6 5242/10/6 5264/10/6
f 5263/8/6 5219/8/6 5264/8/6
f 5205/8/6 5244/8/6 5265/8/6
f 5244/8/6 5245/8/6 5265/8/6
f 5246/10/6 5247/10/6 5266/10/6
f 5265/8/6 5245/8/6 5266/8/6
f 5245/10/6 5246/10/6 5266/10/6
f 5266/10/6 5247/10/6 5267/10/6
f 5267/10/6 5247/10/6 5268/10/6
f 5248/8/6 5249/8/6 5269/8/6
f 5226/10/6 5248/10/6 5269/10/6
f 5269/8/6 5249/8/6 5270/8/6
f 5253/10/6 5233/10/6 5271/10/6
f 5252/8/6 5253/8/6 5271/8/6
f 5271/10/6 5233/10/6 5272/10/6
f 5256/10/6 5236/10/6 5273/10/6
f 5236/8/6 5257/8/6 5274/8/6
f 5273/10/6 5236/10/6 5274/10/6
f 5259/8/6 5260/8/6 5275/8/6
f 5238/10/6 5259/10/6 5275/10/6
f 5260/10/6 5261/10/6 5276/10/6
f 5275/8/6 5260/8/6 5276/8/6
f 5262/10/6 5263/10/6 5277/10/6
f 5264/10/6 5242/10/6 5277/10/6
f 5263/10/6 5264/10/6 5277/10/6
f 5242/8/6 5243/8/6 5278/8/6
f 5277/10/6 5242/10/6 5278/10/6
f 5243/10/6 5221/10/6 5279/10/6
f 5278/8/6 5243/8/6 5279/8/6
f 5279/10/6 5221/10/6 5280/10/6
f 5221/8/6 5222/8/6 5281/8/6
f 5280/10/6 5221/10/6 5281/10/6
f 5265/10/6 5266/10/6 5282/10/6
f 5266/10/6 5267/10/6 5282/10/6
f 5267/8/6 5268/8/6 5283/8/6
f 5282/10/6 5267/10/6 5283/10/6
f 5268/10/6 5247/10/6 5284/10/6
f 5283/8/6 5268/8/6 5284/8/6
f 5270/8/6 5249/8/6 5285/8/6
f 5249/10/6 5250/10/6 5285/10/6
f 5285/10/6 5250/10/6 5286/10/6
f 5231/10/6 5252/10/6 5287/10/6
f 5271/8/6 5272/8/6 5287/8/6
f 5252/8/6 5271/8/6 5287/8/6
f 5287/8/6 5272/8/6 5288/8/6
f 5256/10/6 5273/10/6 5289/10/6
f 5255/8/6 5256/8/6 5289/8/6
f 5289/10/6 5273/10/6 5290/10/6
f 5290/10/6 5273/10/6 5291/10/6
f 5273/8/6 5274/8/6 5292/8/6
f 5291/10/6 5273/10/6 5292/10/6
f 5274/8/6 5257/8/6 5293/8/6
f 5292/8/6 5274/8/6 5293/8/6
f 5257/10/6 5258/10/6 5294/10/6
f 5293/8/6 5257/8/6 5294/8/6
f 5261/8/6 5262/8/6 5295/8/6
f 5262/10/6 5277/10/6 5295/10/6
f 5295/10/6 5277/10/6 5296/10/6
f 5279/10/6 5280/10/6 5297/10/6
f 5280/8/6 5281/8/6 5297/8/6
f 5278/10/6 5279/10/6 5297/10/6
f 5222/10/6 5223/10/6 5298/10/6
f 5297/8/6 5281/8/6 5298/8/6
f 5281/8/6 5222/8/6 5298/8/6
f 5223/10/6 5205/10/6 5299/10/6
f 5298/10/6 5223/10/6 5299/10/6
f 5205/8/6 5265/8/6 5299/8/6
f 5265/10/6 5282/10/6 5300/10/6
f 5299/8/6 5265/8/6 5300/8/6
f 5282/8/6 5283/8/6 5301/8/6
f 5300/10/6 5282/10/6 5301/10/6
f 5283/10/6 5284/10/6 5302/10/6
f 5301/8/6 5283/8/6 5302/8/6
f 5284/10/6 5247/10/6 5303/10/6
f 5302/10/6 5284/10/6 5303/10/6
f 5269/10/6 5270/10/6 5304/10/6
f 5285/8/6 5286/8/6 5304/8/6
f 5270/8/6 5285/8/6 5304/8/6
f 5304/8/6 5286/8/6 5305/8/6
f 5250/8/6 5251/8/6 5306/8/6
f 5286/10/6 5250/10/6 5306/10/6
f 5306/8/6 5251/8/6 5307/8/6
f 5287/10/6 5288/10/6 5309/10/6
f 5231/10/6 5287/10/6 5309/10/6
f 5255/8/6 5289/8/6 5310/8/6
f 5254/10/6 5255/10/6 5310/10/6
f 5289/8/6 5290/8/6 5310/8/6
f 5310/8/6 5290/8/6 5311/8/6
f 5291/8/6 5292/8/6 5312/8/6
f 5292/8/6 5293/8/6 5312/8/6
f 5293/10/6 5294/10/6 5313/10/6
f 5312/8/6 5293/8/6 5313/8/6
f 5258/10/6 5172/10/6 5314/10/6
f 5313/10/6 5294/10/6 5314/10/6
f 5294/10/6 5258/10/6 5314/10/6
f 5172/8/6 5238/8/6 5314/8/6
f 5275/10/6 5276/10/6 5315/10/6
f 5314/8/6 5238/8/6 5315/8/6
f 5238/10/6 5275/10/6 5315/10/6
f 5315/10/6 5276/10/6 5316/10/6
f 5276/10/6 5261/10/6 5317/10/6
f 5316/10/6 5276/10/6 5317/10/6
f 5295/8/6 5296/8/6 5317/8/6
f 5261/8/6 5295/8/6 5317/8/6
f 5317/8/6 5296/8/6 5318/8/6
f 5297/10/6 5298/10/6 5319/10/6
f 5299/10/6 5300/10/6 5319/10/6
f 5298/10/6 5299/10/6 5319/10/6
f 5278/10/6 5297/10/6 5319/10/6
f 5319/10/6 5300/10/6 5320/10/6
f 5320/10/6 5300/10/6 5321/10/6
f 5300/8/6 5301/8/6 5322/8/6
f 5321/10/6 5300/10/6 5322/10/6
f 5301/10/6 5302/10/6 5323/10/6
f 5322/8/6 5301/8/6 5323/8/6
f 5302/8/6 5303/8/6 5324/8/6
f 5323/10/6 5302/10/6 5324/10/6
f 5304/10/6 5305/10/6 5325/10/6
f 5186/8/6 5226/8/6 5325/8/6
f 5269/10/6 5304/10/6 5325/10/6
f 5226/10/6 5269/10/6 5325/10/6
f 5325/10/6 5305/10/6 5326/10/6
f 5305/8/6 5286/8/6 5327/8/6
f 5286/10/6 5306/10/6 5327/10/6
f 5306/10/6 5307/10/6 5327/10/6
f 5327/10/6 5307/10/6 5328/10/6
f 5288/8/6 5272/8/6 5329/8/6
f 5308/10/6 5309/10/6 5329/10/6
f 5309/10/6 5288/10/6 5329/10/6
f 5272/10/6 5233/10/6 5330/10/6
f 5329/8/6 5272/8/6 5330/8/6
f 5330/10/6 5233/10/6 5331/10/6
f 5290/10/6 5291/10/6 5332/10/6
f 5291/8/6 5312/8/6 5333/8/6
f 5332/10/6 5291/10/6 5333/10/6
f 5312/10/6 5313/10/6 5334/10/6
f 5333/8/6 5312/8/6 5334/8/6
f 5313/10/6 5314/10/6 5334/10/6
f 5314/10/6 5315/10/6 5334/10/6
f 5318/8/6 5296/8/6 5335/8/6
f 5317/10/6 5318/10/6 5335/10/6
f 5316/10/6 5317/10/6 5335/10/6
f 5296/10/6 5277/10/6 5336/10/6
f 5335/8/6 5296/8/6 5336/8/6
f 5277/8/6 5278/8/6 5337/8/6
f 5336/10/6 5277/10/6 5337/10/6
f 5278/10/6 5319/10/6 5338/10/6
f 5337/8/6 5278/8/6 5338/8/6
f 5320/10/6 5321/10/6 5339/10/6
f 5319/8/6 5320/8/6 5339/8/6
f 5339/10/6 5321/10/6 5340/10/6
f 5321/8/6 5322/8/6 5341/8/6
f 5340/10/6 5321/10/6 5341/10/6
f 5322/10/6 5323/10/6 5342/10/6
f 5341/8/6 5322/8/6 5342/8/6
f 5324/8/6 5303/8/6 5343/8/6
f 5323/8/6 5324/8/6 5343/8/6
f 5303/10/6 5247/10/6 5344/10/6
f 5343/8/6 5303/8/6 5344/8/6
f 5247/10/6 5186/10/6 5345/10/6
f 5344/10/6 5247/10/6 5345/10/6
f 5325/8/6 5326/8/6 5345/8/6
f 5186/8/6 5325/8/6 5345/8/6
f 5345/8/6 5326/8/6 5346/8/6
f 5326/10/6 5305/10/6 5347/10/6
f 5327/8/6 5328/8/6 5347/8/6
f 5305/8/6 5327/8/6 5347/8/6
f 5347/8/6 5328/8/6 5348/8/6
f 5254/10/6 5310/10/6 5349/10/6
f 5191/10/6 5254/10/6 5349/10/6
f 5310/10/6 5311/10/6 5349/10/6
f 5349/10/6 5311/10/6 5350/10/6
f 5350/10/6 5311/10/6 5351/10/6
f 5311/8/6 5290/8/6 5352/8/6
f 5351/10/6 5311/10/6 5352/10/6
f 5290/10/6 5332/10/6 5353/10/6
f 5352/8/6 5290/8/6 5353/8/6
f 5353/10/6 5332/10/6 5354/10/6
f 5354/10/6 5332/10/6 5355/10/6
f 5332/8/6 5333/8/6 5356/8/6
f 5355/10/6 5332/10/6 5356/10/6
f 5333/10/6 5334/10/6 5357/10/6
f 5356/8/6 5333/8/6 5357/8/6
f 5335/10/6 5336/10/6 5358/10/6
f 5336/8/6 5337/8/6 5358/8/6
f 5337/10/6 5338/10/6 5359/10/6
f 5358/8/6 5337/8/6 5359/8/6
f 5339/8/6 5340/8/6 5360/8/6
f 5359/10/6 5338/10/6 5360/10/6
f 5338/10/6 5319/10/6 5360/10/6
f 5319/8/6 5339/8/6 5360/8/6
f 5341/10/6 5342/10/6 5361/10/6
f 5360/8/6 5340/8/6 5361/8/6
f 5340/10/6 5341/10/6 5361/10/6
f 5343/10/6 5344/10/6 5362/10/6
f 5323/8/6 5343/8/6 5362/8/6
f 5345/10/6 5346/10/6 5362/10/6
f 5344/10/6 5345/10/6 5362/10/6
f 5362/10/6 5346/10/6 5363/10/6
f 5363/10/6 5346/10/6 5364/10/6
f 5346/8/6 5326/8/6 5365/8/6
f 5364/10/6 5346/10/6 5365/10/6
f 5233/10/6 5211/10/6 5366/10/6
f 5331/10/6 5233/10/6 5366/10/6
f 5366/10/6 5211/10/6 5367/10/6
f 5367/10/6 5211/10/6 5368/10/6
f 5368/10/6 5211/10/6 5369/10/6
f 5352/10/6 5353/10/6 5373/10/6
f 5351/10/6 5352/10/6 5373/10/6
f 5354/10/6 5355/10/6 5374/10/6
f 5355/8/6 5356/8/6 5375/8/6
f 5374/10/6 5355/10/6 5375/10/6
f 5323/8/6 5362/8/6 5376/8/6
f 5362/8/6 5363/8/6 5376/8/6
f 5363/10/6 5364/10/6 5377/10/6
f 5376/8/6 5363/8/6 5377/8/6
f 5364/8/6 5365/8/6 5378/8/6
f 5377/10/6 5364/10/6 5378/10/6
f 5365/8/6 5326/8/6 5379/8/6
f 5378/8/6 5365/8/6 5379/8/6
f 5366/8/6 5367/8/6 5380/8/6
f 5331/10/6 5366/10/6 5380/10/6
f 5380/8/6 5367/8/6 5381/8/6
f 5372/10/6 5373/10/6 5384/10/6
f 5353/8/6 5354/8/6 5384/8/6
f 5373/10/6 5353/10/6 5384/10/6
f 5354/10/6 5374/10/6 5385/10/6
f 5384/8/6 5354/8/6 5385/8/6
f 5374/8/6 5375/8/6 5386/8/6
f 5385/10/6 5374/10/6 5386/10/6
f 5356/10/6 5357/10/6 5387/10/6
f 5386/8/6 5375/8/6 5387/8/6
f 5375/8/6 5356/8/6 5387/8/6
f 5348/8/6 5328/8/6 5388/8/6
f 5347/10/6 5348/10/6 5388/10/6
f 5328/10/6 5307/10/6 5389/10/6
f 5388/8/6 5328/8/6 5389/8/6
f 5389/10/6 5307/10/6 5390/10/6
f 5330/8/6 5331/8/6 5391/8/6
f 5329/10/6 5330/10/6 5391/10/6
f 5331/10/6 5380/10/6 5392/10/6
f 5391/8/6 5331/8/6 5392/8/6
f 5380/10/6 5381/10/6 5392/10/6
f 5387/10/6 5357/10/6 5393/10/6
f 5334/10/6 5315/10/6 5393/10/6
f 5386/10/6 5387/10/6 5393/10/6
f 5315/8/6 5316/8/6 5393/8/6
f 5357/10/6 5334/10/6 5393/10/6
f 5385/10/6 5386/10/6 5393/10/6
f 5384/10/6 5385/10/6 5393/10/6
f 5358/10/6 5359/10/6 5394/10/6
f 5393/8/6 5316/8/6 5394/8/6
f 5360/10/6 5361/10/6 5394/10/6
f 5359/10/6 5360/10/6 5394/10/6
f 5335/10/6 5358/10/6 5394/10/6
f 5316/10/6 5335/10/6 5394/10/6
f 5390/10/6 5307/10/6 5395/10/6
f 5307/8/6 5308/8/6 5395/8/6
f 5391/10/6 5392/10/6 5396/10/6
f 5395/8/6 5308/8/6 5396/8/6
f 5308/10/6 5329/10/6 5396/10/6
f 5329/10/6 5391/10/6 5396/10/6
f 5396/10/6 5392/10/6 5397/10/6
f 5392/10/6 5381/10/6 5398/10/6
f 5397/10/6 5392/10/6 5398/10/6
f 5381/8/6 5382/8/6 5398/8/6
f 5382/10/6 5383/10/6 5399/10/6
f 5398/8/6 5382/8/6 5399/8/6
f 5399/10/6 5383/10/6 5400/10/6
f 5370/10/6 5371/10/6 5401/10/6
f 5371/8/6 5372/8/6 5402/8/6
f 5401/10/6 5371/10/6 5402/10/6
f 5384/10/6 5393/10/6 5403/10/6
f 5393/10/6 5394/10/6 5403/10/6
f 5403/10/6 5394/10/6 5404/10/6
f 5394/10/6 5361/10/6 5405/10/6
f 5404/10/6 5394/10/6 5405/10/6
f 5405/10/6 5361/10/6 5406/10/6
f 5323/8/6 5376/8/6 5407/8/6
f 5406/10/6 5361/10/6 5407/10/6
f 5361/10/6 5342/10/6 5407/10/6
f 5342/10/6 5323/10/6 5407/10/6
f 5377/10/6 5378/10/6 5408/10/6
f 5407/8/6 5376/8/6 5408/8/6
f 5376/10/6 5377/10/6 5408/10/6
f 5378/10/6 5379/10/6 5408/10/6
f 5408/10/6 5379/10/6 5409/10/6
f 5409/10/6 5379/10/6 5410/10/6
f 5379/8/6 5326/8/6 5411/8/6
f 5410/10/6 5379/10/6 5411/10/6
f 5388/10/6 5389/10/6 5412/10/6
f 5347/10/6 5388/10/6 5412/10/6
f 5326/10/6 5347/10/6 5412/10/6
f 5412/10/6 5389/10/6 5413/10/6
f 5390/10/6 5395/10/6 5414/10/6
f 5395/10/6 5396/10/6 5414/10/6
f 5389/8/6 5390/8/6 5414/8/6
f 5414/10/6 5396/10/6 5415/10/6
f 5397/10/6 5398/10/6 5416/10/6
f 5398/10/6 5399/10/6 5416/10/6
f 5416/10/6 5399/10/6 5417/10/6
f 5417/10/6 5399/10/6 5418/10/6
f 5399/8/6 5400/8/6 5419/8/6
f 5418/10/6 5399/10/6 5419/10/6
f 5401/8/6 5402/8/6 5420/8/6
f 5370/10/6 5401/10/6 5420/10/6
f 5402/8/6 5372/8/6 5421/8/6
f 5420/8/6 5402/8/6 5421/8/6
f 5384/10/6 5403/10/6 5421/10/6
f 5372/10/6 5384/10/6 5421/10/6
f 5421/10/6 5403/10/6 5422/10/6
f 5422/10/6 5403/10/6 5423/10/6
f 5403/8/6 5404/8/6 5424/8/6
f 5423/10/6 5403/10/6 5424/10/6
f 5404/10/6 5405/10/6 5425/10/6
f 5424/8/6 5404/8/6 5425/8/6
f 5425/10/6 5405/10/6 5426/10/6
f 5426/10/6 5405/10/6 5427/10/6
f 5427/10/6 5405/10/6 5428/10/6
f 5406/10/6 5407/10/6 5429/10/6
f 5405/8/6 5406/8/6 5429/8/6
f 5407/10/6 5408/10/6 5429/10/6
f 5429/10/6 5408/10/6 5430/10/6
f 5430/10/6 5408/10/6 5431/10/6
f 5408/8/6 5409/8/6 5432/8/6
f 5431/10/6 5408/10/6 5432/10/6
f 5413/10/6 5389/10/6 5433/10/6
f 5412/8/6 5413/8/6 5433/8/6
f 5414/8/6 5415/8/6 5434/8/6
f 5433/10/6 5389/10/6 5434/10/6
f 5389/8/6 5414/8/6 5434/8/6
f 5397/10/6 5416/10/6 5435/10/6
f 5416/8/6 5417/8/6 5436/8/6
f 5435/10/6 5416/10/6 5436/10/6
f 5422/8/6 5423/8/6 5437/8/6
f 5420/10/6 5421/10/6 5437/10/6
f 5421/10/6 5422/10/6 5437/10/6
f 5437/8/6 5423/8/6 5438/8/6
f 5423/10/6 5424/10/6 5439/10/6
f 5424/10/6 5425/10/6 5439/10/6
f 5439/10/6 5425/10/6 5440/10/6
f 5440/10/6 5425/10/6 5441/10/6
f 5441/10/6 5425/10/6 5442/10/6
f 5425/8/6 5426/8/6 5443/8/6
f 5442/10/6 5425/10/6 5443/10/6
f 5426/10/6 5427/10/6 5444/10/6
f 5443/8/6 5426/8/6 5444/8/6
f 5427/8/6 5428/8/6 5445/8/6
f 5444/10/6 5427/10/6 5445/10/6
f 5428/10/6 5405/10/6 5446/10/6
f 5445/8/6 5428/8/6 5446/8/6
f 5446/10/6 5405/10/6 5447/10/6
f 5429/8/6 5430/8/6 5448/8/6
f 5447/10/6 5405/10/6 5448/10/6
f 5405/8/6 5429/8/6 5448/8/6
f 5448/8/6 5430/8/6 5449/8/6
f 5410/8/6 5411/8/6 5450/8/6
f 5409/10/6 5410/10/6 5450/10/6
f 5411/8/6 5326/8/6 5451/8/6
f 5450/8/6 5411/8/6 5451/8/6
f 5326/10/6 5412/10/6 5451/10/6
f 5412/8/6 5433/8/6 5452/8/6
f 5451/10/6 5412/10/6 5452/10/6
f 5433/8/6 5434/8/6 5452/8/6
f 5452/8/6 5434/8/6 5453/8/6
f 5436/8/6 5417/8/6 5454/8/6
f 5435/8/6 5436/8/6 5454/8/6
f 5417/10/6 5418/10/6 5455/10/6
f 5454/8/6 5417/8/6 5455/8/6
f 5418/8/6 5419/8/6 5456/8/6
f 5455/10/6 5418/10/6 5456/10/6
f 5419/8/6 5400/8/6 5457/8/6
f 5456/8/6 5419/8/6 5457/8/6
f 5400/10/6 5383/10/6 5457/10/6
f 5438/8/6 5423/8/6 5458/8/6
f 5437/10/6 5438/10/6 5458/10/6
f 5423/10/6 5439/10/6 5459/10/6
f 5458/8/6 5423/8/6 5459/8/6
f 5439/8/6 5440/8/6 5460/8/6
f 5459/10/6 5439/10/6 5460/10/6
f 5440/10/6 5441/10/6 5461/10/6
f 5460/8/6 5440/8/6 5461/8/6
f 5461/10/6 5441/10/6 5462/10/6
f 5441/8/6 5442/8/6 5463/8/6
f 5462/10/6 5441/10/6 5463/10/6
f 5463/8/6 5442/8/6 5464/8/6
f 5443/10/6 5444/10/6 5465/10/6
f 5464/8/6 5442/8/6 5465/8/6
f 5442/10/6 5443/10/6 5465/10/6
f 5465/10/6 5444/10/6 5466/10/6
f 5444/8/6 5445/8/6 5467/8/6
f 5466/10/6 5444/10/6 5467/10/6
f 5446/8/6 5447/8/6 5467/8/6
f 5445/8/6 5446/8/6 5467/8/6
f 5448/10/6 5449/10/6 5468/10/6
f 5467/8/6 5447/8/6 5468/8/6
f 5447/10/6 5448/10/6 5468/10/6
f 5468/10/6 5449/10/6 5469/10/6
f 5449/8/6 5430/8/6 5470/8/6
f 5469/10/6 5449/10/6 5470/10/6
f 5430/10/6 5431/10/6 5471/10/6
f 5470/8/6 5430/8/6 5471/8/6
f 5409/10/6 5450/10/6 5472/10/6
f 5450/10/6 5451/10/6 5472/10/6
f 5451/10/6 5452/10/6 5472/10/6
f 5452/10/6 5453/10/6 5472/10/6
f 5472/10/6 5453/10/6 5473/10/6
f 5453/8/6 5434/8/6 5474/8/6
f 5473/10/6 5453/10/6 5474/10/6
f 5415/10/6 5396/10/6 5475/10/6
f 5474/8/6 5434/8/6 5475/8/6
f 5434/8/6 5415/8/6 5475/8/6
f 5370/10/6 5420/10/6 5476/10/6
f 5458/10/6 5459/10/6 5476/10/6
f 5437/10/6 5458/10/6 5476/10/6
f 5420/10/6 5437/10/6 5476/10/6
f 5476/10/6 5459/10/6 5477/10/6
f 5477/10/6 5459/10/6 5478/10/6
f 5460/8/6 5461/8/6 5479/8/6
f 5478/10/6 5459/10/6 5479/10/6
f 5459/8/6 5460/8/6 5479/8/6
f 5461/8/6 5462/8/6 5479/8/6
f 5479/8/6 5462/8/6 5480/8/6
f 5463/10/6 5464/10/6 5481/10/6
f 5480/8/6 5462/8/6 5481/8/6
f 5462/10/6 5463/10/6 5481/10/6
f 5481/10/6 5464/10/6 5482/10/6
f 5482/10/6 5464/10/6 5483/10/6
f 5483/10/6 5464/10/6 5484/10/6
f 5465/8/6 5466/8/6 5485/8/6
f 5484/10/6 5464/10/6 5485/10/6
f 5464/8/6 5465/8/6 5485/8/6
f 5485/8/6 5466/8/6 5486/8/6
f 5466/10/6 5467/10/6 5487/10/6
f 5467/10/6 5468/10/6 5487/10/6
f 5487/10/6 5468/10/6 5488/10/6
f 5468/8/6 5469/8/6 5489/8/6
f 5488/10/6 5468/10/6 5489/10/6
f 5489/8/6 5469/8/6 5490/8/6
f 5490/8/6 5469/8/6 5491/8/6
f 5470/10/6 5471/10/6 5492/10/6
f 5491/8/6 5469/8/6 5492/8/6
f 5469/10/6 5470/10/6 5492/10/6
f 5471/10/6 5431/10/6 5493/10/6
f 5492/10/6 5471/10/6 5493/10/6
f 5493/10/6 5431/10/6 5494/10/6
f 5432/8/6 5409/8/6 5495/8/6
f 5431/8/6 5432/8/6 5495/8/6
f 5409/10/6 5472/10/6 5496/10/6
f 5495/8/6 5409/8/6 5496/8/6
f 5496/10/6 5472/10/6 5497/10/6
f 5472/8/6 5473/8/6 5498/8/6
f 5497/10/6 5472/10/6 5498/10/6
f 5473/10/6 5474/10/6 5499/10/6
f 5498/8/6 5473/8/6 5499/8/6
f 5474/10/6 5475/10/6 5499/10/6
f 5499/10/6 5475/10/6 5500/10/6
f 5500/10/6 5475/10/6 5501/10/6
f 5501/10/6 5475/10/6 5502/10/6
f 5397/10/6 5435/10/6 5503/10/6
f 5503/10/6 5435/10/6 5504/10/6
f 5435/8/6 5454/8/6 5505/8/6
f 5504/10/6 5435/10/6 5505/10/6
f 5455/10/6 5456/10/6 5506/10/6
f 5505/8/6 5454/8/6 5506/8/6
f 5454/10/6 5455/10/6 5506/10/6
f 5456/10/6 5457/10/6 5506/10/6
f 5506/10/6 5457/10/6 5507/10/6
f 5507/10/6 5457/10/6 5508/10/6
f 5457/10/6 5383/10/6 5509/10/6
f 5508/10/6 5457/10/6 5509/10/6
f 5479/10/6 5480/10/6 5510/10/6
f 5478/10/6 5479/10/6 5510/10/6
f 5481/8/6 5482/8/6 5511/8/6
f 5510/10/6 5480/10/6 5511/10/6
f 5480/8/6 5481/8/6 5511/8/6
f 5482/10/6 5483/10/6 5512/10/6
f 5511/8/6 5482/8/6 5512/8/6
f 5512/10/6 5483/10/6 5513/10/6
f 5485/10/6 5486/10/6 5514/10/6
f 5484/10/6 5485/10/6 5514/10/6
f 5486/8/6 5466/8/6 5515/8/6
f 5514/10/6 5486/10/6 5515/10/6
f 5466/10/6 5487/10/6 5516/10/6
f 5515/8/6 5466/8/6 5516/8/6
f 5516/10/6 5487/10/6 5517/10/6
f 5489/10/6 5490/10/6 5518/10/6
f 5488/10/6 5489/10/6 5518/10/6
f 5518/10/6 5490/10/6 5519/10/6
f 5491/10/6 5492/10/6 5520/10/6
f 5492/10/6 5493/10/6 5520/10/6
f 5520/10/6 5493/10/6 5521/10/6
f 5494/10/6 5431/10/6 5522/10/6
f 5431/8/6 5495/8/6 5523/8/6
f 5522/10/6 5431/10/6 5523/10/6
f 5495/10/6 5496/10/6 5524/10/6
f 5523/8/6 5495/8/6 5524/8/6
f 5496/10/6 5497/10/6 5524/10/6
f 5524/10/6 5497/10/6 5525/10/6
f 5497/8/6 5498/8/6 5526/8/6
f 5525/10/6 5497/10/6 5526/10/6
f 5498/10/6 5499/10/6 5527/10/6
f 5526/8/6 5498/8/6 5527/8/6
f 5527/10/6 5499/10/6 5528/10/6
f 5500/10/6 5501/10/6 5529/10/6
f 5529/10/6 5501/10/6 5530/10/6
f 5502/10/6 5475/10/6 5531/10/6
f 5397/10/6 5503/10/6 5532/10/6
f 5506/10/6 5507/10/6 5533/10/6
f 5505/10/6 5506/10/6 5533/10/6
f 5504/10/6 5505/10/6 5533/10/6
f 5533/10/6 5507/10/6 5534/10/6
f 5524/10/6 5525/10/6 5535/10/6
f 5522/10/6 5523/10/6 5535/10/6
f 5523/10/6 5524/10/6 5535/10/6
f 5525/8/6 5526/8/6 5536/8/6
f 5535/10/6 5525/10/6 5536/10/6
f 5527/10/6 5528/10/6 5537/10/6
f 5536/8/6 5526/8/6 5537/8/6
f 5526/10/6 5527/10/6 5537/10/6
f 5512/10/6 5513/10/6 5538/10/6
f 5510/10/6 5511/10/6 5538/10/6
f 5511/10/6 5512/10/6 5538/10/6
f 5538/10/6 5513/10/6 5539/10/6
f 5516/10/6 5517/10/6 5540/10/6
f 5515/10/6 5516/10/6 5540/10/6
f 5514/10/6 5515/10/6 5540/10/6
f 5540/10/6 5517/10/6 5541/10/6
f 5518/10/6 5519/10/6 5542/10/6
f 5542/10/6 5519/10/6 5543/10/6
f 5520/10/6 5521/10/6 5544/10/6
f 5544/10/6 5521/10/6 5545/10/6
f 5522/10/6 5535/10/6 5546/10/6
f 5535/8/6 5536/8/6 5547/8/6
f 5546/10/6 5535/10/6 5547/10/6
f 5536/10/6 5537/10/6 5548/10/6
f 5547/8/6 5536/8/6 5548/8/6
f 5537/10/6 5528/10/6 5549/10/6
f 5548/10/6 5537/10/6 5549/10/6
f 5529/10/6 5530/10/6 5550/10/6
f 5550/10/6 5530/10/6 5551/10/6
f 5531/10/6 5475/10/6 5552/10/6
f 5396/8/6 5397/8/6 5553/8/6
f 5552/10/6 5475/10/6 5553/10/6
f 5475/10/6 5396/10/6 5553/10/6
f 5397/10/6 5532/10/6 5554/10/6
f 5553/8/6 5397/8/6 5554/8/6
f 5554/10/6 5532/10/6 5555/10/6
f 5533/10/6 5534/10/6 5556/10/6
f 5556/10/6 5534/10/6 5557/10/6
f 5558/3/6 5559/3/6 5560/3/6
f 5560/3/6 5559/3/6 5561/3/6
f 5558/3/6 5560/3/6 5562/3/6
f 5561/3/6 5559/3/6 5563/3/6
f 5558/3/6 5562/3/6 5564/3/6
f 5562/3/6 5563/3/6 5564/3/6
f 5563/3/6 5559/3/6 5565/3/6
f 5564/3/6 5563/3/6 5565/3/6
f 5566/3/6 5567/3/6 5568/3/6
f 5568/3/6 5567/3/6 5569/3/6
f 5566/3/6 5568/3/6 5570/3/6
f 5569/3/6 5567/3/6 5571/3/6
f 5566/3/6 5570/3/6 5572/3/6
f 5570/3/6 5571/3/6 5572/3/6
f 5571/3/6 5567/3/6 5573/3/6
f 5572/3/6 5571/3/6 5573/3/6
f 5574/7/6 5575/7/6 5576/7/6
f 5576/7/6 5575/7/6 5577/7/6
f 5578/7/6 5579/7/6 5580/7/6
f 5580/7/6 5579/7/6 5581/7/6
f 5582/7/6 5583/7/6 5584/7/6
f 5584/7/6 5583/7/6 5585/7/6
f 5586/7/6 5587/7/6 5588/7/6
f 5588/7/6 5587/7/6 5589/7/6
f 5590/3/6 5591/3/6 5592/3/6
f 5592/3/6 5591/3/6 5593/3/6
f 5590/3/6 5592/3/6 5594/3/6
f 5593/3/6 5591/3/6 5595/3/6
f 5590/3/6 5594/3/6 5596/3/6
f 5594/3/6 5595/3/6 5596/3/6
f 5595/3/6 5591/3/6 5597/3/6
f 5596/3/6 5595/3/6 5597/3/6
f 5598/5/6 5599/5/6 5600/5/6
f 5600/5/6 5599/5/6 5601/5/6
f 5598/5/6 5600/5/6 5604/5/6
f 5601/5/6 5599/5/6 5605/5/6
f 5602/7/6 5603/7/6 5606/7/6
f 5606/7/6 5603/7/6 5607/7/6
f 5604/5/6 5605/5/6 5608/5/6
f 5598/5/6 5604/5/6 5608/5/6
f 5605/5/6 5599/5/6 5609/5/6
f 5608/5/6 5605/5/6 5609/5/6
f 5610/5/6 5611/5/6 5612/5/6
f 5612/5/6 5611/5/6 5613/5/6
f 5610/5/6 5612/5/6 5614/5/6
f 5613/5/6 5611/5/6 5615/5/6
f 5610/5/6 5614/5/6 5616/5/6
f 5614/5/6 5615/5/6 5616/5/6
f 5615/5/6 5611/5/6 5617/5/6
f 5616/5/6 5615/5/6 5617/5/6
f 5618/7/6 5619/7/6 5620/7/6
f 5620/7/6 5619/7/6 5621/7/6
f 5622/7/6 5623/7/6 5624/7/6
f 5624/7/6 5623/7/6 5625/7/6
f 5626/1/6 5627/1/6 5628/1/6
f 5628/1/6 5627/1/6 5629/1/6
f 5630/7/6 5631/7/6 5632/7/6
f 5632/7/6 5631/7/6 5633/7/6
f 5634/4/6 5635/4/6 5636/4/6
f 5636/4/6 5635/4/6 5637/4/6
f 5638/9/6 5639/9/6 5640/9/6
f 5640/9/6 5639/9/6 5641/9/6
f 5641/9/6 5639/9/6 5643/9/6
f 5638/9/6 5640/9/6 5644/9/6
f 5638/9/6 5644/9/6 5646/9/6
f 5644/9/6 5645/9/6 5646/9/6
f 5646/9/6 5645/9/6 5647/9/6
f 5642/9/6 5643/9/6 5648/9/6
f 5646/9/6 5647/9/6 5649/9/6
f 5647/9/6 5648/9/6 5649/9/6
f 5649/9/6 5648/9/6 5650/9/6
f 5648/9/6 5643/9/6 5651/9/6
f 5650/9/6 5648/9/6 5651/9/6
f 5643/9/6 5639/9/6 5651/9/6
f 5652/4/6 5653/4/6 5656/4/6
f 5656/4/6 5653/4/6 5657/4/6
f 5654/4/6 5655/4/6 5658/4/6
f 5658/4/6 5655/4/6 5659/4/6
f 5660/4/6 5661/4/6 5664/4/6
f 5664/4/6 5661/4/6 5665/4/6
f 5662/4/6 5663/4/6 5666/4/6
f 5666/4/6 5663/4/6 5667/4/6
f 5668/4/6 5669/4/6 5672/4/6
f 5672/4/6 5669/4/6 5673/4/6
f 5670/4/6 5671/4/6 5674/4/6
f 5674/4/6 5671/4/6 5675/4/6
f 5676/4/6 5677/4/6 5680/4/6
f 5680/4/6 5677/4/6 5681/4/6
f 5680/10/6 5681/10/6 5682/10/6
f 5682/10/6 5681/10/6 5683/10/6
f 5682/4/6 5683/4/6 5684/4/6
f 5684/4/6 5683/4/6 5685/4/6
f 5678/4/6 5679/4/6 5686/4/6
f 5686/4/6 5679/4/6 5687/4/6
f 5688/4/6 5689/4/6 5692/4/6
f 5692/4/6 5689/4/6 5693/4/6
f 5690/4/6 5691/4/6 5708/4/6
f 5708/4/6 5691/4/6 5709/4/6
f 5693/4/6 5694/4/6 5710/4/6
f 5710/4/6 5694/4/6 5711/4/6
f 5695/4/6 5696/4/6 5712/4/6
f 5712/4/6 5696/4/6 5713/4/6
f 5697/4/6 5698/4/6 5714/4/6
f 5714/4/6 5698/4/6 5715/4/6
f 5699/4/6 5700/4/6 5716/4/6
f 5716/4/6 5700/4/6 5717/4/6
f 5701/4/6 5702/4/6 5718/4/6
f 5718/4/6 5702/4/6 5719/4/6
f 5703/4/6 5704/4/6 5720/4/6
f 5720/4/6 5704/4/6 5721/4/6
f 5705/4/6 5706/4/6 5722/4/6
f 5722/4/6 5706/4/6 5723/4/6
f 5707/4/6 5708/4/6 5724/4/6
f 5724/4/6 5708/4/6 5725/4/6
f 5730/9/6 5731/9/6 5732/9/6
f 5726/9/6 5727/9/6 5733/9/6
f 5733/9/6 5727/9/6 5734/9/6
f 5727/4/6 5728/4/6 5735/4/6
f 5734/9/6 5727/9/6 5735/9/6
f 5735/4/6 5728/4/6 5736/4/6
f 5729/4/6 5730/4/6 5737/4/6
f 5730/9/6 5732/9/6 5738/9/6
f 5737/4/6 5730/4/6 5738/4/6
f 5738/9/6 5732/9/6 5739/9/6
f 5744/9/6 5745/9/6 5746/9/6
f 5740/7/6 5741/7/6 5747/7/6
f 5741/4/6 5742/4/6 5748/4/6
f 5747/7/6 5741/7/6 5748/7/6
f 5747/8/6 5748/8/6 5749/8/6
f 5748/4/6 5742/4/6 5750/4/6
f 5749/8/6 5748/8/6 5750/8/6
f 5750/4/6 5742/4/6 5751/4/6
f 5743/4/6 5744/4/6 5752/4/6
f 5744/9/6 5746/9/6 5753/9/6
f 5752/4/6 5744/4/6 5753/4/6
f 5753/9/6 5746/9/6 5754/9/6
f 5759/9/6 5760/9/6 5761/9/6
f 5755/9/6 5756/9/6 5762/9/6
f 5762/9/6 5756/9/6 5763/9/6
f 5756/4/6 5757/4/6 5764/4/6
f 5763/9/6 5756/9/6 5764/9/6
f 5764/4/6 5757/4/6 5765/4/6
f 5758/4/6 5759/4/6 5766/4/6
f 5759/9/6 5761/9/6 5767/9/6
f 5766/4/6 5759/4/6 5767/4/6
f 5767/9/6 5761/9/6 5768/9/6
f 5769/6/6 5770/6/6 5775/6/6
f 5770/4/6 5771/4/6 5776/4/6
f 5775/6/6 5770/6/6 5776/6/6
f 5773/9/6 5774/9/6 5777/9/6
f 5775/9/6 5776/9/6 5778/9/6
f 5778/9/6 5776/9/6 5779/9/6
f 5776/4/6 5771/4/6 5780/4/6
f 5779/9/6 5776/9/6 5780/9/6
f 5780/4/6 5771/4/6 5781/4/6
f 5772/4/6 5773/4/6 5782/4/6
f 5773/9/6 5777/9/6 5783/9/6
f 5782/4/6 5773/4/6 5783/4/6
f 5783/9/6 5777/9/6 5784/9/6
f 5785/9/6 5786/9/6 5791/9/6
f 5789/9/6 5790/9/6 5792/9/6
f 5791/9/6 5786/9/6 5793/9/6
f 5793/9/6 5786/9/6 5794/9/6
f 5794/9/6 5786/9/6 5795/9/6
f 5786/4/6 5787/4/6 5796/4/6
f 5795/9/6 5786/9/6 5796/9/6
f 5796/4/6 5787/4/6 5797/4/6
f 5788/4/6 5789/4/6 5812/4/6
f 5789/9/6 5792/9/6 5813/9/6
f 5812/4/6 5789/4/6 5813/4/6
f 5813/9/6 5792/9/6 5814/9/6
f 5797/4/6 5798/4/6 5815/4/6
f 5815/4/6 5798/4/6 5816/4/6
f 5799/4/6 5800/4/6 5817/4/6
f 5817/4/6 5800/4/6 5818/4/6
f 5801/4/6 5802/4/6 5819/4/6
f 5819/4/6 5802/4/6 5820/4/6
f 5803/4/6 5804/4/6 5821/4/6
f 5821/4/6 5804/4/6 5822/4/6
f 5805/4/6 5806/4/6 5823/4/6
f 5823/4/6 5806/4/6 5824/4/6
f 5807/4/6 5808/4/6 5825/4/6
f 5825/4/6 5808/4/6 5826/4/6
f 5809/4/6 5810/4/6 5827/4/6
f 5827/4/6 5810/4/6 5828/4/6
f 5811/4/6 5812/4/6 5829/4/6
f 5829/4/6 5812/4/6 5830/4/6
f 5815/9/6 5816/9/6 5831/9/6
f 5831/9/6 5816/9/6 5832/9/6
f 5832/9/6 5816/9/6 5833/9/6
f 5817/9/6 5818/9/6 5834/9/6
f 5834/9/6 5818/9/6 5835/9/6
f 5835/9/6 5818/9/6 5836/9/6
f 5819/9/6 5820/9/6 5837/9/6
f 5837/9/6 5820/9/6 5838/9/6
f 5838/9/6 5820/9/6 5839/9/6
f 5821/9/6 5822/9/6 5840/9/6
f 5840/9/6 5822/9/6 5841/9/6
f 5841/9/6 5822/9/6 5842/9/6
f 5823/9/6 5824/9/6 5843/9/6
f 5843/9/6 5824/9/6 5844/9/6
f 5844/9/6 5824/9/6 5845/9/6
f 5825/9/6 5826/9/6 5846/9/6
f 5846/9/6 5826/9/6 5847/9/6
f 5847/9/6 5826/9/6 5848/9/6
f 5827/9/6 5828/9/6 5849/9/6
f 5849/9/6 5828/9/6 5850/9/6
f 5850/9/6 5828/9/6 5851/9/6
f 5829/9/6 5830/9/6 5852/9/6
f 5852/9/6 5830/9/6 5853/9/6
f 5853/9/6 5830/9/6 5854/9/6
f 5855/4/6 5856/4/6 5859/4/6
f 5859/4/6 5856/4/6 5860/4/6
f 5857/4/6 5858/4/6 5861/4/6
f 5861/4/6 5858/4/6 5862/4/6
f 5863/4/6 5864/4/6 5867/4/6
f 5867/4/6 5864/4/6 5868/4/6
f 5865/4/6 5866/4/6 5869/4/6
f 5869/4/6 5866/4/6 5870/4/6
f 5871/4/6 5872/4/6 5875/4/6
f 5875/4/6 5872/4/6 5876/4/6
f 5873/4/6 5874/4/6 5877/4/6
f 5877/4/6 5874/4/6 5878/4/6
f 5879/4/6 5880/4/6 5883/4/6
f 5883/4/6 5880/4/6 5884/4/6
f 5881/4/6 5882/4/6 5885/4/6
f 5885/4/6 5882/4/6 5886/4/6
f 5887/4/6 5888/4/6 5891/4/6
f 5891/4/6 5888/4/6 5892/4/6
f 5889/4/6 5890/4/6 5893/4/6
f 5893/4/6 5890/4/6 5894/4/6
f 5895/4/6 5896/4/6 5913/4/6
f 5913/4/6 5896/4/6 5914/4/6
f 5897/4/6 5898/4/6 5915/4/6
f 5915/4/6 5898/4/6 5916/4/6
f 5899/4/6 5900/4/6 5917/4/6
f 5917/4/6 5900/4/6 5918/4/6
f 5901/4/6 5902/4/6 5919/4/6
f 5919/4/6 5902/4/6 5920/4/6
f 5903/4/6 5904/4/6 5921/4/6
f 5921/4/6 5904/4/6 5922/4/6
f 5905/4/6 5906/4/6 5923/4/6
f 5923/4/6 5906/4/6 5924/4/6
f 5907/4/6 5908/4/6 5925/4/6
f 5925/4/6 5908/4/6 5926/4/6
f 5909/4/6 5910/4/6 5927/4/6
f 5927/4/6 5910/4/6 5928/4/6
f 5911/4/6 5912/4/6 5929/4/6
f 5929/4/6 5912/4/6 5930/4/6
f 5931/4/6 5932/4/6 5935/4/6
f 5935/4/6 5932/4/6 5936/4/6
f 5933/4/6 5934/4/6 5937/4/6
f 5937/4/6 5934/4/6 5938/4/6
f 5939/4/6 5940/4/6 5943/4/6
f 5943/4/6 5940/4/6 5944/4/6
f 5941/4/6 5942/4/6 5945/4/6
f 5945/4/6 5942/4/6 5946/4/6
f 5947/4/6 5948/4/6 5951/4/6
f 5951/4/6 5948/4/6 5952/4/6
f 5949/4/6 5950/4/6 5953/4/6
f 5953/4/6 5950/4/6 5954/4/6
f 5955/4/6 5956/4/6 5959/4/6
f 5959/4/6 5956/4/6 5960/4/6
f 5957/4/6 5958/4/6 5961/4/6
f 5961/4/6 5958/4/6 5962/4/6
f 5963/4/6 5964/4/6 5967/4/6
f 5967/4/6 5964/4/6 5968/4/6
f 5965/4/6 5966/4/6 5969/4/6
f 5969/4/6 5966/4/6 5970/4/6
f 5971/4/6 5972/4/6 5975/4/6
f 5975/4/6 5972/4/6 5976/4/6
f 5973/4/6 5974/4/6 5977/4/6
f 5977/4/6 5974/4/6 5978/4/6
f 5979/4/6 5980/4/6 5983/4/6
f 5983/4/6 5980/4/6 5984/4/6
f 5981/4/6 5982/4/6 5985/4/6
f 5985/4/6 5982/4/6 5986/4/6
f 5987/4/6 5988/4/6 5991/4/6
f 5991/4/6 5988/4/6 5992/4/6
f 5989/4/6 5990/4/6 5993/4/6
f 5993/4/6 5990/4/6 5994/4/6
f 5995/4/6 5996/4/6 5999/4/6
f 5999/4/6 5996/4/6 6000/4/6
f 5997/4/6 5998/4/6 6001/4/6
f 6001/4/6 5998/4/6 6002/4/6
f 6003/4/6 6004/4/6 6007/4/6
f 6007/4/6 6004/4/6 6008/4/6
f 6005/4/6 6006/4/6 6039/4/6
f 6039/4/6 6006/4/6 6040/4/6
f 6008/4/6 6009/4/6 6041/4/6
f 6041/4/6 6009/4/6 6042/4/6
f 6010/4/6 6011/4/6 6043/4/6
f 6043/4/6 6011/4/6 6044/4/6
f 6012/4/6 6013/4/6 6045/4/6
f 6045/4/6 6013/4/6 6046/4/6
f 6014/4/6 6015/4/6 6047/4/6
f 6047/4/6 6015/4/6 6048/4/6
f 6016/4/6 6017/4/6 6049/4/6
f 6049/4/6 6017/4/6 6050/4/6
f 6018/4/6 6019/4/6 6051/4/6
f 6051/4/6 6019/4/6 6052/4/6
f 6020/4/6 6021/4/6 6053/4/6
f 6053/4/6 6021/4/6 6054/4/6
f 6022/4/6 6023/4/6 6055/4/6
f 6055/4/6 6023/4/6 6056/4/6
f 6024/4/6 6025/4/6 6057/4/6
f 6057/4/6 6025/4/6 6058/4/6
f 6026/4/6 6027/4/6 6059/4/6
f 6059/4/6 6027/4/6 6060/4/6
f 6028/4/6 6029/4/6 6061/4/6
f 6061/4/6 6029/4/6 6062/4/6
f 6030/4/6 6031/4/6 6063/4/6
f 6063/4/6 6031/4/6 6064/4/6
f 6032/4/6 6033/4/6 6065/4/6
f 6065/4/6 6033/4/6 6066/4/6
f 6034/4/6 6035/4/6 6067/4/6
f 6067/4/6 6035/4/6 6068/4/6
f 6036/4/6 6037/4/6 6069/4/6
f 6069/4/6 6037/4/6 6070/4/6
f 6038/4/6 6039/4/6 6071/4/6
f 6071/4/6 6039/4/6 6072/4/6
f 6073/4/6 6074/4/6 6077/4/6
f 6077/4/6 6074/4/6 6078/4/6
f 6075/4/6 6076/4/6 6079/4/6
f 6079/4/6 6076/4/6 6080/4/6
f 6081/4/6 6082/4/6 6085/4/6
f 6085/4/6 6082/4/6 6086/4/6
f 6083/4/6 6084/4/6 6087/4/6
f 6087/4/6 6084/4/6 6088/4/6
f 6089/4/6 6090/4/6 6093/4/6
f 6093/4/6 6090/4/6 6094/4/6
f 6091/4/6 6092/4/6 6095/4/6
f 6095/4/6 6092/4/6 6096/4/6
f 6097/4/6 6098/4/6 6101/4/6
f 6101/4/6 6098/4/6 6102/4/6
f 6099/4/6 6100/4/6 6103/4/6
f 6103/4/6 6100/4/6 6104/4/6
f 6105/4/6 6106/4/6 6109/4/6
f 6109/4/6 6106/4/6 6110/4/6
f 6107/4/6 6108/4/6 6111/4/6
f 6111/4/6 6108/4/6 6112/4/6
f 6113/4/6 6114/4/6 6117/4/6
f 6117/4/6 6114/4/6 6118/4/6
f 6115/4/6 6116/4/6 6119/4/6
f 6119/4/6 6116/4/6 6120/4/6
f 6121/4/6 6122/4/6 6125/4/6
f 6125/4/6 6122/4/6 6126/4/6
f 6123/4/6 6124/4/6 6127/4/6
f 6127/4/6 6124/4/6 6128/4/6
f 6129/4/6 6130/4/6 6133/4/6
f 6133/4/6 6130/4/6 6134/4/6
f 6131/4/6 6132/4/6 6135/4/6
f 6135/4/6 6132/4/6 6136/4/6
f 6137/4/6 6138/4/6 6141/4/6
f 6141/4/6 6138/4/6 6142/4/6
f 6139/4/6 6140/4/6 6143/4/6
f 6143/4/6 6140/4/6 6144/4/6
f 6145/4/6 6146/4/6 6149/4/6
f 6149/4/6 6146/4/6 6150/4/6
f 6147/4/6 6148/4/6 6151/4/6
f 6151/4/6 6148/4/6 6152/4/6
f 6153/4/6 6154/4/6 6185/4/6
f 6185/4/6 6154/4/6 6186/4/6
f 6155/4/6 6156/4/6 6187/4/6
f 6187/4/6 6156/4/6 6188/4/6
f 6157/4/6 6158/4/6 6189/4/6
f 6189/4/6 6158/4/6 6190/4/6
f 6159/4/6 6160/4/6 6191/4/6
f 6191/4/6 6160/4/6 6192/4/6
f 6161/4/6 6162/4/6 6193/4/6
f 6193/4/6 6162/4/6 6194/4/6
f 6163/4/6 6164/4/6 6195/4/6
f 6195/4/6 6164/4/6 6196/4/6
f 6165/4/6 6166/4/6 6197/4/6
f 6197/4/6 6166/4/6 6198/4/6
f 6167/4/6 6168/4/6 6199/4/6
f 6199/4/6 6168/4/6 6200/4/6
f 6169/4/6 6170/4/6 6201/4/6
f 6201/4/6 6170/4/6 6202/4/6
f 6171/4/6 6172/4/6 6203/4/6
f 6203/4/6 6172/4/6 6204/4/6
f 6173/4/6 6174/4/6 6205/4/6
f 6205/4/6 6174/4/6 6206/4/6
f 6175/4/6 6176/4/6 6207/4/6
f 6207/4/6 6176/4/6 6208/4/6
f 6177/4/6 6178/4/6 6209/4/6
f 6209/4/6 6178/4/6 6210/4/6
f 6179/4/6 6180/4/6 6211/4/6
f 6211/4/6 6180/4/6 6212/4/6
f 6181/4/6 6182/4/6 6213/4/6
f 6213/4/6 6182/4/6 6214/4/6
f 6183/4/6 6184/4/6 6215/4/6
f 6215/4/6 6184/4/6 6216/4/6
f 6218/9/6 6219/9/6 6223/9/6
f 6223/9/6 6219/9/6 6224/9/6
f 6220/9/6 6221/9/6 6227/9/6
f 6224/4/6 6225/4/6 6228/4/6
f 6218/9/6 6223/9/6 6228/9/6
f 6223/4/6 6224/4/6 6228/4/6
f 6228/4/6 6225/4/6 6229/4/6
f 6229/4/6 6225/4/6 6230/4/6
f 6226/4/6 6227/4/6 6231/4/6
f 6227/9/6 6221/9/6 6232/9/6
f 6231/4/6 6227/4/6 6232/4/6
f 6217/3/6 6218/3/6 6233/3/6
f 6228/9/6 6229/9/6 6233/9/6
f 6218/9/6 6228/9/6 6233/9/6
f 6233/9/6 6229/9/6 6234/9/6
f 6234/9/6 6229/9/6 6235/9/6
f 6232/9/6 6221/9/6 6238/9/6
f 6217/3/6 6233/3/6 6239/3/6
f 6233/11/6 6234/11/6 6239/11/6
f 6235/4/6 6236/4/6 6240/4/6
f 6239/11/6 6234/11/6 6240/11/6
f 6234/4/6 6235/4/6 6240/4/6
f 6240/4/6 6236/4/6 6241/4/6
f 6241/4/6 6236/4/6 6242/4/6
f 6237/4/6 6238/4/6 6243/4/6
f 6238/9/6 6221/9/6 6244/9/6
f 6243/4/6 6238/4/6 6244/4/6
f 6239/9/6 6240/9/6 6245/9/6
f 6240/9/6 6241/9/6 6245/9/6
f 6245/9/6 6241/9/6 6246/9/6
f 6244/9/6 6221/9/6 6249/9/6
f 6246/4/6 6247/4/6 6250/4/6
f 6239/9/6 6245/9/6 6250/9/6
f 6245/4/6 6246/4/6 6250/4/6
f 6250/4/6 6247/4/6 6251/4/6
f 6251/4/6 6247/4/6 6252/4/6
f 6248/4/6 6249/4/6 6253/4/6
f 6249/9/6 6221/9/6 6254/9/6
f 6253/4/6 6249/4/6 6254/4/6
f 6239/9/6 6250/9/6 6255/9/6
f 6250/9/6 6251/9/6 6255/9/6
f 6255/9/6 6251/9/6 6256/9/6
f 6254/9/6 6221/9/6 6259/9/6
f 6256/4/6 6257/4/6 6260/4/6
f 6239/9/6 6255/9/6 6260/9/6
f 6255/4/6 6256/4/6 6260/4/6
f 6260/4/6 6257/4/6 6261/4/6
f 6261/4/6 6257/4/6 6262/4/6
f 6258/4/6 6259/4/6 6263/4/6
f 6259/9/6 6221/9/6 6264/9/6
f 6263/4/6 6259/4/6 6264/4/6
f 6239/9/6 6260/9/6 6265/9/6
f 6260/9/6 6261/9/6 6265/9/6
f 6265/9/6 6261/9/6 6266/9/6
f 6264/9/6 6221/9/6 6269/9/6
f 6266/4/6 6267/4/6 6270/4/6
f 6239/9/6 6265/9/6 6270/9/6
f 6265/4/6 6266/4/6 6270/4/6
f 6270/4/6 6267/4/6 6271/4/6
f 6271/4/6 6267/4/6 6272/4/6
f 6268/4/6 6269/4/6 6273/4/6
f 6269/9/6 6221/9/6 6274/9/6
f 6273/4/6 6269/4/6 6274/4/6
f 6270/9/6 6271/9/6 6291/9/6
f 6275/4/6 6276/4/6 6292/4/6
f 6292/4/6 6276/4/6 6293/4/6
f 6277/4/6 6278/4/6 6294/4/6
f 6294/4/6 6278/4/6 6295/4/6
f 6279/4/6 6280/4/6 6296/4/6
f 6296/4/6 6280/4/6 6297/4/6
f 6281/4/6 6282/4/6 6298/4/6
f 6298/4/6 6282/4/6 6299/4/6
f 6283/4/6 6284/4/6 6300/4/6
f 6300/4/6 6284/4/6 6301/4/6
f 6285/4/6 6286/4/6 6302/4/6
f 6302/4/6 6286/4/6 6303/4/6
f 6287/4/6 6288/4/6 6304/4/6
f 6304/4/6 6288/4/6 6305/4/6
f 6289/4/6 6290/4/6 6306/4/6
f 6306/4/6 6290/4/6 6307/4/6
f 6274/9/6 6221/9/6 6308/9/6
f 6217/3/6 6239/3/6 6309/3/6
f 6307/9/6 6308/9/6 6309/9/6
f 6306/9/6 6307/9/6 6309/9/6
f 6239/9/6 6270/9/6 6309/9/6
f 6305/9/6 6306/9/6 6309/9/6
f 6304/9/6 6305/9/6 6309/9/6
f 6303/9/6 6304/9/6 6309/9/6
f 6270/9/6 6291/9/6 6309/9/6
f 6301/9/6 6302/9/6 6309/9/6
f 6292/9/6 6293/9/6 6309/9/6
f 6299/9/6 6300/9/6 6309/9/6
f 6294/9/6 6295/9/6 6309/9/6
f 6297/9/6 6298/9/6 6309/9/6
f 6296/9/6 6297/9/6 6309/9/6
f 6295/9/6 6296/9/6 6309/9/6
f 6298/9/6 6299/9/6 6309/9/6
f 6293/9/6 6294/9/6 6309/9/6
f 6300/9/6 6301/9/6 6309/9/6
f 6291/9/6 6292/9/6 6309/9/6
f 6302/9/6 6303/9/6 6309/9/6
f 6308/9/6 6221/9/6 6310/9/6
f 6309/9/6 6308/9/6 6310/9/6
f 6221/3/6 6222/3/6 6310/3/6
f 6217/3/6 6309/3/6 6311/3/6
f 6309/3/6 6310/3/6 6311/3/6
f 6310/3/6 6222/3/6 6312/3/6
f 6311/3/6 6310/3/6 6312/3/6
