# MagicaVoxel @ Ephtracy

# group
o 

# material
mtllib floor.mtl
usemtl palette

# normals
vn -1 0 0
vn 1 0 0
vn 0 0 1
vn 0 0 -1
vn 0 -1 0
vn 0 1 0

# texcoords
vt 0.470703 0.5
vt 0.513672 0.5
vt 0.751953 0.5
vt 0.755859 0.5
vt 0.791016 0.5
vt 0.845703 0.5
vt 0.853516 0.5
vt 0.951172 0.5
vt 0.958984 0.5
vt 0.962891 0.5
vt 0.966797 0.5
vt 0.974609 0.5
vt 0.978516 0.5
vt 0.986328 0.5
vt 0.994141 0.5

# verts
v -5 0 4
v -5 0 3.9
v -5 0 -3.1
v -5 0 -3.2
v -5 0 -3.5
v -5 0 -4.2
v -5 0 -4.3
v -5 0.1 4
v -5 0.1 3.9
v -5 0.1 -3.1
v -5 0.1 -3.2
v -5 0.1 -3.5
v -5 0.1 -4.2
v -5 0.1 -4.3
v -4.6 0.8 -1.5
v -4.6 0.8 -2.4
v -4.6 0.9 -1.5
v -4.6 0.9 -2.4
v -4.3 0.2 -1.8
v -4.3 0.2 -2.1
v -4.3 0.8 -1.8
v -4.3 0.8 -2.1
v -4.3 0.9 -1.7
v -4.3 0.9 -1.8
v -4.3 0.9 -2.1
v -4.3 0.9 -2.2
v -4.3 1.2 -1.8
v -4.3 1.2 -2.1
v -4.3 1.3 -1.7
v -4.3 1.3 -2.2
v 0 0 3.4
v 0 0 3.3
v 0 0.1 3.4
v 0 0.1 3.3
v 2 0.7 -0.7
v 2 0.7 -1.8
v 2 0.8 -0.7
v 2 0.8 -1.8
v 2.4 0.2 -1.1
v 2.4 0.2 -1.4
v 2.4 0.7 -1.1
v 2.4 0.7 -1.4
v 2.5 0.8 -1
v 2.5 0.8 -1.6
v 2.5 0.9 -1.1
v 2.5 0.9 -1.3
v 2.5 1.1 -1.1
v 2.5 1.1 -1.3
v 2.5 1.1 -1.5
v 2.5 1.3 -1.3
v 2.5 1.3 -1.5
v 2.5 1.4 -1
v 2.5 1.4 -1.6
v 2.9 0 1.5
v 2.9 0 1.4
v 2.9 0.1 1.5
v 2.9 0.1 1.4
v 3 0 0.9
v 3 0 0.8
v 3 0 0.5
v 3 0 0.4
v 3 0.1 0.9
v 3 0.1 0.8
v 3 0.1 0.5
v 3 0.1 0.4
v -4.2 0.9 -1.7
v -4.2 0.9 -1.8
v -4.2 0.9 -2.1
v -4.2 0.9 -2.2
v -4.2 1.2 -1.8
v -4.2 1.2 -2.1
v -4.2 1.3 -1.7
v -4.2 1.3 -2.2
v -4 0.2 -1.8
v -4 0.2 -2.1
v -4 0.8 -1.8
v -4 0.8 -2.1
v -3.7 0.8 -1.5
v -3.7 0.8 -2.4
v -3.7 0.9 -1.5
v -3.7 0.9 -2.4
v -0.0999999 0 3.4
v -0.0999999 0 3.3
v -0.0999999 0.1 3.4
v -0.0999999 0.1 3.3
v 0.7 0 4
v 0.7 0 3.9
v 0.7 0.1 4
v 0.7 0.1 3.9
v 0.9 0 3.9
v 0.9 0 3.8
v 0.9 0.1 3.9
v 0.9 0.1 3.8
v 1.1 0 3.8
v 1.1 0 3.7
v 1.1 0.1 3.8
v 1.1 0.1 3.7
v 1.3 0 3.7
v 1.3 0 3.6
v 1.3 0.1 3.7
v 1.3 0.1 3.6
v 1.4 0 3.6
v 1.4 0 3.5
v 1.4 0.1 3.6
v 1.4 0.1 3.5
v 1.6 0 3.5
v 1.6 0 3.4
v 1.6 0.1 3.5
v 1.6 0.1 3.4
v 1.7 0 3.4
v 1.7 0 3.2
v 1.7 0.1 3.4
v 1.7 0.1 3.2
v 1.8 0 3.2
v 1.8 0 3.1
v 1.8 0.1 3.2
v 1.8 0.1 3.1
v 2 0 3.1
v 2 0 2.9
v 2 0.1 3.1
v 2 0.1 2.9
v 2.2 0 2.9
v 2.2 0 2.8
v 2.2 0.1 2.9
v 2.2 0.1 2.8
v 2.4 0 2.8
v 2.4 0 2.6
v 2.4 0.1 2.8
v 2.4 0.1 2.6
v 2.6 0 2.6
v 2.6 0 2.5
v 2.6 0.1 2.6
v 2.6 0.1 2.5
v 2.6 0.8 -1
v 2.6 0.8 -1.6
v 2.6 0.9 -1.1
v 2.6 0.9 -1.3
v 2.6 1.1 -1.1
v 2.6 1.1 -1.3
v 2.6 1.1 -1.5
v 2.6 1.3 -1.3
v 2.6 1.3 -1.5
v 2.6 1.4 -1
v 2.6 1.4 -1.6
v 2.7 0 2.5
v 2.7 0 2.4
v 2.7 0 2.3
v 2.7 0.1 2.5
v 2.7 0.1 2.4
v 2.7 0.1 2.3
v 2.7 0.2 -1.1
v 2.7 0.2 -1.4
v 2.7 0.7 -1.1
v 2.7 0.7 -1.4
v 2.8 0 1.5
v 2.8 0 1.4
v 2.8 0.1 1.5
v 2.8 0.1 1.4
v 2.9 0 2.3
v 2.9 0 2.1
v 2.9 0 0.9
v 2.9 0 0.8
v 2.9 0 0.5
v 2.9 0 0.4
v 2.9 0.1 2.3
v 2.9 0.1 2.1
v 2.9 0.1 0.9
v 2.9 0.1 0.8
v 2.9 0.1 0.5
v 2.9 0.1 0.4
v 3 0.7 -0.7
v 3 0.7 -0.8
v 3 0.7 -1.7
v 3 0.7 -1.8
v 3 0.8 -0.7
v 3 0.8 -0.8
v 3 0.8 -1.7
v 3 0.8 -1.8
v 3.1 0 2.1
v 3.1 0 1.9
v 3.1 0.1 2.1
v 3.1 0.1 1.9
v 3.2 0 1.9
v 3.2 0 1.7
v 3.2 0.1 1.9
v 3.2 0.1 1.7
v 3.4 0 1.7
v 3.4 0 1.6
v 3.4 0.1 1.7
v 3.4 0.1 1.6
v 3.5 0 1.6
v 3.5 0 1.4
v 3.5 0.1 1.6
v 3.5 0.1 1.4
v 3.6 0 1.4
v 3.6 0 1.2
v 3.6 0.1 1.4
v 3.6 0.1 1.2
v 3.7 0 1.2
v 3.7 0 1
v 3.7 0.1 1.2
v 3.7 0.1 1
v 3.8 0 1
v 3.8 0 0.8
v 3.8 0.1 1
v 3.8 0.1 0.8
v 3.9 0 0.8
v 3.9 0 0.6
v 3.9 0.1 0.8
v 3.9 0.1 0.6
v 4 0 0.6
v 4 0 0.4
v 4 0.1 0.6
v 4 0.1 0.4
v 4.1 0 0.4
v 4.1 0 0.2
v 4.1 0.1 0.4
v 4.1 0.1 0.2
v 4.2 0 0.2
v 4.2 0 0
v 4.2 0.1 0.2
v 4.2 0.1 0
v 4.3 0 0
v 4.3 0 -0.2
v 4.3 0.1 0
v 4.3 0.1 -0.2
v 4.4 0 -0.2
v 4.4 0 -0.5
v 4.4 0.1 -0.2
v 4.4 0.1 -0.5
v 4.5 0 -0.5
v 4.5 0 -0.8
v 4.5 0.1 -0.5
v 4.5 0.1 -0.8
v 4.6 0 -0.8
v 4.6 0 -1.2
v 4.6 0.1 -0.8
v 4.6 0.1 -1.2
v 4.7 0 -1.2
v 4.7 0 -1.4
v 4.7 0.1 -1.2
v 4.7 0.1 -1.4
v 4.8 0 -1.4
v 4.8 0 -1.7
v 4.8 0.1 -1.4
v 4.8 0.1 -1.7
v 4.9 0 -1.7
v 4.9 0 -2.1
v 4.9 0.1 -1.7
v 4.9 0.1 -2.1
v 5 0 -2.1
v 5 0 -4.3
v 5 0.1 -2.1
v 5 0.1 -4.3
v -5 0 4
v -5 0.1 4
v 0.7 0 4
v 0.7 0.1 4
v 0.7 0 3.9
v 0.7 0.1 3.9
v 0.8 0 3.9
v 0.8 0.1 3.9
v 0.9 0 3.9
v 0.9 0.1 3.9
v 0.9 0 3.8
v 0.9 0.1 3.8
v 1.1 0 3.8
v 1.1 0.1 3.8
v 1.1 0 3.7
v 1.1 0.1 3.7
v 1.3 0 3.7
v 1.3 0.1 3.7
v 1.3 0 3.6
v 1.3 0.1 3.6
v 1.4 0 3.6
v 1.4 0.1 3.6
v 1.4 0 3.5
v 1.4 0.1 3.5
v 1.6 0 3.5
v 1.6 0.1 3.5
v 1.6 0 3.4
v 1.6 0.1 3.4
v 1.7 0 3.4
v 1.7 0.1 3.4
v -0.0999999 0 3.3
v -0.0999999 0.1 3.3
v 0 0 3.3
v 0 0.1 3.3
v 1.7 0 3.2
v 1.7 0.1 3.2
v 1.8 0 3.2
v 1.8 0.1 3.2
v 1.8 0 3.1
v 1.8 0.1 3.1
v 2 0 3.1
v 2 0.1 3.1
v 2 0 2.9
v 2 0.1 2.9
v 2.2 0 2.9
v 2.2 0.1 2.9
v 2.2 0 2.8
v 2.2 0.1 2.8
v 2.4 0 2.8
v 2.4 0.1 2.8
v 2.4 0 2.6
v 2.4 0.1 2.6
v 2.6 0 2.6
v 2.6 0.1 2.6
v 2.6 0 2.5
v 2.6 0.1 2.5
v 2.7 0 2.5
v 2.7 0.1 2.5
v 2.7 0 2.3
v 2.7 0.1 2.3
v 2.9 0 2.3
v 2.9 0.1 2.3
v 2.9 0 2.1
v 2.9 0.1 2.1
v 3.1 0 2.1
v 3.1 0.1 2.1
v 3.1 0 1.9
v 3.1 0.1 1.9
v 3.2 0 1.9
v 3.2 0.1 1.9
v 3.2 0 1.7
v 3.2 0.1 1.7
v 3.4 0 1.7
v 3.4 0.1 1.7
v 3.4 0 1.6
v 3.4 0.1 1.6
v 3.5 0 1.6
v 3.5 0.1 1.6
v 2.8 0 1.4
v 2.8 0.1 1.4
v 2.9 0 1.4
v 2.9 0.1 1.4
v 3.5 0 1.4
v 3.5 0.1 1.4
v 3.6 0 1.4
v 3.6 0.1 1.4
v 3.6 0 1.2
v 3.6 0.1 1.2
v 3.7 0 1.2
v 3.7 0.1 1.2
v 3.7 0 1
v 3.7 0.1 1
v 3.8 0 1
v 3.8 0.1 1
v 2.9 0 0.8
v 2.9 0.1 0.8
v 3 0 0.8
v 3 0.1 0.8
v 3.8 0 0.8
v 3.8 0.1 0.8
v 3.9 0 0.8
v 3.9 0.1 0.8
v 3.9 0 0.6
v 3.9 0.1 0.6
v 4 0 0.6
v 4 0.1 0.6
v 2.9 0 0.4
v 2.9 0.1 0.4
v 3 0 0.4
v 3 0.1 0.4
v 4 0 0.4
v 4 0.1 0.4
v 4.1 0 0.4
v 4.1 0.1 0.4
v 4.1 0 0.2
v 4.1 0.1 0.2
v 4.2 0 0.2
v 4.2 0.1 0.2
v 4.2 0 0
v 4.2 0.1 0
v 4.3 0 0
v 4.3 0.1 0
v 4.3 0 -0.2
v 4.3 0.1 -0.2
v 4.4 0 -0.2
v 4.4 0.1 -0.2
v 4.4 0 -0.5
v 4.4 0.1 -0.5
v 4.5 0 -0.5
v 4.5 0.1 -0.5
v 2 0.7 -0.7
v 2 0.8 -0.7
v 3 0.7 -0.7
v 3 0.8 -0.7
v 4.5 0 -0.8
v 4.5 0.1 -0.8
v 4.6 0 -0.8
v 4.6 0.1 -0.8
v 2.5 0.8 -1
v 2.5 1.4 -1
v 2.6 0.8 -1
v 2.6 1.4 -1
v 2.4 0.2 -1.1
v 2.4 0.7 -1.1
v 2.5 0.7 -1.1
v 2.6 0.7 -1.1
v 2.7 0.2 -1.1
v 2.7 0.7 -1.1
v 4.6 0 -1.2
v 4.6 0.1 -1.2
v 4.7 0 -1.2
v 4.7 0.1 -1.2
v 4.7 0 -1.4
v 4.7 0.1 -1.4
v 4.8 0 -1.4
v 4.8 0.1 -1.4
v -4.6 0.8 -1.5
v -4.6 0.9 -1.5
v -3.7 0.8 -1.5
v -3.7 0.9 -1.5
v -4.3 0.9 -1.7
v -4.3 1.3 -1.7
v -4.2 0.9 -1.7
v -4.2 1.3 -1.7
v 4.8 0 -1.7
v 4.8 0.1 -1.7
v 4.9 0 -1.7
v 4.9 0.1 -1.7
v -4.3 0.2 -1.8
v -4.3 0.8 -1.8
v -4 0.2 -1.8
v -4 0.8 -1.8
v 4.9 0 -2.1
v 4.9 0.1 -2.1
v 5 0 -2.1
v 5 0.1 -2.1
v -0.0999999 0 3.4
v -0.0999999 0.1 3.4
v 0 0 3.4
v 0 0.1 3.4
v 2.8 0 1.5
v 2.8 0.1 1.5
v 2.9 0 1.5
v 2.9 0.1 1.5
v 2.9 0 0.9
v 2.9 0.1 0.9
v 3 0 0.9
v 3 0.1 0.9
v 2.9 0 0.5
v 2.9 0.1 0.5
v 3 0 0.5
v 3 0.1 0.5
v 2.4 0.2 -1.4
v 2.4 0.7 -1.4
v 2.7 0.2 -1.4
v 2.7 0.7 -1.4
v 2.5 0.8 -1.6
v 2.5 1.4 -1.6
v 2.6 0.8 -1.6
v 2.6 1.4 -1.6
v 2 0.7 -1.8
v 2 0.8 -1.8
v 3 0.7 -1.8
v 3 0.8 -1.8
v -4.3 0.2 -2.1
v -4.3 0.8 -2.1
v -4 0.2 -2.1
v -4 0.8 -2.1
v -4.3 0.9 -2.2
v -4.3 1.3 -2.2
v -4.2 0.9 -2.2
v -4.2 1.3 -2.2
v -4.6 0.8 -2.4
v -4.6 0.9 -2.4
v -3.7 0.8 -2.4
v -3.7 0.9 -2.4
v -5 0 -4.3
v -5 0.1 -4.3
v 5 0 -4.3
v 5 0.1 -4.3
v -5 0 4
v 0.7 0 4
v -5 0 3.9
v -2.5 0 3.9
v -2.1 0 3.9
v 0.7 0 3.9
v 0.8 0 3.9
v 0.9 0 3.9
v 0.7 0 3.8
v 0.8 0 3.8
v 0.9 0 3.8
v 1.1 0 3.8
v -3.2 0 3.7
v -2.9 0 3.7
v 1.1 0 3.7
v 1.3 0 3.7
v -4.2 0 3.6
v -3.6 0 3.6
v -2.5 0 3.6
v -2.1 0 3.6
v 0.8 0 3.6
v 0.9 0 3.6
v 1.3 0 3.6
v 1.4 0 3.6
v -1.7 0 3.5
v -1.3 0 3.5
v -1 0 3.5
v -0.6 0 3.5
v 0.9 0 3.5
v 1.1 0 3.5
v 1.4 0 3.5
v 1.6 0 3.5
v -3.9 0 3.4
v -3.8 0 3.4
v -0.3 0 3.4
v -0.0999999 0 3.4
v 0 0 3.4
v 0.1 0 3.4
v 0.5 0 3.4
v 0.8 0 3.4
v 1.1 0 3.4
v 1.2 0 3.4
v 1.6 0 3.4
v 1.7 0 3.4
v -3.9 0 3.3
v -3.8 0 3.3
v -3.2 0 3.3
v -2.9 0 3.3
v -0.0999999 0 3.3
v 0 0 3.3
v 1.2 0 3.3
v 1.3 0 3.3
v -4.2 0 3.2
v -3.6 0 3.2
v 1.3 0 3.2
v 1.4 0 3.2
v 1.7 0 3.2
v 1.8 0 3.2
v -2.5 0 3.1
v -2.1 0 3.1
v -1.7 0 3.1
v -1.3 0 3.1
v -1 0 3.1
v -0.6 0 3.1
v 1.4 0 3.1
v 1.5 0 3.1
v 1.8 0 3.1
v 2 0 3.1
v -0.3 0 3
v 0.1 0 3
v 0.5 0 3
v 0.8 0 3
v 1.5 0 3
v 1.6 0 3
v 1.6 0 2.9
v 1.7 0 2.9
v 2 0 2.9
v 2.2 0 2.9
v -4.8 0 2.8
v -4.4 0 2.8
v -4 0 2.8
v -3.6 0 2.8
v -3.2 0 2.8
v -2.9 0 2.8
v 1.7 0 2.8
v 1.9 0 2.8
v 2.2 0 2.8
v 2.4 0 2.8
v -2.5 0 2.6
v -2.1 0 2.6
v -1.7 0 2.6
v -1.3 0 2.6
v -0.6 0 2.6
v -0.2 0 2.6
v 0.2 0 2.6
v 0.6 0 2.6
v 1.9 0 2.6
v 2.1 0 2.6
v 2.4 0 2.6
v 2.6 0 2.6
v 2.1 0 2.5
v 2.2 0 2.5
v 2.6 0 2.5
v 2.7 0 2.5
v -4.8 0 2.4
v -4.4 0 2.4
v -4 0 2.4
v -3.6 0 2.4
v -3.2 0 2.4
v -2.9 0 2.4
v 1.1 0 2.4
v 1.3 0 2.4
v 2.2 0 2.4
v 2.6 0 2.4
v 2.7 0 2.4
v 1.3 0 2.3
v 1.5 0 2.3
v 2.6 0 2.3
v 2.7 0 2.3
v 2.9 0 2.3
v -1.7 0 2.2
v -1.3 0 2.2
v -0.6 0 2.2
v -0.2 0 2.2
v 0.2 0 2.2
v 0.6 0 2.2
v 1.1 0 2.2
v 1.5 0 2.2
v 2.7 0 2.2
v 2.8 0 2.2
v 2.8 0 2.1
v 2.9 0 2.1
v 3.1 0 2.1
v -2.5 0 2
v -2.1 0 2
v 2.9 0 2
v 3 0 2
v -4.9 0 1.9
v -4.5 0 1.9
v -4 0 1.9
v -3.9 0 1.9
v -3.7 0 1.9
v -3.6 0 1.9
v -3.2 0 1.9
v -2.9 0 1.9
v 3 0 1.9
v 3.1 0 1.9
v 3.2 0 1.9
v -4 0 1.8
v -3.9 0 1.8
v -3.7 0 1.8
v -3.6 0 1.8
v -1.7 0 1.8
v -1.3 0 1.8
v -1 0 1.8
v -0.9 0 1.8
v -0.7 0 1.8
v -0.6 0 1.8
v -0.2 0 1.8
v 0.3 0 1.8
v 0.9 0 1.8
v 1 0 1.8
v 1.4 0 1.8
v 2 0 1.8
v 2.5 0 1.8
v -1 0 1.7
v -0.9 0 1.7
v -0.7 0 1.7
v -0.6 0 1.7
v 0.9 0 1.7
v 1 0 1.7
v 1.4 0 1.7
v 1.5 0 1.7
v 3.1 0 1.7
v 3.2 0 1.7
v 3.4 0 1.7
v -4 0 1.6
v -3.9 0 1.6
v -3.7 0 1.6
v -3.6 0 1.6
v 3.2 0 1.6
v 3.3 0 1.6
v 3.4 0 1.6
v 3.5 0 1.6
v -4.9 0 1.5
v -4.5 0 1.5
v -4 0 1.5
v -3.9 0 1.5
v -3.7 0 1.5
v -3.6 0 1.5
v -3.2 0 1.5
v -2.9 0 1.5
v -1 0 1.5
v -0.9 0 1.5
v -0.7 0 1.5
v -0.6 0 1.5
v 0.9 0 1.5
v 1 0 1.5
v 1.4 0 1.5
v 1.5 0 1.5
v 2.8 0 1.5
v 2.9 0 1.5
v 3.3 0 1.5
v 3.4 0 1.5
v -2.5 0 1.4
v -2.1 0 1.4
v -1.7 0 1.4
v -1.3 0 1.4
v -1 0 1.4
v -0.9 0 1.4
v -0.7 0 1.4
v -0.6 0 1.4
v -0.2 0 1.4
v 0.3 0 1.4
v 0.9 0 1.4
v 1 0 1.4
v 1.4 0 1.4
v 2 0 1.4
v 2.5 0 1.4
v 2.8 0 1.4
v 2.9 0 1.4
v 3.4 0 1.4
v 3.5 0 1.4
v 3.6 0 1.4
v 3.5 0 1.2
v 3.6 0 1.2
v 3.7 0 1.2
v -1.7 0 1
v -1.3 0 1
v -0.9 0 1
v -0.5 0 1
v -0.0999999 0 1
v 0.3 0 1
v 0.7 0 1
v 1.1 0 1
v 1.6 0 1
v 2 0 1
v 2.5 0 1
v 2.9 0 1
v 3.6 0 1
v 3.7 0 1
v 3.8 0 1
v -4.7 0 0.9
v -4.3 0 0.9
v -3.9 0 0.9
v -3.5 0 0.9
v 2.9 0 0.9
v 3 0 0.9
v 2.9 0 0.8
v 3 0 0.8
v 3.7 0 0.8
v 3.8 0 0.8
v 3.9 0 0.8
v -1.7 0 0.6
v -1.3 0 0.6
v -0.9 0 0.6
v -0.5 0 0.6
v -0.0999999 0 0.6
v 0.3 0 0.6
v 0.7 0 0.6
v 1.1 0 0.6
v 1.6 0 0.6
v 2 0 0.6
v 2.5 0 0.6
v 2.9 0 0.6
v 3.8 0 0.6
v 3.9 0 0.6
v 4 0 0.6
v -4.7 0 0.5
v -4.3 0 0.5
v -3.9 0 0.5
v -3.5 0 0.5
v 2.9 0 0.5
v 3 0 0.5
v 3.5 0 0.5
v 3.9 0 0.5
v -0.8 0 0.4
v -0.5 0 0.4
v 2.9 0 0.4
v 3 0 0.4
v 3.9 0 0.4
v 4 0 0.4
v 4.1 0 0.4
v -0.9 0 0.3
v -0.8 0 0.3
v -0.5 0 0.3
v -0.4 0 0.3
v -0.9 0 0.2
v -0.8 0 0.2
v -0.5 0 0.2
v -0.4 0 0.2
v 4.1 0 0.2
v 4.2 0 0.2
v -0.8 0 0.0999999
v -0.5 0 0.0999999
v 4 0 0.0999999
v 4.1 0 0.0999999
v -4.9 0 0
v -4.8 0 0
v -4.6 0 0
v -4.5 0 0
v -3.8 0 0
v -3.4 0 0
v -2.9 0 0
v -2.4 0 0
v -1.8 0 0
v -1.4 0 0
v -1.2 0 0
v -0.8 0 0
v -0.4 0 0
v 0 0 0
v 0.5 0 0
v 0.9 0 0
v 1.4 0 0
v 1.5 0 0
v 1.7 0 0
v 1.8 0 0
v 2.3 0 0
v 2.7 0 0
v 3.2 0 0
v 3.7 0 0
v 4.1 0 0
v 4.2 0 0
v 4.3 0 0
v -4.9 0 -0.1
v -4.8 0 -0.1
v -4.6 0 -0.1
v -4.5 0 -0.1
v 1.4 0 -0.1
v 1.5 0 -0.1
v 1.7 0 -0.1
v 1.8 0 -0.1
v 3.9 0 -0.1
v 4 0 -0.1
v 4.2 0 -0.2
v 4.3 0 -0.2
v 4.4 0 -0.2
v -4.9 0 -0.3
v -4.8 0 -0.3
v -4.6 0 -0.3
v -4.5 0 -0.3
v 1.4 0 -0.3
v 1.5 0 -0.3
v 1.7 0 -0.3
v 1.8 0 -0.3
v -4.9 0 -0.4
v -4.8 0 -0.4
v -4.6 0 -0.4
v -4.5 0 -0.4
v -3.8 0 -0.4
v -3.4 0 -0.4
v -2.9 0 -0.4
v -2.4 0 -0.4
v -1.8 0 -0.4
v -1.4 0 -0.4
v -1.2 0 -0.4
v -0.8 0 -0.4
v -0.4 0 -0.4
v 0 0 -0.4
v 0.5 0 -0.4
v 0.9 0 -0.4
v 1.4 0 -0.4
v 1.5 0 -0.4
v 1.7 0 -0.4
v 1.8 0 -0.4
v 2.3 0 -0.4
v 2.7 0 -0.4
v 3.2 0 -0.4
v 3.7 0 -0.4
v 4.3 0 -0.5
v 4.4 0 -0.5
v 4.5 0 -0.5
v 4 0 -0.6
v 4.3 0 -0.6
v 4.4 0 -0.6
v 3.2 0 -0.8
v 3.6 0 -0.8
v 4.4 0 -0.8
v 4.5 0 -0.8
v 4.6 0 -0.8
v -4.4 0 -0.9
v -4 0 -0.9
v -3.5 0 -0.9
v -3.1 0 -0.9
v -2.6 0 -0.9
v -2.2 0 -0.9
v -1.8 0 -0.9
v -1.4 0 -0.9
v -0.9 0 -0.9
v -0.5 0 -0.9
v 0.7 0 -0.9
v 1.1 0 -0.9
v 1.5 0 -0.9
v 1.9 0 -0.9
v 3.2 0 -1.2
v 3.6 0 -1.2
v 4.5 0 -1.2
v 4.6 0 -1.2
v 4.7 0 -1.2
v -4.4 0 -1.3
v -4 0 -1.3
v -3.5 0 -1.3
v -3.1 0 -1.3
v -2.6 0 -1.3
v -2.2 0 -1.3
v -1.8 0 -1.3
v -1.4 0 -1.3
v -0.9 0 -1.3
v -0.5 0 -1.3
v 0.7 0 -1.3
v 1.1 0 -1.3
v 1.5 0 -1.3
v 1.9 0 -1.3
v 4.3 0 -1.4
v 4.4 0 -1.4
v 4.6 0 -1.4
v 4.7 0 -1.4
v 4.8 0 -1.4
v -1.5 0 -1.6
v -1.4 0 -1.6
v -1.1 0 -1.6
v -1 0 -1.6
v -4.5 0 -1.7
v -4.1 0 -1.7
v -3.6 0 -1.7
v -3.5 0 -1.7
v -3.3 0 -1.7
v -3.2 0 -1.7
v -2.6 0 -1.7
v -2.1 0 -1.7
v -1.5 0 -1.7
v -1.4 0 -1.7
v -1.1 0 -1.7
v -1 0 -1.7
v 0.8 0 -1.7
v 1.3 0 -1.7
v 2 0 -1.7
v 2.5 0 -1.7
v 3.4 0 -1.7
v 3.9 0 -1.7
v 4.7 0 -1.7
v 4.8 0 -1.7
v 4.9 0 -1.7
v -3.6 0 -1.8
v -3.5 0 -1.8
v -3.3 0 -1.8
v -3.2 0 -1.8
v -3.6 0 -1.9
v -3.5 0 -1.9
v -3.3 0 -1.9
v -3.2 0 -1.9
v -1.5 0 -1.9
v -1.4 0 -1.9
v -1.1 0 -1.9
v -1 0 -1.9
v -4.5 0 -2
v -4.1 0 -2
v -3.6 0 -2
v -3.5 0 -2
v -3.3 0 -2
v -3.2 0 -2
v -2.6 0 -2
v -2.1 0 -2
v -1.5 0 -2
v -1.4 0 -2
v -1.1 0 -2
v -1 0 -2
v 0.8 0 -2
v 1.3 0 -2
v 2 0 -2
v 2.5 0 -2
v 3.4 0 -2
v 3.9 0 -2
v 4.4 0 -2
v 4.8 0 -2
v 4.8 0 -2.1
v 4.9 0 -2.1
v 5 0 -2.1
v 2.6 0 -2.4
v 2.7 0 -2.4
v 3 0 -2.4
v 3.1 0 -2.4
v -4.9 0 -2.5
v -4.5 0 -2.5
v -4.1 0 -2.5
v -3.7 0 -2.5
v -3.2 0 -2.5
v -2.8 0 -2.5
v -2.2 0 -2.5
v -1.7 0 -2.5
v -1.2 0 -2.5
v -0.8 0 -2.5
v -0.3 0 -2.5
v 0.1 0 -2.5
v 0.6 0 -2.5
v 1.1 0 -2.5
v 1.7 0 -2.5
v 2.1 0 -2.5
v 2.6 0 -2.5
v 2.7 0 -2.5
v 3 0 -2.5
v 3.1 0 -2.5
v 3.8 0 -2.5
v 4.3 0 -2.5
v 2.6 0 -2.7
v 2.7 0 -2.7
v 3 0 -2.7
v 3.1 0 -2.7
v -4.9 0 -2.8
v -4.5 0 -2.8
v -4.1 0 -2.8
v -3.7 0 -2.8
v -3.2 0 -2.8
v -2.8 0 -2.8
v -2.2 0 -2.8
v -1.7 0 -2.8
v -1.2 0 -2.8
v -0.8 0 -2.8
v -0.3 0 -2.8
v 0.1 0 -2.8
v 0.6 0 -2.8
v 1.1 0 -2.8
v 1.7 0 -2.8
v 2.1 0 -2.8
v 2.6 0 -2.8
v 2.7 0 -2.8
v 3 0 -2.8
v 3.1 0 -2.8
v 3.8 0 -2.8
v 4.3 0 -2.8
v -5 0 -3.1
v -4.6 0 -3.1
v -3.9 0 -3.1
v -3.5 0 -3.1
v -2.8 0 -3.1
v -2.3 0 -3.1
v -1.7 0 -3.1
v -1.2 0 -3.1
v -0.5 0 -3.1
v 0 0 -3.1
v 0.8 0 -3.1
v 1.2 0 -3.1
v 1.8 0 -3.1
v 2.2 0 -3.1
v 2.8 0 -3.1
v 3.2 0 -3.1
v 3.8 0 -3.1
v 4.2 0 -3.1
v -5 0 -3.2
v -4.6 0 -3.2
v -5 0 -3.5
v -4.6 0 -3.5
v -3.9 0 -3.5
v -3.5 0 -3.5
v -2.8 0 -3.5
v -2.3 0 -3.5
v -1.7 0 -3.5
v -1.2 0 -3.5
v -0.5 0 -3.5
v 0 0 -3.5
v 0.8 0 -3.5
v 1.2 0 -3.5
v 1.8 0 -3.5
v 2.2 0 -3.5
v 2.8 0 -3.5
v 3.2 0 -3.5
v 3.8 0 -3.5
v 4.2 0 -3.5
v 1 0 -3.8
v 4.9 0 -3.8
v -4.6 0 -3.9
v -4.2 0 -3.9
v -3.8 0 -3.9
v -3.4 0 -3.9
v -2.9 0 -3.9
v -2.5 0 -3.9
v -1.9 0 -3.9
v -1.4 0 -3.9
v -0.8 0 -3.9
v -0.4 0 -3.9
v 0.2 0 -3.9
v 0.5 0 -3.9
v 0.6 0 -3.9
v 0.1 0 -4
v 0.2 0 -4
v 0.5 0 -4
v 0.6 0 -4
v 0.1 0 -4.1
v 0.2 0 -4.1
v 0.5 0 -4.1
v 0.6 0 -4.1
v -5 0 -4.2
v -4.6 0 -4.2
v -4.2 0 -4.2
v -3.8 0 -4.2
v -3.4 0 -4.2
v -2.9 0 -4.2
v -2.5 0 -4.2
v -1.9 0 -4.2
v -1.4 0 -4.2
v -0.8 0 -4.2
v -0.4 0 -4.2
v 0.2 0 -4.2
v 0.5 0 -4.2
v 0.6 0 -4.2
v 1 0 -4.2
v -5 0 -4.3
v 5 0 -4.3
v 2.4 0.2 -1.1
v 2.7 0.2 -1.1
v 2.4 0.2 -1.4
v 2.7 0.2 -1.4
v -4.3 0.2 -1.8
v -4 0.2 -1.8
v -4.3 0.2 -2.1
v -4 0.2 -2.1
v 2 0.7 -0.7
v 3 0.7 -0.7
v 2.1 0.7 -0.8
v 3 0.7 -0.8
v 2.5 0.7 -1
v 2.6 0.7 -1
v 2.4 0.7 -1.1
v 2.5 0.7 -1.1
v 2.6 0.7 -1.1
v 2.7 0.7 -1.1
v 2.4 0.7 -1.4
v 2.7 0.7 -1.4
v 2.1 0.7 -1.7
v 3 0.7 -1.7
v 2 0.7 -1.8
v 3 0.7 -1.8
v -4.6 0.8 -1.5
v -3.7 0.8 -1.5
v -4.5 0.8 -1.6
v -3.8 0.8 -1.6
v -4.3 0.8 -1.8
v -4 0.8 -1.8
v -4.3 0.8 -2.1
v -4 0.8 -2.1
v -4.5 0.8 -2.3
v -3.8 0.8 -2.3
v -4.6 0.8 -2.4
v -3.7 0.8 -2.4
v -5 0.1 4
v 0.7 0.1 4
v -5 0.1 3.9
v -2.5 0.1 3.9
v -2.1 0.1 3.9
v 0.7 0.1 3.9
v 0.8 0.1 3.9
v 0.9 0.1 3.9
v 0.7 0.1 3.8
v 0.8 0.1 3.8
v 0.9 0.1 3.8
v 1.1 0.1 3.8
v -3.2 0.1 3.7
v -2.9 0.1 3.7
v 1.1 0.1 3.7
v 1.3 0.1 3.7
v -4.2 0.1 3.6
v -3.6 0.1 3.6
v -2.5 0.1 3.6
v -2.1 0.1 3.6
v 0.8 0.1 3.6
v 0.9 0.1 3.6
v 1.3 0.1 3.6
v 1.4 0.1 3.6
v -1.7 0.1 3.5
v -1.3 0.1 3.5
v -1 0.1 3.5
v -0.6 0.1 3.5
v 0.9 0.1 3.5
v 1.1 0.1 3.5
v 1.4 0.1 3.5
v 1.6 0.1 3.5
v -3.9 0.1 3.4
v -3.8 0.1 3.4
v -0.3 0.1 3.4
v -0.0999999 0.1 3.4
v 0 0.1 3.4
v 0.1 0.1 3.4
v 0.5 0.1 3.4
v 0.8 0.1 3.4
v 1.1 0.1 3.4
v 1.2 0.1 3.4
v 1.6 0.1 3.4
v 1.7 0.1 3.4
v -3.9 0.1 3.3
v -3.8 0.1 3.3
v -3.2 0.1 3.3
v -2.9 0.1 3.3
v -0.0999999 0.1 3.3
v 0 0.1 3.3
v 1.2 0.1 3.3
v 1.3 0.1 3.3
v -4.2 0.1 3.2
v -3.6 0.1 3.2
v 1.3 0.1 3.2
v 1.4 0.1 3.2
v 1.7 0.1 3.2
v 1.8 0.1 3.2
v -2.5 0.1 3.1
v -2.1 0.1 3.1
v -1.7 0.1 3.1
v -1.3 0.1 3.1
v -1 0.1 3.1
v -0.6 0.1 3.1
v 1.4 0.1 3.1
v 1.5 0.1 3.1
v 1.8 0.1 3.1
v 2 0.1 3.1
v -0.3 0.1 3
v 0.1 0.1 3
v 0.5 0.1 3
v 0.8 0.1 3
v 1.5 0.1 3
v 1.6 0.1 3
v 1.6 0.1 2.9
v 1.7 0.1 2.9
v 2 0.1 2.9
v 2.2 0.1 2.9
v -4.8 0.1 2.8
v -4.4 0.1 2.8
v -4 0.1 2.8
v -3.6 0.1 2.8
v -3.2 0.1 2.8
v -2.9 0.1 2.8
v 1.7 0.1 2.8
v 1.9 0.1 2.8
v 2.2 0.1 2.8
v 2.4 0.1 2.8
v -2.5 0.1 2.6
v -2.1 0.1 2.6
v -1.7 0.1 2.6
v -1.3 0.1 2.6
v -0.6 0.1 2.6
v -0.2 0.1 2.6
v 0.2 0.1 2.6
v 0.6 0.1 2.6
v 1.9 0.1 2.6
v 2.1 0.1 2.6
v 2.4 0.1 2.6
v 2.6 0.1 2.6
v 2.1 0.1 2.5
v 2.2 0.1 2.5
v 2.6 0.1 2.5
v 2.7 0.1 2.5
v -4.8 0.1 2.4
v -4.4 0.1 2.4
v -4 0.1 2.4
v -3.6 0.1 2.4
v -3.2 0.1 2.4
v -2.9 0.1 2.4
v 1.1 0.1 2.4
v 1.3 0.1 2.4
v 2.2 0.1 2.4
v 2.6 0.1 2.4
v 2.7 0.1 2.4
v 1.3 0.1 2.3
v 1.5 0.1 2.3
v 2.6 0.1 2.3
v 2.7 0.1 2.3
v 2.9 0.1 2.3
v -1.7 0.1 2.2
v -1.3 0.1 2.2
v -0.6 0.1 2.2
v -0.2 0.1 2.2
v 0.2 0.1 2.2
v 0.6 0.1 2.2
v 1.1 0.1 2.2
v 1.5 0.1 2.2
v 2.7 0.1 2.2
v 2.8 0.1 2.2
v 2.8 0.1 2.1
v 2.9 0.1 2.1
v 3.1 0.1 2.1
v -2.5 0.1 2
v -2.1 0.1 2
v 2.9 0.1 2
v 3 0.1 2
v -4.9 0.1 1.9
v -4.5 0.1 1.9
v -4 0.1 1.9
v -3.9 0.1 1.9
v -3.7 0.1 1.9
v -3.6 0.1 1.9
v -3.2 0.1 1.9
v -2.9 0.1 1.9
v 3 0.1 1.9
v 3.1 0.1 1.9
v 3.2 0.1 1.9
v -4 0.1 1.8
v -3.9 0.1 1.8
v -3.7 0.1 1.8
v -3.6 0.1 1.8
v -1.7 0.1 1.8
v -1.3 0.1 1.8
v -1 0.1 1.8
v -0.9 0.1 1.8
v -0.7 0.1 1.8
v -0.6 0.1 1.8
v -0.2 0.1 1.8
v 0.3 0.1 1.8
v 0.9 0.1 1.8
v 1 0.1 1.8
v 1.4 0.1 1.8
v 2 0.1 1.8
v 2.5 0.1 1.8
v -1 0.1 1.7
v -0.9 0.1 1.7
v -0.7 0.1 1.7
v -0.6 0.1 1.7
v 0.9 0.1 1.7
v 1 0.1 1.7
v 1.4 0.1 1.7
v 1.5 0.1 1.7
v 3.1 0.1 1.7
v 3.2 0.1 1.7
v 3.4 0.1 1.7
v -4 0.1 1.6
v -3.9 0.1 1.6
v -3.7 0.1 1.6
v -3.6 0.1 1.6
v 3.2 0.1 1.6
v 3.3 0.1 1.6
v 3.4 0.1 1.6
v 3.5 0.1 1.6
v -4.9 0.1 1.5
v -4.5 0.1 1.5
v -4 0.1 1.5
v -3.9 0.1 1.5
v -3.7 0.1 1.5
v -3.6 0.1 1.5
v -3.2 0.1 1.5
v -2.9 0.1 1.5
v -1 0.1 1.5
v -0.9 0.1 1.5
v -0.7 0.1 1.5
v -0.6 0.1 1.5
v 0.9 0.1 1.5
v 1 0.1 1.5
v 1.4 0.1 1.5
v 1.5 0.1 1.5
v 2.8 0.1 1.5
v 2.9 0.1 1.5
v 3.3 0.1 1.5
v 3.4 0.1 1.5
v -2.5 0.1 1.4
v -2.1 0.1 1.4
v -1.7 0.1 1.4
v -1.3 0.1 1.4
v -1 0.1 1.4
v -0.9 0.1 1.4
v -0.7 0.1 1.4
v -0.6 0.1 1.4
v -0.2 0.1 1.4
v 0.3 0.1 1.4
v 0.9 0.1 1.4
v 1 0.1 1.4
v 1.4 0.1 1.4
v 2 0.1 1.4
v 2.5 0.1 1.4
v 2.8 0.1 1.4
v 2.9 0.1 1.4
v 3.4 0.1 1.4
v 3.5 0.1 1.4
v 3.6 0.1 1.4
v 3.5 0.1 1.2
v 3.6 0.1 1.2
v 3.7 0.1 1.2
v -1.7 0.1 1
v -1.3 0.1 1
v -0.9 0.1 1
v -0.5 0.1 1
v -0.0999999 0.1 1
v 0.3 0.1 1
v 0.7 0.1 1
v 1.1 0.1 1
v 1.6 0.1 1
v 2 0.1 1
v 2.5 0.1 1
v 2.9 0.1 1
v 3.6 0.1 1
v 3.7 0.1 1
v 3.8 0.1 1
v -4.7 0.1 0.9
v -4.3 0.1 0.9
v -3.9 0.1 0.9
v -3.5 0.1 0.9
v 2.9 0.1 0.9
v 3 0.1 0.9
v 2.9 0.1 0.8
v 3 0.1 0.8
v 3.7 0.1 0.8
v 3.8 0.1 0.8
v 3.9 0.1 0.8
v -1.7 0.1 0.6
v -1.3 0.1 0.6
v -0.9 0.1 0.6
v -0.5 0.1 0.6
v -0.0999999 0.1 0.6
v 0.3 0.1 0.6
v 0.7 0.1 0.6
v 1.1 0.1 0.6
v 1.6 0.1 0.6
v 2 0.1 0.6
v 2.5 0.1 0.6
v 2.9 0.1 0.6
v 3.8 0.1 0.6
v 3.9 0.1 0.6
v 4 0.1 0.6
v -4.7 0.1 0.5
v -4.3 0.1 0.5
v -3.9 0.1 0.5
v -3.5 0.1 0.5
v 2.9 0.1 0.5
v 3 0.1 0.5
v 3.5 0.1 0.5
v 3.9 0.1 0.5
v -0.8 0.1 0.4
v -0.5 0.1 0.4
v 2.9 0.1 0.4
v 3 0.1 0.4
v 3.9 0.1 0.4
v 4 0.1 0.4
v 4.1 0.1 0.4
v -0.9 0.1 0.3
v -0.8 0.1 0.3
v -0.5 0.1 0.3
v -0.4 0.1 0.3
v -0.9 0.1 0.2
v -0.8 0.1 0.2
v -0.5 0.1 0.2
v -0.4 0.1 0.2
v 4.1 0.1 0.2
v 4.2 0.1 0.2
v -0.8 0.1 0.0999999
v -0.5 0.1 0.0999999
v 4 0.1 0.0999999
v 4.1 0.1 0.0999999
v -4.9 0.1 0
v -4.8 0.1 0
v -4.6 0.1 0
v -4.5 0.1 0
v -3.8 0.1 0
v -3.4 0.1 0
v -2.9 0.1 0
v -2.4 0.1 0
v -1.8 0.1 0
v -1.4 0.1 0
v -1.2 0.1 0
v -0.8 0.1 0
v -0.4 0.1 0
v 0 0.1 0
v 0.5 0.1 0
v 0.9 0.1 0
v 1.4 0.1 0
v 1.5 0.1 0
v 1.7 0.1 0
v 1.8 0.1 0
v 2.3 0.1 0
v 2.7 0.1 0
v 3.2 0.1 0
v 3.7 0.1 0
v 4.1 0.1 0
v 4.2 0.1 0
v 4.3 0.1 0
v -4.9 0.1 -0.1
v -4.8 0.1 -0.1
v -4.6 0.1 -0.1
v -4.5 0.1 -0.1
v 1.4 0.1 -0.1
v 1.5 0.1 -0.1
v 1.7 0.1 -0.1
v 1.8 0.1 -0.1
v 3.9 0.1 -0.1
v 4 0.1 -0.1
v 4.2 0.1 -0.2
v 4.3 0.1 -0.2
v 4.4 0.1 -0.2
v -4.9 0.1 -0.3
v -4.8 0.1 -0.3
v -4.6 0.1 -0.3
v -4.5 0.1 -0.3
v 1.4 0.1 -0.3
v 1.5 0.1 -0.3
v 1.7 0.1 -0.3
v 1.8 0.1 -0.3
v -4.9 0.1 -0.4
v -4.8 0.1 -0.4
v -4.6 0.1 -0.4
v -4.5 0.1 -0.4
v -3.8 0.1 -0.4
v -3.4 0.1 -0.4
v -2.9 0.1 -0.4
v -2.4 0.1 -0.4
v -1.8 0.1 -0.4
v -1.4 0.1 -0.4
v -1.2 0.1 -0.4
v -0.8 0.1 -0.4
v -0.4 0.1 -0.4
v 0 0.1 -0.4
v 0.5 0.1 -0.4
v 0.9 0.1 -0.4
v 1.4 0.1 -0.4
v 1.5 0.1 -0.4
v 1.7 0.1 -0.4
v 1.8 0.1 -0.4
v 2.3 0.1 -0.4
v 2.7 0.1 -0.4
v 3.2 0.1 -0.4
v 3.7 0.1 -0.4
v 4.3 0.1 -0.5
v 4.4 0.1 -0.5
v 4.5 0.1 -0.5
v 4 0.1 -0.6
v 4.3 0.1 -0.6
v 4.4 0.1 -0.6
v 3.2 0.1 -0.8
v 3.6 0.1 -0.8
v 4.4 0.1 -0.8
v 4.5 0.1 -0.8
v 4.6 0.1 -0.8
v -4.4 0.1 -0.9
v -4 0.1 -0.9
v -3.5 0.1 -0.9
v -3.1 0.1 -0.9
v -2.6 0.1 -0.9
v -2.2 0.1 -0.9
v -1.8 0.1 -0.9
v -1.4 0.1 -0.9
v -0.9 0.1 -0.9
v -0.5 0.1 -0.9
v 0.7 0.1 -0.9
v 1.1 0.1 -0.9
v 1.5 0.1 -0.9
v 1.9 0.1 -0.9
v 3.2 0.1 -1.2
v 3.6 0.1 -1.2
v 4.5 0.1 -1.2
v 4.6 0.1 -1.2
v 4.7 0.1 -1.2
v -4.4 0.1 -1.3
v -4 0.1 -1.3
v -3.5 0.1 -1.3
v -3.1 0.1 -1.3
v -2.6 0.1 -1.3
v -2.2 0.1 -1.3
v -1.8 0.1 -1.3
v -1.4 0.1 -1.3
v -0.9 0.1 -1.3
v -0.5 0.1 -1.3
v 0.7 0.1 -1.3
v 1.1 0.1 -1.3
v 1.5 0.1 -1.3
v 1.9 0.1 -1.3
v 4.3 0.1 -1.4
v 4.4 0.1 -1.4
v 4.6 0.1 -1.4
v 4.7 0.1 -1.4
v 4.8 0.1 -1.4
v -1.5 0.1 -1.6
v -1.4 0.1 -1.6
v -1.1 0.1 -1.6
v -1 0.1 -1.6
v -4.5 0.1 -1.7
v -4.1 0.1 -1.7
v -3.6 0.1 -1.7
v -3.5 0.1 -1.7
v -3.3 0.1 -1.7
v -3.2 0.1 -1.7
v -2.6 0.1 -1.7
v -2.1 0.1 -1.7
v -1.5 0.1 -1.7
v -1.4 0.1 -1.7
v -1.1 0.1 -1.7
v -1 0.1 -1.7
v 0.8 0.1 -1.7
v 1.3 0.1 -1.7
v 2 0.1 -1.7
v 2.5 0.1 -1.7
v 3.4 0.1 -1.7
v 3.9 0.1 -1.7
v 4.7 0.1 -1.7
v 4.8 0.1 -1.7
v 4.9 0.1 -1.7
v -3.6 0.1 -1.8
v -3.5 0.1 -1.8
v -3.3 0.1 -1.8
v -3.2 0.1 -1.8
v -3.6 0.1 -1.9
v -3.5 0.1 -1.9
v -3.3 0.1 -1.9
v -3.2 0.1 -1.9
v -1.5 0.1 -1.9
v -1.4 0.1 -1.9
v -1.1 0.1 -1.9
v -1 0.1 -1.9
v -4.5 0.1 -2
v -4.1 0.1 -2
v -3.6 0.1 -2
v -3.5 0.1 -2
v -3.3 0.1 -2
v -3.2 0.1 -2
v -2.6 0.1 -2
v -2.1 0.1 -2
v -1.5 0.1 -2
v -1.4 0.1 -2
v -1.1 0.1 -2
v -1 0.1 -2
v 0.8 0.1 -2
v 1.3 0.1 -2
v 2 0.1 -2
v 2.5 0.1 -2
v 3.4 0.1 -2
v 3.9 0.1 -2
v 4.4 0.1 -2
v 4.8 0.1 -2
v 4.8 0.1 -2.1
v 4.9 0.1 -2.1
v 5 0.1 -2.1
v 2.6 0.1 -2.4
v 2.7 0.1 -2.4
v 3 0.1 -2.4
v 3.1 0.1 -2.4
v -4.9 0.1 -2.5
v -4.5 0.1 -2.5
v -4.1 0.1 -2.5
v -3.7 0.1 -2.5
v -3.2 0.1 -2.5
v -2.8 0.1 -2.5
v -2.2 0.1 -2.5
v -1.7 0.1 -2.5
v -1.2 0.1 -2.5
v -0.8 0.1 -2.5
v -0.3 0.1 -2.5
v 0.1 0.1 -2.5
v 0.6 0.1 -2.5
v 1.1 0.1 -2.5
v 1.7 0.1 -2.5
v 2.1 0.1 -2.5
v 2.6 0.1 -2.5
v 2.7 0.1 -2.5
v 3 0.1 -2.5
v 3.1 0.1 -2.5
v 3.8 0.1 -2.5
v 4.3 0.1 -2.5
v 2.6 0.1 -2.7
v 2.7 0.1 -2.7
v 3 0.1 -2.7
v 3.1 0.1 -2.7
v -4.9 0.1 -2.8
v -4.5 0.1 -2.8
v -4.1 0.1 -2.8
v -3.7 0.1 -2.8
v -3.2 0.1 -2.8
v -2.8 0.1 -2.8
v -2.2 0.1 -2.8
v -1.7 0.1 -2.8
v -1.2 0.1 -2.8
v -0.8 0.1 -2.8
v -0.3 0.1 -2.8
v 0.1 0.1 -2.8
v 0.6 0.1 -2.8
v 1.1 0.1 -2.8
v 1.7 0.1 -2.8
v 2.1 0.1 -2.8
v 2.6 0.1 -2.8
v 2.7 0.1 -2.8
v 3 0.1 -2.8
v 3.1 0.1 -2.8
v 3.8 0.1 -2.8
v 4.3 0.1 -2.8
v -5 0.1 -3.1
v -4.6 0.1 -3.1
v -3.9 0.1 -3.1
v -3.5 0.1 -3.1
v -2.8 0.1 -3.1
v -2.3 0.1 -3.1
v -1.7 0.1 -3.1
v -1.2 0.1 -3.1
v -0.5 0.1 -3.1
v 0 0.1 -3.1
v 0.8 0.1 -3.1
v 1.2 0.1 -3.1
v 1.8 0.1 -3.1
v 2.2 0.1 -3.1
v 2.8 0.1 -3.1
v 3.2 0.1 -3.1
v 3.8 0.1 -3.1
v 4.2 0.1 -3.1
v -5 0.1 -3.2
v -4.6 0.1 -3.2
v -5 0.1 -3.5
v -4.6 0.1 -3.5
v -3.9 0.1 -3.5
v -3.5 0.1 -3.5
v -2.8 0.1 -3.5
v -2.3 0.1 -3.5
v -1.7 0.1 -3.5
v -1.2 0.1 -3.5
v -0.5 0.1 -3.5
v 0 0.1 -3.5
v 0.8 0.1 -3.5
v 1.2 0.1 -3.5
v 1.8 0.1 -3.5
v 2.2 0.1 -3.5
v 2.8 0.1 -3.5
v 3.2 0.1 -3.5
v 3.8 0.1 -3.5
v 4.2 0.1 -3.5
v 1 0.1 -3.8
v 4.9 0.1 -3.8
v -4.6 0.1 -3.9
v -4.2 0.1 -3.9
v -3.8 0.1 -3.9
v -3.4 0.1 -3.9
v -2.9 0.1 -3.9
v -2.5 0.1 -3.9
v -1.9 0.1 -3.9
v -1.4 0.1 -3.9
v -0.8 0.1 -3.9
v -0.4 0.1 -3.9
v 0.2 0.1 -3.9
v 0.5 0.1 -3.9
v 0.6 0.1 -3.9
v 0.1 0.1 -4
v 0.2 0.1 -4
v 0.5 0.1 -4
v 0.6 0.1 -4
v 0.1 0.1 -4.1
v 0.2 0.1 -4.1
v 0.5 0.1 -4.1
v 0.6 0.1 -4.1
v -5 0.1 -4.2
v -4.6 0.1 -4.2
v -4.2 0.1 -4.2
v -3.8 0.1 -4.2
v -3.4 0.1 -4.2
v -2.9 0.1 -4.2
v -2.5 0.1 -4.2
v -1.9 0.1 -4.2
v -1.4 0.1 -4.2
v -0.8 0.1 -4.2
v -0.4 0.1 -4.2
v 0.2 0.1 -4.2
v 0.5 0.1 -4.2
v 0.6 0.1 -4.2
v 1 0.1 -4.2
v -5 0.1 -4.3
v 5 0.1 -4.3
v 2 0.8 -0.7
v 3 0.8 -0.7
v 2.1 0.8 -0.8
v 3 0.8 -0.8
v 2.5 0.8 -1
v 2.6 0.8 -1
v 2.5 0.8 -1.6
v 2.6 0.8 -1.6
v 2.1 0.8 -1.7
v 3 0.8 -1.7
v 2 0.8 -1.8
v 3 0.8 -1.8
v -4.6 0.9 -1.5
v -3.7 0.9 -1.5
v -4.5 0.9 -1.6
v -3.8 0.9 -1.6
v -4.3 0.9 -1.7
v -4.2 0.9 -1.7
v -4.3 0.9 -1.8
v -4.2 0.9 -1.8
v -4.3 0.9 -2.1
v -4.2 0.9 -2.1
v -4.3 0.9 -2.2
v -4.2 0.9 -2.2
v -4.5 0.9 -2.3
v -3.8 0.9 -2.3
v -4.6 0.9 -2.4
v -3.7 0.9 -2.4
v -4.3 1.3 -1.7
v -4.2 1.3 -1.7
v -4.3 1.3 -2.2
v -4.2 1.3 -2.2
v 2.5 1.4 -1
v 2.6 1.4 -1
v 2.5 1.4 -1.6
v 2.6 1.4 -1.6

# faces
f 8/13/1 2/13/1 1/13/1
f 9/12/1 3/12/1 2/12/1
f 9/13/1 2/13/1 8/13/1
f 10/13/1 4/13/1 3/13/1
f 10/12/1 3/12/1 9/12/1
f 11/1/1 5/1/1 4/1/1
f 11/13/1 4/13/1 10/13/1
f 12/12/1 6/12/1 5/12/1
f 12/1/1 5/1/1 11/1/1
f 13/13/1 7/13/1 6/13/1
f 13/12/1 6/12/1 12/12/1
f 14/13/1 7/13/1 13/13/1
f 17/15/1 16/15/1 15/15/1
f 18/15/1 16/15/1 17/15/1
f 21/10/1 20/10/1 19/10/1
f 22/10/1 20/10/1 21/10/1
f 27/6/1 25/6/1 24/6/1
f 27/5/1 24/5/1 23/5/1
f 28/5/1 26/5/1 25/5/1
f 28/6/1 25/6/1 27/6/1
f 29/5/1 27/5/1 23/5/1
f 29/5/1 28/5/1 27/5/1
f 30/5/1 26/5/1 28/5/1
f 30/5/1 28/5/1 29/5/1
f 33/1/1 32/1/1 31/1/1
f 34/1/1 32/1/1 33/1/1
f 37/8/1 36/8/1 35/8/1
f 38/8/1 36/8/1 37/8/1
f 41/13/1 40/13/1 39/13/1
f 42/13/1 40/13/1 41/13/1
f 45/2/1 44/2/1 43/2/1
f 46/2/1 44/2/1 45/2/1
f 47/2/1 45/2/1 43/2/1
f 47/7/1 46/7/1 45/7/1
f 48/2/1 44/2/1 46/2/1
f 48/7/1 46/7/1 47/7/1
f 49/2/1 44/2/1 48/2/1
f 50/2/1 48/2/1 47/2/1
f 50/7/1 49/7/1 48/7/1
f 51/2/1 44/2/1 49/2/1
f 51/7/1 49/7/1 50/7/1
f 52/2/1 47/2/1 43/2/1
f 52/2/1 50/2/1 47/2/1
f 52/2/1 51/2/1 50/2/1
f 53/2/1 44/2/1 51/2/1
f 53/2/1 51/2/1 52/2/1
f 56/12/1 55/12/1 54/12/1
f 57/12/1 55/12/1 56/12/1
f 62/12/1 59/12/1 58/12/1
f 63/12/1 59/12/1 62/12/1
f 64/12/1 61/12/1 60/12/1
f 65/12/1 61/12/1 64/12/1
f 66/5/2 67/5/2 70/5/2
f 67/6/2 68/6/2 70/6/2
f 68/5/2 69/5/2 71/5/2
f 70/6/2 68/6/2 71/6/2
f 66/5/2 70/5/2 72/5/2
f 70/5/2 71/5/2 72/5/2
f 71/5/2 69/5/2 73/5/2
f 72/5/2 71/5/2 73/5/2
f 74/10/2 75/10/2 76/10/2
f 76/10/2 75/10/2 77/10/2
f 78/15/2 79/15/2 80/15/2
f 80/15/2 79/15/2 81/15/2
f 82/1/2 83/1/2 84/1/2
f 84/1/2 83/1/2 85/1/2
f 86/13/2 87/13/2 88/13/2
f 88/13/2 87/13/2 89/13/2
f 90/14/2 91/14/2 92/14/2
f 92/14/2 91/14/2 93/14/2
f 94/14/2 95/14/2 96/14/2
f 96/14/2 95/14/2 97/14/2
f 98/14/2 99/14/2 100/14/2
f 100/14/2 99/14/2 101/14/2
f 102/14/2 103/14/2 104/14/2
f 104/14/2 103/14/2 105/14/2
f 106/14/2 107/14/2 108/14/2
f 108/14/2 107/14/2 109/14/2
f 110/14/2 111/14/2 112/14/2
f 112/14/2 111/14/2 113/14/2
f 114/14/2 115/14/2 116/14/2
f 116/14/2 115/14/2 117/14/2
f 118/14/2 119/14/2 120/14/2
f 120/14/2 119/14/2 121/14/2
f 122/14/2 123/14/2 124/14/2
f 124/14/2 123/14/2 125/14/2
f 126/14/2 127/14/2 128/14/2
f 128/14/2 127/14/2 129/14/2
f 130/14/2 131/14/2 132/14/2
f 132/14/2 131/14/2 133/14/2
f 134/2/2 135/2/2 136/2/2
f 136/2/2 135/2/2 137/2/2
f 134/2/2 136/2/2 138/2/2
f 136/7/2 137/7/2 138/7/2
f 137/2/2 135/2/2 139/2/2
f 138/7/2 137/7/2 139/7/2
f 139/2/2 135/2/2 140/2/2
f 138/2/2 139/2/2 141/2/2
f 139/7/2 140/7/2 141/7/2
f 140/2/2 135/2/2 142/2/2
f 141/7/2 140/7/2 142/7/2
f 134/2/2 138/2/2 143/2/2
f 138/2/2 141/2/2 143/2/2
f 141/2/2 142/2/2 143/2/2
f 142/2/2 135/2/2 144/2/2
f 143/2/2 142/2/2 144/2/2
f 145/14/2 146/14/2 148/14/2
f 146/15/2 147/15/2 149/15/2
f 148/14/2 146/14/2 149/14/2
f 149/15/2 147/15/2 150/15/2
f 151/13/2 152/13/2 153/13/2
f 153/13/2 152/13/2 154/13/2
f 155/12/2 156/12/2 157/12/2
f 157/12/2 156/12/2 158/12/2
f 159/14/2 160/14/2 165/14/2
f 165/14/2 160/14/2 166/14/2
f 161/13/2 162/13/2 167/13/2
f 167/13/2 162/13/2 168/13/2
f 163/12/2 164/12/2 169/12/2
f 169/12/2 164/12/2 170/12/2
f 171/8/2 172/8/2 175/8/2
f 172/9/2 173/9/2 176/9/2
f 175/8/2 172/8/2 176/8/2
f 173/8/2 174/8/2 177/8/2
f 176/9/2 173/9/2 177/9/2
f 177/8/2 174/8/2 178/8/2
f 179/14/2 180/14/2 181/14/2
f 181/14/2 180/14/2 182/14/2
f 183/14/2 184/14/2 185/14/2
f 185/14/2 184/14/2 186/14/2
f 187/14/2 188/14/2 189/14/2
f 189/14/2 188/14/2 190/14/2
f 191/14/2 192/14/2 193/14/2
f 193/14/2 192/14/2 194/14/2
f 195/14/2 196/14/2 197/14/2
f 197/14/2 196/14/2 198/14/2
f 199/14/2 200/14/2 201/14/2
f 201/14/2 200/14/2 202/14/2
f 203/14/2 204/14/2 205/14/2
f 205/14/2 204/14/2 206/14/2
f 207/14/2 208/14/2 209/14/2
f 209/14/2 208/14/2 210/14/2
f 211/14/2 212/14/2 213/14/2
f 213/14/2 212/14/2 214/14/2
f 215/14/2 216/14/2 217/14/2
f 217/14/2 216/14/2 218/14/2
f 219/14/2 220/14/2 221/14/2
f 221/14/2 220/14/2 222/14/2
f 223/14/2 224/14/2 225/14/2
f 225/14/2 224/14/2 226/14/2
f 227/14/2 228/14/2 229/14/2
f 229/14/2 228/14/2 230/14/2
f 231/14/2 232/14/2 233/14/2
f 233/14/2 232/14/2 234/14/2
f 235/14/2 236/14/2 237/14/2
f 237/14/2 236/14/2 238/14/2
f 239/14/2 240/14/2 241/14/2
f 241/14/2 240/14/2 242/14/2
f 243/14/2 244/14/2 245/14/2
f 245/14/2 244/14/2 246/14/2
f 247/14/2 248/14/2 249/14/2
f 249/14/2 248/14/2 250/14/2
f 251/13/2 252/13/2 253/13/2
f 253/13/2 252/13/2 254/13/2
f 257/13/3 256/13/3 255/13/3
f 258/13/3 256/13/3 257/13/3
f 261/15/3 260/15/3 259/15/3
f 262/15/3 260/15/3 261/15/3
f 263/14/3 262/14/3 261/14/3
f 264/14/3 262/14/3 263/14/3
f 267/14/3 266/14/3 265/14/3
f 268/14/3 266/14/3 267/14/3
f 271/14/3 270/14/3 269/14/3
f 272/14/3 270/14/3 271/14/3
f 275/14/3 274/14/3 273/14/3
f 276/14/3 274/14/3 275/14/3
f 279/14/3 278/14/3 277/14/3
f 280/14/3 278/14/3 279/14/3
f 283/14/3 282/14/3 281/14/3
f 284/14/3 282/14/3 283/14/3
f 287/1/3 286/1/3 285/1/3
f 288/1/3 286/1/3 287/1/3
f 291/14/3 290/14/3 289/14/3
f 292/14/3 290/14/3 291/14/3
f 295/14/3 294/14/3 293/14/3
f 296/14/3 294/14/3 295/14/3
f 299/14/3 298/14/3 297/14/3
f 300/14/3 298/14/3 299/14/3
f 303/14/3 302/14/3 301/14/3
f 304/14/3 302/14/3 303/14/3
f 307/14/3 306/14/3 305/14/3
f 308/14/3 306/14/3 307/14/3
f 311/14/3 310/14/3 309/14/3
f 312/14/3 310/14/3 311/14/3
f 315/14/3 314/14/3 313/14/3
f 316/14/3 314/14/3 315/14/3
f 319/14/3 318/14/3 317/14/3
f 320/14/3 318/14/3 319/14/3
f 323/14/3 322/14/3 321/14/3
f 324/14/3 322/14/3 323/14/3
f 327/14/3 326/14/3 325/14/3
f 328/14/3 326/14/3 327/14/3
f 331/14/3 330/14/3 329/14/3
f 332/14/3 330/14/3 331/14/3
f 335/12/3 334/12/3 333/12/3
f 336/12/3 334/12/3 335/12/3
f 339/14/3 338/14/3 337/14/3
f 340/14/3 338/14/3 339/14/3
f 343/14/3 342/14/3 341/14/3
f 344/14/3 342/14/3 343/14/3
f 347/14/3 346/14/3 345/14/3
f 348/14/3 346/14/3 347/14/3
f 351/12/3 350/12/3 349/12/3
f 352/12/3 350/12/3 351/12/3
f 355/14/3 354/14/3 353/14/3
f 356/14/3 354/14/3 355/14/3
f 359/14/3 358/14/3 357/14/3
f 360/14/3 358/14/3 359/14/3
f 363/12/3 362/12/3 361/12/3
f 364/12/3 362/12/3 363/12/3
f 367/14/3 366/14/3 365/14/3
f 368/14/3 366/14/3 367/14/3
f 371/14/3 370/14/3 369/14/3
f 372/14/3 370/14/3 371/14/3
f 375/14/3 374/14/3 373/14/3
f 376/14/3 374/14/3 375/14/3
f 379/14/3 378/14/3 377/14/3
f 380/14/3 378/14/3 379/14/3
f 383/14/3 382/14/3 381/14/3
f 384/14/3 382/14/3 383/14/3
f 387/8/3 386/8/3 385/8/3
f 388/8/3 386/8/3 387/8/3
f 391/14/3 390/14/3 389/14/3
f 392/14/3 390/14/3 391/14/3
f 395/2/3 394/2/3 393/2/3
f 396/2/3 394/2/3 395/2/3
f 399/13/3 398/13/3 397/13/3
f 400/13/3 399/13/3 397/13/3
f 401/13/3 400/13/3 397/13/3
f 402/13/3 400/13/3 401/13/3
f 405/14/3 404/14/3 403/14/3
f 406/14/3 404/14/3 405/14/3
f 409/14/3 408/14/3 407/14/3
f 410/14/3 408/14/3 409/14/3
f 413/15/3 412/15/3 411/15/3
f 414/15/3 412/15/3 413/15/3
f 417/5/3 416/5/3 415/5/3
f 418/5/3 416/5/3 417/5/3
f 421/14/3 420/14/3 419/14/3
f 422/14/3 420/14/3 421/14/3
f 425/10/3 424/10/3 423/10/3
f 426/10/3 424/10/3 425/10/3
f 429/13/3 428/13/3 427/13/3
f 430/13/3 428/13/3 429/13/3
f 431/12/4 432/12/4 433/12/4
f 433/12/4 432/12/4 434/12/4
f 435/12/4 436/12/4 437/12/4
f 437/12/4 436/12/4 438/12/4
f 439/12/4 440/12/4 441/12/4
f 441/12/4 440/12/4 442/12/4
f 443/12/4 444/12/4 445/12/4
f 445/12/4 444/12/4 446/12/4
f 447/13/4 448/13/4 449/13/4
f 449/13/4 448/13/4 450/13/4
f 451/2/4 452/2/4 453/2/4
f 453/2/4 452/2/4 454/2/4
f 455/8/4 456/8/4 457/8/4
f 457/8/4 456/8/4 458/8/4
f 459/10/4 460/10/4 461/10/4
f 461/10/4 460/10/4 462/10/4
f 463/5/4 464/5/4 465/5/4
f 465/5/4 464/5/4 466/5/4
f 467/15/4 468/15/4 469/15/4
f 469/15/4 468/15/4 470/15/4
f 471/13/4 472/13/4 473/13/4
f 473/13/4 472/13/4 474/13/4
f 477/13/5 476/13/5 475/13/5
f 478/13/5 476/13/5 477/13/5
f 479/13/5 476/13/5 478/13/5
f 480/13/5 476/13/5 479/13/5
f 483/12/5 480/12/5 479/12/5
f 483/15/5 481/15/5 480/15/5
f 484/14/5 482/14/5 481/14/5
f 484/15/5 481/15/5 483/15/5
f 485/14/5 482/14/5 484/14/5
f 487/12/5 478/12/5 477/12/5
f 488/12/5 478/12/5 487/12/5
f 489/14/5 486/14/5 485/14/5
f 489/14/5 485/14/5 484/14/5
f 491/12/5 487/12/5 477/12/5
f 492/12/5 487/12/5 491/12/5
f 493/12/5 478/12/5 488/12/5
f 493/13/5 479/13/5 478/13/5
f 494/12/5 483/12/5 479/12/5
f 494/13/5 479/13/5 493/13/5
f 494/12/5 484/12/5 483/12/5
f 495/14/5 490/14/5 489/14/5
f 495/12/5 484/12/5 494/12/5
f 495/14/5 489/14/5 484/14/5
f 496/14/5 490/14/5 495/14/5
f 497/14/5 490/14/5 496/14/5
f 499/12/5 494/12/5 493/12/5
f 499/12/5 495/12/5 494/12/5
f 499/12/5 496/12/5 495/12/5
f 500/12/5 496/12/5 499/12/5
f 501/12/5 496/12/5 500/12/5
f 502/12/5 496/12/5 501/12/5
f 503/14/5 498/14/5 497/14/5
f 503/12/5 496/12/5 502/12/5
f 503/14/5 497/14/5 496/14/5
f 504/14/5 498/14/5 503/14/5
f 505/14/5 498/14/5 504/14/5
f 507/1/5 492/1/5 491/1/5
f 508/1/5 492/1/5 507/1/5
f 509/12/5 503/12/5 502/12/5
f 509/12/5 504/12/5 503/12/5
f 510/12/5 504/12/5 509/12/5
f 511/12/5 504/12/5 510/12/5
f 512/12/5 504/12/5 511/12/5
f 513/12/5 504/12/5 512/12/5
f 514/12/5 504/12/5 513/12/5
f 515/14/5 506/14/5 505/14/5
f 515/12/5 504/12/5 514/12/5
f 515/14/5 505/14/5 504/14/5
f 516/14/5 506/14/5 515/14/5
f 517/14/5 506/14/5 516/14/5
f 519/3/5 508/3/5 507/3/5
f 519/1/5 507/1/5 491/1/5
f 520/1/5 492/1/5 508/1/5
f 520/3/5 508/3/5 519/3/5
f 521/12/5 487/12/5 492/12/5
f 521/13/5 488/13/5 487/13/5
f 522/12/5 493/12/5 488/12/5
f 522/13/5 488/13/5 521/13/5
f 522/12/5 499/12/5 493/12/5
f 523/1/5 510/1/5 509/1/5
f 524/1/5 512/1/5 511/1/5
f 525/12/5 515/12/5 514/12/5
f 525/14/5 518/14/5 517/14/5
f 525/14/5 517/14/5 516/14/5
f 525/12/5 516/12/5 515/12/5
f 526/14/5 518/14/5 525/14/5
f 527/12/5 491/12/5 477/12/5
f 527/1/5 520/1/5 519/1/5
f 527/1/5 519/1/5 491/1/5
f 528/1/5 492/1/5 520/1/5
f 528/1/5 520/1/5 527/1/5
f 528/12/5 521/12/5 492/12/5
f 528/12/5 522/12/5 521/12/5
f 529/14/5 518/14/5 526/14/5
f 529/12/5 526/12/5 525/12/5
f 530/14/5 518/14/5 529/14/5
f 531/14/5 518/14/5 530/14/5
f 533/12/5 522/12/5 528/12/5
f 533/12/5 528/12/5 527/12/5
f 533/12/5 499/12/5 522/12/5
f 534/12/5 499/12/5 533/12/5
f 535/13/5 500/13/5 499/13/5
f 535/12/5 499/12/5 534/12/5
f 536/12/5 501/12/5 500/12/5
f 536/13/5 500/13/5 535/13/5
f 537/13/5 502/13/5 501/13/5
f 537/12/5 501/12/5 536/12/5
f 538/12/5 509/12/5 502/12/5
f 538/13/5 502/13/5 537/13/5
f 539/14/5 532/14/5 531/14/5
f 539/14/5 531/14/5 530/14/5
f 539/12/5 530/12/5 529/12/5
f 540/14/5 532/14/5 539/14/5
f 541/14/5 532/14/5 540/14/5
f 543/1/5 523/1/5 509/1/5
f 543/12/5 509/12/5 538/12/5
f 543/12/5 538/12/5 537/12/5
f 543/12/5 536/12/5 535/12/5
f 543/12/5 535/12/5 534/12/5
f 543/1/5 524/1/5 523/1/5
f 543/12/5 537/12/5 536/12/5
f 544/1/5 512/1/5 524/1/5
f 544/1/5 524/1/5 543/1/5
f 544/12/5 513/12/5 512/12/5
f 545/13/5 514/13/5 513/13/5
f 545/12/5 513/12/5 544/12/5
f 546/12/5 540/12/5 539/12/5
f 546/13/5 514/13/5 545/13/5
f 546/12/5 539/12/5 529/12/5
f 546/12/5 529/12/5 525/12/5
f 546/12/5 525/12/5 514/12/5
f 547/14/5 542/14/5 541/14/5
f 547/12/5 540/12/5 546/12/5
f 547/14/5 541/14/5 540/14/5
f 548/14/5 542/14/5 547/14/5
f 549/12/5 544/12/5 543/12/5
f 549/14/5 542/14/5 548/14/5
f 549/12/5 548/12/5 547/12/5
f 549/12/5 547/12/5 546/12/5
f 549/12/5 546/12/5 545/12/5
f 549/12/5 545/12/5 544/12/5
f 550/14/5 542/14/5 549/14/5
f 551/14/5 542/14/5 550/14/5
f 553/12/5 527/12/5 477/12/5
f 553/12/5 533/12/5 527/12/5
f 554/12/5 533/12/5 553/12/5
f 555/12/5 533/12/5 554/12/5
f 556/12/5 533/12/5 555/12/5
f 557/12/5 533/12/5 556/12/5
f 558/12/5 533/12/5 557/12/5
f 559/14/5 552/14/5 551/14/5
f 559/14/5 551/14/5 550/14/5
f 559/12/5 550/12/5 549/12/5
f 560/14/5 552/14/5 559/14/5
f 561/14/5 552/14/5 560/14/5
f 563/12/5 533/12/5 558/12/5
f 563/13/5 534/13/5 533/13/5
f 564/12/5 543/12/5 534/12/5
f 564/13/5 534/13/5 563/13/5
f 564/12/5 549/12/5 543/12/5
f 564/12/5 560/12/5 559/12/5
f 564/12/5 559/12/5 549/12/5
f 565/12/5 560/12/5 564/12/5
f 566/12/5 560/12/5 565/12/5
f 567/12/5 560/12/5 566/12/5
f 568/12/5 560/12/5 567/12/5
f 569/12/5 560/12/5 568/12/5
f 570/12/5 560/12/5 569/12/5
f 571/14/5 562/14/5 561/14/5
f 571/12/5 560/12/5 570/12/5
f 571/14/5 561/14/5 560/14/5
f 572/14/5 562/14/5 571/14/5
f 573/14/5 562/14/5 572/14/5
f 575/12/5 571/12/5 570/12/5
f 575/14/5 574/14/5 573/14/5
f 575/14/5 573/14/5 572/14/5
f 575/12/5 572/12/5 571/12/5
f 576/14/5 574/14/5 575/14/5
f 577/14/5 574/14/5 576/14/5
f 579/12/5 553/12/5 477/12/5
f 579/13/5 554/13/5 553/13/5
f 580/12/5 555/12/5 554/12/5
f 580/13/5 554/13/5 579/13/5
f 581/13/5 556/13/5 555/13/5
f 581/12/5 555/12/5 580/12/5
f 582/12/5 557/12/5 556/12/5
f 582/13/5 556/13/5 581/13/5
f 583/13/5 558/13/5 557/13/5
f 583/12/5 557/12/5 582/12/5
f 584/12/5 563/12/5 558/12/5
f 584/13/5 558/13/5 583/13/5
f 584/12/5 564/12/5 563/12/5
f 584/12/5 565/12/5 564/12/5
f 585/12/5 576/12/5 575/12/5
f 585/12/5 575/12/5 570/12/5
f 586/12/5 576/12/5 585/12/5
f 587/14/5 578/14/5 577/14/5
f 587/12/5 576/12/5 586/12/5
f 587/14/5 577/14/5 576/14/5
f 588/14/5 578/14/5 587/14/5
f 589/14/5 578/14/5 588/14/5
f 590/13/5 586/13/5 585/13/5
f 590/12/5 587/12/5 586/12/5
f 590/12/5 588/12/5 587/12/5
f 591/12/5 588/12/5 590/12/5
f 592/15/5 589/15/5 588/15/5
f 592/12/5 588/12/5 591/12/5
f 593/15/5 589/15/5 592/15/5
f 595/12/5 582/12/5 581/12/5
f 595/12/5 583/12/5 582/12/5
f 595/12/5 580/12/5 579/12/5
f 595/12/5 581/12/5 580/12/5
f 595/12/5 565/12/5 584/12/5
f 595/12/5 584/12/5 583/12/5
f 595/13/5 566/13/5 565/13/5
f 596/12/5 567/12/5 566/12/5
f 596/13/5 566/13/5 595/13/5
f 597/13/5 568/13/5 567/13/5
f 597/12/5 567/12/5 596/12/5
f 598/12/5 569/12/5 568/12/5
f 598/13/5 568/13/5 597/13/5
f 599/13/5 570/13/5 569/13/5
f 599/12/5 569/12/5 598/12/5
f 600/12/5 585/12/5 570/12/5
f 600/13/5 570/13/5 599/13/5
f 601/13/5 590/13/5 585/13/5
f 601/12/5 585/12/5 600/12/5
f 601/13/5 591/13/5 590/13/5
f 602/12/5 592/12/5 591/12/5
f 602/13/5 591/13/5 601/13/5
f 602/12/5 593/12/5 592/12/5
f 603/14/5 594/14/5 593/14/5
f 603/12/5 593/12/5 602/12/5
f 604/14/5 594/14/5 603/14/5
f 605/12/5 598/12/5 597/12/5
f 605/14/5 594/14/5 604/14/5
f 605/12/5 604/12/5 603/12/5
f 605/12/5 603/12/5 602/12/5
f 605/12/5 602/12/5 601/12/5
f 605/12/5 599/12/5 598/12/5
f 605/12/5 596/12/5 595/12/5
f 605/12/5 601/12/5 600/12/5
f 605/12/5 600/12/5 599/12/5
f 605/12/5 597/12/5 596/12/5
f 606/14/5 594/14/5 605/14/5
f 608/12/5 595/12/5 579/12/5
f 608/12/5 605/12/5 595/12/5
f 608/12/5 606/12/5 605/12/5
f 609/12/5 606/12/5 608/12/5
f 610/14/5 607/14/5 606/14/5
f 610/12/5 606/12/5 609/12/5
f 611/14/5 607/14/5 610/14/5
f 612/12/5 579/12/5 477/12/5
f 612/12/5 608/12/5 579/12/5
f 613/12/5 608/12/5 612/12/5
f 614/12/5 608/12/5 613/12/5
f 615/12/5 608/12/5 614/12/5
f 616/12/5 608/12/5 615/12/5
f 617/12/5 608/12/5 616/12/5
f 618/12/5 608/12/5 617/12/5
f 619/12/5 608/12/5 618/12/5
f 620/14/5 607/14/5 611/14/5
f 620/12/5 611/12/5 610/12/5
f 620/12/5 610/12/5 609/12/5
f 621/14/5 607/14/5 620/14/5
f 623/12/5 614/12/5 613/12/5
f 623/13/5 615/13/5 614/13/5
f 624/10/5 616/10/5 615/10/5
f 624/13/5 615/13/5 623/13/5
f 625/13/5 617/13/5 616/13/5
f 625/10/5 616/10/5 624/10/5
f 626/12/5 618/12/5 617/12/5
f 626/13/5 617/13/5 625/13/5
f 627/12/5 621/12/5 620/12/5
f 627/12/5 620/12/5 609/12/5
f 628/12/5 621/12/5 627/12/5
f 629/12/5 621/12/5 628/12/5
f 630/12/5 621/12/5 629/12/5
f 631/12/5 621/12/5 630/12/5
f 632/12/5 621/12/5 631/12/5
f 633/12/5 621/12/5 632/12/5
f 634/12/5 621/12/5 633/12/5
f 635/12/5 621/12/5 634/12/5
f 636/12/5 621/12/5 635/12/5
f 637/12/5 621/12/5 636/12/5
f 638/12/5 621/12/5 637/12/5
f 639/12/5 621/12/5 638/12/5
f 640/12/5 629/12/5 628/12/5
f 640/1/5 630/1/5 629/1/5
f 641/10/5 631/10/5 630/10/5
f 641/1/5 630/1/5 640/1/5
f 642/1/5 632/1/5 631/1/5
f 642/10/5 631/10/5 641/10/5
f 643/12/5 633/12/5 632/12/5
f 643/1/5 632/1/5 642/1/5
f 644/12/5 635/12/5 634/12/5
f 644/1/5 636/1/5 635/1/5
f 645/10/5 637/10/5 636/10/5
f 645/1/5 636/1/5 644/1/5
f 646/12/5 638/12/5 637/12/5
f 646/10/5 637/10/5 645/10/5
f 647/12/5 638/12/5 646/12/5
f 648/14/5 622/14/5 621/14/5
f 648/12/5 621/12/5 639/12/5
f 649/14/5 622/14/5 648/14/5
f 651/10/5 625/10/5 624/10/5
f 651/12/5 623/12/5 613/12/5
f 651/10/5 624/10/5 623/10/5
f 651/10/5 626/10/5 625/10/5
f 652/10/5 626/10/5 651/10/5
f 653/10/5 626/10/5 652/10/5
f 654/12/5 618/12/5 626/12/5
f 654/10/5 626/10/5 653/10/5
f 655/14/5 650/14/5 649/14/5
f 655/12/5 649/12/5 648/12/5
f 656/14/5 650/14/5 655/14/5
f 657/14/5 650/14/5 656/14/5
f 659/12/5 612/12/5 477/12/5
f 659/3/5 613/3/5 612/3/5
f 660/12/5 651/12/5 613/12/5
f 660/3/5 613/3/5 659/3/5
f 661/13/5 652/13/5 651/13/5
f 661/12/5 651/12/5 660/12/5
f 662/10/5 653/10/5 652/10/5
f 662/13/5 652/13/5 661/13/5
f 663/13/5 654/13/5 653/13/5
f 663/10/5 653/10/5 662/10/5
f 664/12/5 618/12/5 654/12/5
f 664/13/5 654/13/5 663/13/5
f 665/13/5 619/13/5 618/13/5
f 665/12/5 618/12/5 664/12/5
f 666/12/5 608/12/5 619/12/5
f 666/13/5 619/13/5 665/13/5
f 667/12/5 640/12/5 628/12/5
f 667/10/5 641/10/5 640/10/5
f 667/10/5 642/10/5 641/10/5
f 667/10/5 643/10/5 642/10/5
f 668/10/5 643/10/5 667/10/5
f 669/10/5 643/10/5 668/10/5
f 670/12/5 633/12/5 643/12/5
f 670/10/5 643/10/5 669/10/5
f 671/10/5 646/10/5 645/10/5
f 671/10/5 647/10/5 646/10/5
f 671/12/5 644/12/5 634/12/5
f 671/10/5 645/10/5 644/10/5
f 672/10/5 647/10/5 671/10/5
f 673/10/5 647/10/5 672/10/5
f 674/12/5 638/12/5 647/12/5
f 674/10/5 647/10/5 673/10/5
f 675/12/5 648/12/5 639/12/5
f 675/12/5 656/12/5 655/12/5
f 675/12/5 655/12/5 648/12/5
f 676/12/5 656/12/5 675/12/5
f 677/14/5 658/14/5 657/14/5
f 677/12/5 656/12/5 676/12/5
f 677/14/5 657/14/5 656/14/5
f 678/14/5 658/14/5 677/14/5
f 679/12/5 665/12/5 664/12/5
f 679/13/5 609/13/5 608/13/5
f 679/12/5 664/12/5 663/12/5
f 679/12/5 663/12/5 662/12/5
f 679/12/5 660/12/5 659/12/5
f 679/12/5 661/12/5 660/12/5
f 679/12/5 662/12/5 661/12/5
f 679/12/5 608/12/5 666/12/5
f 679/12/5 666/12/5 665/12/5
f 680/12/5 627/12/5 609/12/5
f 680/13/5 609/13/5 679/13/5
f 681/13/5 628/13/5 627/13/5
f 681/12/5 627/12/5 680/12/5
f 682/12/5 667/12/5 628/12/5
f 682/13/5 628/13/5 681/13/5
f 683/1/5 668/1/5 667/1/5
f 683/12/5 667/12/5 682/12/5
f 684/10/5 669/10/5 668/10/5
f 684/1/5 668/1/5 683/1/5
f 685/1/5 670/1/5 669/1/5
f 685/10/5 669/10/5 684/10/5
f 686/12/5 633/12/5 670/12/5
f 686/1/5 670/1/5 685/1/5
f 687/13/5 634/13/5 633/13/5
f 687/12/5 633/12/5 686/12/5
f 688/12/5 671/12/5 634/12/5
f 688/13/5 634/13/5 687/13/5
f 689/1/5 672/1/5 671/1/5
f 689/12/5 671/12/5 688/12/5
f 690/10/5 673/10/5 672/10/5
f 690/1/5 672/1/5 689/1/5
f 691/12/5 674/12/5 673/12/5
f 691/10/5 673/10/5 690/10/5
f 692/12/5 638/12/5 674/12/5
f 692/12/5 674/12/5 691/12/5
f 692/1/5 639/1/5 638/1/5
f 693/12/5 675/12/5 639/12/5
f 693/1/5 639/1/5 692/1/5
f 694/12/5 675/12/5 693/12/5
f 695/12/5 678/12/5 677/12/5
f 695/12/5 677/12/5 676/12/5
f 696/14/5 658/14/5 678/14/5
f 696/12/5 678/12/5 695/12/5
f 697/14/5 658/14/5 696/14/5
f 699/12/5 695/12/5 694/12/5
f 699/14/5 698/14/5 697/14/5
f 699/12/5 697/12/5 696/12/5
f 699/12/5 696/12/5 695/12/5
f 699/12/5 694/12/5 693/12/5
f 699/12/5 690/12/5 689/12/5
f 699/12/5 683/12/5 682/12/5
f 699/12/5 688/12/5 687/12/5
f 699/12/5 686/12/5 685/12/5
f 699/12/5 684/12/5 683/12/5
f 699/12/5 680/12/5 679/12/5
f 699/12/5 693/12/5 692/12/5
f 699/12/5 685/12/5 684/12/5
f 699/12/5 691/12/5 690/12/5
f 699/12/5 682/12/5 681/12/5
f 699/12/5 681/12/5 680/12/5
f 699/12/5 689/12/5 688/12/5
f 699/12/5 692/12/5 691/12/5
f 699/12/5 687/12/5 686/12/5
f 700/14/5 698/14/5 699/14/5
f 702/12/5 699/12/5 679/12/5
f 703/12/5 699/12/5 702/12/5
f 704/12/5 699/12/5 703/12/5
f 705/12/5 699/12/5 704/12/5
f 706/12/5 699/12/5 705/12/5
f 707/12/5 699/12/5 706/12/5
f 708/12/5 699/12/5 707/12/5
f 709/12/5 699/12/5 708/12/5
f 710/12/5 699/12/5 709/12/5
f 711/12/5 699/12/5 710/12/5
f 712/12/5 699/12/5 711/12/5
f 713/12/5 699/12/5 712/12/5
f 714/14/5 701/14/5 700/14/5
f 714/11/5 700/11/5 699/11/5
f 715/14/5 701/14/5 714/14/5
f 717/12/5 679/12/5 659/12/5
f 717/12/5 702/12/5 679/12/5
f 718/12/5 702/12/5 717/12/5
f 719/12/5 702/12/5 718/12/5
f 720/12/5 702/12/5 719/12/5
f 721/12/5 699/12/5 713/12/5
f 721/13/5 713/13/5 712/13/5
f 722/12/5 699/12/5 721/12/5
f 723/13/5 721/13/5 712/13/5
f 724/12/5 699/12/5 722/12/5
f 725/14/5 716/14/5 715/14/5
f 725/11/5 715/11/5 714/11/5
f 726/14/5 716/14/5 725/14/5
f 728/12/5 702/12/5 720/12/5
f 728/13/5 703/13/5 702/13/5
f 729/12/5 704/12/5 703/12/5
f 729/13/5 703/13/5 728/13/5
f 730/13/5 705/13/5 704/13/5
f 730/12/5 704/12/5 729/12/5
f 731/12/5 706/12/5 705/12/5
f 731/13/5 705/13/5 730/13/5
f 732/13/5 707/13/5 706/13/5
f 732/12/5 706/12/5 731/12/5
f 733/12/5 708/12/5 707/12/5
f 733/13/5 707/13/5 732/13/5
f 734/13/5 709/13/5 708/13/5
f 734/12/5 708/12/5 733/12/5
f 735/12/5 710/12/5 709/12/5
f 735/13/5 709/13/5 734/13/5
f 736/13/5 711/13/5 710/13/5
f 736/12/5 710/12/5 735/12/5
f 737/12/5 712/12/5 711/12/5
f 737/13/5 711/13/5 736/13/5
f 738/13/5 723/13/5 712/13/5
f 738/12/5 712/12/5 737/12/5
f 739/12/5 724/12/5 723/12/5
f 739/13/5 723/13/5 738/13/5
f 740/14/5 727/14/5 726/14/5
f 740/11/5 726/11/5 725/11/5
f 741/14/5 727/14/5 740/14/5
f 743/12/5 717/12/5 659/12/5
f 743/13/5 718/13/5 717/13/5
f 744/12/5 719/12/5 718/12/5
f 744/13/5 718/13/5 743/13/5
f 745/13/5 720/13/5 719/13/5
f 745/12/5 719/12/5 744/12/5
f 746/12/5 738/12/5 737/12/5
f 746/13/5 720/13/5 745/13/5
f 746/12/5 739/12/5 738/12/5
f 746/12/5 728/12/5 720/12/5
f 746/12/5 729/12/5 728/12/5
f 746/12/5 730/12/5 729/12/5
f 746/12/5 737/12/5 736/12/5
f 746/12/5 731/12/5 730/12/5
f 746/12/5 732/12/5 731/12/5
f 746/12/5 733/12/5 732/12/5
f 746/12/5 734/12/5 733/12/5
f 746/12/5 736/12/5 735/12/5
f 746/12/5 735/12/5 734/12/5
f 747/12/5 724/12/5 739/12/5
f 747/12/5 739/12/5 746/12/5
f 748/12/5 699/12/5 724/12/5
f 748/12/5 724/12/5 747/12/5
f 749/11/5 740/11/5 725/11/5
f 749/12/5 699/12/5 748/12/5
f 749/11/5 725/11/5 714/11/5
f 749/11/5 714/11/5 699/11/5
f 749/11/5 741/11/5 740/11/5
f 750/14/5 742/14/5 741/14/5
f 750/11/5 741/11/5 749/11/5
f 751/12/5 745/12/5 744/12/5
f 751/12/5 746/12/5 745/12/5
f 751/12/5 744/12/5 743/12/5
f 751/12/5 747/12/5 746/12/5
f 752/12/5 747/12/5 751/12/5
f 753/12/5 747/12/5 752/12/5
f 754/12/5 750/12/5 749/12/5
f 754/12/5 749/12/5 748/12/5
f 755/14/5 742/14/5 750/14/5
f 755/12/5 750/12/5 754/12/5
f 756/14/5 742/14/5 755/14/5
f 758/12/5 751/12/5 743/12/5
f 759/10/5 752/10/5 751/10/5
f 759/12/5 751/12/5 758/12/5
f 760/12/5 754/12/5 753/12/5
f 760/10/5 752/10/5 759/10/5
f 760/12/5 753/12/5 752/12/5
f 760/12/5 755/12/5 754/12/5
f 761/12/5 755/12/5 760/12/5
f 762/10/5 759/10/5 758/10/5
f 762/12/5 758/12/5 743/12/5
f 762/10/5 761/10/5 760/10/5
f 762/10/5 760/10/5 759/10/5
f 763/10/5 761/10/5 762/10/5
f 764/10/5 761/10/5 763/10/5
f 765/12/5 755/12/5 761/12/5
f 765/10/5 761/10/5 764/10/5
f 766/14/5 757/14/5 756/14/5
f 768/10/5 764/10/5 763/10/5
f 768/12/5 763/12/5 762/12/5
f 769/12/5 765/12/5 764/12/5
f 769/10/5 764/10/5 768/10/5
f 770/14/5 767/14/5 766/14/5
f 770/13/5 756/13/5 755/13/5
f 770/14/5 766/14/5 756/14/5
f 771/14/5 767/14/5 770/14/5
f 772/12/5 659/12/5 477/12/5
f 772/12/5 769/12/5 768/12/5
f 772/12/5 743/12/5 659/12/5
f 772/12/5 762/12/5 743/12/5
f 772/12/5 768/12/5 762/12/5
f 773/12/5 769/12/5 772/12/5
f 774/12/5 769/12/5 773/12/5
f 775/12/5 769/12/5 774/12/5
f 776/12/5 769/12/5 775/12/5
f 777/12/5 769/12/5 776/12/5
f 778/12/5 769/12/5 777/12/5
f 779/12/5 769/12/5 778/12/5
f 780/12/5 769/12/5 779/12/5
f 781/12/5 769/12/5 780/12/5
f 782/12/5 769/12/5 781/12/5
f 783/12/5 769/12/5 782/12/5
f 784/12/5 765/12/5 769/12/5
f 784/12/5 769/12/5 783/12/5
f 784/12/5 755/12/5 765/12/5
f 785/12/5 755/12/5 784/12/5
f 786/12/5 755/12/5 785/12/5
f 787/12/5 755/12/5 786/12/5
f 788/12/5 755/12/5 787/12/5
f 789/12/5 755/12/5 788/12/5
f 790/12/5 755/12/5 789/12/5
f 791/12/5 755/12/5 790/12/5
f 792/12/5 755/12/5 791/12/5
f 793/12/5 755/12/5 792/12/5
f 794/12/5 755/12/5 793/12/5
f 795/12/5 755/12/5 794/12/5
f 796/14/5 767/14/5 771/14/5
f 796/11/5 771/11/5 770/11/5
f 797/14/5 767/14/5 796/14/5
f 799/12/5 772/12/5 477/12/5
f 799/13/5 773/13/5 772/13/5
f 800/10/5 774/10/5 773/10/5
f 800/13/5 773/13/5 799/13/5
f 801/13/5 775/13/5 774/13/5
f 801/10/5 774/10/5 800/10/5
f 802/12/5 776/12/5 775/12/5
f 802/13/5 775/13/5 801/13/5
f 803/12/5 788/12/5 787/12/5
f 803/13/5 789/13/5 788/13/5
f 804/10/5 790/10/5 789/10/5
f 804/13/5 789/13/5 803/13/5
f 805/13/5 791/13/5 790/13/5
f 805/10/5 790/10/5 804/10/5
f 806/12/5 792/12/5 791/12/5
f 806/13/5 791/13/5 805/13/5
f 807/12/5 755/12/5 795/12/5
f 807/13/5 770/13/5 755/13/5
f 808/11/5 797/11/5 796/11/5
f 808/13/5 770/13/5 807/13/5
f 808/11/5 796/11/5 770/11/5
f 809/14/5 798/14/5 797/14/5
f 809/11/5 797/11/5 808/11/5
f 810/14/5 798/14/5 809/14/5
f 812/12/5 799/12/5 477/12/5
f 812/10/5 800/10/5 799/10/5
f 812/10/5 801/10/5 800/10/5
f 812/10/5 802/10/5 801/10/5
f 813/10/5 802/10/5 812/10/5
f 814/10/5 802/10/5 813/10/5
f 815/12/5 776/12/5 802/12/5
f 815/10/5 802/10/5 814/10/5
f 816/10/5 806/10/5 805/10/5
f 816/12/5 803/12/5 787/12/5
f 816/10/5 804/10/5 803/10/5
f 816/10/5 805/10/5 804/10/5
f 817/10/5 806/10/5 816/10/5
f 818/10/5 806/10/5 817/10/5
f 819/12/5 792/12/5 806/12/5
f 819/10/5 806/10/5 818/10/5
f 820/13/5 813/13/5 812/13/5
f 820/12/5 812/12/5 477/12/5
f 821/10/5 814/10/5 813/10/5
f 821/13/5 813/13/5 820/13/5
f 822/13/5 815/13/5 814/13/5
f 822/10/5 814/10/5 821/10/5
f 823/12/5 776/12/5 815/12/5
f 823/13/5 815/13/5 822/13/5
f 824/13/5 777/13/5 776/13/5
f 824/12/5 776/12/5 823/12/5
f 825/12/5 778/12/5 777/12/5
f 825/13/5 777/13/5 824/13/5
f 826/13/5 779/13/5 778/13/5
f 826/12/5 778/12/5 825/12/5
f 827/12/5 780/12/5 779/12/5
f 827/13/5 779/13/5 826/13/5
f 828/13/5 781/13/5 780/13/5
f 828/12/5 780/12/5 827/12/5
f 829/12/5 782/12/5 781/12/5
f 829/13/5 781/13/5 828/13/5
f 830/1/5 783/1/5 782/1/5
f 830/12/5 782/12/5 829/12/5
f 831/12/5 784/12/5 783/12/5
f 831/1/5 783/1/5 830/1/5
f 832/1/5 785/1/5 784/1/5
f 832/12/5 784/12/5 831/12/5
f 833/12/5 786/12/5 785/12/5
f 833/1/5 785/1/5 832/1/5
f 834/13/5 787/13/5 786/13/5
f 834/12/5 786/12/5 833/12/5
f 835/12/5 816/12/5 787/12/5
f 835/13/5 787/13/5 834/13/5
f 836/13/5 817/13/5 816/13/5
f 836/12/5 816/12/5 835/12/5
f 837/10/5 818/10/5 817/10/5
f 837/13/5 817/13/5 836/13/5
f 838/13/5 819/13/5 818/13/5
f 838/10/5 818/10/5 837/10/5
f 839/12/5 792/12/5 819/12/5
f 839/13/5 819/13/5 838/13/5
f 840/13/5 793/13/5 792/13/5
f 840/12/5 792/12/5 839/12/5
f 841/12/5 794/12/5 793/12/5
f 841/13/5 793/13/5 840/13/5
f 842/1/5 795/1/5 794/1/5
f 842/12/5 794/12/5 841/12/5
f 843/12/5 808/12/5 807/12/5
f 843/1/5 795/1/5 842/1/5
f 843/12/5 807/12/5 795/12/5
f 844/14/5 811/14/5 810/14/5
f 844/11/5 810/11/5 809/11/5
f 845/14/5 811/14/5 844/14/5
f 847/12/5 829/12/5 828/12/5
f 847/12/5 836/12/5 835/12/5
f 847/11/5 845/11/5 844/11/5
f 847/11/5 844/11/5 809/11/5
f 847/12/5 834/12/5 833/12/5
f 847/12/5 839/12/5 838/12/5
f 847/12/5 837/12/5 836/12/5
f 847/12/5 838/12/5 837/12/5
f 847/12/5 821/12/5 820/12/5
f 847/12/5 840/12/5 839/12/5
f 847/12/5 841/12/5 840/12/5
f 847/12/5 833/12/5 832/12/5
f 847/12/5 832/12/5 831/12/5
f 847/12/5 831/12/5 830/12/5
f 847/12/5 830/12/5 829/12/5
f 847/12/5 827/12/5 826/12/5
f 847/12/5 826/12/5 825/12/5
f 847/12/5 825/12/5 824/12/5
f 847/12/5 824/12/5 823/12/5
f 847/12/5 823/12/5 822/12/5
f 847/11/5 809/11/5 808/11/5
f 847/12/5 843/12/5 842/12/5
f 847/12/5 808/12/5 843/12/5
f 847/12/5 835/12/5 834/12/5
f 847/12/5 842/12/5 841/12/5
f 847/12/5 828/12/5 827/12/5
f 847/12/5 822/12/5 821/12/5
f 848/11/5 845/11/5 847/11/5
f 849/14/5 846/14/5 845/14/5
f 849/11/5 845/11/5 848/11/5
f 850/12/5 848/12/5 847/12/5
f 850/12/5 847/12/5 820/12/5
f 851/12/5 848/12/5 850/12/5
f 852/14/5 846/14/5 849/14/5
f 852/13/5 849/13/5 848/13/5
f 853/14/5 846/14/5 852/14/5
f 855/12/5 850/12/5 820/12/5
f 856/12/5 850/12/5 855/12/5
f 857/12/5 850/12/5 856/12/5
f 858/12/5 850/12/5 857/12/5
f 859/12/5 850/12/5 858/12/5
f 860/12/5 850/12/5 859/12/5
f 861/12/5 850/12/5 860/12/5
f 862/12/5 850/12/5 861/12/5
f 863/12/5 850/12/5 862/12/5
f 864/12/5 850/12/5 863/12/5
f 865/12/5 850/12/5 864/12/5
f 866/12/5 850/12/5 865/12/5
f 867/12/5 850/12/5 866/12/5
f 868/12/5 850/12/5 867/12/5
f 869/13/5 851/13/5 850/13/5
f 869/12/5 850/12/5 868/12/5
f 870/12/5 848/12/5 851/12/5
f 870/13/5 851/13/5 869/13/5
f 871/14/5 854/14/5 853/14/5
f 871/11/5 853/11/5 852/11/5
f 872/14/5 854/14/5 871/14/5
f 874/12/5 855/12/5 820/12/5
f 874/4/5 856/4/5 855/4/5
f 875/12/5 857/12/5 856/12/5
f 875/4/5 856/4/5 874/4/5
f 876/13/5 858/13/5 857/13/5
f 876/12/5 857/12/5 875/12/5
f 877/12/5 859/12/5 858/12/5
f 877/13/5 858/13/5 876/13/5
f 878/13/5 860/13/5 859/13/5
f 878/12/5 859/12/5 877/12/5
f 879/12/5 861/12/5 860/12/5
f 879/13/5 860/13/5 878/13/5
f 880/13/5 862/13/5 861/13/5
f 880/12/5 861/12/5 879/12/5
f 881/12/5 863/12/5 862/12/5
f 881/13/5 862/13/5 880/13/5
f 882/13/5 864/13/5 863/13/5
f 882/12/5 863/12/5 881/12/5
f 883/12/5 865/12/5 864/12/5
f 883/13/5 864/13/5 882/13/5
f 884/13/5 866/13/5 865/13/5
f 884/12/5 865/12/5 883/12/5
f 885/12/5 867/12/5 866/12/5
f 885/13/5 866/13/5 884/13/5
f 886/1/5 868/1/5 867/1/5
f 886/12/5 867/12/5 885/12/5
f 887/12/5 869/12/5 868/12/5
f 887/1/5 868/1/5 886/1/5
f 887/12/5 870/12/5 869/12/5
f 888/12/5 886/12/5 885/12/5
f 888/12/5 870/12/5 887/12/5
f 888/12/5 887/12/5 886/12/5
f 888/12/5 884/12/5 883/12/5
f 888/12/5 883/12/5 882/12/5
f 888/12/5 882/12/5 881/12/5
f 888/12/5 881/12/5 880/12/5
f 888/12/5 880/12/5 879/12/5
f 888/12/5 879/12/5 878/12/5
f 888/12/5 878/12/5 877/12/5
f 888/12/5 877/12/5 876/12/5
f 888/12/5 876/12/5 875/12/5
f 888/12/5 875/12/5 874/12/5
f 888/12/5 885/12/5 884/12/5
f 888/12/5 848/12/5 870/12/5
f 888/13/5 852/13/5 848/13/5
f 889/11/5 872/11/5 871/11/5
f 889/13/5 852/13/5 888/13/5
f 889/11/5 871/11/5 852/11/5
f 890/14/5 873/14/5 872/14/5
f 890/11/5 872/11/5 889/11/5
f 891/14/5 873/14/5 890/14/5
f 893/12/5 888/12/5 874/12/5
f 893/12/5 889/12/5 888/12/5
f 894/12/5 889/12/5 893/12/5
f 895/12/5 889/12/5 894/12/5
f 896/12/5 889/12/5 895/12/5
f 897/12/5 874/12/5 820/12/5
f 897/12/5 893/12/5 874/12/5
f 898/12/5 893/12/5 897/12/5
f 899/12/5 893/12/5 898/12/5
f 900/12/5 893/12/5 899/12/5
f 901/12/5 893/12/5 900/12/5
f 902/12/5 893/12/5 901/12/5
f 903/12/5 893/12/5 902/12/5
f 904/12/5 893/12/5 903/12/5
f 905/1/5 894/1/5 893/1/5
f 905/12/5 893/12/5 904/12/5
f 906/10/5 895/10/5 894/10/5
f 906/1/5 894/1/5 905/1/5
f 907/1/5 896/1/5 895/1/5
f 907/10/5 895/10/5 906/10/5
f 908/12/5 889/12/5 896/12/5
f 908/1/5 896/1/5 907/1/5
f 909/12/5 889/12/5 908/12/5
f 910/12/5 889/12/5 909/12/5
f 911/12/5 889/12/5 910/12/5
f 912/12/5 889/12/5 911/12/5
f 913/12/5 889/12/5 912/12/5
f 914/12/5 889/12/5 913/12/5
f 915/14/5 892/14/5 891/14/5
f 915/11/5 891/11/5 890/11/5
f 915/11/5 890/11/5 889/11/5
f 916/14/5 892/14/5 915/14/5
f 918/12/5 899/12/5 898/12/5
f 918/13/5 900/13/5 899/13/5
f 919/10/5 901/10/5 900/10/5
f 919/13/5 900/13/5 918/13/5
f 920/13/5 902/13/5 901/13/5
f 920/10/5 901/10/5 919/10/5
f 921/12/5 903/12/5 902/12/5
f 921/13/5 902/13/5 920/13/5
f 922/12/5 918/12/5 898/12/5
f 922/10/5 919/10/5 918/10/5
f 922/10/5 921/10/5 920/10/5
f 922/10/5 920/10/5 919/10/5
f 923/10/5 921/10/5 922/10/5
f 924/10/5 921/10/5 923/10/5
f 925/12/5 903/12/5 921/12/5
f 925/10/5 921/10/5 924/10/5
f 926/10/5 907/10/5 906/10/5
f 926/10/5 906/10/5 905/10/5
f 926/12/5 905/12/5 904/12/5
f 926/10/5 908/10/5 907/10/5
f 927/10/5 908/10/5 926/10/5
f 928/10/5 908/10/5 927/10/5
f 929/12/5 909/12/5 908/12/5
f 929/10/5 908/10/5 928/10/5
f 930/12/5 897/12/5 820/12/5
f 930/13/5 898/13/5 897/13/5
f 931/12/5 922/12/5 898/12/5
f 931/13/5 898/13/5 930/13/5
f 932/13/5 923/13/5 922/13/5
f 932/12/5 922/12/5 931/12/5
f 933/10/5 924/10/5 923/10/5
f 933/13/5 923/13/5 932/13/5
f 934/13/5 925/13/5 924/13/5
f 934/10/5 924/10/5 933/10/5
f 935/12/5 903/12/5 925/12/5
f 935/13/5 925/13/5 934/13/5
f 936/13/5 904/13/5 903/13/5
f 936/12/5 903/12/5 935/12/5
f 937/12/5 926/12/5 904/12/5
f 937/13/5 904/13/5 936/13/5
f 938/1/5 927/1/5 926/1/5
f 938/12/5 926/12/5 937/12/5
f 939/10/5 928/10/5 927/10/5
f 939/1/5 927/1/5 938/1/5
f 940/1/5 929/1/5 928/1/5
f 940/10/5 928/10/5 939/10/5
f 941/12/5 909/12/5 929/12/5
f 941/1/5 929/1/5 940/1/5
f 942/13/5 910/13/5 909/13/5
f 942/12/5 909/12/5 941/12/5
f 943/12/5 911/12/5 910/12/5
f 943/13/5 910/13/5 942/13/5
f 944/13/5 912/13/5 911/13/5
f 944/12/5 911/12/5 943/12/5
f 945/12/5 913/12/5 912/12/5
f 945/13/5 912/13/5 944/13/5
f 946/13/5 914/13/5 913/13/5
f 946/12/5 913/12/5 945/12/5
f 947/12/5 889/12/5 914/12/5
f 947/13/5 914/13/5 946/13/5
f 948/11/5 916/11/5 915/11/5
f 948/12/5 889/12/5 947/12/5
f 948/11/5 915/11/5 889/11/5
f 949/14/5 917/14/5 916/14/5
f 949/11/5 916/11/5 948/11/5
f 950/12/5 934/12/5 933/12/5
f 950/14/5 917/14/5 949/14/5
f 950/12/5 949/12/5 948/12/5
f 950/12/5 936/12/5 935/12/5
f 950/12/5 942/12/5 941/12/5
f 950/12/5 941/12/5 940/12/5
f 950/12/5 938/12/5 937/12/5
f 950/12/5 946/12/5 945/12/5
f 950/12/5 943/12/5 942/12/5
f 950/12/5 937/12/5 936/12/5
f 950/12/5 932/12/5 931/12/5
f 950/12/5 947/12/5 946/12/5
f 950/12/5 948/12/5 947/12/5
f 950/12/5 939/12/5 938/12/5
f 950/12/5 940/12/5 939/12/5
f 950/12/5 931/12/5 930/12/5
f 950/12/5 935/12/5 934/12/5
f 950/12/5 933/12/5 932/12/5
f 950/12/5 944/12/5 943/12/5
f 950/12/5 945/12/5 944/12/5
f 951/14/5 917/14/5 950/14/5
f 953/12/5 950/12/5 930/12/5
f 953/12/5 951/12/5 950/12/5
f 954/12/5 951/12/5 953/12/5
f 955/12/5 951/12/5 954/12/5
f 956/12/5 951/12/5 955/12/5
f 957/12/5 930/12/5 820/12/5
f 957/12/5 820/12/5 477/12/5
f 957/12/5 953/12/5 930/12/5
f 958/12/5 953/12/5 957/12/5
f 959/12/5 953/12/5 958/12/5
f 960/12/5 953/12/5 959/12/5
f 961/12/5 953/12/5 960/12/5
f 962/12/5 953/12/5 961/12/5
f 963/12/5 953/12/5 962/12/5
f 964/12/5 953/12/5 963/12/5
f 965/12/5 953/12/5 964/12/5
f 966/12/5 953/12/5 965/12/5
f 967/12/5 953/12/5 966/12/5
f 968/12/5 953/12/5 967/12/5
f 969/12/5 953/12/5 968/12/5
f 970/12/5 953/12/5 969/12/5
f 971/12/5 953/12/5 970/12/5
f 972/12/5 953/12/5 971/12/5
f 973/1/5 954/1/5 953/1/5
f 973/12/5 953/12/5 972/12/5
f 974/10/5 955/10/5 954/10/5
f 974/1/5 954/1/5 973/1/5
f 975/1/5 956/1/5 955/1/5
f 975/10/5 955/10/5 974/10/5
f 976/12/5 951/12/5 956/12/5
f 976/1/5 956/1/5 975/1/5
f 977/12/5 951/12/5 976/12/5
f 978/12/5 951/12/5 977/12/5
f 979/10/5 975/10/5 974/10/5
f 979/10/5 974/10/5 973/10/5
f 979/12/5 973/12/5 972/12/5
f 979/10/5 976/10/5 975/10/5
f 980/10/5 976/10/5 979/10/5
f 981/10/5 976/10/5 980/10/5
f 982/12/5 977/12/5 976/12/5
f 982/10/5 976/10/5 981/10/5
f 983/12/5 957/12/5 477/12/5
f 983/13/5 958/13/5 957/13/5
f 984/12/5 959/12/5 958/12/5
f 984/13/5 958/13/5 983/13/5
f 985/13/5 960/13/5 959/13/5
f 985/12/5 959/12/5 984/12/5
f 986/12/5 961/12/5 960/12/5
f 986/13/5 960/13/5 985/13/5
f 987/13/5 962/13/5 961/13/5
f 987/12/5 961/12/5 986/12/5
f 988/12/5 963/12/5 962/12/5
f 988/13/5 962/13/5 987/13/5
f 989/13/5 964/13/5 963/13/5
f 989/12/5 963/12/5 988/12/5
f 990/12/5 965/12/5 964/12/5
f 990/13/5 964/13/5 989/13/5
f 991/13/5 966/13/5 965/13/5
f 991/12/5 965/12/5 990/12/5
f 992/12/5 967/12/5 966/12/5
f 992/13/5 966/13/5 991/13/5
f 993/13/5 968/13/5 967/13/5
f 993/12/5 967/12/5 992/12/5
f 994/12/5 969/12/5 968/12/5
f 994/13/5 968/13/5 993/13/5
f 995/13/5 970/13/5 969/13/5
f 995/12/5 969/12/5 994/12/5
f 996/12/5 971/12/5 970/12/5
f 996/13/5 970/13/5 995/13/5
f 997/13/5 972/13/5 971/13/5
f 997/12/5 971/12/5 996/12/5
f 998/12/5 979/12/5 972/12/5
f 998/13/5 972/13/5 997/13/5
f 999/1/5 980/1/5 979/1/5
f 999/12/5 979/12/5 998/12/5
f 1000/10/5 981/10/5 980/10/5
f 1000/1/5 980/1/5 999/1/5
f 1001/1/5 982/1/5 981/1/5
f 1001/10/5 981/10/5 1000/10/5
f 1002/12/5 977/12/5 982/12/5
f 1002/1/5 982/1/5 1001/1/5
f 1003/13/5 978/13/5 977/13/5
f 1003/12/5 977/12/5 1002/12/5
f 1004/12/5 951/12/5 978/12/5
f 1004/13/5 978/13/5 1003/13/5
f 1005/12/5 1003/12/5 1002/12/5
f 1005/12/5 1002/12/5 1001/12/5
f 1005/12/5 1004/12/5 1003/12/5
f 1005/12/5 998/12/5 997/12/5
f 1005/12/5 997/12/5 996/12/5
f 1005/12/5 995/12/5 994/12/5
f 1005/12/5 994/12/5 993/12/5
f 1005/12/5 993/12/5 992/12/5
f 1005/12/5 992/12/5 991/12/5
f 1005/12/5 991/12/5 990/12/5
f 1005/12/5 990/12/5 989/12/5
f 1005/12/5 989/12/5 988/12/5
f 1005/12/5 988/12/5 987/12/5
f 1005/12/5 987/12/5 986/12/5
f 1005/12/5 986/12/5 985/12/5
f 1005/12/5 985/12/5 984/12/5
f 1005/12/5 984/12/5 983/12/5
f 1005/12/5 983/12/5 477/12/5
f 1005/12/5 1000/12/5 999/12/5
f 1005/12/5 1001/12/5 1000/12/5
f 1005/12/5 996/12/5 995/12/5
f 1005/12/5 999/12/5 998/12/5
f 1006/12/5 1004/12/5 1005/12/5
f 1007/12/5 1004/12/5 1006/12/5
f 1008/12/5 1004/12/5 1007/12/5
f 1009/12/5 1004/12/5 1008/12/5
f 1010/12/5 1004/12/5 1009/12/5
f 1011/12/5 1004/12/5 1010/12/5
f 1012/12/5 1004/12/5 1011/12/5
f 1013/12/5 1004/12/5 1012/12/5
f 1014/12/5 1004/12/5 1013/12/5
f 1015/12/5 1004/12/5 1014/12/5
f 1016/12/5 1004/12/5 1015/12/5
f 1017/12/5 1004/12/5 1016/12/5
f 1018/12/5 1004/12/5 1017/12/5
f 1019/12/5 1004/12/5 1018/12/5
f 1020/12/5 1004/12/5 1019/12/5
f 1021/12/5 1004/12/5 1020/12/5
f 1022/12/5 1004/12/5 1021/12/5
f 1023/13/5 1006/13/5 1005/13/5
f 1024/12/5 1007/12/5 1006/12/5
f 1024/13/5 1006/13/5 1023/13/5
f 1025/1/5 1024/1/5 1023/1/5
f 1026/12/5 1007/12/5 1024/12/5
f 1026/1/5 1024/1/5 1025/1/5
f 1027/13/5 1008/13/5 1007/13/5
f 1027/12/5 1007/12/5 1026/12/5
f 1028/12/5 1009/12/5 1008/12/5
f 1028/13/5 1008/13/5 1027/13/5
f 1029/1/5 1010/1/5 1009/1/5
f 1029/12/5 1009/12/5 1028/12/5
f 1030/12/5 1011/12/5 1010/12/5
f 1030/1/5 1010/1/5 1029/1/5
f 1031/13/5 1012/13/5 1011/13/5
f 1031/12/5 1011/12/5 1030/12/5
f 1032/12/5 1013/12/5 1012/12/5
f 1032/13/5 1012/13/5 1031/13/5
f 1033/13/5 1014/13/5 1013/13/5
f 1033/12/5 1013/12/5 1032/12/5
f 1034/12/5 1015/12/5 1014/12/5
f 1034/13/5 1014/13/5 1033/13/5
f 1035/1/5 1016/1/5 1015/1/5
f 1035/12/5 1015/12/5 1034/12/5
f 1036/12/5 1017/12/5 1016/12/5
f 1036/1/5 1016/1/5 1035/1/5
f 1037/13/5 1018/13/5 1017/13/5
f 1037/12/5 1017/12/5 1036/12/5
f 1038/12/5 1019/12/5 1018/12/5
f 1038/13/5 1018/13/5 1037/13/5
f 1039/13/5 1020/13/5 1019/13/5
f 1039/12/5 1019/12/5 1038/12/5
f 1040/12/5 1021/12/5 1020/12/5
f 1040/13/5 1020/13/5 1039/13/5
f 1041/13/5 1022/13/5 1021/13/5
f 1041/12/5 1021/12/5 1040/12/5
f 1042/12/5 1004/12/5 1022/12/5
f 1042/13/5 1022/13/5 1041/13/5
f 1043/12/5 1041/12/5 1040/12/5
f 1043/12/5 1026/12/5 1025/12/5
f 1043/12/5 1042/12/5 1041/12/5
f 1043/12/5 1027/12/5 1026/12/5
f 1043/12/5 1040/12/5 1039/12/5
f 1043/12/5 1039/12/5 1038/12/5
f 1043/12/5 1038/12/5 1037/12/5
f 1043/12/5 1037/12/5 1036/12/5
f 1043/12/5 1036/12/5 1035/12/5
f 1043/12/5 1035/12/5 1034/12/5
f 1043/12/5 1034/12/5 1033/12/5
f 1043/12/5 1033/12/5 1032/12/5
f 1043/12/5 1032/12/5 1031/12/5
f 1043/12/5 1031/12/5 1030/12/5
f 1043/12/5 1030/12/5 1029/12/5
f 1043/12/5 1029/12/5 1028/12/5
f 1043/12/5 1028/12/5 1027/12/5
f 1044/12/5 951/12/5 1004/12/5
f 1044/12/5 1042/12/5 1043/12/5
f 1044/13/5 952/13/5 951/13/5
f 1044/12/5 1004/12/5 1042/12/5
f 1045/12/5 1043/12/5 1025/12/5
f 1046/12/5 1043/12/5 1045/12/5
f 1047/12/5 1043/12/5 1046/12/5
f 1048/12/5 1043/12/5 1047/12/5
f 1049/12/5 1043/12/5 1048/12/5
f 1050/12/5 1043/12/5 1049/12/5
f 1051/12/5 1043/12/5 1050/12/5
f 1052/12/5 1043/12/5 1051/12/5
f 1053/12/5 1043/12/5 1052/12/5
f 1054/12/5 1043/12/5 1053/12/5
f 1055/12/5 1043/12/5 1054/12/5
f 1056/12/5 1043/12/5 1055/12/5
f 1057/12/5 1043/12/5 1056/12/5
f 1058/12/5 1055/12/5 1054/12/5
f 1059/10/5 1056/10/5 1055/10/5
f 1059/12/5 1055/12/5 1058/12/5
f 1060/13/5 1057/13/5 1056/13/5
f 1060/10/5 1056/10/5 1059/10/5
f 1061/12/5 1043/12/5 1057/12/5
f 1061/13/5 1057/13/5 1060/13/5
f 1062/10/5 1060/10/5 1059/10/5
f 1062/12/5 1058/12/5 1054/12/5
f 1062/10/5 1061/10/5 1060/10/5
f 1062/10/5 1059/10/5 1058/10/5
f 1063/10/5 1061/10/5 1062/10/5
f 1064/10/5 1061/10/5 1063/10/5
f 1065/12/5 1043/12/5 1061/12/5
f 1065/10/5 1061/10/5 1064/10/5
f 1066/12/5 1045/12/5 1025/12/5
f 1067/13/5 1046/13/5 1045/13/5
f 1067/12/5 1045/12/5 1066/12/5
f 1068/12/5 1047/12/5 1046/12/5
f 1068/13/5 1046/13/5 1067/13/5
f 1069/13/5 1048/13/5 1047/13/5
f 1069/12/5 1047/12/5 1068/12/5
f 1070/12/5 1049/12/5 1048/12/5
f 1070/13/5 1048/13/5 1069/13/5
f 1071/13/5 1050/13/5 1049/13/5
f 1071/12/5 1049/12/5 1070/12/5
f 1072/12/5 1051/12/5 1050/12/5
f 1072/13/5 1050/13/5 1071/13/5
f 1073/13/5 1052/13/5 1051/13/5
f 1073/12/5 1051/12/5 1072/12/5
f 1074/12/5 1053/12/5 1052/12/5
f 1074/13/5 1052/13/5 1073/13/5
f 1075/13/5 1054/13/5 1053/13/5
f 1075/12/5 1053/12/5 1074/12/5
f 1076/12/5 1062/12/5 1054/12/5
f 1076/13/5 1054/13/5 1075/13/5
f 1076/12/5 1063/12/5 1062/12/5
f 1077/10/5 1064/10/5 1063/10/5
f 1077/12/5 1063/12/5 1076/12/5
f 1078/13/5 1065/13/5 1064/13/5
f 1078/10/5 1064/10/5 1077/10/5
f 1079/12/5 1043/12/5 1065/12/5
f 1079/13/5 1065/13/5 1078/13/5
f 1080/13/5 1044/13/5 1043/13/5
f 1080/12/5 1043/12/5 1079/12/5
f 1081/13/5 1079/13/5 1078/13/5
f 1081/13/5 1078/13/5 1077/13/5
f 1081/13/5 1080/13/5 1079/13/5
f 1081/13/5 1077/13/5 1076/13/5
f 1081/13/5 1075/13/5 1074/13/5
f 1081/13/5 1076/13/5 1075/13/5
f 1081/13/5 1074/13/5 1073/13/5
f 1081/13/5 1073/13/5 1072/13/5
f 1081/13/5 1072/13/5 1071/13/5
f 1081/13/5 1071/13/5 1070/13/5
f 1081/13/5 1070/13/5 1069/13/5
f 1081/13/5 1069/13/5 1068/13/5
f 1081/13/5 1068/13/5 1067/13/5
f 1081/13/5 1067/13/5 1066/13/5
f 1082/13/5 952/13/5 1044/13/5
f 1082/13/5 1080/13/5 1081/13/5
f 1082/13/5 1044/13/5 1080/13/5
f 1085/13/5 1084/13/5 1083/13/5
f 1086/13/5 1084/13/5 1085/13/5
f 1089/10/5 1088/10/5 1087/10/5
f 1090/10/5 1088/10/5 1089/10/5
f 1093/8/5 1092/8/5 1091/8/5
f 1094/8/5 1092/8/5 1093/8/5
f 1095/9/5 1094/9/5 1093/9/5
f 1096/9/5 1094/9/5 1095/9/5
f 1097/9/5 1095/9/5 1093/9/5
f 1098/13/5 1096/13/5 1095/13/5
f 1098/9/5 1095/9/5 1097/9/5
f 1099/9/5 1094/9/5 1096/9/5
f 1099/13/5 1096/13/5 1098/13/5
f 1100/9/5 1094/9/5 1099/9/5
f 1101/9/5 1097/9/5 1093/9/5
f 1102/9/5 1094/9/5 1100/9/5
f 1103/8/5 1093/8/5 1091/8/5
f 1103/9/5 1102/9/5 1101/9/5
f 1103/9/5 1101/9/5 1093/9/5
f 1104/9/5 1094/9/5 1102/9/5
f 1104/9/5 1102/9/5 1103/9/5
f 1105/8/5 1103/8/5 1091/8/5
f 1105/8/5 1104/8/5 1103/8/5
f 1106/8/5 1104/8/5 1105/8/5
f 1109/15/5 1108/15/5 1107/15/5
f 1110/15/5 1108/15/5 1109/15/5
f 1111/10/5 1110/10/5 1109/10/5
f 1112/10/5 1110/10/5 1111/10/5
f 1113/10/5 1111/10/5 1109/10/5
f 1114/10/5 1110/10/5 1112/10/5
f 1115/15/5 1109/15/5 1107/15/5
f 1115/10/5 1114/10/5 1113/10/5
f 1115/10/5 1113/10/5 1109/10/5
f 1116/10/5 1110/10/5 1114/10/5
f 1116/10/5 1114/10/5 1115/10/5
f 1116/15/5 1108/15/5 1110/15/5
f 1117/15/5 1115/15/5 1107/15/5
f 1117/15/5 1116/15/5 1115/15/5
f 1118/15/5 1108/15/5 1116/15/5
f 1118/15/5 1116/15/5 1117/15/5
f 1119/13/6 1120/13/6 1121/13/6
f 1121/13/6 1120/13/6 1122/13/6
f 1122/13/6 1120/13/6 1123/13/6
f 1123/13/6 1120/13/6 1124/13/6
f 1123/12/6 1124/12/6 1127/12/6
f 1124/15/6 1125/15/6 1127/15/6
f 1125/14/6 1126/14/6 1128/14/6
f 1127/15/6 1125/15/6 1128/15/6
f 1128/14/6 1126/14/6 1129/14/6
f 1121/12/6 1122/12/6 1131/12/6
f 1131/12/6 1122/12/6 1132/12/6
f 1129/14/6 1130/14/6 1133/14/6
f 1128/14/6 1129/14/6 1133/14/6
f 1121/12/6 1131/12/6 1135/12/6
f 1135/12/6 1131/12/6 1136/12/6
f 1132/12/6 1122/12/6 1137/12/6
f 1122/13/6 1123/13/6 1137/13/6
f 1123/12/6 1127/12/6 1138/12/6
f 1137/13/6 1123/13/6 1138/13/6
f 1127/12/6 1128/12/6 1138/12/6
f 1133/14/6 1134/14/6 1139/14/6
f 1138/12/6 1128/12/6 1139/12/6
f 1128/14/6 1133/14/6 1139/14/6
f 1139/14/6 1134/14/6 1140/14/6
f 1140/14/6 1134/14/6 1141/14/6
f 1137/12/6 1138/12/6 1143/12/6
f 1138/12/6 1139/12/6 1143/12/6
f 1139/12/6 1140/12/6 1143/12/6
f 1143/12/6 1140/12/6 1144/12/6
f 1144/12/6 1140/12/6 1145/12/6
f 1145/12/6 1140/12/6 1146/12/6
f 1141/14/6 1142/14/6 1147/14/6
f 1146/12/6 1140/12/6 1147/12/6
f 1140/14/6 1141/14/6 1147/14/6
f 1147/14/6 1142/14/6 1148/14/6
f 1148/14/6 1142/14/6 1149/14/6
f 1135/1/6 1136/1/6 1151/1/6
f 1151/1/6 1136/1/6 1152/1/6
f 1146/12/6 1147/12/6 1153/12/6
f 1147/12/6 1148/12/6 1153/12/6
f 1153/12/6 1148/12/6 1154/12/6
f 1154/12/6 1148/12/6 1155/12/6
f 1155/12/6 1148/12/6 1156/12/6
f 1156/12/6 1148/12/6 1157/12/6
f 1157/12/6 1148/12/6 1158/12/6
f 1149/14/6 1150/14/6 1159/14/6
f 1158/12/6 1148/12/6 1159/12/6
f 1148/14/6 1149/14/6 1159/14/6
f 1159/14/6 1150/14/6 1160/14/6
f 1160/14/6 1150/14/6 1161/14/6
f 1151/3/6 1152/3/6 1163/3/6
f 1135/1/6 1151/1/6 1163/1/6
f 1152/1/6 1136/1/6 1164/1/6
f 1163/3/6 1152/3/6 1164/3/6
f 1136/12/6 1131/12/6 1165/12/6
f 1131/13/6 1132/13/6 1165/13/6
f 1132/12/6 1137/12/6 1166/12/6
f 1165/13/6 1132/13/6 1166/13/6
f 1137/12/6 1143/12/6 1166/12/6
f 1153/1/6 1154/1/6 1167/1/6
f 1155/1/6 1156/1/6 1168/1/6
f 1158/12/6 1159/12/6 1169/12/6
f 1161/14/6 1162/14/6 1169/14/6
f 1160/14/6 1161/14/6 1169/14/6
f 1159/12/6 1160/12/6 1169/12/6
f 1169/14/6 1162/14/6 1170/14/6
f 1121/12/6 1135/12/6 1171/12/6
f 1163/1/6 1164/1/6 1171/1/6
f 1135/1/6 1163/1/6 1171/1/6
f 1164/1/6 1136/1/6 1172/1/6
f 1171/1/6 1164/1/6 1172/1/6
f 1136/12/6 1165/12/6 1172/12/6
f 1165/12/6 1166/12/6 1172/12/6
f 1170/14/6 1162/14/6 1173/14/6
f 1169/12/6 1170/12/6 1173/12/6
f 1173/14/6 1162/14/6 1174/14/6
f 1174/14/6 1162/14/6 1175/14/6
f 1172/12/6 1166/12/6 1177/12/6
f 1171/12/6 1172/12/6 1177/12/6
f 1166/12/6 1143/12/6 1177/12/6
f 1177/12/6 1143/12/6 1178/12/6
f 1143/13/6 1144/13/6 1179/13/6
f 1178/12/6 1143/12/6 1179/12/6
f 1144/12/6 1145/12/6 1180/12/6
f 1179/13/6 1144/13/6 1180/13/6
f 1145/13/6 1146/13/6 1181/13/6
f 1180/12/6 1145/12/6 1181/12/6
f 1146/12/6 1153/12/6 1182/12/6
f 1181/13/6 1146/13/6 1182/13/6
f 1175/14/6 1176/14/6 1183/14/6
f 1174/14/6 1175/14/6 1183/14/6
f 1173/12/6 1174/12/6 1183/12/6
f 1183/14/6 1176/14/6 1184/14/6
f 1184/14/6 1176/14/6 1185/14/6
f 1153/1/6 1167/1/6 1187/1/6
f 1182/12/6 1153/12/6 1187/12/6
f 1181/12/6 1182/12/6 1187/12/6
f 1179/12/6 1180/12/6 1187/12/6
f 1178/12/6 1179/12/6 1187/12/6
f 1167/1/6 1168/1/6 1187/1/6
f 1180/12/6 1181/12/6 1187/12/6
f 1168/1/6 1156/1/6 1188/1/6
f 1187/1/6 1168/1/6 1188/1/6
f 1156/12/6 1157/12/6 1188/12/6
f 1157/13/6 1158/13/6 1189/13/6
f 1188/12/6 1157/12/6 1189/12/6
f 1183/12/6 1184/12/6 1190/12/6
f 1189/13/6 1158/13/6 1190/13/6
f 1173/12/6 1183/12/6 1190/12/6
f 1169/12/6 1173/12/6 1190/12/6
f 1158/12/6 1169/12/6 1190/12/6
f 1185/14/6 1186/14/6 1191/14/6
f 1190/12/6 1184/12/6 1191/12/6
f 1184/14/6 1185/14/6 1191/14/6
f 1191/14/6 1186/14/6 1192/14/6
f 1187/12/6 1188/12/6 1193/12/6
f 1192/14/6 1186/14/6 1193/14/6
f 1191/12/6 1192/12/6 1193/12/6
f 1190/12/6 1191/12/6 1193/12/6
f 1189/12/6 1190/12/6 1193/12/6
f 1188/12/6 1189/12/6 1193/12/6
f 1193/14/6 1186/14/6 1194/14/6
f 1194/14/6 1186/14/6 1195/14/6
f 1121/12/6 1171/12/6 1197/12/6
f 1171/12/6 1177/12/6 1197/12/6
f 1197/12/6 1177/12/6 1198/12/6
f 1198/12/6 1177/12/6 1199/12/6
f 1199/12/6 1177/12/6 1200/12/6
f 1200/12/6 1177/12/6 1201/12/6
f 1201/12/6 1177/12/6 1202/12/6
f 1195/14/6 1196/14/6 1203/14/6
f 1194/14/6 1195/14/6 1203/14/6
f 1193/12/6 1194/12/6 1203/12/6
f 1203/14/6 1196/14/6 1204/14/6
f 1204/14/6 1196/14/6 1205/14/6
f 1202/12/6 1177/12/6 1207/12/6
f 1177/13/6 1178/13/6 1207/13/6
f 1178/12/6 1187/12/6 1208/12/6
f 1207/13/6 1178/13/6 1208/13/6
f 1187/12/6 1193/12/6 1208/12/6
f 1203/12/6 1204/12/6 1208/12/6
f 1193/12/6 1203/12/6 1208/12/6
f 1208/12/6 1204/12/6 1209/12/6
f 1209/12/6 1204/12/6 1210/12/6
f 1210/12/6 1204/12/6 1211/12/6
f 1211/12/6 1204/12/6 1212/12/6
f 1212/12/6 1204/12/6 1213/12/6
f 1213/12/6 1204/12/6 1214/12/6
f 1205/14/6 1206/14/6 1215/14/6
f 1214/12/6 1204/12/6 1215/12/6
f 1204/14/6 1205/14/6 1215/14/6
f 1215/14/6 1206/14/6 1216/14/6
f 1216/14/6 1206/14/6 1217/14/6
f 1214/12/6 1215/12/6 1219/12/6
f 1217/14/6 1218/14/6 1219/14/6
f 1216/14/6 1217/14/6 1219/14/6
f 1215/12/6 1216/12/6 1219/12/6
f 1219/14/6 1218/14/6 1220/14/6
f 1220/14/6 1218/14/6 1221/14/6
f 1121/12/6 1197/12/6 1223/12/6
f 1197/13/6 1198/13/6 1223/13/6
f 1198/12/6 1199/12/6 1224/12/6
f 1223/13/6 1198/13/6 1224/13/6
f 1199/13/6 1200/13/6 1225/13/6
f 1224/12/6 1199/12/6 1225/12/6
f 1200/12/6 1201/12/6 1226/12/6
f 1225/13/6 1200/13/6 1226/13/6
f 1201/13/6 1202/13/6 1227/13/6
f 1226/12/6 1201/12/6 1227/12/6
f 1202/12/6 1207/12/6 1228/12/6
f 1227/13/6 1202/13/6 1228/13/6
f 1207/12/6 1208/12/6 1228/12/6
f 1208/12/6 1209/12/6 1228/12/6
f 1219/12/6 1220/12/6 1229/12/6
f 1214/12/6 1219/12/6 1229/12/6
f 1229/12/6 1220/12/6 1230/12/6
f 1221/14/6 1222/14/6 1231/14/6
f 1230/12/6 1220/12/6 1231/12/6
f 1220/14/6 1221/14/6 1231/14/6
f 1231/14/6 1222/14/6 1232/14/6
f 1232/14/6 1222/14/6 1233/14/6
f 1229/13/6 1230/13/6 1234/13/6
f 1230/12/6 1231/12/6 1234/12/6
f 1231/12/6 1232/12/6 1234/12/6
f 1234/12/6 1232/12/6 1235/12/6
f 1232/15/6 1233/15/6 1236/15/6
f 1235/12/6 1232/12/6 1236/12/6
f 1236/15/6 1233/15/6 1237/15/6
f 1225/12/6 1226/12/6 1239/12/6
f 1226/12/6 1227/12/6 1239/12/6
f 1223/12/6 1224/12/6 1239/12/6
f 1224/12/6 1225/12/6 1239/12/6
f 1228/12/6 1209/12/6 1239/12/6
f 1227/12/6 1228/12/6 1239/12/6
f 1209/13/6 1210/13/6 1239/13/6
f 1210/12/6 1211/12/6 1240/12/6
f 1239/13/6 1210/13/6 1240/13/6
f 1211/13/6 1212/13/6 1241/13/6
f 1240/12/6 1211/12/6 1241/12/6
f 1212/12/6 1213/12/6 1242/12/6
f 1241/13/6 1212/13/6 1242/13/6
f 1213/13/6 1214/13/6 1243/13/6
f 1242/12/6 1213/12/6 1243/12/6
f 1214/12/6 1229/12/6 1244/12/6
f 1243/13/6 1214/13/6 1244/13/6
f 1229/13/6 1234/13/6 1245/13/6
f 1244/12/6 1229/12/6 1245/12/6
f 1234/13/6 1235/13/6 1245/13/6
f 1235/12/6 1236/12/6 1246/12/6
f 1245/13/6 1235/13/6 1246/13/6
f 1236/12/6 1237/12/6 1246/12/6
f 1237/14/6 1238/14/6 1247/14/6
f 1246/12/6 1237/12/6 1247/12/6
f 1247/14/6 1238/14/6 1248/14/6
f 1241/12/6 1242/12/6 1249/12/6
f 1248/14/6 1238/14/6 1249/14/6
f 1247/12/6 1248/12/6 1249/12/6
f 1246/12/6 1247/12/6 1249/12/6
f 1245/12/6 1246/12/6 1249/12/6
f 1242/12/6 1243/12/6 1249/12/6
f 1239/12/6 1240/12/6 1249/12/6
f 1244/12/6 1245/12/6 1249/12/6
f 1243/12/6 1244/12/6 1249/12/6
f 1240/12/6 1241/12/6 1249/12/6
f 1249/14/6 1238/14/6 1250/14/6
f 1223/12/6 1239/12/6 1252/12/6
f 1239/12/6 1249/12/6 1252/12/6
f 1249/12/6 1250/12/6 1252/12/6
f 1252/12/6 1250/12/6 1253/12/6
f 1250/14/6 1251/14/6 1254/14/6
f 1253/12/6 1250/12/6 1254/12/6
f 1254/14/6 1251/14/6 1255/14/6
f 1121/12/6 1223/12/6 1256/12/6
f 1223/12/6 1252/12/6 1256/12/6
f 1256/12/6 1252/12/6 1257/12/6
f 1257/12/6 1252/12/6 1258/12/6
f 1258/12/6 1252/12/6 1259/12/6
f 1259/12/6 1252/12/6 1260/12/6
f 1260/12/6 1252/12/6 1261/12/6
f 1261/12/6 1252/12/6 1262/12/6
f 1262/12/6 1252/12/6 1263/12/6
f 1255/14/6 1251/14/6 1264/14/6
f 1254/12/6 1255/12/6 1264/12/6
f 1253/12/6 1254/12/6 1264/12/6
f 1264/14/6 1251/14/6 1265/14/6
f 1257/12/6 1258/12/6 1267/12/6
f 1258/13/6 1259/13/6 1267/13/6
f 1259/10/6 1260/10/6 1268/10/6
f 1267/13/6 1259/13/6 1268/13/6
f 1260/13/6 1261/13/6 1269/13/6
f 1268/10/6 1260/10/6 1269/10/6
f 1261/12/6 1262/12/6 1270/12/6
f 1269/13/6 1261/13/6 1270/13/6
f 1264/12/6 1265/12/6 1271/12/6
f 1253/12/6 1264/12/6 1271/12/6
f 1271/12/6 1265/12/6 1272/12/6
f 1272/12/6 1265/12/6 1273/12/6
f 1273/12/6 1265/12/6 1274/12/6
f 1274/12/6 1265/12/6 1275/12/6
f 1275/12/6 1265/12/6 1276/12/6
f 1276/12/6 1265/12/6 1277/12/6
f 1277/12/6 1265/12/6 1278/12/6
f 1278/12/6 1265/12/6 1279/12/6
f 1279/12/6 1265/12/6 1280/12/6
f 1280/12/6 1265/12/6 1281/12/6
f 1281/12/6 1265/12/6 1282/12/6
f 1282/12/6 1265/12/6 1283/12/6
f 1272/12/6 1273/12/6 1284/12/6
f 1273/1/6 1274/1/6 1284/1/6
f 1274/10/6 1275/10/6 1285/10/6
f 1284/1/6 1274/1/6 1285/1/6
f 1275/1/6 1276/1/6 1286/1/6
f 1285/10/6 1275/10/6 1286/10/6
f 1276/12/6 1277/12/6 1287/12/6
f 1286/1/6 1276/1/6 1287/1/6
f 1278/12/6 1279/12/6 1288/12/6
f 1279/1/6 1280/1/6 1288/1/6
f 1280/10/6 1281/10/6 1289/10/6
f 1288/1/6 1280/1/6 1289/1/6
f 1281/12/6 1282/12/6 1290/12/6
f 1289/10/6 1281/10/6 1290/10/6
f 1290/12/6 1282/12/6 1291/12/6
f 1265/14/6 1266/14/6 1292/14/6
f 1283/12/6 1265/12/6 1292/12/6
f 1292/14/6 1266/14/6 1293/14/6
f 1268/10/6 1269/10/6 1295/10/6
f 1257/12/6 1267/12/6 1295/12/6
f 1267/10/6 1268/10/6 1295/10/6
f 1269/10/6 1270/10/6 1295/10/6
f 1295/10/6 1270/10/6 1296/10/6
f 1296/10/6 1270/10/6 1297/10/6
f 1270/12/6 1262/12/6 1298/12/6
f 1297/10/6 1270/10/6 1298/10/6
f 1293/14/6 1294/14/6 1299/14/6
f 1292/12/6 1293/12/6 1299/12/6
f 1299/14/6 1294/14/6 1300/14/6
f 1300/14/6 1294/14/6 1301/14/6
f 1121/12/6 1256/12/6 1303/12/6
f 1256/3/6 1257/3/6 1303/3/6
f 1257/12/6 1295/12/6 1304/12/6
f 1303/3/6 1257/3/6 1304/3/6
f 1295/13/6 1296/13/6 1305/13/6
f 1304/12/6 1295/12/6 1305/12/6
f 1296/10/6 1297/10/6 1306/10/6
f 1305/13/6 1296/13/6 1306/13/6
f 1297/13/6 1298/13/6 1307/13/6
f 1306/10/6 1297/10/6 1307/10/6
f 1298/12/6 1262/12/6 1308/12/6
f 1307/13/6 1298/13/6 1308/13/6
f 1262/13/6 1263/13/6 1309/13/6
f 1308/12/6 1262/12/6 1309/12/6
f 1263/12/6 1252/12/6 1310/12/6
f 1309/13/6 1263/13/6 1310/13/6
f 1272/12/6 1284/12/6 1311/12/6
f 1284/10/6 1285/10/6 1311/10/6
f 1285/10/6 1286/10/6 1311/10/6
f 1286/10/6 1287/10/6 1311/10/6
f 1311/10/6 1287/10/6 1312/10/6
f 1312/10/6 1287/10/6 1313/10/6
f 1287/12/6 1277/12/6 1314/12/6
f 1313/10/6 1287/10/6 1314/10/6
f 1289/10/6 1290/10/6 1315/10/6
f 1290/10/6 1291/10/6 1315/10/6
f 1278/12/6 1288/12/6 1315/12/6
f 1288/10/6 1289/10/6 1315/10/6
f 1315/10/6 1291/10/6 1316/10/6
f 1316/10/6 1291/10/6 1317/10/6
f 1291/12/6 1282/12/6 1318/12/6
f 1317/10/6 1291/10/6 1318/10/6
f 1283/12/6 1292/12/6 1319/12/6
f 1299/12/6 1300/12/6 1319/12/6
f 1292/12/6 1299/12/6 1319/12/6
f 1319/12/6 1300/12/6 1320/12/6
f 1301/14/6 1302/14/6 1321/14/6
f 1320/12/6 1300/12/6 1321/12/6
f 1300/14/6 1301/14/6 1321/14/6
f 1321/14/6 1302/14/6 1322/14/6
f 1308/12/6 1309/12/6 1323/12/6
f 1252/13/6 1253/13/6 1323/13/6
f 1307/12/6 1308/12/6 1323/12/6
f 1306/12/6 1307/12/6 1323/12/6
f 1303/12/6 1304/12/6 1323/12/6
f 1304/12/6 1305/12/6 1323/12/6
f 1305/12/6 1306/12/6 1323/12/6
f 1310/12/6 1252/12/6 1323/12/6
f 1309/12/6 1310/12/6 1323/12/6
f 1253/12/6 1271/12/6 1324/12/6
f 1323/13/6 1253/13/6 1324/13/6
f 1271/13/6 1272/13/6 1325/13/6
f 1324/12/6 1271/12/6 1325/12/6
f 1272/12/6 1311/12/6 1326/12/6
f 1325/13/6 1272/13/6 1326/13/6
f 1311/1/6 1312/1/6 1327/1/6
f 1326/12/6 1311/12/6 1327/12/6
f 1312/10/6 1313/10/6 1328/10/6
f 1327/1/6 1312/1/6 1328/1/6
f 1313/1/6 1314/1/6 1329/1/6
f 1328/10/6 1313/10/6 1329/10/6
f 1314/12/6 1277/12/6 1330/12/6
f 1329/1/6 1314/1/6 1330/1/6
f 1277/13/6 1278/13/6 1331/13/6
f 1330/12/6 1277/12/6 1331/12/6
f 1278/12/6 1315/12/6 1332/12/6
f 1331/13/6 1278/13/6 1332/13/6
f 1315/1/6 1316/1/6 1333/1/6
f 1332/12/6 1315/12/6 1333/12/6
f 1316/10/6 1317/10/6 1334/10/6
f 1333/1/6 1316/1/6 1334/1/6
f 1317/12/6 1318/12/6 1335/12/6
f 1334/10/6 1317/10/6 1335/10/6
f 1318/12/6 1282/12/6 1336/12/6
f 1335/12/6 1318/12/6 1336/12/6
f 1282/1/6 1283/1/6 1336/1/6
f 1283/12/6 1319/12/6 1337/12/6
f 1336/1/6 1283/1/6 1337/1/6
f 1337/12/6 1319/12/6 1338/12/6
f 1321/12/6 1322/12/6 1339/12/6
f 1320/12/6 1321/12/6 1339/12/6
f 1322/14/6 1302/14/6 1340/14/6
f 1339/12/6 1322/12/6 1340/12/6
f 1340/14/6 1302/14/6 1341/14/6
f 1338/12/6 1339/12/6 1343/12/6
f 1341/14/6 1342/14/6 1343/14/6
f 1340/12/6 1341/12/6 1343/12/6
f 1339/12/6 1340/12/6 1343/12/6
f 1337/12/6 1338/12/6 1343/12/6
f 1333/12/6 1334/12/6 1343/12/6
f 1326/12/6 1327/12/6 1343/12/6
f 1331/12/6 1332/12/6 1343/12/6
f 1329/12/6 1330/12/6 1343/12/6
f 1327/12/6 1328/12/6 1343/12/6
f 1323/12/6 1324/12/6 1343/12/6
f 1336/12/6 1337/12/6 1343/12/6
f 1328/12/6 1329/12/6 1343/12/6
f 1334/12/6 1335/12/6 1343/12/6
f 1325/12/6 1326/12/6 1343/12/6
f 1324/12/6 1325/12/6 1343/12/6
f 1332/12/6 1333/12/6 1343/12/6
f 1335/12/6 1336/12/6 1343/12/6
f 1330/12/6 1331/12/6 1343/12/6
f 1343/14/6 1342/14/6 1344/14/6
f 1323/12/6 1343/12/6 1346/12/6
f 1346/12/6 1343/12/6 1347/12/6
f 1347/12/6 1343/12/6 1348/12/6
f 1348/12/6 1343/12/6 1349/12/6
f 1349/12/6 1343/12/6 1350/12/6
f 1350/12/6 1343/12/6 1351/12/6
f 1351/12/6 1343/12/6 1352/12/6
f 1352/12/6 1343/12/6 1353/12/6
f 1353/12/6 1343/12/6 1354/12/6
f 1354/12/6 1343/12/6 1355/12/6
f 1355/12/6 1343/12/6 1356/12/6
f 1356/12/6 1343/12/6 1357/12/6
f 1344/14/6 1345/14/6 1358/14/6
f 1343/11/6 1344/11/6 1358/11/6
f 1358/14/6 1345/14/6 1359/14/6
f 1303/12/6 1323/12/6 1361/12/6
f 1323/12/6 1346/12/6 1361/12/6
f 1361/12/6 1346/12/6 1362/12/6
f 1362/12/6 1346/12/6 1363/12/6
f 1363/12/6 1346/12/6 1364/12/6
f 1357/12/6 1343/12/6 1365/12/6
f 1356/13/6 1357/13/6 1365/13/6
f 1365/12/6 1343/12/6 1366/12/6
f 1356/13/6 1365/13/6 1367/13/6
f 1366/12/6 1343/12/6 1368/12/6
f 1359/14/6 1360/14/6 1369/14/6
f 1358/11/6 1359/11/6 1369/11/6
f 1369/14/6 1360/14/6 1370/14/6
f 1364/12/6 1346/12/6 1372/12/6
f 1346/13/6 1347/13/6 1372/13/6
f 1347/12/6 1348/12/6 1373/12/6
f 1372/13/6 1347/13/6 1373/13/6
f 1348/13/6 1349/13/6 1374/13/6
f 1373/12/6 1348/12/6 1374/12/6
f 1349/12/6 1350/12/6 1375/12/6
f 1374/13/6 1349/13/6 1375/13/6
f 1350/13/6 1351/13/6 1376/13/6
f 1375/12/6 1350/12/6 1376/12/6
f 1351/12/6 1352/12/6 1377/12/6
f 1376/13/6 1351/13/6 1377/13/6
f 1352/13/6 1353/13/6 1378/13/6
f 1377/12/6 1352/12/6 1378/12/6
f 1353/12/6 1354/12/6 1379/12/6
f 1378/13/6 1353/13/6 1379/13/6
f 1354/13/6 1355/13/6 1380/13/6
f 1379/12/6 1354/12/6 1380/12/6
f 1355/12/6 1356/12/6 1381/12/6
f 1380/13/6 1355/13/6 1381/13/6
f 1356/13/6 1367/13/6 1382/13/6
f 1381/12/6 1356/12/6 1382/12/6
f 1367/12/6 1368/12/6 1383/12/6
f 1382/13/6 1367/13/6 1383/13/6
f 1370/14/6 1371/14/6 1384/14/6
f 1369/11/6 1370/11/6 1384/11/6
f 1384/14/6 1371/14/6 1385/14/6
f 1303/12/6 1361/12/6 1387/12/6
f 1361/13/6 1362/13/6 1387/13/6
f 1362/12/6 1363/12/6 1388/12/6
f 1387/13/6 1362/13/6 1388/13/6
f 1363/13/6 1364/13/6 1389/13/6
f 1388/12/6 1363/12/6 1389/12/6
f 1381/12/6 1382/12/6 1390/12/6
f 1389/13/6 1364/13/6 1390/13/6
f 1382/12/6 1383/12/6 1390/12/6
f 1364/12/6 1372/12/6 1390/12/6
f 1372/12/6 1373/12/6 1390/12/6
f 1373/12/6 1374/12/6 1390/12/6
f 1380/12/6 1381/12/6 1390/12/6
f 1374/12/6 1375/12/6 1390/12/6
f 1375/12/6 1376/12/6 1390/12/6
f 1376/12/6 1377/12/6 1390/12/6
f 1377/12/6 1378/12/6 1390/12/6
f 1379/12/6 1380/12/6 1390/12/6
f 1378/12/6 1379/12/6 1390/12/6
f 1383/12/6 1368/12/6 1391/12/6
f 1390/12/6 1383/12/6 1391/12/6
f 1368/12/6 1343/12/6 1392/12/6
f 1391/12/6 1368/12/6 1392/12/6
f 1369/11/6 1384/11/6 1393/11/6
f 1392/12/6 1343/12/6 1393/12/6
f 1358/11/6 1369/11/6 1393/11/6
f 1343/11/6 1358/11/6 1393/11/6
f 1384/11/6 1385/11/6 1393/11/6
f 1385/14/6 1386/14/6 1394/14/6
f 1393/11/6 1385/11/6 1394/11/6
f 1388/12/6 1389/12/6 1395/12/6
f 1389/12/6 1390/12/6 1395/12/6
f 1387/12/6 1388/12/6 1395/12/6
f 1390/12/6 1391/12/6 1395/12/6
f 1395/12/6 1391/12/6 1396/12/6
f 1396/12/6 1391/12/6 1397/12/6
f 1393/12/6 1394/12/6 1398/12/6
f 1392/12/6 1393/12/6 1398/12/6
f 1394/14/6 1386/14/6 1399/14/6
f 1398/12/6 1394/12/6 1399/12/6
f 1399/14/6 1386/14/6 1400/14/6
f 1387/12/6 1395/12/6 1402/12/6
f 1395/10/6 1396/10/6 1403/10/6
f 1402/12/6 1395/12/6 1403/12/6
f 1397/12/6 1398/12/6 1404/12/6
f 1403/10/6 1396/10/6 1404/10/6
f 1396/12/6 1397/12/6 1404/12/6
f 1398/12/6 1399/12/6 1404/12/6
f 1404/12/6 1399/12/6 1405/12/6
f 1402/10/6 1403/10/6 1406/10/6
f 1387/12/6 1402/12/6 1406/12/6
f 1404/10/6 1405/10/6 1406/10/6
f 1403/10/6 1404/10/6 1406/10/6
f 1406/10/6 1405/10/6 1407/10/6
f 1407/10/6 1405/10/6 1408/10/6
f 1405/12/6 1399/12/6 1409/12/6
f 1408/10/6 1405/10/6 1409/10/6
f 1400/14/6 1401/14/6 1410/14/6
f 1407/10/6 1408/10/6 1412/10/6
f 1406/12/6 1407/12/6 1412/12/6
f 1408/12/6 1409/12/6 1413/12/6
f 1412/10/6 1408/10/6 1413/10/6
f 1410/14/6 1411/14/6 1414/14/6
f 1399/13/6 1400/13/6 1414/13/6
f 1400/14/6 1410/14/6 1414/14/6
f 1414/14/6 1411/14/6 1415/14/6
f 1121/12/6 1303/12/6 1416/12/6
f 1412/12/6 1413/12/6 1416/12/6
f 1303/12/6 1387/12/6 1416/12/6
f 1387/12/6 1406/12/6 1416/12/6
f 1406/12/6 1412/12/6 1416/12/6
f 1416/12/6 1413/12/6 1417/12/6
f 1417/12/6 1413/12/6 1418/12/6
f 1418/12/6 1413/12/6 1419/12/6
f 1419/12/6 1413/12/6 1420/12/6
f 1420/12/6 1413/12/6 1421/12/6
f 1421/12/6 1413/12/6 1422/12/6
f 1422/12/6 1413/12/6 1423/12/6
f 1423/12/6 1413/12/6 1424/12/6
f 1424/12/6 1413/12/6 1425/12/6
f 1425/12/6 1413/12/6 1426/12/6
f 1426/12/6 1413/12/6 1427/12/6
f 1413/12/6 1409/12/6 1428/12/6
f 1427/12/6 1413/12/6 1428/12/6
f 1409/12/6 1399/12/6 1428/12/6
f 1428/12/6 1399/12/6 1429/12/6
f 1429/12/6 1399/12/6 1430/12/6
f 1430/12/6 1399/12/6 1431/12/6
f 1431/12/6 1399/12/6 1432/12/6
f 1432/12/6 1399/12/6 1433/12/6
f 1433/12/6 1399/12/6 1434/12/6
f 1434/12/6 1399/12/6 1435/12/6
f 1435/12/6 1399/12/6 1436/12/6
f 1436/12/6 1399/12/6 1437/12/6
f 1437/12/6 1399/12/6 1438/12/6
f 1438/12/6 1399/12/6 1439/12/6
f 1415/14/6 1411/14/6 1440/14/6
f 1414/11/6 1415/11/6 1440/11/6
f 1440/14/6 1411/14/6 1441/14/6
f 1121/12/6 1416/12/6 1443/12/6
f 1416/13/6 1417/13/6 1443/13/6
f 1417/10/6 1418/10/6 1444/10/6
f 1443/13/6 1417/13/6 1444/13/6
f 1418/13/6 1419/13/6 1445/13/6
f 1444/10/6 1418/10/6 1445/10/6
f 1419/12/6 1420/12/6 1446/12/6
f 1445/13/6 1419/13/6 1446/13/6
f 1431/12/6 1432/12/6 1447/12/6
f 1432/13/6 1433/13/6 1447/13/6
f 1433/10/6 1434/10/6 1448/10/6
f 1447/13/6 1433/13/6 1448/13/6
f 1434/13/6 1435/13/6 1449/13/6
f 1448/10/6 1434/10/6 1449/10/6
f 1435/12/6 1436/12/6 1450/12/6
f 1449/13/6 1435/13/6 1450/13/6
f 1439/12/6 1399/12/6 1451/12/6
f 1399/13/6 1414/13/6 1451/13/6
f 1440/11/6 1441/11/6 1452/11/6
f 1451/13/6 1414/13/6 1452/13/6
f 1414/11/6 1440/11/6 1452/11/6
f 1441/14/6 1442/14/6 1453/14/6
f 1452/11/6 1441/11/6 1453/11/6
f 1453/14/6 1442/14/6 1454/14/6
f 1121/12/6 1443/12/6 1456/12/6
f 1443/10/6 1444/10/6 1456/10/6
f 1444/10/6 1445/10/6 1456/10/6
f 1445/10/6 1446/10/6 1456/10/6
f 1456/10/6 1446/10/6 1457/10/6
f 1457/10/6 1446/10/6 1458/10/6
f 1446/12/6 1420/12/6 1459/12/6
f 1458/10/6 1446/10/6 1459/10/6
f 1449/10/6 1450/10/6 1460/10/6
f 1431/12/6 1447/12/6 1460/12/6
f 1447/10/6 1448/10/6 1460/10/6
f 1448/10/6 1449/10/6 1460/10/6
f 1460/10/6 1450/10/6 1461/10/6
f 1461/10/6 1450/10/6 1462/10/6
f 1450/12/6 1436/12/6 1463/12/6
f 1462/10/6 1450/10/6 1463/10/6
f 1456/13/6 1457/13/6 1464/13/6
f 1121/12/6 1456/12/6 1464/12/6
f 1457/10/6 1458/10/6 1465/10/6
f 1464/13/6 1457/13/6 1465/13/6
f 1458/13/6 1459/13/6 1466/13/6
f 1465/10/6 1458/10/6 1466/10/6
f 1459/12/6 1420/12/6 1467/12/6
f 1466/13/6 1459/13/6 1467/13/6
f 1420/13/6 1421/13/6 1468/13/6
f 1467/12/6 1420/12/6 1468/12/6
f 1421/12/6 1422/12/6 1469/12/6
f 1468/13/6 1421/13/6 1469/13/6
f 1422/13/6 1423/13/6 1470/13/6
f 1469/12/6 1422/12/6 1470/12/6
f 1423/12/6 1424/12/6 1471/12/6
f 1470/13/6 1423/13/6 1471/13/6
f 1424/13/6 1425/13/6 1472/13/6
f 1471/12/6 1424/12/6 1472/12/6
f 1425/12/6 1426/12/6 1473/12/6
f 1472/13/6 1425/13/6 1473/13/6
f 1426/1/6 1427/1/6 1474/1/6
f 1473/12/6 1426/12/6 1474/12/6
f 1427/12/6 1428/12/6 1475/12/6
f 1474/1/6 1427/1/6 1475/1/6
f 1428/1/6 1429/1/6 1476/1/6
f 1475/12/6 1428/12/6 1476/12/6
f 1429/12/6 1430/12/6 1477/12/6
f 1476/1/6 1429/1/6 1477/1/6
f 1430/13/6 1431/13/6 1478/13/6
f 1477/12/6 1430/12/6 1478/12/6
f 1431/12/6 1460/12/6 1479/12/6
f 1478/13/6 1431/13/6 1479/13/6
f 1460/13/6 1461/13/6 1480/13/6
f 1479/12/6 1460/12/6 1480/12/6
f 1461/10/6 1462/10/6 1481/10/6
f 1480/13/6 1461/13/6 1481/13/6
f 1462/13/6 1463/13/6 1482/13/6
f 1481/10/6 1462/10/6 1482/10/6
f 1463/12/6 1436/12/6 1483/12/6
f 1482/13/6 1463/13/6 1483/13/6
f 1436/13/6 1437/13/6 1484/13/6
f 1483/12/6 1436/12/6 1484/12/6
f 1437/12/6 1438/12/6 1485/12/6
f 1484/13/6 1437/13/6 1485/13/6
f 1438/1/6 1439/1/6 1486/1/6
f 1485/12/6 1438/12/6 1486/12/6
f 1451/12/6 1452/12/6 1487/12/6
f 1486/1/6 1439/1/6 1487/1/6
f 1439/12/6 1451/12/6 1487/12/6
f 1454/14/6 1455/14/6 1488/14/6
f 1453/11/6 1454/11/6 1488/11/6
f 1488/14/6 1455/14/6 1489/14/6
f 1472/12/6 1473/12/6 1491/12/6
f 1479/12/6 1480/12/6 1491/12/6
f 1488/11/6 1489/11/6 1491/11/6
f 1453/11/6 1488/11/6 1491/11/6
f 1477/12/6 1478/12/6 1491/12/6
f 1482/12/6 1483/12/6 1491/12/6
f 1480/12/6 1481/12/6 1491/12/6
f 1481/12/6 1482/12/6 1491/12/6
f 1464/12/6 1465/12/6 1491/12/6
f 1483/12/6 1484/12/6 1491/12/6
f 1484/12/6 1485/12/6 1491/12/6
f 1476/12/6 1477/12/6 1491/12/6
f 1475/12/6 1476/12/6 1491/12/6
f 1474/12/6 1475/12/6 1491/12/6
f 1473/12/6 1474/12/6 1491/12/6
f 1470/12/6 1471/12/6 1491/12/6
f 1469/12/6 1470/12/6 1491/12/6
f 1468/12/6 1469/12/6 1491/12/6
f 1467/12/6 1468/12/6 1491/12/6
f 1466/12/6 1467/12/6 1491/12/6
f 1452/11/6 1453/11/6 1491/11/6
f 1486/12/6 1487/12/6 1491/12/6
f 1487/12/6 1452/12/6 1491/12/6
f 1478/12/6 1479/12/6 1491/12/6
f 1485/12/6 1486/12/6 1491/12/6
f 1471/12/6 1472/12/6 1491/12/6
f 1465/12/6 1466/12/6 1491/12/6
f 1491/11/6 1489/11/6 1492/11/6
f 1489/14/6 1490/14/6 1493/14/6
f 1492/11/6 1489/11/6 1493/11/6
f 1491/12/6 1492/12/6 1494/12/6
f 1464/12/6 1491/12/6 1494/12/6
f 1494/12/6 1492/12/6 1495/12/6
f 1493/14/6 1490/14/6 1496/14/6
f 1492/13/6 1493/13/6 1496/13/6
f 1496/14/6 1490/14/6 1497/14/6
f 1464/12/6 1494/12/6 1499/12/6
f 1499/12/6 1494/12/6 1500/12/6
f 1500/12/6 1494/12/6 1501/12/6
f 1501/12/6 1494/12/6 1502/12/6
f 1502/12/6 1494/12/6 1503/12/6
f 1503/12/6 1494/12/6 1504/12/6
f 1504/12/6 1494/12/6 1505/12/6
f 1505/12/6 1494/12/6 1506/12/6
f 1506/12/6 1494/12/6 1507/12/6
f 1507/12/6 1494/12/6 1508/12/6
f 1508/12/6 1494/12/6 1509/12/6
f 1509/12/6 1494/12/6 1510/12/6
f 1510/12/6 1494/12/6 1511/12/6
f 1511/12/6 1494/12/6 1512/12/6
f 1494/13/6 1495/13/6 1513/13/6
f 1512/12/6 1494/12/6 1513/12/6
f 1495/12/6 1492/12/6 1514/12/6
f 1513/13/6 1495/13/6 1514/13/6
f 1497/14/6 1498/14/6 1515/14/6
f 1496/11/6 1497/11/6 1515/11/6
f 1515/14/6 1498/14/6 1516/14/6
f 1464/12/6 1499/12/6 1518/12/6
f 1499/4/6 1500/4/6 1518/4/6
f 1500/12/6 1501/12/6 1519/12/6
f 1518/4/6 1500/4/6 1519/4/6
f 1501/13/6 1502/13/6 1520/13/6
f 1519/12/6 1501/12/6 1520/12/6
f 1502/12/6 1503/12/6 1521/12/6
f 1520/13/6 1502/13/6 1521/13/6
f 1503/13/6 1504/13/6 1522/13/6
f 1521/12/6 1503/12/6 1522/12/6
f 1504/12/6 1505/12/6 1523/12/6
f 1522/13/6 1504/13/6 1523/13/6
f 1505/13/6 1506/13/6 1524/13/6
f 1523/12/6 1505/12/6 1524/12/6
f 1506/12/6 1507/12/6 1525/12/6
f 1524/13/6 1506/13/6 1525/13/6
f 1507/13/6 1508/13/6 1526/13/6
f 1525/12/6 1507/12/6 1526/12/6
f 1508/12/6 1509/12/6 1527/12/6
f 1526/13/6 1508/13/6 1527/13/6
f 1509/13/6 1510/13/6 1528/13/6
f 1527/12/6 1509/12/6 1528/12/6
f 1510/12/6 1511/12/6 1529/12/6
f 1528/13/6 1510/13/6 1529/13/6
f 1511/1/6 1512/1/6 1530/1/6
f 1529/12/6 1511/12/6 1530/12/6
f 1512/12/6 1513/12/6 1531/12/6
f 1530/1/6 1512/1/6 1531/1/6
f 1513/12/6 1514/12/6 1531/12/6
f 1529/12/6 1530/12/6 1532/12/6
f 1531/12/6 1514/12/6 1532/12/6
f 1530/12/6 1531/12/6 1532/12/6
f 1527/12/6 1528/12/6 1532/12/6
f 1526/12/6 1527/12/6 1532/12/6
f 1525/12/6 1526/12/6 1532/12/6
f 1524/12/6 1525/12/6 1532/12/6
f 1523/12/6 1524/12/6 1532/12/6
f 1522/12/6 1523/12/6 1532/12/6
f 1521/12/6 1522/12/6 1532/12/6
f 1520/12/6 1521/12/6 1532/12/6
f 1519/12/6 1520/12/6 1532/12/6
f 1518/12/6 1519/12/6 1532/12/6
f 1528/12/6 1529/12/6 1532/12/6
f 1514/12/6 1492/12/6 1532/12/6
f 1492/13/6 1496/13/6 1532/13/6
f 1515/11/6 1516/11/6 1533/11/6
f 1532/13/6 1496/13/6 1533/13/6
f 1496/11/6 1515/11/6 1533/11/6
f 1516/14/6 1517/14/6 1534/14/6
f 1533/11/6 1516/11/6 1534/11/6
f 1534/14/6 1517/14/6 1535/14/6
f 1518/12/6 1532/12/6 1537/12/6
f 1532/12/6 1533/12/6 1537/12/6
f 1537/12/6 1533/12/6 1538/12/6
f 1538/12/6 1533/12/6 1539/12/6
f 1539/12/6 1533/12/6 1540/12/6
f 1464/12/6 1518/12/6 1541/12/6
f 1518/12/6 1537/12/6 1541/12/6
f 1541/12/6 1537/12/6 1542/12/6
f 1542/12/6 1537/12/6 1543/12/6
f 1543/12/6 1537/12/6 1544/12/6
f 1544/12/6 1537/12/6 1545/12/6
f 1545/12/6 1537/12/6 1546/12/6
f 1546/12/6 1537/12/6 1547/12/6
f 1547/12/6 1537/12/6 1548/12/6
f 1537/1/6 1538/1/6 1549/1/6
f 1548/12/6 1537/12/6 1549/12/6
f 1538/10/6 1539/10/6 1550/10/6
f 1549/1/6 1538/1/6 1550/1/6
f 1539/1/6 1540/1/6 1551/1/6
f 1550/10/6 1539/10/6 1551/10/6
f 1540/12/6 1533/12/6 1552/12/6
f 1551/1/6 1540/1/6 1552/1/6
f 1552/12/6 1533/12/6 1553/12/6
f 1553/12/6 1533/12/6 1554/12/6
f 1554/12/6 1533/12/6 1555/12/6
f 1555/12/6 1533/12/6 1556/12/6
f 1556/12/6 1533/12/6 1557/12/6
f 1557/12/6 1533/12/6 1558/12/6
f 1535/14/6 1536/14/6 1559/14/6
f 1534/11/6 1535/11/6 1559/11/6
f 1533/11/6 1534/11/6 1559/11/6
f 1559/14/6 1536/14/6 1560/14/6
f 1542/12/6 1543/12/6 1562/12/6
f 1543/13/6 1544/13/6 1562/13/6
f 1544/10/6 1545/10/6 1563/10/6
f 1562/13/6 1544/13/6 1563/13/6
f 1545/13/6 1546/13/6 1564/13/6
f 1563/10/6 1545/10/6 1564/10/6
f 1546/12/6 1547/12/6 1565/12/6
f 1564/13/6 1546/13/6 1565/13/6
f 1542/12/6 1562/12/6 1566/12/6
f 1562/10/6 1563/10/6 1566/10/6
f 1564/10/6 1565/10/6 1566/10/6
f 1563/10/6 1564/10/6 1566/10/6
f 1566/10/6 1565/10/6 1567/10/6
f 1567/10/6 1565/10/6 1568/10/6
f 1565/12/6 1547/12/6 1569/12/6
f 1568/10/6 1565/10/6 1569/10/6
f 1550/10/6 1551/10/6 1570/10/6
f 1549/10/6 1550/10/6 1570/10/6
f 1548/12/6 1549/12/6 1570/12/6
f 1551/10/6 1552/10/6 1570/10/6
f 1570/10/6 1552/10/6 1571/10/6
f 1571/10/6 1552/10/6 1572/10/6
f 1552/12/6 1553/12/6 1573/12/6
f 1572/10/6 1552/10/6 1573/10/6
f 1464/12/6 1541/12/6 1574/12/6
f 1541/13/6 1542/13/6 1574/13/6
f 1542/12/6 1566/12/6 1575/12/6
f 1574/13/6 1542/13/6 1575/13/6
f 1566/13/6 1567/13/6 1576/13/6
f 1575/12/6 1566/12/6 1576/12/6
f 1567/10/6 1568/10/6 1577/10/6
f 1576/13/6 1567/13/6 1577/13/6
f 1568/13/6 1569/13/6 1578/13/6
f 1577/10/6 1568/10/6 1578/10/6
f 1569/12/6 1547/12/6 1579/12/6
f 1578/13/6 1569/13/6 1579/13/6
f 1547/13/6 1548/13/6 1580/13/6
f 1579/12/6 1547/12/6 1580/12/6
f 1548/12/6 1570/12/6 1581/12/6
f 1580/13/6 1548/13/6 1581/13/6
f 1570/1/6 1571/1/6 1582/1/6
f 1581/12/6 1570/12/6 1582/12/6
f 1571/10/6 1572/10/6 1583/10/6
f 1582/1/6 1571/1/6 1583/1/6
f 1572/1/6 1573/1/6 1584/1/6
f 1583/10/6 1572/10/6 1584/10/6
f 1573/12/6 1553/12/6 1585/12/6
f 1584/1/6 1573/1/6 1585/1/6
f 1553/13/6 1554/13/6 1586/13/6
f 1585/12/6 1553/12/6 1586/12/6
f 1554/12/6 1555/12/6 1587/12/6
f 1586/13/6 1554/13/6 1587/13/6
f 1555/13/6 1556/13/6 1588/13/6
f 1587/12/6 1555/12/6 1588/12/6
f 1556/12/6 1557/12/6 1589/12/6
f 1588/13/6 1556/13/6 1589/13/6
f 1557/13/6 1558/13/6 1590/13/6
f 1589/12/6 1557/12/6 1590/12/6
f 1558/12/6 1533/12/6 1591/12/6
f 1590/13/6 1558/13/6 1591/13/6
f 1559/11/6 1560/11/6 1592/11/6
f 1591/12/6 1533/12/6 1592/12/6
f 1533/11/6 1559/11/6 1592/11/6
f 1560/14/6 1561/14/6 1593/14/6
f 1592/11/6 1560/11/6 1593/11/6
f 1577/12/6 1578/12/6 1594/12/6
f 1593/14/6 1561/14/6 1594/14/6
f 1592/12/6 1593/12/6 1594/12/6
f 1579/12/6 1580/12/6 1594/12/6
f 1585/12/6 1586/12/6 1594/12/6
f 1584/12/6 1585/12/6 1594/12/6
f 1581/12/6 1582/12/6 1594/12/6
f 1589/12/6 1590/12/6 1594/12/6
f 1586/12/6 1587/12/6 1594/12/6
f 1580/12/6 1581/12/6 1594/12/6
f 1575/12/6 1576/12/6 1594/12/6
f 1590/12/6 1591/12/6 1594/12/6
f 1591/12/6 1592/12/6 1594/12/6
f 1582/12/6 1583/12/6 1594/12/6
f 1583/12/6 1584/12/6 1594/12/6
f 1574/12/6 1575/12/6 1594/12/6
f 1578/12/6 1579/12/6 1594/12/6
f 1576/12/6 1577/12/6 1594/12/6
f 1587/12/6 1588/12/6 1594/12/6
f 1588/12/6 1589/12/6 1594/12/6
f 1594/14/6 1561/14/6 1595/14/6
f 1574/12/6 1594/12/6 1597/12/6
f 1594/12/6 1595/12/6 1597/12/6
f 1597/12/6 1595/12/6 1598/12/6
f 1598/12/6 1595/12/6 1599/12/6
f 1599/12/6 1595/12/6 1600/12/6
f 1464/12/6 1574/12/6 1601/12/6
f 1121/12/6 1464/12/6 1601/12/6
f 1574/12/6 1597/12/6 1601/12/6
f 1601/12/6 1597/12/6 1602/12/6
f 1602/12/6 1597/12/6 1603/12/6
f 1603/12/6 1597/12/6 1604/12/6
f 1604/12/6 1597/12/6 1605/12/6
f 1605/12/6 1597/12/6 1606/12/6
f 1606/12/6 1597/12/6 1607/12/6
f 1607/12/6 1597/12/6 1608/12/6
f 1608/12/6 1597/12/6 1609/12/6
f 1609/12/6 1597/12/6 1610/12/6
f 1610/12/6 1597/12/6 1611/12/6
f 1611/12/6 1597/12/6 1612/12/6
f 1612/12/6 1597/12/6 1613/12/6
f 1613/12/6 1597/12/6 1614/12/6
f 1614/12/6 1597/12/6 1615/12/6
f 1615/12/6 1597/12/6 1616/12/6
f 1597/1/6 1598/1/6 1617/1/6
f 1616/12/6 1597/12/6 1617/12/6
f 1598/10/6 1599/10/6 1618/10/6
f 1617/1/6 1598/1/6 1618/1/6
f 1599/1/6 1600/1/6 1619/1/6
f 1618/10/6 1599/10/6 1619/10/6
f 1600/12/6 1595/12/6 1620/12/6
f 1619/1/6 1600/1/6 1620/1/6
f 1620/12/6 1595/12/6 1621/12/6
f 1621/12/6 1595/12/6 1622/12/6
f 1618/10/6 1619/10/6 1623/10/6
f 1617/10/6 1618/10/6 1623/10/6
f 1616/12/6 1617/12/6 1623/12/6
f 1619/10/6 1620/10/6 1623/10/6
f 1623/10/6 1620/10/6 1624/10/6
f 1624/10/6 1620/10/6 1625/10/6
f 1620/12/6 1621/12/6 1626/12/6
f 1625/10/6 1620/10/6 1626/10/6
f 1121/12/6 1601/12/6 1627/12/6
f 1601/13/6 1602/13/6 1627/13/6
f 1602/12/6 1603/12/6 1628/12/6
f 1627/13/6 1602/13/6 1628/13/6
f 1603/13/6 1604/13/6 1629/13/6
f 1628/12/6 1603/12/6 1629/12/6
f 1604/12/6 1605/12/6 1630/12/6
f 1629/13/6 1604/13/6 1630/13/6
f 1605/13/6 1606/13/6 1631/13/6
f 1630/12/6 1605/12/6 1631/12/6
f 1606/12/6 1607/12/6 1632/12/6
f 1631/13/6 1606/13/6 1632/13/6
f 1607/13/6 1608/13/6 1633/13/6
f 1632/12/6 1607/12/6 1633/12/6
f 1608/12/6 1609/12/6 1634/12/6
f 1633/13/6 1608/13/6 1634/13/6
f 1609/13/6 1610/13/6 1635/13/6
f 1634/12/6 1609/12/6 1635/12/6
f 1610/12/6 1611/12/6 1636/12/6
f 1635/13/6 1610/13/6 1636/13/6
f 1611/13/6 1612/13/6 1637/13/6
f 1636/12/6 1611/12/6 1637/12/6
f 1612/12/6 1613/12/6 1638/12/6
f 1637/13/6 1612/13/6 1638/13/6
f 1613/13/6 1614/13/6 1639/13/6
f 1638/12/6 1613/12/6 1639/12/6
f 1614/12/6 1615/12/6 1640/12/6
f 1639/13/6 1614/13/6 1640/13/6
f 1615/13/6 1616/13/6 1641/13/6
f 1640/12/6 1615/12/6 1641/12/6
f 1616/12/6 1623/12/6 1642/12/6
f 1641/13/6 1616/13/6 1642/13/6
f 1623/1/6 1624/1/6 1643/1/6
f 1642/12/6 1623/12/6 1643/12/6
f 1624/10/6 1625/10/6 1644/10/6
f 1643/1/6 1624/1/6 1644/1/6
f 1625/1/6 1626/1/6 1645/1/6
f 1644/10/6 1625/10/6 1645/10/6
f 1626/12/6 1621/12/6 1646/12/6
f 1645/1/6 1626/1/6 1646/1/6
f 1621/13/6 1622/13/6 1647/13/6
f 1646/12/6 1621/12/6 1647/12/6
f 1622/12/6 1595/12/6 1648/12/6
f 1647/13/6 1622/13/6 1648/13/6
f 1646/12/6 1647/12/6 1649/12/6
f 1645/12/6 1646/12/6 1649/12/6
f 1647/12/6 1648/12/6 1649/12/6
f 1641/12/6 1642/12/6 1649/12/6
f 1640/12/6 1641/12/6 1649/12/6
f 1638/12/6 1639/12/6 1649/12/6
f 1637/12/6 1638/12/6 1649/12/6
f 1636/12/6 1637/12/6 1649/12/6
f 1635/12/6 1636/12/6 1649/12/6
f 1634/12/6 1635/12/6 1649/12/6
f 1633/12/6 1634/12/6 1649/12/6
f 1632/12/6 1633/12/6 1649/12/6
f 1631/12/6 1632/12/6 1649/12/6
f 1630/12/6 1631/12/6 1649/12/6
f 1629/12/6 1630/12/6 1649/12/6
f 1628/12/6 1629/12/6 1649/12/6
f 1627/12/6 1628/12/6 1649/12/6
f 1121/12/6 1627/12/6 1649/12/6
f 1643/12/6 1644/12/6 1649/12/6
f 1644/12/6 1645/12/6 1649/12/6
f 1639/12/6 1640/12/6 1649/12/6
f 1642/12/6 1643/12/6 1649/12/6
f 1649/12/6 1648/12/6 1650/12/6
f 1650/12/6 1648/12/6 1651/12/6
f 1651/12/6 1648/12/6 1652/12/6
f 1652/12/6 1648/12/6 1653/12/6
f 1653/12/6 1648/12/6 1654/12/6
f 1654/12/6 1648/12/6 1655/12/6
f 1655/12/6 1648/12/6 1656/12/6
f 1656/12/6 1648/12/6 1657/12/6
f 1657/12/6 1648/12/6 1658/12/6
f 1658/12/6 1648/12/6 1659/12/6
f 1659/12/6 1648/12/6 1660/12/6
f 1660/12/6 1648/12/6 1661/12/6
f 1661/12/6 1648/12/6 1662/12/6
f 1662/12/6 1648/12/6 1663/12/6
f 1663/12/6 1648/12/6 1664/12/6
f 1664/12/6 1648/12/6 1665/12/6
f 1665/12/6 1648/12/6 1666/12/6
f 1649/13/6 1650/13/6 1667/13/6
f 1650/12/6 1651/12/6 1668/12/6
f 1667/13/6 1650/13/6 1668/13/6
f 1667/1/6 1668/1/6 1669/1/6
f 1668/12/6 1651/12/6 1670/12/6
f 1669/1/6 1668/1/6 1670/1/6
f 1651/13/6 1652/13/6 1671/13/6
f 1670/12/6 1651/12/6 1671/12/6
f 1652/12/6 1653/12/6 1672/12/6
f 1671/13/6 1652/13/6 1672/13/6
f 1653/1/6 1654/1/6 1673/1/6
f 1672/12/6 1653/12/6 1673/12/6
f 1654/12/6 1655/12/6 1674/12/6
f 1673/1/6 1654/1/6 1674/1/6
f 1655/13/6 1656/13/6 1675/13/6
f 1674/12/6 1655/12/6 1675/12/6
f 1656/12/6 1657/12/6 1676/12/6
f 1675/13/6 1656/13/6 1676/13/6
f 1657/13/6 1658/13/6 1677/13/6
f 1676/12/6 1657/12/6 1677/12/6
f 1658/12/6 1659/12/6 1678/12/6
f 1677/13/6 1658/13/6 1678/13/6
f 1659/1/6 1660/1/6 1679/1/6
f 1678/12/6 1659/12/6 1679/12/6
f 1660/12/6 1661/12/6 1680/12/6
f 1679/1/6 1660/1/6 1680/1/6
f 1661/13/6 1662/13/6 1681/13/6
f 1680/12/6 1661/12/6 1681/12/6
f 1662/12/6 1663/12/6 1682/12/6
f 1681/13/6 1662/13/6 1682/13/6
f 1663/13/6 1664/13/6 1683/13/6
f 1682/12/6 1663/12/6 1683/12/6
f 1664/12/6 1665/12/6 1684/12/6
f 1683/13/6 1664/13/6 1684/13/6
f 1665/13/6 1666/13/6 1685/13/6
f 1684/12/6 1665/12/6 1685/12/6
f 1666/12/6 1648/12/6 1686/12/6
f 1685/13/6 1666/13/6 1686/13/6
f 1684/12/6 1685/12/6 1687/12/6
f 1669/12/6 1670/12/6 1687/12/6
f 1685/12/6 1686/12/6 1687/12/6
f 1670/12/6 1671/12/6 1687/12/6
f 1683/12/6 1684/12/6 1687/12/6
f 1682/12/6 1683/12/6 1687/12/6
f 1681/12/6 1682/12/6 1687/12/6
f 1680/12/6 1681/12/6 1687/12/6
f 1679/12/6 1680/12/6 1687/12/6
f 1678/12/6 1679/12/6 1687/12/6
f 1677/12/6 1678/12/6 1687/12/6
f 1676/12/6 1677/12/6 1687/12/6
f 1675/12/6 1676/12/6 1687/12/6
f 1674/12/6 1675/12/6 1687/12/6
f 1673/12/6 1674/12/6 1687/12/6
f 1672/12/6 1673/12/6 1687/12/6
f 1671/12/6 1672/12/6 1687/12/6
f 1648/12/6 1595/12/6 1688/12/6
f 1687/12/6 1686/12/6 1688/12/6
f 1595/13/6 1596/13/6 1688/13/6
f 1686/12/6 1648/12/6 1688/12/6
f 1669/12/6 1687/12/6 1689/12/6
f 1689/12/6 1687/12/6 1690/12/6
f 1690/12/6 1687/12/6 1691/12/6
f 1691/12/6 1687/12/6 1692/12/6
f 1692/12/6 1687/12/6 1693/12/6
f 1693/12/6 1687/12/6 1694/12/6
f 1694/12/6 1687/12/6 1695/12/6
f 1695/12/6 1687/12/6 1696/12/6
f 1696/12/6 1687/12/6 1697/12/6
f 1697/12/6 1687/12/6 1698/12/6
f 1698/12/6 1687/12/6 1699/12/6
f 1699/12/6 1687/12/6 1700/12/6
f 1700/12/6 1687/12/6 1701/12/6
f 1698/12/6 1699/12/6 1702/12/6
f 1699/10/6 1700/10/6 1703/10/6
f 1702/12/6 1699/12/6 1703/12/6
f 1700/13/6 1701/13/6 1704/13/6
f 1703/10/6 1700/10/6 1704/10/6
f 1701/12/6 1687/12/6 1705/12/6
f 1704/13/6 1701/13/6 1705/13/6
f 1703/10/6 1704/10/6 1706/10/6
f 1698/12/6 1702/12/6 1706/12/6
f 1704/10/6 1705/10/6 1706/10/6
f 1702/10/6 1703/10/6 1706/10/6
f 1706/10/6 1705/10/6 1707/10/6
f 1707/10/6 1705/10/6 1708/10/6
f 1705/12/6 1687/12/6 1709/12/6
f 1708/10/6 1705/10/6 1709/10/6
f 1669/12/6 1689/12/6 1710/12/6
f 1689/13/6 1690/13/6 1711/13/6
f 1710/12/6 1689/12/6 1711/12/6
f 1690/12/6 1691/12/6 1712/12/6
f 1711/13/6 1690/13/6 1712/13/6
f 1691/13/6 1692/13/6 1713/13/6
f 1712/12/6 1691/12/6 1713/12/6
f 1692/12/6 1693/12/6 1714/12/6
f 1713/13/6 1692/13/6 1714/13/6
f 1693/13/6 1694/13/6 1715/13/6
f 1714/12/6 1693/12/6 1715/12/6
f 1694/12/6 1695/12/6 1716/12/6
f 1715/13/6 1694/13/6 1716/13/6
f 1695/13/6 1696/13/6 1717/13/6
f 1716/12/6 1695/12/6 1717/12/6
f 1696/12/6 1697/12/6 1718/12/6
f 1717/13/6 1696/13/6 1718/13/6
f 1697/13/6 1698/13/6 1719/13/6
f 1718/12/6 1697/12/6 1719/12/6
f 1698/12/6 1706/12/6 1720/12/6
f 1719/13/6 1698/13/6 1720/13/6
f 1706/12/6 1707/12/6 1720/12/6
f 1707/10/6 1708/10/6 1721/10/6
f 1720/12/6 1707/12/6 1721/12/6
f 1708/13/6 1709/13/6 1722/13/6
f 1721/10/6 1708/10/6 1722/10/6
f 1709/12/6 1687/12/6 1723/12/6
f 1722/13/6 1709/13/6 1723/13/6
f 1687/13/6 1688/13/6 1724/13/6
f 1723/12/6 1687/12/6 1724/12/6
f 1722/13/6 1723/13/6 1725/13/6
f 1721/13/6 1722/13/6 1725/13/6
f 1723/13/6 1724/13/6 1725/13/6
f 1720/13/6 1721/13/6 1725/13/6
f 1718/13/6 1719/13/6 1725/13/6
f 1719/13/6 1720/13/6 1725/13/6
f 1717/13/6 1718/13/6 1725/13/6
f 1716/13/6 1717/13/6 1725/13/6
f 1715/13/6 1716/13/6 1725/13/6
f 1714/13/6 1715/13/6 1725/13/6
f 1713/13/6 1714/13/6 1725/13/6
f 1712/13/6 1713/13/6 1725/13/6
f 1711/13/6 1712/13/6 1725/13/6
f 1710/13/6 1711/13/6 1725/13/6
f 1688/13/6 1596/13/6 1726/13/6
f 1725/13/6 1724/13/6 1726/13/6
f 1724/13/6 1688/13/6 1726/13/6
f 1727/8/6 1728/8/6 1729/8/6
f 1729/8/6 1728/8/6 1730/8/6
f 1729/9/6 1730/9/6 1731/9/6
f 1731/9/6 1730/9/6 1732/9/6
f 1729/9/6 1731/9/6 1733/9/6
f 1732/9/6 1730/9/6 1734/9/6
f 1727/8/6 1729/8/6 1735/8/6
f 1733/9/6 1734/9/6 1735/9/6
f 1729/9/6 1733/9/6 1735/9/6
f 1734/9/6 1730/9/6 1736/9/6
f 1735/9/6 1734/9/6 1736/9/6
f 1727/8/6 1735/8/6 1737/8/6
f 1735/8/6 1736/8/6 1737/8/6
f 1737/8/6 1736/8/6 1738/8/6
f 1739/15/6 1740/15/6 1741/15/6
f 1741/15/6 1740/15/6 1742/15/6
f 1741/10/6 1742/10/6 1743/10/6
f 1743/10/6 1742/10/6 1744/10/6
f 1741/10/6 1743/10/6 1745/10/6
f 1744/10/6 1742/10/6 1746/10/6
f 1741/10/6 1745/10/6 1747/10/6
f 1746/10/6 1742/10/6 1748/10/6
f 1741/10/6 1747/10/6 1749/10/6
f 1748/10/6 1742/10/6 1750/10/6
f 1739/15/6 1741/15/6 1751/15/6
f 1749/10/6 1750/10/6 1751/10/6
f 1741/10/6 1749/10/6 1751/10/6
f 1750/10/6 1742/10/6 1752/10/6
f 1751/10/6 1750/10/6 1752/10/6
f 1742/15/6 1740/15/6 1752/15/6
f 1739/15/6 1751/15/6 1753/15/6
f 1751/15/6 1752/15/6 1753/15/6
f 1752/15/6 1740/15/6 1754/15/6
f 1753/15/6 1752/15/6 1754/15/6
f 1755/5/6 1756/5/6 1757/5/6
f 1757/5/6 1756/5/6 1758/5/6
f 1759/2/6 1760/2/6 1761/2/6
f 1761/2/6 1760/2/6 1762/2/6
