# MagicaVoxel @ Ephtracy

# group
o 

# material
mtllib Acidos_grasos.mtl
usemtl palette

# normals
vn -1 0 0
vn 1 0 0
vn 0 0 1
vn 0 0 -1
vn 0 -1 0
vn 0 1 0

# texcoords
vt 0.978516 0.5
vt 0.982422 0.5
vt 0.986328 0.5
vt 0.990234 0.5
vt 0.994141 0.5

# verts
v -1.6 0 1
v -1.6 0 0.9
v -1.6 0.1 1
v -1.6 0.1 0.9
v -1.5 0 0.2
v -1.5 0 0.0999999
v -1.5 0.1 1
v -1.5 0.1 0.9
v -1.5 0.1 0.8
v -1.5 0.2 1
v -1.5 0.2 0.9
v -1.5 0.2 0.2
v -1.5 0.2 0.0999999
v -1.5 0.4 0.9
v -1.5 0.4 0.8
v -1.4 0 -1
v -1.4 0 -1.1
v -1.4 0.2 0.2
v -1.4 0.2 0.0999999
v -1.4 0.2 -1
v -1.4 0.2 -1.1
v -1.4 0.3 0.2
v -1.4 0.3 0.0999999
v -1.4 0.4 0.9
v -1.4 0.4 0.8
v -1.4 0.5 0.9
v -1.4 0.5 0.8
v -1.4 0.5 0.7
v -1.4 0.6 0.9
v -1.4 0.6 0.8
v -1.4 0.7 0.8
v -1.4 0.7 0.7
v -1.4 0.8 0.8
v -1.4 0.8 0.7
v -1.4 2.2 0.8
v -1.4 2.2 0.7
v -1.4 2.4 0.8
v -1.4 2.4 0.7
v -1.3 0.2 -0.9
v -1.3 0.2 -1
v -1.3 0.2 -1.1
v -1.3 0.3 0.2
v -1.3 0.3 0.0999999
v -1.3 0.3 -0.9
v -1.3 0.3 -1
v -1.3 0.3 -1.1
v -1.3 0.4 0.2
v -1.3 0.4 0.0999999
v -1.3 0.4 -0.9
v -1.3 0.4 -1
v -1.3 0.8 0.8
v -1.3 0.8 0.7
v -1.3 0.9 0.8
v -1.3 0.9 0.7
v -1.3 2.4 0.8
v -1.3 2.4 0.7
v -1.3 2.5 0.8
v -1.3 2.5 0.7
v -1.3 3.2 0.8
v -1.3 3.2 0.7
v -1.3 3.3 0.8
v -1.3 3.3 0.7
v -1.2 0.4 -0.9
v -1.2 0.4 -1
v -1.2 0.5 -0.9
v -1.2 0.5 -1
v -1.2 0.9 0.8
v -1.2 0.9 0.7
v -1.2 1 0.8
v -1.2 1 0.7
v -1.2 2.5 0.8
v -1.2 2.5 0.7
v -1.2 2.6 0.8
v -1.2 2.6 0.7
v -1.2 3.3 0.8
v -1.2 3.3 0.7
v -1.2 3.3 0.6
v -1.2 3.4 0.8
v -1.2 3.4 0.7
v -1.2 3.4 0.6
v -1.2 4.1 1
v -1.2 4.1 0.9
v -1.2 4.2 1
v -1.2 4.2 0.9
v -1.1 0.4 0.2
v -1.1 0.4 0.0999999
v -1.1 0.4 -0.8
v -1.1 0.4 -0.9
v -1.1 0.5 -0.7
v -1.1 0.5 -0.8
v -1.1 0.5 -0.9
v -1.1 0.6 0.2
v -1.1 0.6 0.0999999
v -1.1 0.6 -0.7
v -1.1 0.6 -0.9
v -1.1 0.9 0.7
v -1.1 0.9 0.6
v -1.1 1 0.7
v -1.1 1 0.6
v -1.1 1.2 -1.4
v -1.1 1.2 -1.5
v -1.1 1.4 -1.4
v -1.1 1.4 -1.5
v -1.1 2.2 0.7
v -1.1 2.2 0.6
v -1.1 2.3 0.7
v -1.1 2.3 0.6
v -1.1 3.4 0.7
v -1.1 3.4 0.6
v -1.1 3.5 0.7
v -1.1 3.5 0.6
v -1.1 4.2 1
v -1.1 4.2 0.9
v -1.1 4.3 1
v -1.1 4.3 0.9
v -1 0.8 0.6
v -1 0.8 0.5
v -1 0.9 0.6
v -1 0.9 0.5
v -1 1 -1.3
v -1 1 -1.4
v -1 1.1 -1.3
v -1 1.1 -1.4
v -1 1.1 -1.5
v -1 1.2 -1.3
v -1 1.2 -1.4
v -1 1.2 -1.5
v -1 2.1 0.8
v -1 2.1 0.5
v -1 2.2 0.9
v -1 2.2 0.8
v -1 2.2 0.7
v -1 2.2 0.6
v -1 2.3 0.9
v -1 2.3 0.8
v -1 2.3 0.7
v -1 2.3 0.6
v -1 2.3 0.5
v -1 2.3 0.4
v -1 2.4 0.9
v -1 2.4 0.8
v -1 2.5 0.8
v -1 2.5 0.7
v -1 2.5 0.5
v -1 2.5 0.4
v -1 2.6 0.8
v -1 2.6 0.7
v -1 2.6 0.5
v -1 2.7 0.9
v -1 2.7 0.8
v -1 2.7 0.7
v -1 2.8 0.9
v -1 2.8 0.8
v -1 3.5 0.7
v -1 3.5 0.6
v -1 3.6 0.7
v -1 3.6 0.6
v -1 3.7 1.5
v -1 3.7 1.4
v -1 3.8 1.5
v -1 3.8 1.4
v -0.9 0.2 0.3
v -0.9 0.2 -0.2
v -0.9 0.3 0.4
v -0.9 0.3 0.3
v -0.9 0.3 -0.2
v -0.9 0.3 -0.3
v -0.9 0.4 -0.6
v -0.9 0.4 -0.9
v -0.9 0.5 0.2
v -0.9 0.5 0.0999999
v -0.9 0.5 -0.5
v -0.9 0.5 -0.6
v -0.9 0.5 -0.7
v -0.9 0.5 -0.8
v -0.9 0.6 0.6
v -0.9 0.6 0.5
v -0.9 0.6 0.4
v -0.9 0.6 0.3
v -0.9 0.6 0.2
v -0.9 0.6 0.0999999
v -0.9 0.6 -0.2
v -0.9 0.6 -0.3
v -0.9 0.6 -0.7
v -0.9 0.6 -0.8
v -0.9 0.6 -0.9
v -0.9 0.6 -1
v -0.9 0.7 0.9
v -0.9 0.7 0.8
v -0.9 0.7 0.6
v -0.9 0.7 0.5
v -0.9 0.7 0.3
v -0.9 0.7 -0.2
v -0.9 0.7 -0.5
v -0.9 0.7 -0.6
v -0.9 0.7 -1
v -0.9 0.7 -1.4
v -0.9 0.8 0.8
v -0.9 0.8 0.6
v -0.9 0.8 -0.6
v -0.9 0.8 -1
v -0.9 0.8 -1.3
v -0.9 0.8 -1.4
v -0.9 0.9 0.9
v -0.9 0.9 0.7
v -0.9 0.9 0.6
v -0.9 0.9 -1
v -0.9 0.9 -1.3
v -0.9 0.9 -1.4
v -0.9 1 0.9
v -0.9 1 0.7
v -0.9 1 0.6
v -0.9 1 -1.3
v -0.9 1 -1.4
v -0.9 1.2 1
v -0.9 1.2 0.9
v -0.9 1.2 0.6
v -0.9 1.2 0.5
v -0.9 1.3 1
v -0.9 1.3 0.9
v -0.9 1.3 0.8
v -0.9 1.3 0.6
v -0.9 1.4 1
v -0.9 1.4 0.9
v -0.9 1.4 0.8
v -0.9 1.5 0.6
v -0.9 1.5 0.5
v -0.9 1.6 1
v -0.9 1.6 0.9
v -0.9 1.6 0.8
v -0.9 1.6 0.7
v -0.9 1.6 0.6
v -0.9 1.7 1
v -0.9 1.7 0.9
v -0.9 1.7 0.8
v -0.9 1.7 0.7
v -0.9 1.7 0.6
v -0.9 1.7 0.5
v -0.9 1.8 0.9
v -0.9 1.8 0.8
v -0.9 1.9 0.9
v -0.9 1.9 0.6
v -0.9 2 0.5
v -0.9 2 0.4
v -0.9 2.1 0.5
v -0.9 2.3 0.9
v -0.9 2.3 0.8
v -0.9 2.3 0.5
v -0.9 2.3 0.4
v -0.9 2.4 1
v -0.9 2.4 0.9
v -0.9 2.4 0.8
v -0.9 2.5 0.5
v -0.9 2.5 0.4
v -0.9 2.6 0.7
v -0.9 2.6 0.5
v -0.9 2.7 0.9
v -0.9 2.7 0.8
v -0.9 2.7 0.7
v -0.9 2.8 1
v -0.9 2.8 0.9
v -0.9 2.8 0.8
v -0.9 2.8 0.5
v -0.9 2.8 0.4
v -0.9 2.9 0.9
v -0.9 2.9 0.8
v -0.9 3.1 0.5
v -0.9 3.1 0.4
v -0.9 3.2 0.9
v -0.9 3.2 0.8
v -0.9 3.2 0.5
v -0.9 3.2 0.4
v -0.9 3.4 0.8
v -0.9 3.4 0.7
v -0.9 3.4 0.6
v -0.9 3.4 0.5
v -0.9 3.8 1.5
v -0.9 3.8 1.4
v -0.9 3.8 1.3
v -0.9 3.9 1.5
v -0.9 3.9 1.4
v -0.9 3.9 1.3
v -0.9 3.9 1.1
v -0.9 3.9 0.8
v -0.9 4 1.2
v -0.9 4 1.1
v -0.9 4 0.8
v -0.9 4 0.7
v -0.9 4.2 1
v -0.9 4.2 0.9
v -0.9 4.3 1.2
v -0.9 4.3 1.1
v -0.9 4.3 1
v -0.9 4.3 0.9
v -0.9 4.3 0.8
v -0.9 4.3 0.7
v -0.9 4.4 1.1
v -0.9 4.4 0.8
v -0.9 4.8 0.7
v -0.9 4.8 0.6
v -0.9 5 0.7
v -0.9 5 0.6
v -0.8 0.2 0.6
v -0.8 0.2 0.3
v -0.8 0.2 -0.2
v -0.8 0.2 -0.5
v -0.8 0.3 0.4
v -0.8 0.3 0.3
v -0.8 0.3 -0.2
v -0.8 0.3 -0.3
v -0.8 0.3 -0.5
v -0.8 0.3 -0.9
v -0.8 0.4 -0.6
v -0.8 0.4 -0.9
v -0.8 0.5 -0.5
v -0.8 0.5 -0.6
v -0.8 0.5 -0.9
v -0.8 0.5 -1.1
v -0.8 0.6 0.9
v -0.8 0.6 0.6
v -0.8 0.6 0.5
v -0.8 0.6 0.4
v -0.8 0.6 0.3
v -0.8 0.6 -0.2
v -0.8 0.6 -0.3
v -0.8 0.6 -0.9
v -0.8 0.6 -1
v -0.8 0.6 -1.1
v -0.8 0.6 -1.4
v -0.8 0.7 1.1
v -0.8 0.7 0.9
v -0.8 0.7 0.8
v -0.8 0.7 0.7
v -0.8 0.7 0.6
v -0.8 0.7 0.5
v -0.8 0.7 0.4
v -0.8 0.7 0.3
v -0.8 0.7 0
v -0.8 0.7 -0.2
v -0.8 0.7 -0.4
v -0.8 0.7 -0.5
v -0.8 0.7 -0.6
v -0.8 0.7 -1
v -0.8 0.7 -1.4
v -0.8 0.7 -1.5
v -0.8 0.8 1
v -0.8 0.8 0.9
v -0.8 0.8 0.7
v -0.8 0.8 0.5
v -0.8 0.8 0.4
v -0.8 0.8 0
v -0.8 0.8 -0.4
v -0.8 0.8 -0.5
v -0.8 0.8 -0.6
v -0.8 0.8 -1
v -0.8 0.8 -1.3
v -0.8 0.8 -1.4
v -0.8 0.9 0.9
v -0.8 0.9 0.7
v -0.8 0.9 0.6
v -0.8 0.9 0.5
v -0.8 0.9 -0.5
v -0.8 0.9 -0.6
v -0.8 0.9 -0.8
v -0.8 0.9 -1
v -0.8 0.9 -1.3
v -0.8 0.9 -1.4
v -0.8 0.9 -1.5
v -0.8 1 1.1
v -0.8 1 1
v -0.8 1 0.9
v -0.8 1 0.7
v -0.8 1 -0.8
v -0.8 1 -1.3
v -0.8 1.2 1
v -0.8 1.2 0.9
v -0.8 1.2 0.6
v -0.8 1.2 0.5
v -0.8 1.7 1
v -0.8 1.7 0.9
v -0.8 1.7 0.6
v -0.8 1.7 0.5
v -0.8 1.8 1
v -0.8 1.8 0.9
v -0.8 1.9 1
v -0.8 1.9 0.9
v -0.8 1.9 0.6
v -0.8 1.9 0.5
v -0.8 1.9 0.4
v -0.8 2 0.5
v -0.8 2 0.4
v -0.8 2 0.3
v -0.8 2.1 1
v -0.8 2.1 0.9
v -0.8 2.1 0.8
v -0.8 2.1 0.5
v -0.8 2.1 0.3
v -0.8 2.1 0.2
v -0.8 2.2 1
v -0.8 2.2 0.9
v -0.8 2.2 0.8
v -0.8 2.2 0.3
v -0.8 2.2 0.2
v -0.8 2.3 1.1
v -0.8 2.3 1
v -0.8 2.3 0.3
v -0.8 2.3 0.2
v -0.8 2.4 1.1
v -0.8 2.4 1
v -0.8 2.4 0.9
v -0.8 2.4 0.4
v -0.8 2.4 0.2
v -0.8 2.8 1
v -0.8 2.8 0.9
v -0.8 2.9 1
v -0.8 2.9 0.9
v -0.8 3.2 0.9
v -0.8 3.2 0.8
v -0.8 3.2 0.5
v -0.8 3.2 0.4
v -0.8 3.4 0.8
v -0.8 3.4 0.5
v -0.8 3.5 0.7
v -0.8 3.5 0.6
v -0.8 3.6 0.9
v -0.8 3.6 0.7
v -0.8 3.6 0.6
v -0.8 3.6 0.4
v -0.8 3.8 1.3
v -0.8 3.8 0.7
v -0.8 3.9 1.3
v -0.8 3.9 1.1
v -0.8 3.9 0.8
v -0.8 3.9 0.7
v -0.8 3.9 0.6
v -0.8 4 1.2
v -0.8 4 1.1
v -0.8 4 0.8
v -0.8 4 0.7
v -0.8 4.3 1.2
v -0.8 4.3 1.1
v -0.8 4.3 0.8
v -0.8 4.3 0.7
v -0.8 4.4 1.3
v -0.8 4.4 1.2
v -0.8 4.4 1.1
v -0.8 4.4 0.8
v -0.8 4.4 0.7
v -0.8 4.4 0.6
v -0.8 4.5 1.2
v -0.8 4.5 0.7
v -0.8 4.7 0.8
v -0.8 4.7 0.7
v -0.8 4.8 0.7
v -0.8 4.9 0.8
v -0.8 4.9 0.7
v -0.7 0 1.8
v -0.7 0 1.7
v -0.7 0.1 0.4
v -0.7 0.1 -0.3
v -0.7 0.2 0.7
v -0.7 0.2 0.6
v -0.7 0.2 0.4
v -0.7 0.2 -0.3
v -0.7 0.2 -0.5
v -0.7 0.2 -0.9
v -0.7 0.3 1.7
v -0.7 0.3 1.6
v -0.7 0.3 -0.5
v -0.7 0.3 -0.9
v -0.7 0.4 1.8
v -0.7 0.4 1.7
v -0.7 0.4 1.6
v -0.7 0.4 1.5
v -0.7 0.4 -0.9
v -0.7 0.4 -1
v -0.7 0.5 1.7
v -0.7 0.5 1.6
v -0.7 0.5 1.5
v -0.7 0.5 -0.9
v -0.7 0.5 -1
v -0.7 0.5 -1.1
v -0.7 0.5 -1.4
v -0.7 0.6 1.6
v -0.7 0.6 1.5
v -0.7 0.6 0.7
v -0.7 0.6 0.6
v -0.7 0.6 -1.1
v -0.7 0.6 -1.4
v -0.7 0.6 -1.5
v -0.7 0.7 1.5
v -0.7 0.7 1.3
v -0.7 0.7 1.2
v -0.7 0.7 1.1
v -0.7 0.7 0.8
v -0.7 0.7 0.7
v -0.7 0.7 0
v -0.7 0.7 -0.3
v -0.7 0.7 -0.4
v -0.7 0.7 -1.4
v -0.7 0.7 -1.5
v -0.7 0.7 -1.6
v -0.7 0.8 1.6
v -0.7 0.8 1.4
v -0.7 0.8 1.3
v -0.7 0.8 1.2
v -0.7 0.8 1.1
v -0.7 0.8 0.8
v -0.7 0.8 0.7
v -0.7 0.8 0
v -0.7 0.8 -0.3
v -0.7 0.8 -0.4
v -0.7 0.8 -0.5
v -0.7 0.9 1.4
v -0.7 0.9 1.3
v -0.7 0.9 1.2
v -0.7 0.9 1.1
v -0.7 0.9 -0.3
v -0.7 0.9 -0.4
v -0.7 0.9 -0.5
v -0.7 0.9 -0.6
v -0.7 0.9 -0.8
v -0.7 0.9 -1.4
v -0.7 0.9 -1.5
v -0.7 0.9 -1.6
v -0.7 1 1.3
v -0.7 1 1.1
v -0.7 1 1
v -0.7 1 0.5
v -0.7 1 0.4
v -0.7 1 -0.5
v -0.7 1 -0.8
v -0.7 1 -1.4
v -0.7 1 -1.5
v -0.7 1.4 1.1
v -0.7 1.4 1
v -0.7 1.5 1.1
v -0.7 1.5 1
v -0.7 1.8 1
v -0.7 1.8 0.4
v -0.7 1.8 0.3
v -0.7 1.9 1.1
v -0.7 1.9 1
v -0.7 1.9 0.5
v -0.7 1.9 0.4
v -0.7 2 0.4
v -0.7 2 0.3
v -0.7 2 0.2
v -0.7 2.1 1
v -0.7 2.1 0.9
v -0.7 2.1 0.3
v -0.7 2.1 0.2
v -0.7 2.2 1
v -0.7 2.2 0.9
v -0.7 2.2 0.3
v -0.7 2.2 0.2
v -0.7 2.3 0.3
v -0.7 2.3 0.2
v -0.7 2.4 1.2
v -0.7 2.4 1.1
v -0.7 2.4 1
v -0.7 2.4 0.4
v -0.7 2.4 0.3
v -0.7 2.5 1.2
v -0.7 2.5 1.1
v -0.7 2.7 0.4
v -0.7 2.7 0.3
v -0.7 2.8 0.4
v -0.7 2.9 1.1
v -0.7 2.9 1
v -0.7 2.9 0.9
v -0.7 3.1 0.9
v -0.7 3.1 0.4
v -0.7 3.1 0.3
v -0.7 3.3 1
v -0.7 3.3 0.9
v -0.7 3.4 1
v -0.7 3.4 0.9
v -0.7 3.4 0.4
v -0.7 3.4 0.3
v -0.7 3.6 0.9
v -0.7 3.6 0.4
v -0.7 3.7 1.2
v -0.7 3.7 0.9
v -0.7 3.8 1.2
v -0.7 3.8 0.7
v -0.7 3.8 0.6
v -0.7 3.8 0.4
v -0.7 3.9 1.4
v -0.7 3.9 1.3
v -0.7 3.9 0.7
v -0.7 3.9 0.6
v -0.7 3.9 0.5
v -0.7 4.1 1.5
v -0.7 4.1 1.4
v -0.7 4.4 1.5
v -0.7 4.4 1.4
v -0.7 4.4 1.3
v -0.7 4.4 1.2
v -0.7 4.4 0.7
v -0.7 4.4 0.6
v -0.7 4.4 0.5
v -0.7 4.5 1.3
v -0.7 4.5 1.2
v -0.7 4.5 0.7
v -0.7 4.5 0.6
v -0.7 4.6 1.2
v -0.7 4.6 0.8
v -0.7 4.7 0.8
v -0.7 4.7 0.7
v -0.6 0 0.3
v -0.6 0 -0.2
v -0.6 0.1 0.6
v -0.6 0.1 0.5
v -0.6 0.1 0.4
v -0.6 0.1 0.3
v -0.6 0.1 -0.2
v -0.6 0.1 -0.3
v -0.6 0.1 -0.5
v -0.6 0.1 -0.6
v -0.6 0.1 -0.9
v -0.6 0.2 0.6
v -0.6 0.2 0.5
v -0.6 0.2 0.4
v -0.6 0.2 -0.3
v -0.6 0.2 -0.5
v -0.6 0.2 -0.6
v -0.6 0.2 -0.9
v -0.6 0.2 -1
v -0.6 0.3 0.9
v -0.6 0.3 0.7
v -0.6 0.4 -0.9
v -0.6 0.4 -1
v -0.6 0.4 -1.1
v -0.6 0.5 -1
v -0.6 0.5 -1.1
v -0.6 0.5 -1.4
v -0.6 0.5 -1.5
v -0.6 0.6 1
v -0.6 0.6 0.9
v -0.6 0.6 0.7
v -0.6 0.6 -1.4
v -0.6 0.6 -1.5
v -0.6 0.6 -1.6
v -0.6 0.7 1
v -0.6 0.7 0.9
v -0.6 0.7 0.5
v -0.6 0.7 0.4
v -0.6 0.7 -1.5
v -0.6 0.7 -1.6
v -0.6 0.7 -1.7
v -0.6 0.8 1.2
v -0.6 0.8 1.1
v -0.6 0.8 0.4
v -0.6 0.8 0.3
v -0.6 0.8 -0.2
v -0.6 0.8 -0.3
v -0.6 0.8 -1.6
v -0.6 0.8 -1.7
v -0.6 0.9 1.2
v -0.6 0.9 1.1
v -0.6 0.9 0.3
v -0.6 0.9 -0.2
v -0.6 0.9 -0.3
v -0.6 0.9 -0.4
v -0.6 0.9 -0.5
v -0.6 0.9 -1.5
v -0.6 0.9 -1.6
v -0.6 1 1.2
v -0.6 1 1.1
v -0.6 1 0.5
v -0.6 1 0.4
v -0.6 1 -0.4
v -0.6 1 -0.5
v -0.6 1 -0.6
v -0.6 1 -0.8
v -0.6 1 -0.9
v -0.6 1 -1
v -0.6 1 -1.3
v -0.6 1 -1.5
v -0.6 1 -1.6
v -0.6 1.1 1.2
v -0.6 1.1 1.1
v -0.6 1.1 -0.6
v -0.6 1.1 -0.9
v -0.6 1.1 -1
v -0.6 1.1 -1.3
v -0.6 1.2 1.2
v -0.6 1.2 1.1
v -0.6 1.2 0.4
v -0.6 1.2 0.3
v -0.6 1.4 1.2
v -0.6 1.4 1.1
v -0.6 1.5 1.1
v -0.6 1.7 1.2
v -0.6 1.7 1.1
v -0.6 1.7 0.4
v -0.6 1.7 0.3
v -0.6 1.8 0.4
v -0.6 1.8 0.3
v -0.6 1.9 1.1
v -0.6 1.9 1
v -0.6 2 1
v -0.6 2.1 1.1
v -0.6 2.1 1
v -0.6 2.2 0.2
v -0.6 2.2 0.0999999
v -0.6 2.3 0.2
v -0.6 2.3 0.0999999
v -0.6 2.4 0.3
v -0.6 2.4 0.2
v -0.6 2.5 1.2
v -0.6 2.5 1.1
v -0.6 2.7 0.3
v -0.6 2.7 0.2
v -0.6 2.8 1.3
v -0.6 2.8 1.2
v -0.6 2.9 1.3
v -0.6 2.9 1.2
v -0.6 2.9 1.1
v -0.6 2.9 1
v -0.6 3 1.2
v -0.6 3 1.1
v -0.6 3 1
v -0.6 3.1 0.3
v -0.6 3.1 0.2
v -0.6 3.2 1.1
v -0.6 3.2 1
v -0.6 3.2 0.3
v -0.6 3.2 0.2
v -0.6 3.4 1
v -0.6 3.4 0.9
v -0.6 3.4 0.4
v -0.6 3.4 0.3
v -0.6 3.5 1
v -0.6 3.5 0.9
v -0.6 3.6 1.1
v -0.6 3.6 1
v -0.6 3.6 0.4
v -0.6 3.6 0.3
v -0.6 3.7 1.3
v -0.6 3.7 1.2
v -0.6 3.7 1.1
v -0.6 3.7 0.9
v -0.6 3.8 1.4
v -0.6 3.8 1.3
v -0.6 3.8 1.2
v -0.6 3.8 0.6
v -0.6 3.8 0.5
v -0.6 3.9 1.4
v -0.6 3.9 1.3
v -0.6 3.9 0.6
v -0.6 3.9 0.5
v -0.6 4 1.5
v -0.6 4 1.4
v -0.6 4 0.5
v -0.6 4 0.4
v -0.6 4.1 1.5
v -0.6 4.1 1.4
v -0.6 4.3 0.5
v -0.6 4.3 0.4
v -0.6 4.4 1.4
v -0.6 4.4 1.3
v -0.6 4.4 0.6
v -0.6 4.4 0.5
v -0.6 4.5 1.4
v -0.6 4.5 1.3
v -0.6 4.5 1.2
v -0.6 4.5 0.7
v -0.6 4.5 0.6
v -0.6 4.5 0.5
v -0.6 4.6 1.3
v -0.6 4.6 1.2
v -0.6 4.6 1.1
v -0.6 4.6 0.8
v -0.6 4.6 0.7
v -0.6 4.6 0.6
v -0.6 4.7 1.1
v -0.6 4.7 0.8
v -0.5 0 0.4
v -0.5 0 0.3
v -0.5 0 -0.2
v -0.5 0 -0.3
v -0.5 0.1 0.4
v -0.5 0.1 0.3
v -0.5 0.1 -0.2
v -0.5 0.1 -0.3
v -0.5 0.1 -0.5
v -0.5 0.1 -0.6
v -0.5 0.1 -0.9
v -0.5 0.1 -1
v -0.5 0.2 0.9
v -0.5 0.2 0.8
v -0.5 0.2 0.7
v -0.5 0.2 -0.5
v -0.5 0.2 -0.6
v -0.5 0.2 -0.9
v -0.5 0.2 -1
v -0.5 0.3 0.9
v -0.5 0.3 0.8
v -0.5 0.3 0.7
v -0.5 0.4 -0.9
v -0.5 0.4 -1
v -0.5 0.5 1
v -0.5 0.5 0.9
v -0.5 0.5 -0.9
v -0.5 0.5 -1
v -0.5 0.6 1.1
v -0.5 0.6 1
v -0.5 0.6 0.9
v -0.5 0.7 1.1
v -0.5 0.7 1
v -0.5 0.8 1.3
v -0.5 0.8 1.2
v -0.5 0.8 0.4
v -0.5 0.8 0.3
v -0.5 0.8 -1.6
v -0.5 0.8 -1.7
v -0.5 0.9 1.3
v -0.5 0.9 1.2
v -0.5 0.9 0.4
v -0.5 0.9 0.3
v -0.5 0.9 -1.6
v -0.5 0.9 -1.7
v -0.5 1 1.3
v -0.5 1 1.2
v -0.5 1 0.4
v -0.5 1 0.3
v -0.5 1 -0.5
v -0.5 1 -0.6
v -0.5 1 -0.9
v -0.5 1 -1
v -0.5 1 -1.3
v -0.5 1 -1.6
v -0.5 1.1 1.3
v -0.5 1.1 1.2
v -0.5 1.1 1.1
v -0.5 1.1 -0.5
v -0.5 1.1 -0.6
v -0.5 1.1 -0.9
v -0.5 1.1 -1
v -0.5 1.1 -1.3
v -0.5 1.1 -1.6
v -0.5 1.2 1.2
v -0.5 1.2 1.1
v -0.5 1.2 0.4
v -0.5 1.2 0.3
v -0.5 1.7 1.2
v -0.5 1.7 1.1
v -0.5 1.7 0.3
v -0.5 1.7 0.2
v -0.5 1.8 1.2
v -0.5 1.8 1.1
v -0.5 1.9 1.2
v -0.5 1.9 1.1
v -0.5 1.9 0.3
v -0.5 1.9 0.2
v -0.5 2.1 1.1
v -0.5 2.1 1
v -0.5 2.1 0.2
v -0.5 2.1 0.0999999
v -0.5 2.2 1.1
v -0.5 2.2 1
v -0.5 2.2 0.2
v -0.5 2.2 0.0999999
v -0.5 2.3 1
v -0.5 2.4 1.1
v -0.5 2.4 1
v -0.5 3.2 1.1
v -0.5 3.2 1
v -0.5 3.2 0.3
v -0.5 3.2 0.2
v -0.5 3.4 1.1
v -0.5 3.4 1
v -0.5 3.4 0.3
v -0.5 3.4 0.2
v -0.5 3.5 1.1
v -0.5 3.5 1
v -0.5 3.5 0.3
v -0.5 3.5 0.2
v -0.5 3.6 1.2
v -0.5 3.6 1.1
v -0.5 3.7 1.2
v -0.5 3.7 1.1
v -0.5 3.8 0.5
v -0.5 3.8 0.4
v -0.5 3.9 1.5
v -0.5 3.9 1.4
v -0.5 4 1.5
v -0.5 4 1.4
v -0.5 4 0.5
v -0.5 4 0.4
v -0.5 4.3 0.5
v -0.5 4.3 0.4
v -0.5 4.4 0.5
v -0.5 4.4 0.4
v -0.5 4.6 1.2
v -0.5 4.6 1.1
v -0.5 4.6 0.8
v -0.5 4.6 0.7
v -0.5 4.7 1.2
v -0.5 4.7 1.1
v -0.5 4.7 0.8
v -0.5 4.7 0.7
v -0.4 0.9 -1.6
v -0.4 0.9 -1.7
v -0.4 1.1 1.3
v -0.4 1.1 1.2
v -0.4 1.1 -1.4
v -0.4 1.1 -1.6
v -0.4 1.1 -1.7
v -0.4 1.2 1.3
v -0.4 1.2 1.2
v -0.4 1.2 -1.4
v -0.4 1.2 -1.5
v -0.4 1.3 -1.6
v -0.4 1.3 -1.7
v -0.4 1.4 -1.5
v -0.4 1.4 -1.6
v -0.4 1.5 -1.6
v -0.4 1.5 -1.7
v -0.4 3 1.2
v -0.4 3 1.1
v -0.4 3.1 1.2
v -0.4 3.1 1.1
v -0.3 0.9 1.3
v -0.3 0.9 1.2
v -0.3 1 1.3
v -0.3 1 1.2
v -0.3 1.2 1.3
v -0.3 1.2 1.2
v -0.3 1.3 1.3
v -0.3 1.3 1.2
v -0.3 1.6 0.3
v -0.3 1.6 0.2
v -0.3 1.7 0.3
v -0.3 1.7 0.2
v -0.3 3.1 1.2
v -0.3 3.1 1.1
v -0.3 3.2 1.2
v -0.3 3.2 1.1
v -0.2 0.9 1.4
v -0.2 0.9 1.3
v -0.2 1 1.4
v -0.2 1 1.3
v -0.2 1.1 1.4
v -0.2 1.1 1.3
v -0.2 1.1 -1.4
v -0.2 1.1 -1.5
v -0.2 1.3 -1.4
v -0.2 1.3 -1.5
v -0.2 4.7 1
v -0.2 4.7 0.8
v -0.2 4.8 0.9
v -0.2 4.8 0.8
v -0.2 4.9 1
v -0.2 4.9 0.9
v -0.0999999 0.8 1.5
v -0.0999999 0.8 1.3
v -0.0999999 0.9 1.5
v -0.0999999 0.9 1.4
v -0.0999999 0.9 1.3
v -0.0999999 1.1 1.4
v -0.0999999 1.1 1.3
v -0.0999999 1.2 1.4
v -0.0999999 1.2 1.3
v -0.0999999 1.2 -1.5
v -0.0999999 1.2 -1.6
v -0.0999999 1.3 -1.5
v -0.0999999 1.4 -1.5
v -0.0999999 1.4 -1.6
v -0.0999999 3.2 1.1
v -0.0999999 3.2 1
v -0.0999999 3.3 1.1
v -0.0999999 3.3 1
v -0.0999999 4.9 1.1
v -0.0999999 4.9 1
v -0.0999999 4.9 0.9
v -0.0999999 5 1.1
v -0.0999999 5 1
v -0.0999999 5 0.9
v -0.0999999 5.1 1.1
v -0.0999999 5.1 1
v 1.19209e-07 0.7 1.6
v 1.19209e-07 0.7 1.4
v 1.19209e-07 0.8 1.6
v 1.19209e-07 0.8 1.5
v 1.19209e-07 0.8 1.4
v 0.1 0.4 1.6
v 0.1 0.4 1.5
v 0.1 0.5 1.6
v 0.1 0.5 1.5
v 0.1 0.7 1.6
v 0.1 0.7 1.5
v 0.1 3.6 0.8
v 0.1 3.6 0.7
v 0.1 3.7 0.8
v 0.1 3.7 0.7
v 0.2 0.3 1.8
v 0.2 0.3 1.5
v 0.2 0.4 1.8
v 0.2 0.4 1.6
v 0.2 0.4 1.5
v 0.2 0.4 -0.4
v 0.2 0.4 -0.5
v 0.2 0.5 -0.4
v 0.2 0.5 -0.5
v 0.2 3.5 0.8
v 0.2 3.5 0.7
v 0.2 3.6 1.3
v 0.2 3.6 1.2
v 0.2 3.6 0.8
v 0.2 3.6 0.7
v 0.2 3.7 1.3
v 0.2 3.7 1.2
v 0.2 4.4 0.7
v 0.2 4.4 0.6
v 0.2 4.4 0.5
v 0.2 4.5 0.7
v 0.2 4.5 0.6
v 0.2 4.6 0.6
v 0.2 4.6 0.5
v 0.3 0 1.8
v 0.3 0 1.7
v 0.3 0.3 1.8
v 0.3 0.3 1.7
v 0.3 0.7 1
v 0.3 0.7 0.9
v 0.3 0.8 -1.2
v 0.3 0.8 -1.3
v 0.3 0.9 1
v 0.3 0.9 0.9
v 0.3 0.9 -1.2
v 0.3 0.9 -1.3
v 0.3 4.6 0.6
v 0.3 4.6 0.5
v 0.3 4.7 0.6
v 0.3 4.7 0.5
v 0.4 0.3 -0.4
v 0.4 0.3 -0.5
v 0.4 0.4 -0.4
v 0.4 0.4 -0.5
v 0.4 0.6 1.1
v 0.4 0.6 1
v 0.4 0.7 1
v 0.4 0.8 1.1
v 0.4 0.8 1
v 0.4 2.5 0.8
v 0.4 2.5 0.7
v 0.4 2.6 0.8
v 0.4 2.6 0.7
v 0.4 3.3 0.8
v 0.4 3.3 0.7
v 0.4 3.5 0.8
v 0.4 3.5 0.7
v 0.5 0.4 1.2
v 0.5 0.4 1.1
v 0.5 0.5 1.1
v 0.5 0.5 1
v 0.5 0.6 1.2
v 0.5 0.6 1.1
v 0.5 0.6 1
v 0.5 0.9 -1.2
v 0.5 0.9 -1.3
v 0.5 1 -1.2
v 0.5 1 -1.3
v 0.5 2.3 0.8
v 0.5 2.3 0.7
v 0.5 2.5 0.8
v 0.5 2.5 0.7
v 0.5 4.1 0.9
v 0.5 4.1 0.8
v 0.5 4.2 0.9
v 0.5 4.2 0.8
v 0.6 0 -0.4
v 0.6 0 -0.5
v 0.6 0.1 1.2
v 0.6 0.1 1.1
v 0.6 0.3 -0.4
v 0.6 0.3 -0.5
v 0.6 0.4 1.2
v 0.6 0.4 1.1
v 0.7 0 1.2
v 0.7 0 1.1
v 0.7 0.1 1.2
v 0.7 0.1 1.1
v -1.4 0 1
v -1.4 0 0.9
v -1.4 0 0.2
v -1.4 0 0.0999999
v -1.4 0.1 0.9
v -1.4 0.1 0.8
v -1.4 0.2 1
v -1.4 0.2 0.9
v -1.4 0.2 0.2
v -1.4 0.2 0.0999999
v -1.4 0.3 0.9
v -1.4 0.3 0.8
v -1.3 0 -1
v -1.3 0 -1.1
v -1.3 0.1 -1
v -1.3 0.1 -1.1
v -1.3 0.2 0.2
v -1.3 0.2 0.0999999
v -1.3 0.3 0.9
v -1.3 0.3 0.8
v -1.3 0.3 0.2
v -1.3 0.3 0.0999999
v -1.3 0.5 0.9
v -1.3 0.5 0.8
v -1.3 0.5 0.7
v -1.3 0.6 0.9
v -1.3 0.6 0.8
v -1.3 0.7 0.8
v -1.3 0.7 0.7
v -1.3 2.2 0.8
v -1.3 2.2 0.7
v -1.3 2.3 0.8
v -1.3 2.3 0.7
v -1.2 0.1 -1
v -1.2 0.1 -1.1
v -1.2 0.2 -0.9
v -1.2 0.2 -1
v -1.2 0.3 -0.9
v -1.2 0.3 -1
v -1.2 0.3 -1.1
v -1.2 0.7 0.8
v -1.2 0.7 0.7
v -1.2 0.8 0.8
v -1.2 0.8 0.7
v -1.2 2.3 0.8
v -1.2 2.3 0.7
v -1.2 2.4 0.8
v -1.2 2.4 0.7
v -1.1 0.3 0.2
v -1.1 0.3 0.0999999
v -1.1 0.3 -0.9
v -1.1 0.3 -1
v -1.1 0.4 0.2
v -1.1 0.4 0.0999999
v -1.1 0.4 -0.9
v -1.1 0.4 -1
v -1.1 0.8 0.8
v -1.1 0.8 0.7
v -1.1 0.9 0.7
v -1.1 1 0.8
v -1.1 1 0.7
v -1.1 2.4 0.8
v -1.1 2.4 0.7
v -1.1 2.5 0.8
v -1.1 2.5 0.7
v -1.1 3.2 0.8
v -1.1 3.2 0.7
v -1.1 3.3 0.8
v -1.1 3.3 0.7
v -1.1 3.3 0.6
v -1.1 3.4 0.8
v -1.1 3.4 0.7
v -1.1 3.4 0.6
v -1.1 4.1 1
v -1.1 4.1 0.9
v -1.1 4.2 1
v -1.1 4.2 0.9
v -1 0.4 0.2
v -1 0.4 0.0999999
v -1 0.4 -0.8
v -1 0.4 -0.9
v -1 0.4 -1
v -1 0.5 0.2
v -1 0.5 0.0999999
v -1 0.5 -0.8
v -1 0.5 -0.9
v -1 0.5 -1
v -1 0.6 -0.8
v -1 0.6 -0.9
v -1 1.3 -1.4
v -1 1.3 -1.5
v -1 1.4 -1.4
v -1 1.4 -1.5
v -0.9 1.1 -1.3
v -0.9 1.1 -1.4
v -0.9 1.1 -1.5
v -0.9 1.2 -1.3
v -0.9 1.2 -1.4
v -0.9 1.3 -1.4
v -0.9 1.3 -1.5
v -0.9 3.4 0.7
v -0.9 3.4 0.6
v -0.9 3.5 0.7
v -0.9 3.5 0.6
v -0.9 3.7 1.5
v -0.9 3.7 1.4
v -0.9 3.8 1.5
v -0.9 3.8 1.4
v -0.8 1 -1.3
v -0.8 1 -1.4
v -0.8 1.1 -1.3
v -0.8 1.1 -1.4
v -0.8 3.8 1.5
v -0.8 3.8 1.4
v -0.8 3.9 1.5
v -0.8 3.9 1.4
v -0.8 4.8 0.7
v -0.8 4.8 0.6
v -0.8 4.9 0.7
v -0.8 5 0.7
v -0.8 5 0.6
v -0.7 3.8 1.4
v -0.7 3.8 1.3
v -0.7 3.9 1.4
v -0.7 3.9 1.3
v -0.7 4.8 0.8
v -0.7 4.8 0.7
v -0.7 4.9 0.8
v -0.7 4.9 0.7
v -0.6 0 1.8
v -0.6 0 1.7
v -0.6 0.3 1.7
v -0.6 0.3 1.6
v -0.6 0.4 1.8
v -0.6 0.4 1.7
v -0.6 0.4 1.6
v -0.6 0.4 1.5
v -0.6 0.4 -0.9
v -0.6 0.4 -1
v -0.6 0.5 1.7
v -0.6 0.5 1.6
v -0.6 0.5 1.5
v -0.6 0.5 -0.9
v -0.6 0.5 -1
v -0.6 0.6 1.6
v -0.6 0.6 1.5
v -0.6 0.7 1.5
v -0.6 0.7 1.3
v -0.6 0.8 1.6
v -0.6 0.8 1.4
v -0.6 0.8 1.3
v -0.6 0.8 1.2
v -0.6 0.9 1.4
v -0.6 0.9 1.3
v -0.6 1 1.3
v -0.6 1 1.2
v -0.6 2.3 1.1
v -0.6 2.3 1
v -0.6 2.4 1.1
v -0.6 2.4 1
v -0.6 4.6 0.8
v -0.6 4.6 0.7
v -0.6 4.7 0.8
v -0.6 4.8 0.8
v -0.6 4.8 0.7
v -0.5 0.7 1.2
v -0.5 0.7 1.1
v -0.5 0.8 1.2
v -0.5 0.8 1.1
v -0.5 2.8 1.3
v -0.5 2.8 1.2
v -0.5 2.9 1.3
v -0.5 2.9 1.2
v -0.4 0.6 1.1
v -0.4 0.6 1
v -0.4 0.7 1.1
v -0.4 0.7 1
v -0.4 2.2 0.2
v -0.4 2.2 0.0999999
v -0.4 2.3 0.2
v -0.4 2.3 0.0999999
v -0.4 2.4 1.2
v -0.4 2.4 1.1
v -0.4 2.5 1.2
v -0.4 2.5 1.1
v -0.4 3.4 1.1
v -0.4 3.4 1
v -0.4 3.5 1.1
v -0.4 3.5 1
v -0.3 0.8 1.3
v -0.3 0.8 1.2
v -0.3 0.9 1.3
v -0.3 0.9 1.2
v -0.3 0.9 -1.6
v -0.3 0.9 -1.7
v -0.3 1.1 -1.4
v -0.3 1.1 -1.6
v -0.3 1.1 -1.7
v -0.3 1.2 -1.4
v -0.3 1.2 -1.5
v -0.3 1.3 -1.6
v -0.3 1.3 -1.7
v -0.3 1.4 -1.5
v -0.3 1.4 -1.6
v -0.3 1.5 -1.6
v -0.3 1.5 -1.7
v -0.3 2.1 0.2
v -0.3 2.1 0.0999999
v -0.3 2.2 0.2
v -0.3 2.2 0.0999999
v -0.2 0 0.4
v -0.2 0 0.3
v -0.2 0 -0.2
v -0.2 0 -0.3
v -0.2 0.1 0.4
v -0.2 0.1 0.3
v -0.2 0.1 -0.2
v -0.2 0.1 -0.3
v -0.2 0.1 -0.5
v -0.2 0.1 -0.6
v -0.2 0.1 -0.9
v -0.2 0.1 -1
v -0.2 0.2 0.9
v -0.2 0.2 0.7
v -0.2 0.2 -0.5
v -0.2 0.2 -0.6
v -0.2 0.2 -0.9
v -0.2 0.2 -1
v -0.2 0.3 0.9
v -0.2 0.3 0.7
v -0.2 0.5 1
v -0.2 0.5 0.9
v -0.2 0.7 1.1
v -0.2 0.7 1
v -0.2 0.7 0.9
v -0.2 0.8 1.1
v -0.2 0.8 1
v -0.2 0.8 0.4
v -0.2 0.8 0.3
v -0.2 0.8 -0.2
v -0.2 0.8 -0.3
v -0.2 0.8 -1.6
v -0.2 0.8 -1.7
v -0.2 0.9 0.4
v -0.2 0.9 0.3
v -0.2 0.9 -0.2
v -0.2 0.9 -0.3
v -0.2 0.9 -1.6
v -0.2 0.9 -1.7
v -0.2 1 0.4
v -0.2 1 0.3
v -0.2 1 -0.5
v -0.2 1 -0.6
v -0.2 1 -1.3
v -0.2 1 -1.4
v -0.2 1 -1.5
v -0.2 1 -1.6
v -0.2 1.1 -0.5
v -0.2 1.1 -0.6
v -0.2 1.1 -1.3
v -0.2 1.1 -1.4
v -0.2 1.1 -1.5
v -0.2 1.1 -1.6
v -0.2 1.2 0.4
v -0.2 1.2 0.3
v -0.2 1.7 1.2
v -0.2 1.7 1.1
v -0.2 1.7 0.3
v -0.2 1.7 0.2
v -0.2 1.9 1.2
v -0.2 1.9 1.1
v -0.2 1.9 0.3
v -0.2 1.9 0.2
v -0.2 2.1 1.1
v -0.2 2.1 1
v -0.2 2.1 0.3
v -0.2 2.1 0.2
v -0.2 2.4 1.1
v -0.2 2.4 1
v -0.2 2.4 0.3
v -0.2 2.4 0.2
v -0.2 2.5 1.2
v -0.2 2.5 1.1
v -0.2 2.6 1.2
v -0.2 2.6 1.1
v -0.2 3.2 1.1
v -0.2 3.2 1
v -0.2 3.3 1.1
v -0.2 3.3 1
v -0.2 3.4 1.1
v -0.2 3.4 1
v -0.2 3.6 1.2
v -0.2 3.6 1.1
v -0.2 3.7 1.2
v -0.2 3.7 1.1
v -0.2 3.8 0.5
v -0.2 3.8 0.4
v -0.2 3.9 1.5
v -0.2 3.9 1.4
v -0.2 4 1.5
v -0.2 4 1.4
v -0.2 4 0.5
v -0.2 4 0.4
v -0.2 4.3 0.5
v -0.2 4.3 0.4
v -0.2 4.4 0.5
v -0.2 4.4 0.4
v -0.2 4.6 1.2
v -0.2 4.6 1.1
v -0.2 4.6 0.8
v -0.2 4.6 0.7
v -0.2 4.7 1.2
v -0.2 4.7 1.1
v -0.2 4.7 0.8
v -0.2 4.7 0.7
v -0.0999999 0 0.3
v -0.0999999 0 -0.2
v -0.0999999 0.1 0.6
v -0.0999999 0.1 0.4
v -0.0999999 0.1 0.3
v -0.0999999 0.1 -0.2
v -0.0999999 0.1 -0.3
v -0.0999999 0.1 -0.5
v -0.0999999 0.1 -0.6
v -0.0999999 0.1 -0.9
v -0.0999999 0.2 0.6
v -0.0999999 0.2 0.4
v -0.0999999 0.2 -0.3
v -0.0999999 0.2 -0.5
v -0.0999999 0.2 -0.6
v -0.0999999 0.2 -0.7
v -0.0999999 0.2 -0.8
v -0.0999999 0.2 -0.9
v -0.0999999 0.3 0.9
v -0.0999999 0.3 0.7
v -0.0999999 0.4 -1
v -0.0999999 0.4 -1.1
v -0.0999999 0.5 0.9
v -0.0999999 0.5 0.7
v -0.0999999 0.5 -1
v -0.0999999 0.5 -1.1
v -0.0999999 0.5 -1.4
v -0.0999999 0.5 -1.5
v -0.0999999 0.6 -1.4
v -0.0999999 0.6 -1.5
v -0.0999999 0.6 -1.6
v -0.0999999 0.7 0.9
v -0.0999999 0.7 0.7
v -0.0999999 0.7 0.5
v -0.0999999 0.7 0.4
v -0.0999999 0.7 -1.5
v -0.0999999 0.7 -1.6
v -0.0999999 0.7 -1.7
v -0.0999999 0.8 1.2
v -0.0999999 0.8 1.1
v -0.0999999 0.8 1
v -0.0999999 0.8 0.5
v -0.0999999 0.8 0.4
v -0.0999999 0.8 0.3
v -0.0999999 0.8 0.2
v -0.0999999 0.8 -0.2
v -0.0999999 0.8 -0.3
v -0.0999999 0.8 -0.4
v -0.0999999 0.8 -1.6
v -0.0999999 0.8 -1.7
v -0.0999999 0.9 1.3
v -0.0999999 0.9 1.2
v -0.0999999 0.9 1.1
v -0.0999999 0.9 1
v -0.0999999 0.9 0.5
v -0.0999999 0.9 0.4
v -0.0999999 0.9 0.3
v -0.0999999 0.9 -0.2
v -0.0999999 0.9 -0.3
v -0.0999999 0.9 -0.4
v -0.0999999 0.9 -0.5
v -0.0999999 0.9 -1.5
v -0.0999999 0.9 -1.6
v -0.0999999 1 1.4
v -0.0999999 1 1.3
v -0.0999999 1 0.5
v -0.0999999 1 0.4
v -0.0999999 1 -0.4
v -0.0999999 1 -0.5
v -0.0999999 1 -0.6
v -0.0999999 1 -0.8
v -0.0999999 1 -1.2
v -0.0999999 1 -1.3
v -0.0999999 1 -1.4
v -0.0999999 1 -1.5
v -0.0999999 1 -1.6
v -0.0999999 1.1 1.4
v -0.0999999 1.1 1.2
v -0.0999999 1.1 -0.6
v -0.0999999 1.1 -0.8
v -0.0999999 1.1 -1.2
v -0.0999999 1.1 -1.3
v -0.0999999 1.2 0.4
v -0.0999999 1.2 0.3
v -0.0999999 1.2 -1.4
v -0.0999999 1.2 -1.5
v -0.0999999 1.3 0.4
v -0.0999999 1.3 0.3
v -0.0999999 1.4 1.2
v -0.0999999 1.4 1.1
v -0.0999999 1.4 0.4
v -0.0999999 1.4 0.3
v -0.0999999 1.5 1.1
v -0.0999999 1.6 1.1
v -0.0999999 1.6 0.4
v -0.0999999 1.6 0.3
v -0.0999999 1.6 0.2
v -0.0999999 1.7 1.2
v -0.0999999 1.7 1.1
v -0.0999999 1.7 0.3
v -0.0999999 1.7 0.2
v -0.0999999 1.9 1.1
v -0.0999999 1.9 1
v -0.0999999 2 1.1
v -0.0999999 2 1
v -0.0999999 2 0.4
v -0.0999999 2 0.3
v -0.0999999 2 0.2
v -0.0999999 2.1 1.1
v -0.0999999 2.1 1
v -0.0999999 2.1 0.4
v -0.0999999 2.1 0.3
v -0.0999999 2.1 0.2
v -0.0999999 2.4 1.1
v -0.0999999 2.4 1
v -0.0999999 2.4 0.3
v -0.0999999 2.4 0.2
v -0.0999999 2.5 0.3
v -0.0999999 2.5 0.2
v -0.0999999 2.6 1.2
v -0.0999999 2.6 1.1
v -0.0999999 2.6 1
v -0.0999999 2.7 1.1
v -0.0999999 2.7 1
v -0.0999999 2.8 0.3
v -0.0999999 2.9 0.3
v -0.0999999 2.9 0.2
v -0.0999999 3.1 1.2
v -0.0999999 3.1 1.1
v -0.0999999 3.2 0.3
v -0.0999999 3.2 0.2
v -0.0999999 3.3 0.3
v -0.0999999 3.3 0.2
v -0.0999999 3.4 1
v -0.0999999 3.4 0.9
v -0.0999999 3.4 0.3
v -0.0999999 3.4 0.2
v -0.0999999 3.5 0.9
v -0.0999999 3.5 0.3
v -0.0999999 3.5 0.2
v -0.0999999 3.6 1.1
v -0.0999999 3.6 1
v -0.0999999 3.6 0.9
v -0.0999999 3.7 1.1
v -0.0999999 3.7 1
v -0.0999999 3.7 0.9
v -0.0999999 3.8 1.4
v -0.0999999 3.8 1.3
v -0.0999999 3.8 0.6
v -0.0999999 3.8 0.5
v -0.0999999 3.9 1.4
v -0.0999999 3.9 1.3
v -0.0999999 3.9 0.6
v -0.0999999 3.9 0.5
v -0.0999999 4 1.5
v -0.0999999 4 1.4
v -0.0999999 4 0.5
v -0.0999999 4 0.4
v -0.0999999 4.1 1.5
v -0.0999999 4.1 1.4
v -0.0999999 4.3 0.5
v -0.0999999 4.3 0.4
v -0.0999999 4.4 1.4
v -0.0999999 4.4 1.3
v -0.0999999 4.4 0.6
v -0.0999999 4.4 0.5
v -0.0999999 4.5 1.4
v -0.0999999 4.5 1.3
v -0.0999999 4.5 1.2
v -0.0999999 4.5 0.7
v -0.0999999 4.5 0.6
v -0.0999999 4.5 0.5
v -0.0999999 4.6 1.3
v -0.0999999 4.6 1.2
v -0.0999999 4.6 1.1
v -0.0999999 4.6 0.8
v -0.0999999 4.6 0.7
v -0.0999999 4.6 0.6
v -0.0999999 4.7 1.1
v -0.0999999 4.7 1
v -0.0999999 4.8 1
v -0.0999999 4.8 0.9
v -0.0999999 4.8 0.8
v 1.19209e-07 0.1 0.4
v 1.19209e-07 0.1 -0.3
v 1.19209e-07 0.2 0.7
v 1.19209e-07 0.2 0.6
v 1.19209e-07 0.2 0.4
v 1.19209e-07 0.2 -0.3
v 1.19209e-07 0.2 -0.5
v 1.19209e-07 0.2 -0.7
v 1.19209e-07 0.2 -0.8
v 1.19209e-07 0.2 -1
v 1.19209e-07 0.3 0.7
v 1.19209e-07 0.3 0.6
v 1.19209e-07 0.3 -0.5
v 1.19209e-07 0.3 -0.6
v 1.19209e-07 0.3 -0.7
v 1.19209e-07 0.3 -0.8
v 1.19209e-07 0.3 -1
v 1.19209e-07 0.5 0.7
v 1.19209e-07 0.5 0.6
v 1.19209e-07 0.5 -1.1
v 1.19209e-07 0.5 -1.4
v 1.19209e-07 0.6 -1.1
v 1.19209e-07 0.6 -1.4
v 1.19209e-07 0.6 -1.5
v 1.19209e-07 0.7 1
v 1.19209e-07 0.7 0.7
v 1.19209e-07 0.7 0.6
v 1.19209e-07 0.7 0.5
v 1.19209e-07 0.7 0.4
v 1.19209e-07 0.7 0.2
v 1.19209e-07 0.7 -0.4
v 1.19209e-07 0.7 -1.4
v 1.19209e-07 0.7 -1.5
v 1.19209e-07 0.7 -1.6
v 1.19209e-07 0.8 1.4
v 1.19209e-07 0.8 1.3
v 1.19209e-07 0.8 1
v 1.19209e-07 0.8 0.6
v 1.19209e-07 0.8 0.5
v 1.19209e-07 0.8 0.4
v 1.19209e-07 0.8 0.2
v 1.19209e-07 0.8 -0.4
v 1.19209e-07 0.8 -0.5
v 1.19209e-07 0.9 1.4
v 1.19209e-07 0.9 1.2
v 1.19209e-07 0.9 1
v 1.19209e-07 0.9 -0.4
v 1.19209e-07 0.9 -0.5
v 1.19209e-07 0.9 -0.8
v 1.19209e-07 0.9 -1.4
v 1.19209e-07 0.9 -1.5
v 1.19209e-07 0.9 -1.6
v 1.19209e-07 1 1.4
v 1.19209e-07 1 1.3
v 1.19209e-07 1 1.2
v 1.19209e-07 1 1
v 1.19209e-07 1 0.5
v 1.19209e-07 1 0.4
v 1.19209e-07 1 -0.5
v 1.19209e-07 1 -0.8
v 1.19209e-07 1 -1.4
v 1.19209e-07 1 -1.5
v 1.19209e-07 1.1 1.4
v 1.19209e-07 1.1 1.2
v 1.19209e-07 1.2 1.4
v 1.19209e-07 1.2 1.3
v 1.19209e-07 1.2 1.2
v 1.19209e-07 1.2 1.1
v 1.19209e-07 1.2 -1.4
v 1.19209e-07 1.2 -1.5
v 1.19209e-07 1.2 -1.6
v 1.19209e-07 1.3 1.3
v 1.19209e-07 1.3 1.2
v 1.19209e-07 1.3 1.1
v 1.19209e-07 1.3 0.5
v 1.19209e-07 1.3 0.4
v 1.19209e-07 1.3 0.3
v 1.19209e-07 1.3 -1.4
v 1.19209e-07 1.3 -1.5
v 1.19209e-07 1.3 -1.6
v 1.19209e-07 1.4 0.5
v 1.19209e-07 1.4 0.4
v 1.19209e-07 1.4 0.3
v 1.19209e-07 1.5 1.1
v 1.19209e-07 1.5 1
v 1.19209e-07 1.5 0.5
v 1.19209e-07 1.5 0.4
v 1.19209e-07 1.6 1.1
v 1.19209e-07 1.6 1
v 1.19209e-07 1.6 0.4
v 1.19209e-07 1.6 0.3
v 1.19209e-07 1.7 1.1
v 1.19209e-07 1.7 1
v 1.19209e-07 1.8 0.4
v 1.19209e-07 1.8 0.3
v 1.19209e-07 1.9 1.1
v 1.19209e-07 1.9 1
v 1.19209e-07 1.9 0.4
v 1.19209e-07 1.9 0.3
v 1.19209e-07 2 0.4
v 1.19209e-07 2 0.3
v 1.19209e-07 2.1 1
v 1.19209e-07 2.1 0.9
v 1.19209e-07 2.1 0.4
v 1.19209e-07 2.1 0.3
v 1.19209e-07 2.2 0.4
v 1.19209e-07 2.3 0.4
v 1.19209e-07 2.3 0.3
v 1.19209e-07 2.6 1
v 1.19209e-07 2.6 0.9
v 1.19209e-07 2.7 1.1
v 1.19209e-07 2.7 1
v 1.19209e-07 2.7 0.9
v 1.19209e-07 2.7 0.4
v 1.19209e-07 2.8 0.4
v 1.19209e-07 2.8 0.3
v 1.19209e-07 2.9 1
v 1.19209e-07 2.9 0.9
v 1.19209e-07 3.1 1.2
v 1.19209e-07 3.1 1.1
v 1.19209e-07 3.2 1.2
v 1.19209e-07 3.2 1.1
v 1.19209e-07 3.2 0.4
v 1.19209e-07 3.2 0.3
v 1.19209e-07 3.3 1.1
v 1.19209e-07 3.3 1
v 1.19209e-07 3.3 0.3
v 1.19209e-07 3.3 0.2
v 1.19209e-07 3.4 0.3
v 1.19209e-07 3.4 0.2
v 1.19209e-07 3.6 0.9
v 1.19209e-07 3.6 0.4
v 1.19209e-07 3.7 1.2
v 1.19209e-07 3.7 0.9
v 1.19209e-07 3.7 0.8
v 1.19209e-07 3.7 0.7
v 1.19209e-07 3.8 1.3
v 1.19209e-07 3.8 1.2
v 1.19209e-07 3.8 0.8
v 1.19209e-07 3.8 0.6
v 1.19209e-07 3.8 0.4
v 1.19209e-07 3.9 1.4
v 1.19209e-07 3.9 1.3
v 1.19209e-07 3.9 1.2
v 1.19209e-07 3.9 0.7
v 1.19209e-07 3.9 0.6
v 1.19209e-07 3.9 0.5
v 1.19209e-07 4.1 1.5
v 1.19209e-07 4.1 1.4
v 1.19209e-07 4.4 1.5
v 1.19209e-07 4.4 1.4
v 1.19209e-07 4.4 1.3
v 1.19209e-07 4.4 1.2
v 1.19209e-07 4.4 0.7
v 1.19209e-07 4.4 0.6
v 1.19209e-07 4.4 0.5
v 1.19209e-07 4.5 1.3
v 1.19209e-07 4.5 1.2
v 1.19209e-07 4.5 0.7
v 1.19209e-07 4.5 0.6
v 1.19209e-07 4.6 1.2
v 1.19209e-07 4.6 0.7
v 1.19209e-07 4.8 1
v 1.19209e-07 4.8 0.9
v 1.19209e-07 4.9 1.1
v 1.19209e-07 4.9 1
v 1.19209e-07 5 1.1
v 1.19209e-07 5 1
v 1.19209e-07 5 0.9
v 1.19209e-07 5.1 1.1
v 1.19209e-07 5.1 1
v 0.1 0.2 0.6
v 0.1 0.2 0.3
v 0.1 0.2 -0.2
v 0.1 0.2 -0.5
v 0.1 0.3 0.4
v 0.1 0.3 0.3
v 0.1 0.3 -0.2
v 0.1 0.3 -0.3
v 0.1 0.3 -0.5
v 0.1 0.3 -0.6
v 0.1 0.3 -0.8
v 0.1 0.3 -1
v 0.1 0.4 -0.3
v 0.1 0.4 -0.6
v 0.1 0.4 -0.8
v 0.1 0.4 -0.9
v 0.1 0.5 0.4
v 0.1 0.5 -0.3
v 0.1 0.5 -0.4
v 0.1 0.5 -0.5
v 0.1 0.5 -0.9
v 0.1 0.5 -1
v 0.1 0.5 -1.1
v 0.1 0.6 0.5
v 0.1 0.6 0.4
v 0.1 0.6 0.3
v 0.1 0.6 -0.2
v 0.1 0.6 -0.3
v 0.1 0.6 -0.4
v 0.1 0.6 -0.5
v 0.1 0.6 -1.1
v 0.1 0.6 -1.4
v 0.1 0.7 1.5
v 0.1 0.7 1.4
v 0.1 0.7 0.6
v 0.1 0.7 0.5
v 0.1 0.7 0.3
v 0.1 0.7 -0.2
v 0.1 0.7 -0.4
v 0.1 0.7 -0.5
v 0.1 0.7 -0.6
v 0.1 0.7 -1
v 0.1 0.7 -1.4
v 0.1 0.7 -1.5
v 0.1 0.8 1.5
v 0.1 0.8 1
v 0.1 0.8 0.5
v 0.1 0.8 -0.4
v 0.1 0.8 -0.5
v 0.1 0.8 -0.6
v 0.1 0.8 -0.9
v 0.1 0.8 -1.3
v 0.1 0.8 -1.4
v 0.1 0.9 1.5
v 0.1 0.9 1.4
v 0.1 0.9 1
v 0.1 0.9 0.9
v 0.1 0.9 -0.5
v 0.1 0.9 -0.8
v 0.1 0.9 -0.9
v 0.1 0.9 -1.1
v 0.1 0.9 -1.3
v 0.1 0.9 -1.4
v 0.1 0.9 -1.5
v 0.1 1 1.2
v 0.1 1 1
v 0.1 1 0.9
v 0.1 1 0.6
v 0.1 1 -0.8
v 0.1 1 -0.9
v 0.1 1 -1.1
v 0.1 1 -1.4
v 0.1 1.1 1.1
v 0.1 1.1 1
v 0.1 1.1 0.9
v 0.1 1.2 1.2
v 0.1 1.2 1.1
v 0.1 1.2 0.6
v 0.1 1.2 0.5
v 0.1 1.3 1.2
v 0.1 1.3 1.1
v 0.1 1.3 0.5
v 0.1 1.3 0.4
v 0.1 1.3 -1.5
v 0.1 1.3 -1.6
v 0.1 1.4 1.2
v 0.1 1.4 1.1
v 0.1 1.4 0.5
v 0.1 1.4 0.4
v 0.1 1.4 -1.5
v 0.1 1.4 -1.6
v 0.1 1.7 1
v 0.1 1.7 0.9
v 0.1 1.7 0.5
v 0.1 1.7 0.4
v 0.1 1.8 0.9
v 0.1 1.8 0.5
v 0.1 1.8 0.4
v 0.1 1.8 0.3
v 0.1 1.9 0.9
v 0.1 1.9 0.8
v 0.1 1.9 0.6
v 0.1 1.9 0.5
v 0.1 1.9 0.4
v 0.1 1.9 0.3
v 0.1 2 0.5
v 0.1 2 0.4
v 0.1 2.1 1
v 0.1 2.1 0.9
v 0.1 2.1 0.8
v 0.1 2.1 0.5
v 0.1 2.2 0.8
v 0.1 2.2 0.5
v 0.1 2.2 0.4
v 0.1 2.4 0.9
v 0.1 2.4 0.8
v 0.1 2.4 0.5
v 0.1 2.4 0.4
v 0.1 3.2 1
v 0.1 3.2 0.9
v 0.1 3.2 0.4
v 0.1 3.2 0.3
v 0.1 3.4 1
v 0.1 3.4 0.9
v 0.1 3.4 0.4
v 0.1 3.4 0.3
v 0.1 3.5 0.9
v 0.1 3.5 0.6
v 0.1 3.5 0.4
v 0.1 3.5 0.3
v 0.1 3.6 0.9
v 0.1 3.6 0.8
v 0.1 3.6 0.7
v 0.1 3.6 0.6
v 0.1 3.6 0.4
v 0.1 3.6 0.3
v 0.1 3.8 1.2
v 0.1 3.8 0.8
v 0.1 3.8 0.7
v 0.1 3.9 1.3
v 0.1 3.9 1.2
v 0.1 3.9 1.1
v 0.1 3.9 0.8
v 0.1 3.9 0.7
v 0.1 3.9 0.6
v 0.1 4 1.2
v 0.1 4 1.1
v 0.1 4 0.8
v 0.1 4 0.7
v 0.1 4.3 1.2
v 0.1 4.3 1.1
v 0.1 4.3 0.8
v 0.1 4.3 0.7
v 0.1 4.3 0.6
v 0.1 4.4 1.3
v 0.1 4.4 1.2
v 0.1 4.4 1.1
v 0.1 4.4 0.8
v 0.1 4.4 0.7
v 0.1 4.5 1.2
v 0.1 4.5 0.7
v 0.2 0.2 0.3
v 0.2 0.2 -0.2
v 0.2 0.3 0.4
v 0.2 0.3 0.3
v 0.2 0.3 0.0999999
v 0.2 0.3 -0.2
v 0.2 0.3 -0.3
v 0.2 0.3 -0.5
v 0.2 0.3 -0.6
v 0.2 0.4 0.3
v 0.2 0.4 0.0999999
v 0.2 0.4 -0.2
v 0.2 0.4 -0.3
v 0.2 0.4 -0.5
v 0.2 0.4 -0.6
v 0.2 0.4 -0.9
v 0.2 0.5 1.6
v 0.2 0.5 1.5
v 0.2 0.5 0.4
v 0.2 0.5 0.3
v 0.2 0.5 -0.2
v 0.2 0.5 -0.3
v 0.2 0.5 -0.9
v 0.2 0.5 -1
v 0.2 0.6 0.4
v 0.2 0.6 0.3
v 0.2 0.6 0
v 0.2 0.6 -0.2
v 0.2 0.6 -0.3
v 0.2 0.6 -0.5
v 0.2 0.7 0.3
v 0.2 0.7 0
v 0.2 0.7 -0.2
v 0.2 0.7 -0.5
v 0.2 0.7 -0.6
v 0.2 0.7 -1
v 0.2 0.7 -1.4
v 0.2 0.8 1.6
v 0.2 0.8 1.5
v 0.2 0.8 -0.6
v 0.2 0.8 -0.9
v 0.2 0.8 -1.1
v 0.2 0.8 -1.2
v 0.2 0.8 -1.3
v 0.2 0.8 -1.4
v 0.2 0.9 -0.9
v 0.2 0.9 -1.1
v 0.2 0.9 -1.2
v 0.2 0.9 -1.3
v 0.2 1 0.9
v 0.2 1 0.6
v 0.2 1.1 1.1
v 0.2 1.1 0.9
v 0.2 1.2 1
v 0.2 1.2 0.9
v 0.2 1.2 0.6
v 0.2 1.2 0.5
v 0.2 1.3 0.6
v 0.2 1.3 0.5
v 0.2 1.5 1.1
v 0.2 1.5 1
v 0.2 1.6 1
v 0.2 1.6 0.8
v 0.2 1.7 1
v 0.2 1.7 0.9
v 0.2 1.7 0.8
v 0.2 1.7 0.7
v 0.2 1.7 0.6
v 0.2 1.7 0.5
v 0.2 1.8 0.9
v 0.2 1.8 0.8
v 0.2 1.8 0.6
v 0.2 1.8 0.5
v 0.2 1.8 0.4
v 0.2 1.9 0.9
v 0.2 1.9 0.8
v 0.2 1.9 0.7
v 0.2 1.9 0.5
v 0.2 1.9 0.4
v 0.2 2.1 0.8
v 0.2 2.1 0.5
v 0.2 2.2 0.8
v 0.2 2.2 0.7
v 0.2 2.2 0.6
v 0.2 2.2 0.5
v 0.2 2.4 0.9
v 0.2 2.4 0.8
v 0.2 2.4 0.6
v 0.2 2.4 0.5
v 0.2 2.4 0.4
v 0.2 2.5 0.8
v 0.2 2.5 0.7
v 0.2 2.5 0.5
v 0.2 2.5 0.4
v 0.2 2.6 0.8
v 0.2 2.6 0.7
v 0.2 2.7 0.9
v 0.2 2.7 0.8
v 0.2 2.7 0.7
v 0.2 2.9 1
v 0.2 2.9 0.9
v 0.2 3.1 0.9
v 0.2 3.1 0.7
v 0.2 3.2 1
v 0.2 3.2 0.9
v 0.2 3.2 0.8
v 0.2 3.2 0.7
v 0.2 3.2 0.5
v 0.2 3.2 0.4
v 0.2 3.4 0.8
v 0.2 3.4 0.5
v 0.2 3.4 0.4
v 0.2 3.4 0.3
v 0.2 3.5 0.9
v 0.2 3.5 0.8
v 0.2 3.5 0.7
v 0.2 3.5 0.6
v 0.2 3.5 0.4
v 0.2 3.5 0.3
v 0.2 3.6 0.6
v 0.2 3.6 0.4
v 0.2 3.7 1.3
v 0.2 3.7 1.2
v 0.2 3.7 0.8
v 0.2 3.7 0.7
v 0.2 3.8 1.3
v 0.2 3.8 1.2
v 0.2 3.8 0.8
v 0.2 3.8 0.7
v 0.2 3.9 1.1
v 0.2 3.9 0.8
v 0.2 4 1.2
v 0.2 4 1.1
v 0.2 4 0.8
v 0.2 4 0.7
v 0.2 4.2 0.9
v 0.2 4.2 0.8
v 0.2 4.3 1.2
v 0.2 4.3 1.1
v 0.2 4.3 0.9
v 0.2 4.3 0.8
v 0.2 4.3 0.7
v 0.2 4.4 1.1
v 0.2 4.4 0.8
v 0.3 0.3 1.7
v 0.3 0.3 1.5
v 0.3 0.4 1.7
v 0.3 0.4 1.6
v 0.3 0.5 1.6
v 0.3 0.5 1.5
v 0.3 0.5 -0.4
v 0.3 0.5 -0.5
v 0.3 0.6 -0.4
v 0.3 0.6 -0.5
v 0.3 1.2 1
v 0.3 1.2 0.6
v 0.3 1.3 0.6
v 0.3 1.3 0.5
v 0.3 1.4 1
v 0.3 1.4 0.9
v 0.3 1.5 1
v 0.3 1.5 0.9
v 0.3 1.5 0.7
v 0.3 1.5 0.5
v 0.3 1.5 0.4
v 0.3 1.6 1
v 0.3 1.6 0.9
v 0.3 1.7 0.7
v 0.3 1.7 0.6
v 0.3 1.7 0.4
v 0.3 1.8 0.6
v 0.3 1.8 0.5
v 0.3 1.9 0.7
v 0.3 1.9 0.5
v 0.3 3.1 0.9
v 0.3 3.1 0.7
v 0.3 3.2 0.9
v 0.3 3.2 0.8
v 0.3 3.2 0.7
v 0.3 3.2 0.5
v 0.3 3.4 0.8
v 0.3 3.4 0.5
v 0.3 3.6 1.3
v 0.3 3.6 1.2
v 0.3 3.6 0.8
v 0.3 3.6 0.7
v 0.3 3.7 1.3
v 0.3 3.7 1.2
v 0.3 3.7 0.8
v 0.3 3.7 0.7
v 0.3 4.3 0.7
v 0.3 4.3 0.6
v 0.3 4.4 0.6
v 0.3 4.4 0.5
v 0.3 4.5 0.7
v 0.3 4.5 0.6
v 0.3 4.5 0.5
v 0.4 0 1.8
v 0.4 0 1.7
v 0.4 0.4 1.8
v 0.4 0.4 1.7
v 0.4 0.8 1
v 0.4 0.8 0.9
v 0.4 0.8 -1.1
v 0.4 0.8 -1.2
v 0.4 0.9 -1.1
v 0.4 0.9 -1.2
v 0.4 1 1
v 0.4 1 0.9
v 0.4 1.4 1
v 0.4 1.4 0.9
v 0.4 1.5 1
v 0.4 1.5 0.9
v 0.4 1.5 0.7
v 0.4 1.6 0.9
v 0.4 1.6 0.8
v 0.4 1.7 0.8
v 0.4 1.7 0.7
v 0.4 4.5 0.6
v 0.4 4.5 0.5
v 0.4 4.6 0.6
v 0.4 4.6 0.5
v 0.4 4.7 0.6
v 0.4 4.7 0.5
v 0.5 0.4 -0.4
v 0.5 0.4 -0.5
v 0.5 0.5 -0.4
v 0.5 0.5 -0.5
v 0.5 0.7 1.1
v 0.5 0.7 1
v 0.5 0.7 0.9
v 0.5 0.8 1.1
v 0.5 0.8 0.9
v 0.5 0.8 -1.2
v 0.5 0.8 -1.3
v 0.5 0.9 -1.2
v 0.5 0.9 -1.3
v 0.5 2.6 0.8
v 0.5 2.6 0.7
v 0.5 2.7 0.8
v 0.5 2.7 0.7
v 0.5 3.3 0.8
v 0.5 3.3 0.7
v 0.5 3.5 0.8
v 0.5 3.5 0.7
v 0.5 3.6 0.8
v 0.5 3.6 0.7
v 0.5 4.2 0.9
v 0.5 4.2 0.8
v 0.5 4.3 0.9
v 0.5 4.3 0.8
v 0.6 0.5 1.2
v 0.6 0.5 1.1
v 0.6 0.5 1
v 0.6 0.6 1.2
v 0.6 0.6 1.1
v 0.6 0.7 1.1
v 0.6 0.7 1
v 0.6 0.9 -1.2
v 0.6 0.9 -1.3
v 0.6 1 -1.2
v 0.6 1 -1.3
v 0.6 2.3 0.8
v 0.6 2.3 0.7
v 0.6 2.5 0.8
v 0.6 2.5 0.7
v 0.6 2.6 0.8
v 0.6 2.6 0.7
v 0.6 4.1 0.9
v 0.6 4.1 0.8
v 0.6 4.2 0.9
v 0.6 4.2 0.8
v 0.7 0 -0.4
v 0.7 0 -0.5
v 0.7 0.2 1.2
v 0.7 0.2 1.1
v 0.7 0.3 -0.4
v 0.7 0.3 -0.5
v 0.7 0.4 1.2
v 0.7 0.4 1.1
v 0.7 0.4 -0.4
v 0.7 0.4 -0.5
v 0.7 0.5 1.2
v 0.7 0.5 1.1
v 0.8 0 1.2
v 0.8 0 1.1
v 0.8 0.2 1.2
v 0.8 0.2 1.1
v -0.7 0 1.8
v -0.7 0.4 1.8
v -0.6 0 1.8
v -0.6 0.4 1.8
v 0.2 0.3 1.8
v 0.2 0.4 1.8
v 0.3 0 1.8
v 0.3 0.3 1.8
v 0.4 0 1.8
v 0.4 0.4 1.8
v -0.7 0.4 1.7
v -0.7 0.5 1.7
v -0.6 0.4 1.7
v -0.6 0.5 1.7
v -0.7 0.5 1.6
v -0.7 0.6 1.6
v -0.7 0.8 1.6
v -0.6 0.5 1.6
v -0.6 0.6 1.6
v -0.6 0.8 1.6
v 1.19209e-07 0.7 1.6
v 1.19209e-07 0.8 1.6
v 0.1 0.4 1.6
v 0.1 0.5 1.6
v 0.1 0.7 1.6
v 0.2 0.4 1.6
v 0.2 0.5 1.6
v 0.2 0.8 1.6
v 0.3 0.4 1.6
v 0.3 0.5 1.6
v -1 3.7 1.5
v -1 3.8 1.5
v -0.9 3.7 1.5
v -0.9 3.8 1.5
v -0.9 3.9 1.5
v -0.8 3.8 1.5
v -0.8 3.9 1.5
v -0.7 4.1 1.5
v -0.7 4.4 1.5
v -0.6 4 1.5
v -0.6 4.1 1.5
v -0.5 3.9 1.5
v -0.5 4 1.5
v -0.5 4.1 1.5
v -0.5 4.4 1.5
v -0.2 3.9 1.5
v -0.2 4 1.5
v -0.2 4.1 1.5
v -0.2 4.4 1.5
v -0.0999999 0.8 1.5
v -0.0999999 0.9 1.5
v -0.0999999 4 1.5
v -0.0999999 4.1 1.5
v 1.19209e-07 0.8 1.5
v 1.19209e-07 4.1 1.5
v 1.19209e-07 4.4 1.5
v 0.1 0.8 1.5
v 0.1 0.9 1.5
v -0.8 3.8 1.4
v -0.8 3.9 1.4
v -0.7 0.8 1.4
v -0.7 0.9 1.4
v -0.7 3.8 1.4
v -0.7 3.9 1.4
v -0.7 4.1 1.4
v -0.6 0.8 1.4
v -0.6 0.9 1.4
v -0.6 3.8 1.4
v -0.6 3.9 1.4
v -0.6 4 1.4
v -0.6 4.1 1.4
v -0.6 4.4 1.4
v -0.6 4.5 1.4
v -0.5 3.9 1.4
v -0.5 4 1.4
v -0.5 4.4 1.4
v -0.2 0.9 1.4
v -0.2 1 1.4
v -0.2 1.1 1.4
v -0.2 3.9 1.4
v -0.2 4 1.4
v -0.2 4.4 1.4
v -0.0999999 0.9 1.4
v -0.0999999 1 1.4
v -0.0999999 1.1 1.4
v -0.0999999 1.2 1.4
v -0.0999999 3.8 1.4
v -0.0999999 3.9 1.4
v -0.0999999 4 1.4
v -0.0999999 4.1 1.4
v -0.0999999 4.4 1.4
v -0.0999999 4.5 1.4
v 1.19209e-07 0.9 1.4
v 1.19209e-07 1 1.4
v 1.19209e-07 1.1 1.4
v 1.19209e-07 1.2 1.4
v 1.19209e-07 3.9 1.4
v 1.19209e-07 4.1 1.4
v -0.8 3.9 1.3
v -0.8 4.4 1.3
v -0.7 0.9 1.3
v -0.7 1 1.3
v -0.7 3.8 1.3
v -0.7 3.9 1.3
v -0.7 4.4 1.3
v -0.7 4.5 1.3
v -0.6 0.9 1.3
v -0.6 1 1.3
v -0.6 2.8 1.3
v -0.6 2.9 1.3
v -0.6 3.7 1.3
v -0.6 3.8 1.3
v -0.6 3.9 1.3
v -0.6 4.4 1.3
v -0.6 4.5 1.3
v -0.6 4.6 1.3
v -0.5 0.8 1.3
v -0.5 0.9 1.3
v -0.5 1 1.3
v -0.5 1.1 1.3
v -0.5 2.8 1.3
v -0.5 2.9 1.3
v -0.4 1.1 1.3
v -0.4 1.2 1.3
v -0.3 0.8 1.3
v -0.3 0.9 1.3
v -0.3 1 1.3
v -0.3 1.2 1.3
v -0.3 1.3 1.3
v -0.2 0.9 1.3
v -0.2 1 1.3
v -0.2 1.1 1.3
v -0.2 1.2 1.3
v -0.2 1.3 1.3
v -0.0999999 1.1 1.3
v -0.0999999 1.2 1.3
v -0.0999999 3.8 1.3
v -0.0999999 3.9 1.3
v -0.0999999 4.4 1.3
v -0.0999999 4.5 1.3
v -0.0999999 4.6 1.3
v 1.19209e-07 1.2 1.3
v 1.19209e-07 1.3 1.3
v 1.19209e-07 3.8 1.3
v 1.19209e-07 3.9 1.3
v 1.19209e-07 4.4 1.3
v 1.19209e-07 4.5 1.3
v 0.1 3.7 1.3
v 0.1 3.8 1.3
v 0.1 3.9 1.3
v 0.1 4.4 1.3
v 0.2 3.6 1.3
v 0.2 3.7 1.3
v 0.2 3.8 1.3
v 0.3 3.6 1.3
v 0.3 3.7 1.3
v -0.9 4 1.2
v -0.9 4.3 1.2
v -0.8 4 1.2
v -0.8 4.3 1.2
v -0.8 4.4 1.2
v -0.8 4.5 1.2
v -0.7 0.7 1.2
v -0.7 0.8 1.2
v -0.7 2.4 1.2
v -0.7 2.5 1.2
v -0.7 3.7 1.2
v -0.7 3.8 1.2
v -0.7 4.4 1.2
v -0.7 4.5 1.2
v -0.7 4.6 1.2
v -0.6 0.8 1.2
v -0.6 1 1.2
v -0.6 1.1 1.2
v -0.6 1.2 1.2
v -0.6 1.4 1.2
v -0.6 1.7 1.2
v -0.6 2.5 1.2
v -0.6 2.8 1.2
v -0.6 2.9 1.2
v -0.6 3 1.2
v -0.6 3.7 1.2
v -0.6 3.8 1.2
v -0.6 4.5 1.2
v -0.6 4.6 1.2
v -0.5 0.7 1.2
v -0.5 0.8 1.2
v -0.5 0.9 1.2
v -0.5 1 1.2
v -0.5 1.1 1.2
v -0.5 1.2 1.2
v -0.5 1.3 1.2
v -0.5 1.4 1.2
v -0.5 1.5 1.2
v -0.5 1.7 1.2
v -0.5 1.8 1.2
v -0.5 1.9 1.2
v -0.5 2.8 1.2
v -0.5 2.9 1.2
v -0.5 3.6 1.2
v -0.5 3.7 1.2
v -0.5 4.6 1.2
v -0.5 4.7 1.2
v -0.4 1.1 1.2
v -0.4 1.2 1.2
v -0.4 1.8 1.2
v -0.4 1.9 1.2
v -0.4 2.4 1.2
v -0.4 2.5 1.2
v -0.4 3 1.2
v -0.4 3.1 1.2
v -0.3 0.8 1.2
v -0.3 0.9 1.2
v -0.3 1 1.2
v -0.3 1.2 1.2
v -0.3 1.3 1.2
v -0.3 1.4 1.2
v -0.3 1.5 1.2
v -0.3 1.6 1.2
v -0.3 3.1 1.2
v -0.3 3.2 1.2
v -0.2 1.3 1.2
v -0.2 1.4 1.2
v -0.2 1.6 1.2
v -0.2 1.7 1.2
v -0.2 1.9 1.2
v -0.2 2.5 1.2
v -0.2 2.6 1.2
v -0.2 3.6 1.2
v -0.2 3.7 1.2
v -0.2 4.6 1.2
v -0.2 4.7 1.2
v -0.0999999 0.8 1.2
v -0.0999999 0.9 1.2
v -0.0999999 1.1 1.2
v -0.0999999 1.3 1.2
v -0.0999999 1.4 1.2
v -0.0999999 1.7 1.2
v -0.0999999 2.6 1.2
v -0.0999999 3.1 1.2
v -0.0999999 4.5 1.2
v -0.0999999 4.6 1.2
v 1.19209e-07 0.9 1.2
v 1.19209e-07 1 1.2
v 1.19209e-07 1.1 1.2
v 1.19209e-07 1.2 1.2
v 1.19209e-07 1.3 1.2
v 1.19209e-07 3.1 1.2
v 1.19209e-07 3.2 1.2
v 1.19209e-07 3.8 1.2
v 1.19209e-07 3.9 1.2
v 1.19209e-07 4.4 1.2
v 1.19209e-07 4.5 1.2
v 1.19209e-07 4.6 1.2
v 0.1 1 1.2
v 0.1 1.2 1.2
v 0.1 1.3 1.2
v 0.1 1.4 1.2
v 0.1 3.8 1.2
v 0.1 3.9 1.2
v 0.1 4 1.2
v 0.1 4.3 1.2
v 0.1 4.4 1.2
v 0.1 4.5 1.2
v 0.2 4 1.2
v 0.2 4.3 1.2
v 0.5 0.4 1.2
v 0.5 0.6 1.2
v 0.6 0.1 1.2
v 0.6 0.4 1.2
v 0.6 0.5 1.2
v 0.6 0.6 1.2
v 0.7 0 1.2
v 0.7 0.1 1.2
v 0.7 0.2 1.2
v 0.7 0.4 1.2
v 0.7 0.5 1.2
v 0.8 0 1.2
v 0.8 0.2 1.2
v -0.9 3.9 1.1
v -0.9 4 1.1
v -0.9 4.3 1.1
v -0.9 4.4 1.1
v -0.8 0.7 1.1
v -0.8 1 1.1
v -0.8 2.3 1.1
v -0.8 2.4 1.1
v -0.8 3.9 1.1
v -0.8 4 1.1
v -0.8 4.3 1.1
v -0.8 4.4 1.1
v -0.7 0.7 1.1
v -0.7 0.8 1.1
v -0.7 0.9 1.1
v -0.7 1 1.1
v -0.7 1.4 1.1
v -0.7 1.5 1.1
v -0.7 1.9 1.1
v -0.7 2.4 1.1
v -0.7 2.5 1.1
v -0.7 2.9 1.1
v -0.6 0.8 1.1
v -0.6 0.9 1.1
v -0.6 1 1.1
v -0.6 1.1 1.1
v -0.6 1.2 1.1
v -0.6 1.4 1.1
v -0.6 1.5 1.1
v -0.6 1.7 1.1
v -0.6 1.9 1.1
v -0.6 2.1 1.1
v -0.6 2.3 1.1
v -0.6 2.4 1.1
v -0.6 2.5 1.1
v -0.6 2.9 1.1
v -0.6 3 1.1
v -0.6 3.2 1.1
v -0.6 3.6 1.1
v -0.6 3.7 1.1
v -0.6 4.6 1.1
v -0.6 4.7 1.1
v -0.5 0.6 1.1
v -0.5 0.7 1.1
v -0.5 0.8 1.1
v -0.5 1.1 1.1
v -0.5 1.2 1.1
v -0.5 1.7 1.1
v -0.5 1.8 1.1
v -0.5 1.9 1.1
v -0.5 2.1 1.1
v -0.5 2.2 1.1
v -0.5 2.4 1.1
v -0.5 3 1.1
v -0.5 3.2 1.1
v -0.5 3.4 1.1
v -0.5 3.5 1.1
v -0.5 3.6 1.1
v -0.5 3.7 1.1
v -0.5 4.6 1.1
v -0.5 4.7 1.1
v -0.4 0.6 1.1
v -0.4 0.7 1.1
v -0.4 1.9 1.1
v -0.4 2.2 1.1
v -0.4 2.3 1.1
v -0.4 2.4 1.1
v -0.4 2.5 1.1
v -0.4 3 1.1
v -0.4 3.1 1.1
v -0.4 3.4 1.1
v -0.4 3.5 1.1
v -0.3 1.9 1.1
v -0.3 2 1.1
v -0.3 2.3 1.1
v -0.3 2.4 1.1
v -0.3 2.5 1.1
v -0.3 3.1 1.1
v -0.3 3.2 1.1
v -0.3 3.3 1.1
v -0.3 3.4 1.1
v -0.2 0.7 1.1
v -0.2 0.8 1.1
v -0.2 1.7 1.1
v -0.2 1.9 1.1
v -0.2 2.1 1.1
v -0.2 2.4 1.1
v -0.2 2.5 1.1
v -0.2 2.6 1.1
v -0.2 3.2 1.1
v -0.2 3.3 1.1
v -0.2 3.4 1.1
v -0.2 3.6 1.1
v -0.2 3.7 1.1
v -0.2 4.6 1.1
v -0.2 4.7 1.1
v -0.0999999 1.4 1.1
v -0.0999999 1.5 1.1
v -0.0999999 1.6 1.1
v -0.0999999 1.7 1.1
v -0.0999999 1.9 1.1
v -0.0999999 2 1.1
v -0.0999999 2.1 1.1
v -0.0999999 2.4 1.1
v -0.0999999 2.6 1.1
v -0.0999999 2.7 1.1
v -0.0999999 3.1 1.1
v -0.0999999 3.2 1.1
v -0.0999999 3.3 1.1
v -0.0999999 3.6 1.1
v -0.0999999 3.7 1.1
v -0.0999999 4.6 1.1
v -0.0999999 4.7 1.1
v -0.0999999 4.9 1.1
v -0.0999999 5 1.1
v -0.0999999 5.1 1.1
v 1.19209e-07 1.2 1.1
v 1.19209e-07 1.3 1.1
v 1.19209e-07 1.4 1.1
v 1.19209e-07 1.5 1.1
v 1.19209e-07 1.6 1.1
v 1.19209e-07 1.7 1.1
v 1.19209e-07 1.9 1.1
v 1.19209e-07 2.7 1.1
v 1.19209e-07 3.1 1.1
v 1.19209e-07 3.2 1.1
v 1.19209e-07 3.3 1.1
v 1.19209e-07 4.9 1.1
v 1.19209e-07 5 1.1
v 1.19209e-07 5.1 1.1
v 0.1 1.1 1.1
v 0.1 1.2 1.1
v 0.1 1.3 1.1
v 0.1 1.4 1.1
v 0.1 3.9 1.1
v 0.1 4 1.1
v 0.1 4.3 1.1
v 0.1 4.4 1.1
v 0.2 1.1 1.1
v 0.2 1.5 1.1
v 0.2 3.9 1.1
v 0.2 4 1.1
v 0.2 4.3 1.1
v 0.2 4.4 1.1
v 0.4 0.6 1.1
v 0.4 0.8 1.1
v 0.5 0.6 1.1
v 0.5 0.7 1.1
v 0.5 0.8 1.1
v 0.6 0.6 1.1
v 0.6 0.7 1.1
v -1.6 0 1
v -1.6 0.1 1
v -1.5 0.1 1
v -1.5 0.2 1
v -1.4 0 1
v -1.4 0.2 1
v -1.2 4.1 1
v -1.2 4.2 1
v -1.1 4.1 1
v -1.1 4.2 1
v -1.1 4.3 1
v -1 4.2 1
v -1 4.3 1
v -0.9 1.2 1
v -0.9 1.3 1
v -0.9 1.4 1
v -0.9 1.6 1
v -0.9 1.7 1
v -0.9 2.4 1
v -0.9 2.8 1
v -0.9 4.2 1
v -0.9 4.3 1
v -0.8 1 1
v -0.8 1.2 1
v -0.8 1.3 1
v -0.8 1.4 1
v -0.8 1.6 1
v -0.8 1.7 1
v -0.8 1.8 1
v -0.8 1.9 1
v -0.8 2.1 1
v -0.8 2.2 1
v -0.8 2.3 1
v -0.8 2.4 1
v -0.8 2.8 1
v -0.8 2.9 1
v -0.7 1 1
v -0.7 1.4 1
v -0.7 1.5 1
v -0.7 1.8 1
v -0.7 1.9 1
v -0.7 2 1
v -0.7 2.1 1
v -0.7 2.2 1
v -0.7 2.3 1
v -0.7 2.4 1
v -0.7 2.9 1
v -0.7 3.3 1
v -0.7 3.4 1
v -0.6 0.6 1
v -0.6 0.7 1
v -0.6 1.9 1
v -0.6 2 1
v -0.6 2.1 1
v -0.6 2.2 1
v -0.6 2.3 1
v -0.6 2.4 1
v -0.6 2.9 1
v -0.6 3 1
v -0.6 3.2 1
v -0.6 3.3 1
v -0.6 3.4 1
v -0.6 3.5 1
v -0.6 3.6 1
v -0.5 0.5 1
v -0.5 0.6 1
v -0.5 0.7 1
v -0.5 2.1 1
v -0.5 2.2 1
v -0.5 2.3 1
v -0.5 2.4 1
v -0.5 3.2 1
v -0.5 3.4 1
v -0.5 3.5 1
v -0.4 0.6 1
v -0.4 0.7 1
v -0.4 3.4 1
v -0.4 3.5 1
v -0.4 3.6 1
v -0.3 3.4 1
v -0.3 3.5 1
v -0.3 3.6 1
v -0.2 0.5 1
v -0.2 0.7 1
v -0.2 0.8 1
v -0.2 2.1 1
v -0.2 2.4 1
v -0.2 3.2 1
v -0.2 3.3 1
v -0.2 3.4 1
v -0.2 3.6 1
v -0.2 4.7 1
v -0.2 4.9 1
v -0.0999999 0.8 1
v -0.0999999 0.9 1
v -0.0999999 1.9 1
v -0.0999999 2 1
v -0.0999999 2.1 1
v -0.0999999 2.4 1
v -0.0999999 2.6 1
v -0.0999999 2.7 1
v -0.0999999 3.2 1
v -0.0999999 3.3 1
v -0.0999999 3.4 1
v -0.0999999 3.6 1
v -0.0999999 4.7 1
v -0.0999999 4.8 1
v -0.0999999 4.9 1
v 1.19209e-07 0.7 1
v 1.19209e-07 0.8 1
v 1.19209e-07 0.9 1
v 1.19209e-07 1 1
v 1.19209e-07 1.5 1
v 1.19209e-07 1.6 1
v 1.19209e-07 1.7 1
v 1.19209e-07 1.9 1
v 1.19209e-07 2.1 1
v 1.19209e-07 2.6 1
v 1.19209e-07 2.7 1
v 1.19209e-07 2.9 1
v 1.19209e-07 3.3 1
v 1.19209e-07 3.4 1
v 1.19209e-07 4.8 1
v 1.19209e-07 4.9 1
v 0.1 0.8 1
v 0.1 0.9 1
v 0.1 1 1
v 0.1 1.6 1
v 0.1 1.7 1
v 0.1 2.1 1
v 0.1 3.2 1
v 0.1 3.4 1
v 0.2 1.2 1
v 0.2 1.5 1
v 0.2 1.6 1
v 0.2 1.7 1
v 0.2 2.9 1
v 0.2 3.2 1
v 0.3 0.7 1
v 0.3 0.9 1
v 0.3 1.2 1
v 0.3 1.4 1
v 0.3 1.5 1
v 0.3 1.6 1
v 0.4 0.7 1
v 0.4 0.8 1
v 0.4 1 1
v 0.4 1.4 1
v 0.4 1.5 1
v -1.5 0.2 0.9
v -1.5 0.4 0.9
v -1.4 0.2 0.9
v -1.4 0.3 0.9
v -1.4 0.4 0.9
v -1.4 0.5 0.9
v -1.4 0.6 0.9
v -1.3 0.3 0.9
v -1.3 0.5 0.9
v -1.3 0.6 0.9
v -1 2.2 0.9
v -1 2.3 0.9
v -1 2.4 0.9
v -1 2.7 0.9
v -1 2.8 0.9
v -0.9 0.7 0.9
v -0.9 0.9 0.9
v -0.9 1 0.9
v -0.9 1.2 0.9
v -0.9 1.7 0.9
v -0.9 1.8 0.9
v -0.9 1.9 0.9
v -0.9 2.3 0.9
v -0.9 2.4 0.9
v -0.9 2.7 0.9
v -0.9 2.8 0.9
v -0.9 2.9 0.9
v -0.9 3.2 0.9
v -0.8 0.6 0.9
v -0.8 0.7 0.9
v -0.8 0.8 0.9
v -0.8 0.9 0.9
v -0.8 1 0.9
v -0.8 1.2 0.9
v -0.8 1.7 0.9
v -0.8 1.8 0.9
v -0.8 1.9 0.9
v -0.8 2.1 0.9
v -0.8 2.2 0.9
v -0.8 2.4 0.9
v -0.8 2.8 0.9
v -0.8 2.9 0.9
v -0.8 3.1 0.9
v -0.8 3.2 0.9
v -0.8 3.6 0.9
v -0.7 0.7 0.9
v -0.7 2.1 0.9
v -0.7 2.2 0.9
v -0.7 2.9 0.9
v -0.7 3.1 0.9
v -0.7 3.3 0.9
v -0.7 3.4 0.9
v -0.7 3.6 0.9
v -0.7 3.7 0.9
v -0.6 0.3 0.9
v -0.6 0.6 0.9
v -0.6 0.7 0.9
v -0.6 3.4 0.9
v -0.6 3.5 0.9
v -0.6 3.7 0.9
v -0.5 0.2 0.9
v -0.5 0.3 0.9
v -0.5 0.5 0.9
v -0.5 0.6 0.9
v -0.3 0.3 0.9
v -0.3 0.4 0.9
v -0.2 0.2 0.9
v -0.2 0.3 0.9
v -0.2 0.4 0.9
v -0.2 0.5 0.9
v -0.2 0.7 0.9
v -0.0999999 0.3 0.9
v -0.0999999 0.5 0.9
v -0.0999999 0.7 0.9
v -0.0999999 3.4 0.9
v -0.0999999 3.5 0.9
v -0.0999999 3.6 0.9
v -0.0999999 3.7 0.9
v 1.19209e-07 2.1 0.9
v 1.19209e-07 2.6 0.9
v 1.19209e-07 2.7 0.9
v 1.19209e-07 2.9 0.9
v 1.19209e-07 3.4 0.9
v 1.19209e-07 3.5 0.9
v 1.19209e-07 3.6 0.9
v 1.19209e-07 3.7 0.9
v 0.1 1 0.9
v 0.1 1.1 0.9
v 0.1 1.7 0.9
v 0.1 1.8 0.9
v 0.1 1.9 0.9
v 0.1 2.1 0.9
v 0.1 2.4 0.9
v 0.1 3.2 0.9
v 0.1 3.4 0.9
v 0.1 3.5 0.9
v 0.1 3.6 0.9
v 0.2 1 0.9
v 0.2 1.1 0.9
v 0.2 1.7 0.9
v 0.2 1.8 0.9
v 0.2 1.9 0.9
v 0.2 2.4 0.9
v 0.2 2.7 0.9
v 0.2 2.9 0.9
v 0.2 3.1 0.9
v 0.2 3.2 0.9
v 0.2 3.5 0.9
v 0.2 4.2 0.9
v 0.2 4.3 0.9
v 0.3 1.5 0.9
v 0.3 1.6 0.9
v 0.3 3.1 0.9
v 0.3 3.2 0.9
v 0.4 1.5 0.9
v 0.4 1.6 0.9
v 0.4 4.2 0.9
v 0.4 4.3 0.9
v 0.5 4.1 0.9
v 0.5 4.2 0.9
v 0.5 4.3 0.9
v 0.6 4.1 0.9
v 0.6 4.2 0.9
v -1.4 0.6 0.8
v -1.4 0.7 0.8
v -1.4 0.8 0.8
v -1.4 2.2 0.8
v -1.4 2.4 0.8
v -1.3 0.6 0.8
v -1.3 0.7 0.8
v -1.3 0.8 0.8
v -1.3 0.9 0.8
v -1.3 2.2 0.8
v -1.3 2.3 0.8
v -1.3 2.4 0.8
v -1.3 2.5 0.8
v -1.3 3.2 0.8
v -1.3 3.3 0.8
v -1.2 0.7 0.8
v -1.2 0.8 0.8
v -1.2 0.9 0.8
v -1.2 1 0.8
v -1.2 2.3 0.8
v -1.2 2.4 0.8
v -1.2 2.5 0.8
v -1.2 2.6 0.8
v -1.2 3.3 0.8
v -1.2 3.4 0.8
v -1.1 0.8 0.8
v -1.1 1 0.8
v -1.1 2.4 0.8
v -1.1 2.5 0.8
v -1.1 2.6 0.8
v -1.1 3.2 0.8
v -1.1 3.3 0.8
v -1.1 3.4 0.8
v -1 2.1 0.8
v -1 2.2 0.8
v -1 2.3 0.8
v -1 2.4 0.8
v -1 2.5 0.8
v -1 2.6 0.8
v -0.9 2.1 0.8
v -0.9 2.2 0.8
v -0.9 2.3 0.8
v -0.9 2.4 0.8
v -0.9 3.2 0.8
v -0.9 3.4 0.8
v -0.8 2.1 0.8
v -0.8 2.2 0.8
v -0.8 3.2 0.8
v -0.8 3.4 0.8
v -0.8 4.7 0.8
v -0.8 4.9 0.8
v -0.7 4.6 0.8
v -0.7 4.7 0.8
v -0.7 4.8 0.8
v -0.7 4.9 0.8
v -0.6 4.6 0.8
v -0.6 4.7 0.8
v -0.6 4.8 0.8
v 1.19209e-07 3.7 0.8
v 1.19209e-07 3.8 0.8
v 0.1 2.1 0.8
v 0.1 2.2 0.8
v 0.1 2.4 0.8
v 0.1 3.6 0.8
v 0.1 3.7 0.8
v 0.1 3.8 0.8
v 0.2 1.6 0.8
v 0.2 1.7 0.8
v 0.2 2.1 0.8
v 0.2 2.2 0.8
v 0.2 2.4 0.8
v 0.2 2.6 0.8
v 0.2 2.7 0.8
v 0.2 3.2 0.8
v 0.2 3.4 0.8
v 0.2 3.5 0.8
v 0.2 3.6 0.8
v 0.2 3.7 0.8
v 0.2 3.8 0.8
v 0.3 2.6 0.8
v 0.3 2.7 0.8
v 0.3 3.2 0.8
v 0.3 3.4 0.8
v 0.3 3.6 0.8
v 0.3 3.7 0.8
v 0.4 1.6 0.8
v 0.4 1.7 0.8
v 0.4 2.5 0.8
v 0.4 2.6 0.8
v 0.4 2.7 0.8
v 0.4 3.3 0.8
v 0.4 3.5 0.8
v 0.4 3.6 0.8
v 0.5 2.3 0.8
v 0.5 2.5 0.8
v 0.5 2.6 0.8
v 0.5 2.7 0.8
v 0.5 3.3 0.8
v 0.5 3.5 0.8
v 0.5 3.6 0.8
v 0.6 2.3 0.8
v 0.6 2.5 0.8
v 0.6 2.6 0.8
v -1.1 0.9 0.7
v -1.1 1 0.7
v -1.1 2.2 0.7
v -1.1 2.3 0.7
v -1.1 3.4 0.7
v -1.1 3.5 0.7
v -1 2.2 0.7
v -1 2.3 0.7
v -1 3.4 0.7
v -1 3.5 0.7
v -1 3.6 0.7
v -0.9 0.9 0.7
v -0.9 1 0.7
v -0.9 3.4 0.7
v -0.9 3.5 0.7
v -0.9 4.8 0.7
v -0.9 5 0.7
v -0.8 0.7 0.7
v -0.8 0.8 0.7
v -0.8 0.9 0.7
v -0.8 1 0.7
v -0.8 3.5 0.7
v -0.8 3.6 0.7
v -0.8 4.8 0.7
v -0.8 4.9 0.7
v -0.8 5 0.7
v -0.7 0.2 0.7
v -0.7 0.6 0.7
v -0.7 0.7 0.7
v -0.7 0.8 0.7
v -0.6 0.3 0.7
v -0.6 0.6 0.7
v -0.5 0.2 0.7
v -0.5 0.3 0.7
v -0.2 0.2 0.7
v -0.2 0.3 0.7
v -0.0999999 0.2 0.7
v -0.0999999 0.3 0.7
v -0.0999999 0.5 0.7
v -0.0999999 0.7 0.7
v 1.19209e-07 0.2 0.7
v 1.19209e-07 0.3 0.7
v 1.19209e-07 0.5 0.7
v 1.19209e-07 0.7 0.7
v 0.1 4.3 0.7
v 0.1 4.4 0.7
v 0.2 1.7 0.7
v 0.2 1.9 0.7
v 0.2 4.3 0.7
v 0.2 4.4 0.7
v 0.2 4.5 0.7
v 0.3 1.7 0.7
v 0.3 1.9 0.7
v 0.3 4.3 0.7
v 0.3 4.5 0.7
v -1 0.8 0.6
v -1 0.9 0.6
v -0.9 0.6 0.6
v -0.9 0.7 0.6
v -0.9 0.8 0.6
v -0.9 0.9 0.6
v -0.8 0.2 0.6
v -0.8 0.6 0.6
v -0.8 0.7 0.6
v -0.7 0.2 0.6
v -0.7 0.6 0.6
v -0.6 0.1 0.6
v -0.6 0.2 0.6
v -0.2 0.1 0.6
v -0.2 0.2 0.6
v -0.0999999 0.1 0.6
v -0.0999999 0.2 0.6
v 1.19209e-07 0.2 0.6
v 1.19209e-07 0.3 0.6
v 1.19209e-07 0.5 0.6
v 1.19209e-07 0.7 0.6
v 0.1 0.2 0.6
v 0.1 0.7 0.6
v 0.1 3.5 0.6
v 0.1 3.6 0.6
v 0.2 3.5 0.6
v 0.2 3.6 0.6
v 0.2 4.5 0.6
v 0.2 4.6 0.6
v 0.3 4.5 0.6
v 0.3 4.6 0.6
v 0.3 4.7 0.6
v 0.4 4.5 0.6
v 0.4 4.6 0.6
v 0.4 4.7 0.6
v -0.9 2 0.5
v -0.9 2.1 0.5
v -0.8 2 0.5
v -0.8 2.1 0.5
v -0.9 0.3 0.4
v -0.9 0.6 0.4
v -0.8 0.3 0.4
v -0.8 0.6 0.4
v -0.8 0.7 0.4
v -0.8 0.8 0.4
v -0.7 0.1 0.4
v -0.7 0.2 0.4
v -0.7 0.7 0.4
v -0.7 0.8 0.4
v -0.6 0.1 0.4
v -0.6 0.2 0.4
v -0.6 0.7 0.4
v -0.6 0.8 0.4
v -0.5 0 0.4
v -0.5 0.1 0.4
v -0.4 0 0.4
v -0.4 0.1 0.4
v -0.2 0 0.4
v -0.2 0.1 0.4
v -0.0999999 0.1 0.4
v -0.0999999 0.2 0.4
v -0.0999999 0.7 0.4
v -0.0999999 0.8 0.4
v 1.19209e-07 0.1 0.4
v 1.19209e-07 0.2 0.4
v 1.19209e-07 0.7 0.4
v 1.19209e-07 0.8 0.4
v 0.1 0.3 0.4
v 0.1 0.5 0.4
v 0.1 0.6 0.4
v 0.2 0.3 0.4
v 0.2 0.5 0.4
v 0.2 0.6 0.4
v -0.9 0.2 0.3
v -0.9 0.3 0.3
v -0.9 0.6 0.3
v -0.9 0.7 0.3
v -0.8 0.2 0.3
v -0.8 0.3 0.3
v -0.8 0.6 0.3
v -0.8 0.7 0.3
v -0.6 0 0.3
v -0.6 0.1 0.3
v -0.6 0.8 0.3
v -0.6 0.9 0.3
v -0.5 0 0.3
v -0.5 0.1 0.3
v -0.5 0.8 0.3
v -0.5 0.9 0.3
v -0.2 0 0.3
v -0.2 0.1 0.3
v -0.2 0.8 0.3
v -0.2 0.9 0.3
v -0.0999999 0 0.3
v -0.0999999 0.1 0.3
v -0.0999999 0.8 0.3
v -0.0999999 0.9 0.3
v 0.1 0.2 0.3
v 0.1 0.3 0.3
v 0.1 0.6 0.3
v 0.1 0.7 0.3
v 0.2 0.2 0.3
v 0.2 0.3 0.3
v 0.2 0.6 0.3
v 0.2 0.7 0.3
v -1.5 0 0.2
v -1.5 0.2 0.2
v -1.4 0 0.2
v -1.4 0.2 0.2
v -1.4 0.3 0.2
v -1.3 0.2 0.2
v -1.3 0.3 0.2
v -1.3 0.4 0.2
v -1.1 0.3 0.2
v -1.1 0.4 0.2
v -1.1 0.6 0.2
v -1 0.4 0.2
v -1 0.5 0.2
v -1 0.6 0.2
v -0.9 0.5 0.2
v -0.9 0.6 0.2
v -0.7 0.8 -0.3
v -0.7 0.9 -0.3
v -0.6 0.8 -0.3
v -0.6 0.9 -0.3
v -0.2 0.8 -0.3
v -0.2 0.9 -0.3
v -0.0999999 0.8 -0.3
v -0.0999999 0.9 -0.3
v -0.8 0.7 -0.4
v -0.8 0.8 -0.4
v -0.7 0.7 -0.4
v -0.7 0.8 -0.4
v -0.6 0.9 -0.4
v -0.6 1 -0.4
v -0.0999999 0.8 -0.4
v -0.0999999 0.9 -0.4
v -0.0999999 1 -0.4
v 1.19209e-07 0.7 -0.4
v 1.19209e-07 0.8 -0.4
v 1.19209e-07 0.9 -0.4
v 0.1 0.5 -0.4
v 0.1 0.6 -0.4
v 0.1 0.7 -0.4
v 0.1 0.8 -0.4
v 0.2 0.4 -0.4
v 0.2 0.5 -0.4
v 0.3 0.5 -0.4
v 0.3 0.6 -0.4
v 0.4 0.3 -0.4
v 0.4 0.4 -0.4
v 0.4 0.5 -0.4
v 0.5 0.4 -0.4
v 0.5 0.5 -0.4
v 0.6 0 -0.4
v 0.6 0.3 -0.4
v 0.6 0.4 -0.4
v 0.7 0 -0.4
v 0.7 0.3 -0.4
v 0.7 0.4 -0.4
v -0.9 0.5 -0.5
v -0.9 0.7 -0.5
v -0.8 0.5 -0.5
v -0.8 0.7 -0.5
v -0.8 0.8 -0.5
v -0.8 0.9 -0.5
v -0.7 0.8 -0.5
v -0.7 0.9 -0.5
v -0.7 1 -0.5
v -0.6 0.9 -0.5
v -0.6 1 -0.5
v -0.5 1 -0.5
v -0.5 1.1 -0.5
v -0.2 1 -0.5
v -0.2 1.1 -0.5
v -0.0999999 0.9 -0.5
v -0.0999999 1 -0.5
v 1.19209e-07 0.8 -0.5
v 1.19209e-07 0.9 -0.5
v 1.19209e-07 1 -0.5
v 0.1 0.3 -0.5
v 0.1 0.5 -0.5
v 0.1 0.6 -0.5
v 0.1 0.7 -0.5
v 0.1 0.8 -0.5
v 0.1 0.9 -0.5
v 0.2 0.3 -0.5
v 0.2 0.4 -0.5
v 0.2 0.5 -0.5
v 0.2 0.6 -0.5
v 0.2 0.7 -0.5
v -0.9 0.4 -0.6
v -0.9 0.5 -0.6
v -0.9 0.7 -0.6
v -0.9 0.8 -0.6
v -0.8 0.4 -0.6
v -0.8 0.5 -0.6
v -0.8 0.7 -0.6
v -0.8 0.8 -0.6
v -0.6 0.1 -0.6
v -0.6 0.2 -0.6
v -0.6 1 -0.6
v -0.6 1.1 -0.6
v -0.5 0.1 -0.6
v -0.5 0.2 -0.6
v -0.5 1 -0.6
v -0.5 1.1 -0.6
v -0.2 0.1 -0.6
v -0.2 0.2 -0.6
v -0.2 1 -0.6
v -0.2 1.1 -0.6
v -0.0999999 0.1 -0.6
v -0.0999999 0.2 -0.6
v -0.0999999 1 -0.6
v -0.0999999 1.1 -0.6
v 0.1 0.7 -0.6
v 0.1 0.8 -0.6
v 0.2 0.7 -0.6
v 0.2 0.8 -0.6
v -1.1 0.5 -0.7
v -1.1 0.6 -0.7
v -0.9 0.5 -0.7
v -0.9 0.6 -0.7
v -1.1 0.4 -0.8
v -1.1 0.5 -0.8
v -1 0.4 -0.8
v -1 0.5 -0.8
v -0.8 0.9 -0.8
v -0.8 1 -0.8
v -0.7 0.9 -0.8
v -0.7 1 -0.8
v 1.19209e-07 0.9 -0.8
v 1.19209e-07 1 -0.8
v 0.1 0.9 -0.8
v 0.1 1 -0.8
v -1.3 0.2 -0.9
v -1.3 0.3 -0.9
v -1.3 0.4 -0.9
v -1.2 0.2 -0.9
v -1.2 0.3 -0.9
v -1.2 0.4 -0.9
v -1.2 0.5 -0.9
v -1.1 0.3 -0.9
v -1.1 0.4 -0.9
v -1.1 0.5 -0.9
v 0.1 0.8 -0.9
v 0.1 0.9 -0.9
v 0.2 0.8 -0.9
v 0.2 0.9 -0.9
v -1.4 0 -1
v -1.4 0.2 -1
v -1.3 0 -1
v -1.3 0.1 -1
v -1.3 0.2 -1
v -1.2 0.1 -1
v -1.2 0.2 -1
v -0.9 0.8 -1
v -0.9 0.9 -1
v -0.8 0.8 -1
v -0.8 0.9 -1
v -0.6 0.4 -1
v -0.6 0.5 -1
v -0.6 1 -1
v -0.6 1.1 -1
v -0.5 0.4 -1
v -0.5 0.5 -1
v -0.5 1 -1
v -0.5 1.1 -1
v 0.2 0.8 -1.1
v 0.2 0.9 -1.1
v 0.3 0.8 -1.1
v 0.3 0.9 -1.1
v 0.4 0.8 -1.1
v 0.4 0.9 -1.1
v 0.4 0.8 -1.2
v 0.4 0.9 -1.2
v 0.5 0.8 -1.2
v 0.5 0.9 -1.2
v 0.5 1 -1.2
v 0.6 0.9 -1.2
v 0.6 1 -1.2
v -1 1 -1.3
v -1 1.1 -1.3
v -1 1.2 -1.3
v -0.9 0.9 -1.3
v -0.9 1 -1.3
v -0.9 1.1 -1.3
v -0.9 1.2 -1.3
v -0.8 0.9 -1.3
v -0.8 1 -1.3
v -0.8 1.1 -1.3
v -1.1 1.2 -1.4
v -1.1 1.4 -1.4
v -1 1.2 -1.4
v -1 1.3 -1.4
v -1 1.4 -1.4
v -0.9 1.2 -1.4
v -0.9 1.3 -1.4
v -0.4 1.1 -1.4
v -0.4 1.2 -1.4
v -0.3 1.1 -1.4
v -0.3 1.2 -1.4
v -0.2 1 -1.4
v -0.2 1.1 -1.4
v -0.2 1.3 -1.4
v -0.0999999 1 -1.4
v -0.0999999 1.2 -1.4
v -0.0999999 1.3 -1.4
v 1.19209e-07 1.2 -1.4
v 1.19209e-07 1.3 -1.4
v -0.4 1.2 -1.5
v -0.4 1.4 -1.5
v -0.3 1.2 -1.5
v -0.3 1.4 -1.5
v -0.0999999 1.3 -1.5
v -0.0999999 1.4 -1.5
v 1.19209e-07 1.3 -1.5
v 0.1 1.3 -1.5
v 0.1 1.4 -1.5
v -0.4 1.4 -1.6
v -0.4 1.5 -1.6
v -0.3 1.4 -1.6
v -0.3 1.5 -1.6
v -0.7 0 1.7
v -0.7 0.3 1.7
v -0.6 0 1.7
v -0.6 0.3 1.7
v 0.3 0 1.7
v 0.3 0.3 1.7
v 0.3 0.4 1.7
v 0.4 0 1.7
v 0.4 0.4 1.7
v -0.7 0.3 1.6
v -0.7 0.4 1.6
v -0.6 0.3 1.6
v -0.6 0.4 1.6
v -0.7 0.4 1.5
v -0.7 0.5 1.5
v -0.7 0.6 1.5
v -0.7 0.7 1.5
v -0.6 0.4 1.5
v -0.6 0.5 1.5
v -0.6 0.6 1.5
v -0.6 0.7 1.5
v 0.1 0.4 1.5
v 0.1 0.5 1.5
v 0.1 0.7 1.5
v 0.1 0.8 1.5
v 0.2 0.3 1.5
v 0.2 0.4 1.5
v 0.2 0.5 1.5
v 0.2 0.8 1.5
v 0.3 0.3 1.5
v 0.3 0.5 1.5
v -1 3.7 1.4
v -1 3.8 1.4
v -0.9 3.7 1.4
v -0.9 3.8 1.4
v 1.19209e-07 0.7 1.4
v 1.19209e-07 0.8 1.4
v 1.19209e-07 0.9 1.4
v 0.1 0.7 1.4
v 0.1 0.9 1.4
v -0.9 3.8 1.3
v -0.9 3.9 1.3
v -0.8 3.8 1.3
v -0.8 3.9 1.3
v -0.7 0.7 1.3
v -0.7 0.8 1.3
v -0.6 0.7 1.3
v -0.6 0.8 1.3
v -0.0999999 0.8 1.3
v -0.0999999 0.9 1.3
v -0.0999999 1 1.3
v 1.19209e-07 0.8 1.3
v 1.19209e-07 1 1.3
v -0.7 0.8 1.2
v -0.7 0.9 1.2
v -0.6 0.8 1.2
v -0.6 0.9 1.2
v 1.19209e-07 3.7 1.2
v 1.19209e-07 3.8 1.2
v 0.1 3.7 1.2
v 0.1 3.8 1.2
v 0.2 3.6 1.2
v 0.2 3.7 1.2
v 0.2 3.8 1.2
v 0.3 3.6 1.2
v 0.3 3.7 1.2
v 0.5 0.4 1.1
v 0.5 0.5 1.1
v 0.6 0.1 1.1
v 0.6 0.4 1.1
v 0.6 0.5 1.1
v 0.7 0 1.1
v 0.7 0.1 1.1
v 0.7 0.2 1.1
v 0.7 0.4 1.1
v 0.7 0.5 1.1
v 0.8 0 1.1
v 0.8 0.2 1.1
v -0.0999999 5 1
v -0.0999999 5.1 1
v 1.19209e-07 5 1
v 1.19209e-07 5.1 1
v 0.4 0.6 1
v 0.4 0.7 1
v 0.5 0.5 1
v 0.5 0.6 1
v 0.5 0.7 1
v 0.6 0.5 1
v 0.6 0.7 1
v -1.6 0 0.9
v -1.6 0.1 0.9
v -1.5 0.1 0.9
v -1.4 0 0.9
v -1.4 0.1 0.9
v -1.2 4.1 0.9
v -1.2 4.2 0.9
v -1.1 4.1 0.9
v -1.1 4.2 0.9
v -1.1 4.3 0.9
v -1 4.2 0.9
v -1 4.3 0.9
v -0.9 4.2 0.9
v -0.9 4.3 0.9
v -0.2 4.8 0.9
v -0.2 4.9 0.9
v -0.0999999 4.8 0.9
v -0.0999999 4.9 0.9
v -0.0999999 5 0.9
v 1.19209e-07 4.8 0.9
v 1.19209e-07 5 0.9
v 0.1 0.9 0.9
v 0.1 1 0.9
v 0.2 1 0.9
v 0.3 0.7 0.9
v 0.3 0.9 0.9
v 0.3 1.4 0.9
v 0.3 1.5 0.9
v 0.4 0.8 0.9
v 0.4 1 0.9
v 0.4 1.4 0.9
v 0.4 1.5 0.9
v 0.5 0.7 0.9
v 0.5 0.8 0.9
v -1.5 0.1 0.8
v -1.5 0.4 0.8
v -1.4 0.1 0.8
v -1.4 0.3 0.8
v -1.4 0.4 0.8
v -1.4 0.5 0.8
v -1.3 0.3 0.8
v -1.3 0.5 0.8
v -1 2.7 0.8
v -1 2.8 0.8
v -0.9 0.7 0.8
v -0.9 0.8 0.8
v -0.9 2.7 0.8
v -0.9 2.8 0.8
v -0.9 3.9 0.8
v -0.9 4 0.8
v -0.9 4.3 0.8
v -0.9 4.4 0.8
v -0.8 0.7 0.8
v -0.8 0.8 0.8
v -0.8 3.9 0.8
v -0.8 4 0.8
v -0.8 4.3 0.8
v -0.8 4.4 0.8
v -0.7 0.7 0.8
v -0.7 0.8 0.8
v -0.6 4.6 0.8
v -0.6 4.7 0.8
v -0.5 4.6 0.8
v -0.5 4.7 0.8
v -0.2 4.6 0.8
v -0.2 4.7 0.8
v -0.2 4.8 0.8
v -0.0999999 4.6 0.8
v -0.0999999 4.8 0.8
v 0.1 3.9 0.8
v 0.1 4 0.8
v 0.1 4.3 0.8
v 0.1 4.4 0.8
v 0.2 3.9 0.8
v 0.2 4 0.8
v 0.2 4.2 0.8
v 0.2 4.3 0.8
v 0.2 4.4 0.8
v 0.4 4.2 0.8
v 0.4 4.3 0.8
v 0.5 4.1 0.8
v 0.5 4.2 0.8
v 0.5 4.3 0.8
v 0.6 4.1 0.8
v 0.6 4.2 0.8
v -1.4 0.5 0.7
v -1.4 0.7 0.7
v -1.4 0.8 0.7
v -1.4 2.2 0.7
v -1.4 2.4 0.7
v -1.3 0.5 0.7
v -1.3 0.7 0.7
v -1.3 0.8 0.7
v -1.3 0.9 0.7
v -1.3 2.2 0.7
v -1.3 2.3 0.7
v -1.3 2.4 0.7
v -1.3 2.5 0.7
v -1.3 3.2 0.7
v -1.3 3.3 0.7
v -1.2 0.7 0.7
v -1.2 0.8 0.7
v -1.2 0.9 0.7
v -1.2 1 0.7
v -1.2 2.3 0.7
v -1.2 2.4 0.7
v -1.2 2.5 0.7
v -1.2 2.6 0.7
v -1.2 3.3 0.7
v -1.1 0.8 0.7
v -1.1 0.9 0.7
v -1.1 1 0.7
v -1.1 2.4 0.7
v -1.1 2.5 0.7
v -1.1 2.6 0.7
v -1.1 3.2 0.7
v -1.1 3.3 0.7
v -1 2.5 0.7
v -1 2.6 0.7
v -1 2.7 0.7
v -0.9 2.6 0.7
v -0.9 2.7 0.7
v -0.9 4 0.7
v -0.9 4.3 0.7
v -0.8 3.8 0.7
v -0.8 3.9 0.7
v -0.8 4 0.7
v -0.8 4.3 0.7
v -0.8 4.4 0.7
v -0.8 4.5 0.7
v -0.8 4.7 0.7
v -0.8 4.8 0.7
v -0.8 4.9 0.7
v -0.7 3.8 0.7
v -0.7 3.9 0.7
v -0.7 4.4 0.7
v -0.7 4.5 0.7
v -0.7 4.7 0.7
v -0.7 4.8 0.7
v -0.7 4.9 0.7
v -0.6 4.5 0.7
v -0.6 4.6 0.7
v -0.6 4.8 0.7
v -0.5 4.6 0.7
v -0.5 4.7 0.7
v -0.2 4.6 0.7
v -0.2 4.7 0.7
v -0.0999999 4.5 0.7
v -0.0999999 4.6 0.7
v 1.19209e-07 3.7 0.7
v 1.19209e-07 3.9 0.7
v 1.19209e-07 4.4 0.7
v 1.19209e-07 4.5 0.7
v 1.19209e-07 4.6 0.7
v 0.1 3.6 0.7
v 0.1 3.7 0.7
v 0.1 3.8 0.7
v 0.1 3.9 0.7
v 0.1 4 0.7
v 0.1 4.3 0.7
v 0.1 4.4 0.7
v 0.1 4.5 0.7
v 0.2 2.6 0.7
v 0.2 2.7 0.7
v 0.2 3.1 0.7
v 0.2 3.2 0.7
v 0.2 3.5 0.7
v 0.2 3.6 0.7
v 0.2 3.7 0.7
v 0.2 3.8 0.7
v 0.2 4 0.7
v 0.2 4.3 0.7
v 0.3 1.5 0.7
v 0.3 1.7 0.7
v 0.3 2.6 0.7
v 0.3 2.7 0.7
v 0.3 3.1 0.7
v 0.3 3.2 0.7
v 0.3 3.6 0.7
v 0.3 3.7 0.7
v 0.4 1.5 0.7
v 0.4 1.7 0.7
v 0.4 2.5 0.7
v 0.4 2.6 0.7
v 0.4 2.7 0.7
v 0.4 3.3 0.7
v 0.4 3.5 0.7
v 0.4 3.6 0.7
v 0.5 2.3 0.7
v 0.5 2.5 0.7
v 0.5 2.6 0.7
v 0.5 2.7 0.7
v 0.5 3.3 0.7
v 0.5 3.5 0.7
v 0.5 3.6 0.7
v 0.6 2.3 0.7
v 0.6 2.5 0.7
v 0.6 2.6 0.7
v -1.2 3.3 0.6
v -1.2 3.4 0.6
v -1.1 0.9 0.6
v -1.1 1 0.6
v -1.1 2.2 0.6
v -1.1 2.3 0.6
v -1.1 3.3 0.6
v -1.1 3.4 0.6
v -1.1 3.5 0.6
v -1 0.9 0.6
v -1 2.2 0.6
v -1 2.3 0.6
v -1 3.4 0.6
v -1 3.5 0.6
v -1 3.6 0.6
v -0.9 1 0.6
v -0.9 1.2 0.6
v -0.9 1.7 0.6
v -0.9 1.9 0.6
v -0.9 3.4 0.6
v -0.9 3.5 0.6
v -0.9 4.8 0.6
v -0.9 5 0.6
v -0.8 0.9 0.6
v -0.8 1.2 0.6
v -0.8 1.7 0.6
v -0.8 1.9 0.6
v -0.8 3.5 0.6
v -0.8 3.6 0.6
v -0.8 3.9 0.6
v -0.8 4.4 0.6
v -0.8 4.8 0.6
v -0.8 5 0.6
v -0.7 3.8 0.6
v -0.7 3.9 0.6
v -0.7 4.4 0.6
v -0.7 4.5 0.6
v -0.6 3.8 0.6
v -0.6 3.9 0.6
v -0.6 4.4 0.6
v -0.6 4.5 0.6
v -0.6 4.6 0.6
v -0.0999999 3.8 0.6
v -0.0999999 3.9 0.6
v -0.0999999 4.4 0.6
v -0.0999999 4.5 0.6
v -0.0999999 4.6 0.6
v 1.19209e-07 3.8 0.6
v 1.19209e-07 3.9 0.6
v 1.19209e-07 4.4 0.6
v 1.19209e-07 4.5 0.6
v 0.1 1 0.6
v 0.1 1.2 0.6
v 0.1 3.9 0.6
v 0.1 4.3 0.6
v 0.2 1 0.6
v 0.2 1.2 0.6
v 0.2 1.3 0.6
v 0.2 1.7 0.6
v 0.2 1.8 0.6
v 0.2 4.4 0.6
v 0.3 1.2 0.6
v 0.3 1.3 0.6
v 0.3 1.7 0.6
v 0.3 1.8 0.6
v 0.3 4.3 0.6
v 0.3 4.4 0.6
v -1 0.8 0.5
v -1 0.9 0.5
v -1 2.1 0.5
v -1 2.3 0.5
v -1 2.5 0.5
v -1 2.6 0.5
v -0.9 0.6 0.5
v -0.9 0.7 0.5
v -0.9 1.2 0.5
v -0.9 1.5 0.5
v -0.9 1.7 0.5
v -0.9 2.1 0.5
v -0.9 2.3 0.5
v -0.9 2.5 0.5
v -0.9 2.6 0.5
v -0.9 3.2 0.5
v -0.9 3.4 0.5
v -0.8 0.6 0.5
v -0.8 0.7 0.5
v -0.8 0.8 0.5
v -0.8 0.9 0.5
v -0.8 1.2 0.5
v -0.8 1.5 0.5
v -0.8 1.7 0.5
v -0.8 1.9 0.5
v -0.8 3.2 0.5
v -0.8 3.4 0.5
v -0.7 0.7 0.5
v -0.7 0.8 0.5
v -0.7 1 0.5
v -0.7 1.9 0.5
v -0.7 3.9 0.5
v -0.7 4.4 0.5
v -0.6 0.7 0.5
v -0.6 1 0.5
v -0.6 3.8 0.5
v -0.6 3.9 0.5
v -0.6 4 0.5
v -0.6 4.3 0.5
v -0.6 4.4 0.5
v -0.6 4.5 0.5
v -0.5 3.8 0.5
v -0.5 4 0.5
v -0.5 4.3 0.5
v -0.5 4.4 0.5
v -0.2 3.8 0.5
v -0.2 4 0.5
v -0.2 4.3 0.5
v -0.2 4.4 0.5
v -0.0999999 0.7 0.5
v -0.0999999 0.8 0.5
v -0.0999999 0.9 0.5
v -0.0999999 1 0.5
v -0.0999999 3.8 0.5
v -0.0999999 3.9 0.5
v -0.0999999 4 0.5
v -0.0999999 4.3 0.5
v -0.0999999 4.4 0.5
v -0.0999999 4.5 0.5
v 1.19209e-07 0.7 0.5
v 1.19209e-07 0.8 0.5
v 1.19209e-07 1 0.5
v 1.19209e-07 1.3 0.5
v 1.19209e-07 1.4 0.5
v 1.19209e-07 1.5 0.5
v 1.19209e-07 3.9 0.5
v 1.19209e-07 4.4 0.5
v 0.1 0.8 0.5
v 0.1 1.2 0.5
v 0.1 1.3 0.5
v 0.1 1.4 0.5
v 0.1 1.7 0.5
v 0.1 1.8 0.5
v 0.1 2.1 0.5
v 0.1 2.2 0.5
v 0.1 2.4 0.5
v 0.2 1.2 0.5
v 0.2 1.3 0.5
v 0.2 1.5 0.5
v 0.2 1.7 0.5
v 0.2 1.8 0.5
v 0.2 1.9 0.5
v 0.2 2.1 0.5
v 0.2 2.2 0.5
v 0.2 2.4 0.5
v 0.2 3.2 0.5
v 0.2 3.4 0.5
v 0.2 4.4 0.5
v 0.2 4.6 0.5
v 0.3 1.3 0.5
v 0.3 1.5 0.5
v 0.3 1.8 0.5
v 0.3 1.9 0.5
v 0.3 3.2 0.5
v 0.3 3.4 0.5
v 0.3 4.4 0.5
v 0.3 4.5 0.5
v 0.3 4.6 0.5
v 0.3 4.7 0.5
v 0.4 4.5 0.5
v 0.4 4.6 0.5
v 0.4 4.7 0.5
v -1 2.3 0.4
v -1 2.5 0.4
v -0.9 2 0.4
v -0.9 2.3 0.4
v -0.9 2.4 0.4
v -0.9 2.5 0.4
v -0.9 2.8 0.4
v -0.9 3.1 0.4
v -0.9 3.2 0.4
v -0.8 1.9 0.4
v -0.8 2 0.4
v -0.8 2.4 0.4
v -0.8 3.2 0.4
v -0.8 3.6 0.4
v -0.7 1 0.4
v -0.7 1.8 0.4
v -0.7 1.9 0.4
v -0.7 2 0.4
v -0.7 2.4 0.4
v -0.7 2.7 0.4
v -0.7 2.8 0.4
v -0.7 3.1 0.4
v -0.7 3.4 0.4
v -0.7 3.6 0.4
v -0.7 3.8 0.4
v -0.6 0.8 0.4
v -0.6 1 0.4
v -0.6 1.2 0.4
v -0.6 1.7 0.4
v -0.6 1.8 0.4
v -0.6 3.4 0.4
v -0.6 3.6 0.4
v -0.6 4 0.4
v -0.6 4.3 0.4
v -0.5 0.8 0.4
v -0.5 0.9 0.4
v -0.5 1 0.4
v -0.5 1.2 0.4
v -0.5 3.8 0.4
v -0.5 4 0.4
v -0.5 4.3 0.4
v -0.5 4.4 0.4
v -0.2 0.8 0.4
v -0.2 0.9 0.4
v -0.2 1 0.4
v -0.2 1.2 0.4
v -0.2 3.8 0.4
v -0.2 4 0.4
v -0.2 4.3 0.4
v -0.2 4.4 0.4
v -0.0999999 0.8 0.4
v -0.0999999 0.9 0.4
v -0.0999999 1 0.4
v -0.0999999 1.2 0.4
v -0.0999999 1.3 0.4
v -0.0999999 1.4 0.4
v -0.0999999 1.6 0.4
v -0.0999999 2 0.4
v -0.0999999 2.1 0.4
v -0.0999999 3.6 0.4
v -0.0999999 4 0.4
v -0.0999999 4.3 0.4
v 1.19209e-07 1 0.4
v 1.19209e-07 1.3 0.4
v 1.19209e-07 1.4 0.4
v 1.19209e-07 1.5 0.4
v 1.19209e-07 1.6 0.4
v 1.19209e-07 1.8 0.4
v 1.19209e-07 1.9 0.4
v 1.19209e-07 2 0.4
v 1.19209e-07 2.1 0.4
v 1.19209e-07 2.2 0.4
v 1.19209e-07 2.3 0.4
v 1.19209e-07 2.7 0.4
v 1.19209e-07 2.8 0.4
v 1.19209e-07 3.2 0.4
v 1.19209e-07 3.6 0.4
v 1.19209e-07 3.8 0.4
v 0.1 1.3 0.4
v 0.1 1.4 0.4
v 0.1 1.7 0.4
v 0.1 1.8 0.4
v 0.1 1.9 0.4
v 0.1 2 0.4
v 0.1 2.2 0.4
v 0.1 2.4 0.4
v 0.1 2.5 0.4
v 0.1 2.7 0.4
v 0.1 3.2 0.4
v 0.1 3.4 0.4
v 0.1 3.5 0.4
v 0.1 3.6 0.4
v 0.2 1.8 0.4
v 0.2 1.9 0.4
v 0.2 2.4 0.4
v 0.2 2.5 0.4
v 0.2 3.2 0.4
v 0.2 3.4 0.4
v 0.2 3.5 0.4
v 0.2 3.6 0.4
v 0.3 1.5 0.4
v 0.3 1.7 0.4
v -0.8 2 0.3
v -0.8 2.1 0.3
v -0.8 2.2 0.3
v -0.8 2.3 0.3
v -0.7 1.8 0.3
v -0.7 2 0.3
v -0.7 2.1 0.3
v -0.7 2.2 0.3
v -0.7 2.3 0.3
v -0.7 2.4 0.3
v -0.7 2.7 0.3
v -0.7 3.1 0.3
v -0.7 3.4 0.3
v -0.6 1.2 0.3
v -0.6 1.7 0.3
v -0.6 1.8 0.3
v -0.6 2.4 0.3
v -0.6 2.7 0.3
v -0.6 3.1 0.3
v -0.6 3.2 0.3
v -0.6 3.4 0.3
v -0.6 3.6 0.3
v -0.5 1 0.3
v -0.5 1.2 0.3
v -0.5 1.7 0.3
v -0.5 1.9 0.3
v -0.5 3.2 0.3
v -0.5 3.4 0.3
v -0.5 3.5 0.3
v -0.3 1.6 0.3
v -0.3 1.7 0.3
v -0.2 1 0.3
v -0.2 1.2 0.3
v -0.2 1.7 0.3
v -0.2 1.9 0.3
v -0.2 2.1 0.3
v -0.2 2.4 0.3
v -0.0999999 1.2 0.3
v -0.0999999 1.3 0.3
v -0.0999999 1.4 0.3
v -0.0999999 1.6 0.3
v -0.0999999 1.7 0.3
v -0.0999999 2 0.3
v -0.0999999 2.1 0.3
v -0.0999999 2.3 0.3
v -0.0999999 2.4 0.3
v -0.0999999 2.5 0.3
v -0.0999999 2.8 0.3
v -0.0999999 2.9 0.3
v -0.0999999 3.2 0.3
v -0.0999999 3.3 0.3
v -0.0999999 3.4 0.3
v -0.0999999 3.5 0.3
v -0.0999999 3.6 0.3
v 1.19209e-07 1.3 0.3
v 1.19209e-07 1.4 0.3
v 1.19209e-07 1.6 0.3
v 1.19209e-07 1.8 0.3
v 1.19209e-07 1.9 0.3
v 1.19209e-07 2 0.3
v 1.19209e-07 2.1 0.3
v 1.19209e-07 2.3 0.3
v 1.19209e-07 2.8 0.3
v 1.19209e-07 3.2 0.3
v 1.19209e-07 3.3 0.3
v 1.19209e-07 3.4 0.3
v 0.1 1.8 0.3
v 0.1 1.9 0.3
v 0.1 3.2 0.3
v 0.1 3.4 0.3
v 0.1 3.5 0.3
v 0.1 3.6 0.3
v 0.2 3.4 0.3
v 0.2 3.5 0.3
v -0.8 2.1 0.2
v -0.8 2.2 0.2
v -0.8 2.3 0.2
v -0.8 2.4 0.2
v -0.7 2 0.2
v -0.7 2.1 0.2
v -0.7 2.2 0.2
v -0.7 2.3 0.2
v -0.6 2.2 0.2
v -0.6 2.3 0.2
v -0.6 2.4 0.2
v -0.6 2.7 0.2
v -0.6 3.1 0.2
v -0.6 3.2 0.2
v -0.5 1.7 0.2
v -0.5 1.9 0.2
v -0.5 2.1 0.2
v -0.5 2.2 0.2
v -0.5 2.3 0.2
v -0.5 2.4 0.2
v -0.5 3 0.2
v -0.5 3.1 0.2
v -0.5 3.2 0.2
v -0.5 3.4 0.2
v -0.5 3.5 0.2
v -0.4 2.2 0.2
v -0.4 2.3 0.2
v -0.4 2.6 0.2
v -0.4 2.7 0.2
v -0.3 1.6 0.2
v -0.3 1.7 0.2
v -0.3 2.1 0.2
v -0.3 2.2 0.2
v -0.3 2.5 0.2
v -0.3 2.6 0.2
v -0.3 2.9 0.2
v -0.3 3 0.2
v -0.2 1.7 0.2
v -0.2 1.9 0.2
v -0.2 2.1 0.2
v -0.2 2.4 0.2
v -0.2 3.2 0.2
v -0.2 3.4 0.2
v -0.0999999 1.6 0.2
v -0.0999999 1.7 0.2
v -0.0999999 2 0.2
v -0.0999999 2.1 0.2
v -0.0999999 2.4 0.2
v -0.0999999 2.5 0.2
v -0.0999999 2.9 0.2
v -0.0999999 3.2 0.2
v -0.0999999 3.3 0.2
v -0.0999999 3.4 0.2
v -0.0999999 3.5 0.2
v 1.19209e-07 3.3 0.2
v 1.19209e-07 3.4 0.2
v -1.5 0 0.0999999
v -1.5 0.2 0.0999999
v -1.4 0 0.0999999
v -1.4 0.2 0.0999999
v -1.4 0.3 0.0999999
v -1.3 0.2 0.0999999
v -1.3 0.3 0.0999999
v -1.3 0.4 0.0999999
v -1.1 0.3 0.0999999
v -1.1 0.4 0.0999999
v -1.1 0.6 0.0999999
v -1 0.4 0.0999999
v -1 0.5 0.0999999
v -1 0.6 0.0999999
v -0.9 0.5 0.0999999
v -0.9 0.6 0.0999999
v -0.6 2.2 0.0999999
v -0.6 2.3 0.0999999
v -0.5 2.1 0.0999999
v -0.5 2.2 0.0999999
v -0.4 2.2 0.0999999
v -0.4 2.3 0.0999999
v -0.3 2.1 0.0999999
v -0.3 2.2 0.0999999
v -0.8 0.7 0
v -0.8 0.8 0
v -0.7 0.7 0
v -0.7 0.8 0
v -0.9 0.2 -0.2
v -0.9 0.3 -0.2
v -0.9 0.6 -0.2
v -0.9 0.7 -0.2
v -0.8 0.2 -0.2
v -0.8 0.3 -0.2
v -0.8 0.6 -0.2
v -0.8 0.7 -0.2
v -0.6 0 -0.2
v -0.6 0.1 -0.2
v -0.5 0 -0.2
v -0.5 0.1 -0.2
v -0.2 0 -0.2
v -0.2 0.1 -0.2
v -0.2 0.8 -0.2
v -0.2 0.9 -0.2
v -0.0999999 0 -0.2
v -0.0999999 0.1 -0.2
v -0.0999999 0.8 -0.2
v -0.0999999 0.9 -0.2
v 0.1 0.2 -0.2
v 0.1 0.3 -0.2
v 0.1 0.6 -0.2
v 0.1 0.7 -0.2
v 0.2 0.2 -0.2
v 0.2 0.3 -0.2
v 0.2 0.6 -0.2
v 0.2 0.7 -0.2
v -0.9 0.3 -0.3
v -0.9 0.6 -0.3
v -0.8 0.3 -0.3
v -0.8 0.6 -0.3
v -0.7 0.1 -0.3
v -0.7 0.2 -0.3
v -0.6 0.1 -0.3
v -0.6 0.2 -0.3
v -0.5 0 -0.3
v -0.5 0.1 -0.3
v -0.2 0 -0.3
v -0.2 0.1 -0.3
v -0.0999999 0.1 -0.3
v -0.0999999 0.2 -0.3
v 1.19209e-07 0.1 -0.3
v 1.19209e-07 0.2 -0.3
v 0.1 0.3 -0.3
v 0.1 0.4 -0.3
v 0.1 0.5 -0.3
v 0.1 0.6 -0.3
v 0.2 0.3 -0.3
v 0.2 0.4 -0.3
v 0.2 0.5 -0.3
v 0.2 0.6 -0.3
v -0.8 0.2 -0.5
v -0.8 0.3 -0.5
v -0.7 0.2 -0.5
v -0.7 0.3 -0.5
v -0.6 0.1 -0.5
v -0.6 0.2 -0.5
v -0.5 0.1 -0.5
v -0.5 0.2 -0.5
v -0.2 0.1 -0.5
v -0.2 0.2 -0.5
v -0.0999999 0.1 -0.5
v -0.0999999 0.2 -0.5
v 1.19209e-07 0.2 -0.5
v 1.19209e-07 0.3 -0.5
v 0.1 0.2 -0.5
v 0.1 0.3 -0.5
v 0.2 0.4 -0.5
v 0.2 0.6 -0.5
v 0.3 0.5 -0.5
v 0.3 0.6 -0.5
v 0.4 0.3 -0.5
v 0.4 0.4 -0.5
v 0.4 0.5 -0.5
v 0.5 0.4 -0.5
v 0.5 0.5 -0.5
v 0.6 0 -0.5
v 0.6 0.3 -0.5
v 0.6 0.4 -0.5
v 0.7 0 -0.5
v 0.7 0.3 -0.5
v 0.7 0.4 -0.5
v 0.1 0.3 -0.6
v 0.1 0.4 -0.6
v 0.2 0.3 -0.6
v 0.2 0.4 -0.6
v -1 0.5 -0.8
v -1 0.6 -0.8
v -0.9 0.5 -0.8
v -0.9 0.6 -0.8
v -1.1 0.5 -0.9
v -1.1 0.6 -0.9
v -1 0.5 -0.9
v -1 0.6 -0.9
v -0.9 0.4 -0.9
v -0.9 0.6 -0.9
v -0.8 0.3 -0.9
v -0.8 0.4 -0.9
v -0.8 0.5 -0.9
v -0.8 0.6 -0.9
v -0.7 0.2 -0.9
v -0.7 0.3 -0.9
v -0.7 0.4 -0.9
v -0.7 0.5 -0.9
v -0.6 0.1 -0.9
v -0.6 0.2 -0.9
v -0.6 0.4 -0.9
v -0.6 0.5 -0.9
v -0.6 1 -0.9
v -0.6 1.1 -0.9
v -0.5 0.1 -0.9
v -0.5 0.2 -0.9
v -0.5 0.4 -0.9
v -0.5 0.5 -0.9
v -0.5 1 -0.9
v -0.5 1.1 -0.9
v -0.2 0.1 -0.9
v -0.2 0.2 -0.9
v -0.0999999 0.1 -0.9
v -0.0999999 0.2 -0.9
v 0.1 0.4 -0.9
v 0.1 0.5 -0.9
v 0.2 0.4 -0.9
v 0.2 0.5 -0.9
v -1.3 0.3 -1
v -1.3 0.4 -1
v -1.2 0.3 -1
v -1.2 0.4 -1
v -1.2 0.5 -1
v -1.1 0.3 -1
v -1.1 0.4 -1
v -1 0.4 -1
v -1 0.5 -1
v -0.9 0.6 -1
v -0.9 0.7 -1
v -0.8 0.6 -1
v -0.8 0.7 -1
v -0.7 0.4 -1
v -0.7 0.5 -1
v -0.6 0.2 -1
v -0.6 0.4 -1
v -0.6 0.5 -1
v -0.5 0.1 -1
v -0.5 0.2 -1
v -0.2 0.1 -1
v -0.2 0.2 -1
v -0.0999999 0.4 -1
v -0.0999999 0.5 -1
v 1.19209e-07 0.2 -1
v 1.19209e-07 0.3 -1
v 0.1 0.3 -1
v 0.1 0.5 -1
v 0.1 0.7 -1
v 0.2 0.5 -1
v 0.2 0.7 -1
v -1.4 0 -1.1
v -1.4 0.2 -1.1
v -1.3 0 -1.1
v -1.3 0.1 -1.1
v -1.3 0.2 -1.1
v -1.3 0.3 -1.1
v -1.2 0.1 -1.1
v -1.2 0.3 -1.1
v -0.8 0.5 -1.1
v -0.8 0.6 -1.1
v -0.7 0.5 -1.1
v -0.7 0.6 -1.1
v -0.6 0.4 -1.1
v -0.6 0.5 -1.1
v -0.0999999 0.4 -1.1
v -0.0999999 0.5 -1.1
v 1.19209e-07 0.5 -1.1
v 1.19209e-07 0.6 -1.1
v 0.1 0.5 -1.1
v 0.1 0.6 -1.1
v 0.2 0.8 -1.2
v 0.2 0.9 -1.2
v 0.3 0.8 -1.2
v 0.3 0.9 -1.2
v -0.9 0.8 -1.3
v -0.9 0.9 -1.3
v -0.8 0.8 -1.3
v -0.8 0.9 -1.3
v -0.6 1 -1.3
v -0.6 1.1 -1.3
v -0.5 1 -1.3
v -0.5 1.1 -1.3
v -0.2 1 -1.3
v -0.2 1.1 -1.3
v -0.0999999 1 -1.3
v -0.0999999 1.1 -1.3
v 0.1 0.8 -1.3
v 0.1 0.9 -1.3
v 0.2 0.8 -1.3
v 0.2 0.9 -1.3
v 0.3 0.8 -1.3
v 0.3 0.9 -1.3
v 0.4 0.8 -1.3
v 0.4 0.9 -1.3
v 0.5 0.8 -1.3
v 0.5 0.9 -1.3
v 0.5 1 -1.3
v 0.6 0.9 -1.3
v 0.6 1 -1.3
v -1 1 -1.4
v -1 1.1 -1.4
v -0.9 0.7 -1.4
v -0.9 0.8 -1.4
v -0.9 0.9 -1.4
v -0.9 1 -1.4
v -0.9 1.1 -1.4
v -0.8 0.6 -1.4
v -0.8 0.7 -1.4
v -0.8 0.8 -1.4
v -0.8 0.9 -1.4
v -0.8 1 -1.4
v -0.8 1.1 -1.4
v -0.7 0.5 -1.4
v -0.7 0.6 -1.4
v -0.7 0.7 -1.4
v -0.7 0.9 -1.4
v -0.7 1 -1.4
v -0.6 0.5 -1.4
v -0.6 0.6 -1.4
v -0.0999999 0.5 -1.4
v -0.0999999 0.6 -1.4
v 1.19209e-07 0.5 -1.4
v 1.19209e-07 0.6 -1.4
v 1.19209e-07 0.7 -1.4
v 1.19209e-07 0.9 -1.4
v 1.19209e-07 1 -1.4
v 0.1 0.6 -1.4
v 0.1 0.7 -1.4
v 0.1 0.8 -1.4
v 0.1 0.9 -1.4
v 0.1 1 -1.4
v 0.2 0.7 -1.4
v 0.2 0.8 -1.4
v -1.1 1.2 -1.5
v -1.1 1.4 -1.5
v -1 1.1 -1.5
v -1 1.2 -1.5
v -1 1.3 -1.5
v -1 1.4 -1.5
v -0.9 1.1 -1.5
v -0.9 1.3 -1.5
v -0.8 0.7 -1.5
v -0.8 0.9 -1.5
v -0.7 0.6 -1.5
v -0.7 0.7 -1.5
v -0.7 0.9 -1.5
v -0.7 1 -1.5
v -0.6 0.5 -1.5
v -0.6 0.6 -1.5
v -0.6 0.7 -1.5
v -0.6 0.9 -1.5
v -0.6 1 -1.5
v -0.2 1 -1.5
v -0.2 1.1 -1.5
v -0.2 1.3 -1.5
v -0.0999999 0.5 -1.5
v -0.0999999 0.6 -1.5
v -0.0999999 0.7 -1.5
v -0.0999999 0.9 -1.5
v -0.0999999 1 -1.5
v -0.0999999 1.2 -1.5
v -0.0999999 1.3 -1.5
v 1.19209e-07 0.6 -1.5
v 1.19209e-07 0.7 -1.5
v 1.19209e-07 0.9 -1.5
v 1.19209e-07 1 -1.5
v 0.1 0.7 -1.5
v 0.1 0.9 -1.5
v -0.7 0.7 -1.6
v -0.7 0.9 -1.6
v -0.6 0.6 -1.6
v -0.6 0.7 -1.6
v -0.6 0.8 -1.6
v -0.6 0.9 -1.6
v -0.6 1 -1.6
v -0.5 0.8 -1.6
v -0.5 0.9 -1.6
v -0.5 1 -1.6
v -0.5 1.1 -1.6
v -0.4 0.9 -1.6
v -0.4 1.1 -1.6
v -0.4 1.3 -1.6
v -0.3 0.9 -1.6
v -0.3 1.1 -1.6
v -0.3 1.3 -1.6
v -0.2 0.8 -1.6
v -0.2 0.9 -1.6
v -0.2 1 -1.6
v -0.2 1.1 -1.6
v -0.0999999 0.6 -1.6
v -0.0999999 0.7 -1.6
v -0.0999999 0.8 -1.6
v -0.0999999 0.9 -1.6
v -0.0999999 1 -1.6
v -0.0999999 1.2 -1.6
v -0.0999999 1.4 -1.6
v 1.19209e-07 0.7 -1.6
v 1.19209e-07 0.9 -1.6
v 1.19209e-07 1.2 -1.6
v 1.19209e-07 1.3 -1.6
v 0.1 1.3 -1.6
v 0.1 1.4 -1.6
v -0.6 0.7 -1.7
v -0.6 0.8 -1.7
v -0.5 0.8 -1.7
v -0.5 0.9 -1.7
v -0.4 0.9 -1.7
v -0.4 1.1 -1.7
v -0.4 1.3 -1.7
v -0.4 1.5 -1.7
v -0.3 0.9 -1.7
v -0.3 1.1 -1.7
v -0.3 1.3 -1.7
v -0.3 1.5 -1.7
v -0.2 0.8 -1.7
v -0.2 0.9 -1.7
v -0.0999999 0.7 -1.7
v -0.0999999 0.8 -1.7
v -0.7 0 1.8
v -0.6 0 1.8
v 0.3 0 1.8
v 0.4 0 1.8
v -0.7 0 1.7
v -0.6 0 1.7
v 0.3 0 1.7
v 0.4 0 1.7
v 0.7 0 1.2
v 0.8 0 1.2
v 0.7 0 1.1
v 0.8 0 1.1
v -1.6 0 1
v -1.4 0 1
v -1.6 0 0.9
v -1.4 0 0.9
v -0.5 0 0.4
v -0.4 0 0.4
v -0.2 0 0.4
v -0.6 0 0.3
v -0.5 0 0.3
v -0.4 0 0.3
v -0.2 0 0.3
v -0.0999999 0 0.3
v -1.5 0 0.2
v -1.4 0 0.2
v -1.5 0 0.0999999
v -1.4 0 0.0999999
v -0.6 0 -0.2
v -0.5 0 -0.2
v -0.2 0 -0.2
v -0.0999999 0 -0.2
v -0.5 0 -0.3
v -0.2 0 -0.3
v 0.6 0 -0.4
v 0.7 0 -0.4
v 0.6 0 -0.5
v 0.7 0 -0.5
v -1.4 0 -1
v -1.3 0 -1
v -1.4 0 -1.1
v -1.3 0 -1.1
v 0.6 0.1 1.2
v 0.7 0.1 1.2
v 0.6 0.1 1.1
v 0.7 0.1 1.1
v -1.5 0.1 0.9
v -1.4 0.1 0.9
v -1.5 0.1 0.8
v -1.4 0.1 0.8
v -0.6 0.1 0.6
v -0.2 0.1 0.6
v -0.0999999 0.1 0.6
v -0.6 0.1 0.5
v -0.2 0.1 0.5
v -0.7 0.1 0.4
v -0.6 0.1 0.4
v -0.5 0.1 0.4
v -0.4 0.1 0.4
v -0.2 0.1 0.4
v -0.0999999 0.1 0.4
v 1.19209e-07 0.1 0.4
v -0.6 0.1 0.3
v -0.5 0.1 0.3
v -0.2 0.1 0.3
v -0.0999999 0.1 0.3
v -0.6 0.1 -0.2
v -0.5 0.1 -0.2
v -0.2 0.1 -0.2
v -0.0999999 0.1 -0.2
v -0.7 0.1 -0.3
v -0.6 0.1 -0.3
v -0.5 0.1 -0.3
v -0.2 0.1 -0.3
v -0.0999999 0.1 -0.3
v 1.19209e-07 0.1 -0.3
v -0.6 0.1 -0.5
v -0.5 0.1 -0.5
v -0.2 0.1 -0.5
v -0.0999999 0.1 -0.5
v -0.6 0.1 -0.6
v -0.5 0.1 -0.6
v -0.2 0.1 -0.6
v -0.0999999 0.1 -0.6
v -0.6 0.1 -0.9
v -0.5 0.1 -0.9
v -0.2 0.1 -0.9
v -0.0999999 0.1 -0.9
v -1.3 0.1 -1
v -1.2 0.1 -1
v -0.5 0.1 -1
v -0.2 0.1 -1
v -1.3 0.1 -1.1
v -1.2 0.1 -1.1
v -0.5 0.2 0.9
v -0.2 0.2 0.9
v -0.5 0.2 0.8
v -0.3 0.2 0.8
v -0.7 0.2 0.7
v -0.5 0.2 0.7
v -0.3 0.2 0.7
v -0.2 0.2 0.7
v -0.0999999 0.2 0.7
v 1.19209e-07 0.2 0.7
v -0.8 0.2 0.6
v -0.7 0.2 0.6
v -0.6 0.2 0.6
v -0.2 0.2 0.6
v -0.0999999 0.2 0.6
v 1.19209e-07 0.2 0.6
v 0.1 0.2 0.6
v -0.6 0.2 0.5
v -0.7 0.2 0.4
v -0.6 0.2 0.4
v -0.0999999 0.2 0.4
v 1.19209e-07 0.2 0.4
v -0.9 0.2 0.3
v -0.8 0.2 0.3
v 0.1 0.2 0.3
v 0.2 0.2 0.3
v -1.4 0.2 0.2
v -1.3 0.2 0.2
v -1.4 0.2 0.0999999
v -1.3 0.2 0.0999999
v -0.9 0.2 -0.2
v -0.8 0.2 -0.2
v 0.1 0.2 -0.2
v 0.2 0.2 -0.2
v -0.7 0.2 -0.3
v -0.6 0.2 -0.3
v -0.0999999 0.2 -0.3
v 1.19209e-07 0.2 -0.3
v -0.8 0.2 -0.5
v -0.7 0.2 -0.5
v -0.6 0.2 -0.5
v -0.5 0.2 -0.5
v -0.2 0.2 -0.5
v -0.0999999 0.2 -0.5
v 1.19209e-07 0.2 -0.5
v 0.1 0.2 -0.5
v -0.6 0.2 -0.6
v -0.5 0.2 -0.6
v -0.2 0.2 -0.6
v -0.0999999 0.2 -0.6
v -0.0999999 0.2 -0.7
v 1.19209e-07 0.2 -0.7
v -0.0999999 0.2 -0.8
v 1.19209e-07 0.2 -0.8
v -1.3 0.2 -0.9
v -1.2 0.2 -0.9
v -0.7 0.2 -0.9
v -0.6 0.2 -0.9
v -0.5 0.2 -0.9
v -0.2 0.2 -0.9
v -0.0999999 0.2 -0.9
v -1.3 0.2 -1
v -1.2 0.2 -1
v -0.6 0.2 -1
v -0.5 0.2 -1
v -0.2 0.2 -1
v 1.19209e-07 0.2 -1
v 0.2 0.3 1.8
v 0.3 0.3 1.8
v -0.7 0.3 1.7
v -0.6 0.3 1.7
v 0.3 0.3 1.7
v -0.7 0.3 1.6
v -0.6 0.3 1.6
v 0.2 0.3 1.5
v 0.3 0.3 1.5
v -1.4 0.3 0.9
v -1.3 0.3 0.9
v -0.6 0.3 0.9
v -0.5 0.3 0.9
v -0.2 0.3 0.9
v -0.0999999 0.3 0.9
v -1.4 0.3 0.8
v -1.3 0.3 0.8
v -0.5 0.3 0.8
v -0.6 0.3 0.7
v -0.5 0.3 0.7
v -0.2 0.3 0.7
v -0.0999999 0.3 0.7
v -0.9 0.3 0.4
v -0.8 0.3 0.4
v 0.1 0.3 0.4
v 0.2 0.3 0.4
v -0.9 0.3 0.3
v -0.8 0.3 0.3
v 0.1 0.3 0.3
v 0.2 0.3 0.3
v -1.3 0.3 0.2
v -1.1 0.3 0.2
v -1.3 0.3 0.0999999
v -1.1 0.3 0.0999999
v -0.9 0.3 -0.2
v -0.8 0.3 -0.2
v 0.1 0.3 -0.2
v 0.2 0.3 -0.2
v -0.9 0.3 -0.3
v -0.8 0.3 -0.3
v 0.1 0.3 -0.3
v 0.2 0.3 -0.3
v 0.4 0.3 -0.4
v 0.6 0.3 -0.4
v -0.8 0.3 -0.5
v -0.7 0.3 -0.5
v 1.19209e-07 0.3 -0.5
v 0.1 0.3 -0.5
v 0.2 0.3 -0.5
v 0.4 0.3 -0.5
v 0.6 0.3 -0.5
v 1.19209e-07 0.3 -0.6
v 0.1 0.3 -0.6
v 0.2 0.3 -0.6
v 1.19209e-07 0.3 -0.7
v 1.19209e-07 0.3 -0.8
v 0.1 0.3 -0.8
v -1.2 0.3 -0.9
v -1.1 0.3 -0.9
v -0.8 0.3 -0.9
v -0.7 0.3 -0.9
v -1.2 0.3 -1
v -1.1 0.3 -1
v 1.19209e-07 0.3 -1
v 0.1 0.3 -1
v -0.7 0.4 1.6
v -0.6 0.4 1.6
v 0.1 0.4 1.6
v 0.2 0.4 1.6
v -0.7 0.4 1.5
v -0.6 0.4 1.5
v 0.1 0.4 1.5
v 0.2 0.4 1.5
v 0.5 0.4 1.2
v 0.6 0.4 1.2
v 0.5 0.4 1.1
v 0.6 0.4 1.1
v -1.1 0.4 0.2
v -1 0.4 0.2
v -1.1 0.4 0.0999999
v -1 0.4 0.0999999
v 0.2 0.4 -0.4
v 0.4 0.4 -0.4
v 0.2 0.4 -0.5
v 0.4 0.4 -0.5
v -0.9 0.4 -0.6
v -0.8 0.4 -0.6
v 0.1 0.4 -0.6
v 0.2 0.4 -0.6
v -1.1 0.4 -0.8
v -1 0.4 -0.8
v 0.1 0.4 -0.8
v -1.1 0.4 -0.9
v -1 0.4 -0.9
v -0.9 0.4 -0.9
v -0.8 0.4 -0.9
v -0.7 0.4 -0.9
v -0.6 0.4 -0.9
v 0.1 0.4 -0.9
v 0.2 0.4 -0.9
v -1.1 0.4 -1
v -1 0.4 -1
v -0.7 0.4 -1
v -0.6 0.4 -1
v -0.0999999 0.4 -1
v -0.6 0.4 -1.1
v -0.0999999 0.4 -1.1
v 0.5 0.5 1.1
v 0.6 0.5 1.1
v -0.5 0.5 1
v -0.2 0.5 1
v 0.5 0.5 1
v 0.6 0.5 1
v -0.5 0.5 0.9
v -0.2 0.5 0.9
v -1.4 0.5 0.8
v -1.3 0.5 0.8
v -1.4 0.5 0.7
v -1.3 0.5 0.7
v -1 0.5 0.2
v -0.9 0.5 0.2
v -1 0.5 0.0999999
v -0.9 0.5 0.0999999
v 0.1 0.5 -0.4
v 0.2 0.5 -0.4
v -0.9 0.5 -0.5
v -0.8 0.5 -0.5
v 0.1 0.5 -0.5
v 0.2 0.5 -0.5
v -0.9 0.5 -0.6
v -0.8 0.5 -0.6
v -1.1 0.5 -0.7
v -0.9 0.5 -0.7
v -1.1 0.5 -0.8
v -1 0.5 -0.8
v -0.9 0.5 -0.8
v -0.8 0.5 -0.9
v -0.7 0.5 -0.9
v -0.6 0.5 -0.9
v -0.5 0.5 -0.9
v 0.1 0.5 -0.9
v 0.2 0.5 -0.9
v -0.7 0.5 -1
v -0.6 0.5 -1
v -0.5 0.5 -1
v -0.0999999 0.5 -1
v 0.1 0.5 -1
v 0.2 0.5 -1
v -0.8 0.5 -1.1
v -0.7 0.5 -1.1
v -0.6 0.5 -1.1
v -0.0999999 0.5 -1.1
v 1.19209e-07 0.5 -1.1
v 0.1 0.5 -1.1
v -0.7 0.5 -1.4
v -0.6 0.5 -1.4
v -0.0999999 0.5 -1.4
v 1.19209e-07 0.5 -1.4
v -0.6 0.5 -1.5
v -0.0999999 0.5 -1.5
v -0.5 0.6 1.1
v -0.4 0.6 1.1
v 0.4 0.6 1.1
v 0.5 0.6 1.1
v -0.6 0.6 1
v -0.5 0.6 1
v -0.4 0.6 1
v 0.4 0.6 1
v 0.5 0.6 1
v -0.8 0.6 0.9
v -0.6 0.6 0.9
v -0.5 0.6 0.9
v -0.7 0.6 0.7
v -0.6 0.6 0.7
v -0.9 0.6 0.6
v -0.8 0.6 0.6
v -0.7 0.6 0.6
v -0.9 0.6 0.5
v -0.8 0.6 0.5
v -0.9 0.6 -0.9
v -0.8 0.6 -0.9
v -0.9 0.6 -1
v -0.8 0.6 -1
v -0.8 0.6 -1.1
v -0.7 0.6 -1.1
v 1.19209e-07 0.6 -1.1
v 0.1 0.6 -1.1
v -0.8 0.6 -1.4
v -0.7 0.6 -1.4
v -0.6 0.6 -1.4
v -0.0999999 0.6 -1.4
v 1.19209e-07 0.6 -1.4
v 0.1 0.6 -1.4
v -0.7 0.6 -1.5
v -0.6 0.6 -1.5
v -0.0999999 0.6 -1.5
v 1.19209e-07 0.6 -1.5
v -0.6 0.6 -1.6
v -0.0999999 0.6 -1.6
v 1.19209e-07 0.7 1.6
v 0.1 0.7 1.6
v -0.7 0.7 1.5
v -0.6 0.7 1.5
v 0.1 0.7 1.5
v 1.19209e-07 0.7 1.4
v 0.1 0.7 1.4
v -0.7 0.7 1.3
v -0.6 0.7 1.3
v -0.7 0.7 1.2
v -0.5 0.7 1.2
v -0.8 0.7 1.1
v -0.7 0.7 1.1
v -0.5 0.7 1.1
v -0.4 0.7 1.1
v -0.2 0.7 1.1
v -0.7 0.7 1
v -0.6 0.7 1
v -0.5 0.7 1
v -0.4 0.7 1
v -0.2 0.7 1
v 1.19209e-07 0.7 1
v 0.3 0.7 1
v 0.4 0.7 1
v 0.5 0.7 1
v -0.9 0.7 0.9
v -0.8 0.7 0.9
v -0.7 0.7 0.9
v -0.6 0.7 0.9
v -0.2 0.7 0.9
v -0.0999999 0.7 0.9
v 0.3 0.7 0.9
v 0.5 0.7 0.9
v -1.3 0.7 0.8
v -1.2 0.7 0.8
v -0.9 0.7 0.8
v -0.8 0.7 0.8
v -1.3 0.7 0.7
v -1.2 0.7 0.7
v -0.0999999 0.7 0.7
v 1.19209e-07 0.7 0.7
v -0.9 0.7 -1
v -0.8 0.7 -1
v 0.1 0.7 -1
v 0.2 0.7 -1
v -0.9 0.7 -1.4
v -0.8 0.7 -1.4
v -0.7 0.7 -1.4
v 1.19209e-07 0.7 -1.4
v 0.1 0.7 -1.4
v 0.2 0.7 -1.4
v -0.8 0.7 -1.5
v -0.7 0.7 -1.5
v -0.6 0.7 -1.5
v -0.0999999 0.7 -1.5
v 1.19209e-07 0.7 -1.5
v 0.1 0.7 -1.5
v -0.7 0.7 -1.6
v -0.6 0.7 -1.6
v -0.0999999 0.7 -1.6
v 1.19209e-07 0.7 -1.6
v -0.6 0.7 -1.7
v -0.0999999 0.7 -1.7
v -0.0999999 0.8 1.5
v 1.19209e-07 0.8 1.5
v 1.19209e-07 0.8 1.4
v -0.7 0.8 1.3
v -0.6 0.8 1.3
v -0.5 0.8 1.3
v -0.3 0.8 1.3
v -0.0999999 0.8 1.3
v 1.19209e-07 0.8 1.3
v -0.7 0.8 1.2
v -0.6 0.8 1.2
v -0.5 0.8 1.2
v -0.3 0.8 1.2
v -0.0999999 0.8 1.2
v -0.5 0.8 1.1
v -0.2 0.8 1.1
v -0.0999999 0.8 1.1
v -0.2 0.8 1
v -0.0999999 0.8 1
v 1.19209e-07 0.8 1
v 0.1 0.8 1
v -1.2 0.8 0.8
v -1.1 0.8 0.8
v -0.9 0.8 0.8
v -0.8 0.8 0.8
v -0.7 0.8 0.8
v -1.2 0.8 0.7
v -1.1 0.8 0.7
v -0.8 0.8 0.7
v -0.7 0.8 0.7
v -1 0.8 0.6
v -0.9 0.8 0.6
v 1.19209e-07 0.8 0.6
v -1 0.8 0.5
v -0.8 0.8 0.5
v 1.19209e-07 0.8 0.5
v 0.1 0.8 0.5
v 0.2 0.8 -1.1
v 0.3 0.8 -1.1
v 0.4 0.8 -1.1
v 0.2 0.8 -1.2
v 0.3 0.8 -1.2
v 0.4 0.8 -1.2
v 0.5 0.8 -1.2
v 0.3 0.8 -1.3
v 0.4 0.8 -1.3
v 0.5 0.8 -1.3
v -0.2 0.9 1.4
v -0.0999999 0.9 1.4
v -0.3 0.9 1.3
v -0.2 0.9 1.3
v -0.0999999 0.9 1.3
v -0.7 0.9 1.2
v -0.6 0.9 1.2
v -0.3 0.9 1.2
v -0.0999999 0.9 1.2
v 1.19209e-07 0.9 1.2
v -0.7 0.9 1.1
v -0.6 0.9 1.1
v -0.0999999 0.9 1.1
v -0.0999999 0.9 1
v 1.19209e-07 0.9 1
v 0.1 0.9 1
v 0.3 0.9 1
v 0.1 0.9 0.9
v 0.3 0.9 0.9
v -1.1 0.9 0.7
v -0.9 0.9 0.7
v -1.1 0.9 0.6
v -1 0.9 0.6
v -0.9 0.9 0.6
v 0.5 0.9 -1.2
v 0.6 0.9 -1.2
v -0.9 0.9 -1.3
v -0.8 0.9 -1.3
v 0.5 0.9 -1.3
v 0.6 0.9 -1.3
v -0.9 0.9 -1.4
v -0.8 0.9 -1.4
v -0.5 1 1.3
v -0.3 1 1.3
v -0.5 1 1.2
v -0.3 1 1.2
v 1.19209e-07 1 1.2
v 0.1 1 1.2
v 1.19209e-07 1 1
v 0.1 1 1
v -0.9 1 0.9
v -0.8 1 0.9
v 0.1 1 0.9
v 0.2 1 0.9
v -0.9 1 0.7
v -0.8 1 0.7
v 0.1 1 0.6
v 0.2 1 0.6
v -0.7 1 0.5
v -0.6 1 0.5
v -0.0999999 1 0.5
v 1.19209e-07 1 0.5
v -0.7 1 0.4
v -0.6 1 0.4
v -0.5 1 0.4
v -0.2 1 0.4
v -0.0999999 1 0.4
v 1.19209e-07 1 0.4
v -0.5 1 0.3
v -0.2 1 0.3
v -1 1 -1.3
v -0.9 1 -1.3
v -1 1 -1.4
v -0.9 1 -1.4
v -0.0999999 1.1 1.4
v 1.19209e-07 1.1 1.4
v -0.0999999 1.1 1.2
v 1.19209e-07 1.1 1.2
v 0.1 1.1 1.1
v 0.2 1.1 1.1
v 0.1 1.1 1
v 0.1 1.1 0.9
v 0.2 1.1 0.9
v -1 1.1 -1.4
v -0.9 1.1 -1.4
v -1 1.1 -1.5
v -0.9 1.1 -1.5
v -0.6 1.2 1.2
v -0.5 1.2 1.2
v -0.6 1.2 1.1
v -0.5 1.2 1.1
v -0.9 1.2 1
v -0.8 1.2 1
v 0.2 1.2 1
v 0.3 1.2 1
v -0.9 1.2 0.9
v -0.8 1.2 0.9
v 0.2 1.2 0.9
v -0.9 1.2 0.6
v -0.8 1.2 0.6
v 0.1 1.2 0.6
v 0.2 1.2 0.6
v 0.3 1.2 0.6
v -0.9 1.2 0.5
v -0.8 1.2 0.5
v 0.1 1.2 0.5
v 0.2 1.2 0.5
v -0.6 1.2 0.4
v -0.5 1.2 0.4
v -0.2 1.2 0.4
v -0.0999999 1.2 0.4
v -0.6 1.2 0.3
v -0.5 1.2 0.3
v -0.2 1.2 0.3
v -0.0999999 1.2 0.3
v -1.1 1.2 -1.4
v -1 1.2 -1.4
v -0.0999999 1.2 -1.4
v 1.19209e-07 1.2 -1.4
v -1.1 1.2 -1.5
v -1 1.2 -1.5
v -0.0999999 1.2 -1.5
v 1.19209e-07 1.2 -1.5
v -0.0999999 1.2 -1.6
v 1.19209e-07 1.2 -1.6
v 1.19209e-07 1.3 1.2
v 0.1 1.3 1.2
v 1.19209e-07 1.3 1.1
v 0.1 1.3 1.1
v 0.2 1.3 0.6
v 0.3 1.3 0.6
v 1.19209e-07 1.3 0.5
v 0.1 1.3 0.5
v 0.2 1.3 0.5
v 0.3 1.3 0.5
v -0.0999999 1.3 0.4
v 1.19209e-07 1.3 0.4
v 0.1 1.3 0.4
v -0.0999999 1.3 0.3
v 1.19209e-07 1.3 0.3
v 1.19209e-07 1.3 -1.5
v 0.1 1.3 -1.5
v -0.4 1.3 -1.6
v -0.3 1.3 -1.6
v 1.19209e-07 1.3 -1.6
v 0.1 1.3 -1.6
v -0.4 1.3 -1.7
v -0.3 1.3 -1.7
v 0.3 1.4 1
v 0.4 1.4 1
v 0.3 1.4 0.9
v 0.4 1.4 0.9
v 0.3 1.5 0.9
v 0.4 1.5 0.9
v 0.3 1.5 0.7
v 0.4 1.5 0.7
v 1.19209e-07 1.5 0.5
v 0.2 1.5 0.5
v 0.3 1.5 0.5
v 1.19209e-07 1.5 0.4
v 0.3 1.5 0.4
v -0.0999999 1.6 0.4
v 1.19209e-07 1.6 0.4
v -0.3 1.6 0.3
v -0.0999999 1.6 0.3
v 1.19209e-07 1.6 0.3
v -0.3 1.6 0.2
v -0.0999999 1.6 0.2
v -0.5 1.7 0.3
v -0.3 1.7 0.3
v -0.5 1.7 0.2
v -0.3 1.7 0.2
v 0.2 1.8 0.6
v 0.3 1.8 0.6
v 0.1 1.8 0.5
v 0.2 1.8 0.5
v 0.3 1.8 0.5
v -0.7 1.8 0.4
v -0.6 1.8 0.4
v 1.19209e-07 1.8 0.4
v 0.1 1.8 0.4
v 0.2 1.8 0.4
v -0.7 1.8 0.3
v -0.6 1.8 0.3
v 1.19209e-07 1.8 0.3
v 0.1 1.8 0.3
v -0.8 1.9 0.5
v -0.7 1.9 0.5
v -0.8 1.9 0.4
v -0.7 1.9 0.4
v -0.9 2 0.5
v -0.8 2 0.5
v -0.9 2 0.4
v -0.8 2 0.4
v -0.7 2 0.4
v -0.8 2 0.3
v -0.7 2 0.3
v -0.0999999 2 0.3
v -0.7 2 0.2
v -0.0999999 2 0.2
v -1 2.1 0.8
v -0.9 2.1 0.8
v -0.8 2.1 0.8
v 0.1 2.1 0.8
v 0.2 2.1 0.8
v -1 2.1 0.5
v -0.9 2.1 0.5
v -0.8 2.1 0.5
v 0.1 2.1 0.5
v 0.2 2.1 0.5
v -0.0999999 2.1 0.4
v 1.19209e-07 2.1 0.4
v -0.8 2.1 0.3
v -0.7 2.1 0.3
v -0.0999999 2.1 0.3
v 1.19209e-07 2.1 0.3
v -0.8 2.1 0.2
v -0.7 2.1 0.2
v -0.5 2.1 0.2
v -0.3 2.1 0.2
v -0.5 2.1 0.0999999
v -0.3 2.1 0.0999999
v -0.8 2.2 1
v -0.7 2.2 1
v -1 2.2 0.9
v -0.8 2.2 0.9
v -0.7 2.2 0.9
v -1.4 2.2 0.8
v -1.3 2.2 0.8
v -1 2.2 0.8
v -0.9 2.2 0.8
v -0.8 2.2 0.8
v -1.4 2.2 0.7
v -1.3 2.2 0.7
v -1.1 2.2 0.7
v -1 2.2 0.7
v -1.1 2.2 0.6
v -1 2.2 0.6
v -0.6 2.2 0.2
v -0.5 2.2 0.2
v -0.6 2.2 0.0999999
v -0.5 2.2 0.0999999
v -0.8 2.3 1.1
v -0.6 2.3 1.1
v -0.8 2.3 1
v -0.7 2.3 1
v -0.6 2.3 1
v -1.3 2.3 0.8
v -1.2 2.3 0.8
v 0.5 2.3 0.8
v 0.6 2.3 0.8
v -1.3 2.3 0.7
v -1.2 2.3 0.7
v 0.5 2.3 0.7
v 0.6 2.3 0.7
v -1 2.3 0.5
v -0.9 2.3 0.5
v -1 2.3 0.4
v -0.9 2.3 0.4
v -0.8 2.3 0.3
v -0.7 2.3 0.3
v -0.8 2.3 0.2
v -0.7 2.3 0.2
v -0.7 2.4 1.2
v -0.4 2.4 1.2
v -0.7 2.4 1.1
v -0.6 2.4 1.1
v -0.5 2.4 1.1
v -0.4 2.4 1.1
v -0.2 2.4 1.1
v -0.0999999 2.4 1.1
v -0.9 2.4 1
v -0.8 2.4 1
v -0.6 2.4 1
v -0.5 2.4 1
v -0.2 2.4 1
v -0.0999999 2.4 1
v -1 2.4 0.9
v -0.9 2.4 0.9
v -0.8 2.4 0.9
v 0.1 2.4 0.9
v 0.2 2.4 0.9
v -1.2 2.4 0.8
v -1.1 2.4 0.8
v -1 2.4 0.8
v -0.9 2.4 0.8
v 0.1 2.4 0.8
v 0.2 2.4 0.8
v -1.2 2.4 0.7
v -1.1 2.4 0.7
v 0.1 2.4 0.5
v 0.2 2.4 0.5
v 0.1 2.4 0.4
v 0.2 2.4 0.4
v -0.2 2.4 0.3
v -0.0999999 2.4 0.3
v -0.2 2.4 0.2
v -0.0999999 2.4 0.2
v -0.4 2.5 1.2
v -0.2 2.5 1.2
v -0.4 2.5 1.1
v -0.3 2.5 1.1
v -0.2 2.5 1.1
v -1.1 2.5 0.8
v -1 2.5 0.8
v 0.4 2.5 0.8
v 0.5 2.5 0.8
v -1.1 2.5 0.7
v -1 2.5 0.7
v 0.4 2.5 0.7
v 0.5 2.5 0.7
v -0.2 2.6 1.2
v -0.0999999 2.6 1.2
v -0.2 2.6 1.1
v -0.0999999 2.6 1.1
v 0.2 2.6 0.8
v 0.3 2.6 0.8
v 0.4 2.6 0.8
v 0.2 2.6 0.7
v 0.3 2.6 0.7
v 0.4 2.6 0.7
v -0.0999999 2.7 1.1
v 1.19209e-07 2.7 1.1
v -0.0999999 2.7 1
v 1.19209e-07 2.7 1
v -0.6 2.8 1.3
v -0.5 2.8 1.3
v -0.6 2.8 1.2
v -0.5 2.8 1.2
v 1.19209e-07 2.9 1
v 0.2 2.9 1
v 1.19209e-07 2.9 0.9
v 0.2 2.9 0.9
v -0.0999999 3.1 1.2
v 1.19209e-07 3.1 1.2
v -0.0999999 3.1 1.1
v 1.19209e-07 3.1 1.1
v 0.2 3.1 0.9
v 0.3 3.1 0.9
v 0.2 3.1 0.7
v 0.3 3.1 0.7
v -1.3 3.2 0.8
v -1.1 3.2 0.8
v -1.3 3.2 0.7
v -1.1 3.2 0.7
v 0.2 3.2 0.7
v 0.3 3.2 0.7
v 0.2 3.2 0.5
v 0.3 3.2 0.5
v 1.19209e-07 3.2 0.4
v 0.1 3.2 0.4
v 1.19209e-07 3.2 0.3
v 0.1 3.2 0.3
v 0.4 3.3 0.8
v 0.5 3.3 0.8
v -1.2 3.3 0.7
v -1.1 3.3 0.7
v 0.4 3.3 0.7
v 0.5 3.3 0.7
v -1.2 3.3 0.6
v -1.1 3.3 0.6
v -0.0999999 3.3 0.3
v 1.19209e-07 3.3 0.3
v -0.0999999 3.3 0.2
v 1.19209e-07 3.3 0.2
v -1.1 3.4 0.7
v -1 3.4 0.7
v -0.9 3.4 0.7
v -1.1 3.4 0.6
v -1 3.4 0.6
v -0.9 3.4 0.6
v 0.1 3.4 0.4
v 0.2 3.4 0.4
v 0.1 3.4 0.3
v 0.2 3.4 0.3
v 0.2 3.5 0.8
v 0.4 3.5 0.8
v -0.9 3.5 0.7
v -0.8 3.5 0.7
v 0.2 3.5 0.7
v 0.4 3.5 0.7
v -0.9 3.5 0.6
v -0.8 3.5 0.6
v 0.2 3.6 1.3
v 0.3 3.6 1.3
v -0.5 3.6 1.2
v -0.2 3.6 1.2
v 0.2 3.6 1.2
v 0.3 3.6 1.2
v -0.6 3.6 1.1
v -0.5 3.6 1.1
v -0.2 3.6 1.1
v -0.0999999 3.6 1.1
v -0.6 3.6 1
v -0.4 3.6 1
v -0.3 3.6 1
v -0.2 3.6 1
v -0.0999999 3.6 1
v 0.1 3.6 0.8
v 0.2 3.6 0.8
v 0.1 3.6 0.7
v 0.2 3.6 0.7
v -1 3.7 1.5
v -0.9 3.7 1.5
v -1 3.7 1.4
v -0.9 3.7 1.4
v -0.6 3.7 1.3
v 0.1 3.7 1.3
v 0.2 3.7 1.3
v -0.7 3.7 1.2
v -0.6 3.7 1.2
v -0.5 3.7 1.2
v -0.2 3.7 1.2
v 1.19209e-07 3.7 1.2
v 0.1 3.7 1.2
v 0.2 3.7 1.2
v -0.6 3.7 1.1
v -0.5 3.7 1.1
v -0.2 3.7 1.1
v -0.0999999 3.7 1.1
v -0.0999999 3.7 1
v -0.7 3.7 0.9
v -0.6 3.7 0.9
v -0.0999999 3.7 0.9
v 1.19209e-07 3.7 0.9
v 1.19209e-07 3.7 0.8
v 0.1 3.7 0.8
v 1.19209e-07 3.7 0.7
v 0.1 3.7 0.7
v -0.9 3.8 1.5
v -0.8 3.8 1.5
v -0.9 3.8 1.4
v -0.8 3.8 1.4
v -0.7 3.8 1.4
v -0.6 3.8 1.4
v -0.0999999 3.8 1.4
v -0.9 3.8 1.3
v -0.8 3.8 1.3
v -0.7 3.8 1.3
v -0.6 3.8 1.3
v -0.0999999 3.8 1.3
v -0.7 3.8 1.2
v -0.6 3.8 1.2
v 1.19209e-07 3.8 1.2
v 0.1 3.8 1.2
v 1.19209e-07 3.8 0.8
v 0.1 3.8 0.8
v -0.8 3.8 0.7
v -0.7 3.8 0.7
v -0.5 3.9 1.5
v -0.2 3.9 1.5
v -0.7 3.9 1.4
v -0.6 3.9 1.4
v -0.5 3.9 1.4
v -0.2 3.9 1.4
v -0.0999999 3.9 1.4
v 1.19209e-07 3.9 1.4
v -0.7 3.9 1.3
v -0.6 3.9 1.3
v -0.0999999 3.9 1.3
v 1.19209e-07 3.9 1.3
v 0.1 3.9 1.3
v 1.19209e-07 3.9 1.2
v 0.1 3.9 1.2
v -0.9 3.9 1.1
v -0.8 3.9 1.1
v 0.1 3.9 1.1
v 0.2 3.9 1.1
v -0.9 3.9 0.8
v -0.8 3.9 0.8
v 0.1 3.9 0.8
v 0.2 3.9 0.8
v -0.8 3.9 0.7
v -0.7 3.9 0.7
v 1.19209e-07 3.9 0.7
v 0.1 3.9 0.7
v -0.8 3.9 0.6
v -0.7 3.9 0.6
v -0.6 3.9 0.6
v -0.0999999 3.9 0.6
v 1.19209e-07 3.9 0.6
v 0.1 3.9 0.6
v -0.7 3.9 0.5
v -0.6 3.9 0.5
v -0.0999999 3.9 0.5
v 1.19209e-07 3.9 0.5
v -0.6 4 1.5
v -0.5 4 1.5
v -0.2 4 1.5
v -0.0999999 4 1.5
v -0.6 4 1.4
v -0.5 4 1.4
v -0.2 4 1.4
v -0.0999999 4 1.4
v -0.9 4 1.2
v -0.8 4 1.2
v 0.1 4 1.2
v 0.2 4 1.2
v -0.9 4 1.1
v -0.8 4 1.1
v 0.1 4 1.1
v 0.2 4 1.1
v -0.9 4 0.8
v -0.8 4 0.8
v 0.1 4 0.8
v 0.2 4 0.8
v -0.9 4 0.7
v -0.8 4 0.7
v 0.1 4 0.7
v 0.2 4 0.7
v -0.6 4 0.5
v -0.5 4 0.5
v -0.2 4 0.5
v -0.0999999 4 0.5
v -0.6 4 0.4
v -0.5 4 0.4
v -0.2 4 0.4
v -0.0999999 4 0.4
v -0.7 4.1 1.5
v -0.6 4.1 1.5
v -0.0999999 4.1 1.5
v 1.19209e-07 4.1 1.5
v -0.7 4.1 1.4
v -0.6 4.1 1.4
v -0.0999999 4.1 1.4
v 1.19209e-07 4.1 1.4
v -1.2 4.1 1
v -1.1 4.1 1
v -1.2 4.1 0.9
v -1.1 4.1 0.9
v 0.5 4.1 0.9
v 0.6 4.1 0.9
v 0.5 4.1 0.8
v 0.6 4.1 0.8
v -1.1 4.2 1
v -1 4.2 1
v -0.9 4.2 1
v -1.1 4.2 0.9
v -1 4.2 0.9
v -0.9 4.2 0.9
v 0.2 4.2 0.9
v 0.4 4.2 0.9
v 0.5 4.2 0.9
v 0.2 4.2 0.8
v 0.4 4.2 0.8
v 0.5 4.2 0.8
v 0.1 4.3 0.7
v 0.2 4.3 0.7
v 0.3 4.3 0.7
v 0.1 4.3 0.6
v 0.3 4.3 0.6
v 0.2 4.4 0.6
v 0.3 4.4 0.6
v 0.2 4.4 0.5
v 0.3 4.4 0.5
v 0.3 4.5 0.6
v 0.4 4.5 0.6
v 0.3 4.5 0.5
v 0.4 4.5 0.5
v -0.8 4.7 0.8
v -0.7 4.7 0.8
v -0.8 4.7 0.7
v -0.7 4.7 0.7
v -0.0999999 4.8 1
v 1.19209e-07 4.8 1
v -0.0999999 4.8 0.9
v 1.19209e-07 4.8 0.9
v -0.9 4.8 0.7
v -0.8 4.8 0.7
v -0.9 4.8 0.6
v -0.8 4.8 0.6
v -0.0999999 4.9 1.1
v 1.19209e-07 4.9 1.1
v -0.0999999 4.9 1
v 1.19209e-07 4.9 1
v -1.6 0.1 1
v -1.5 0.1 1
v -1.6 0.1 0.9
v -1.5 0.1 0.9
v 0.7 0.2 1.2
v 0.8 0.2 1.2
v 0.7 0.2 1.1
v 0.8 0.2 1.1
v -1.5 0.2 1
v -1.4 0.2 1
v -1.5 0.2 0.9
v -1.4 0.2 0.9
v -1.5 0.2 0.2
v -1.4 0.2 0.2
v -1.5 0.2 0.0999999
v -1.4 0.2 0.0999999
v -1.4 0.2 -1
v -1.3 0.2 -1
v -1.4 0.2 -1.1
v -1.3 0.2 -1.1
v -1.4 0.3 0.2
v -1.3 0.3 0.2
v -1.4 0.3 0.0999999
v -1.3 0.3 0.0999999
v -1.3 0.3 -1
v -1.2 0.3 -1
v -1.3 0.3 -1.1
v -1.2 0.3 -1.1
v -0.7 0.4 1.8
v -0.6 0.4 1.8
v 0.2 0.4 1.8
v 0.4 0.4 1.8
v -0.7 0.4 1.7
v -0.6 0.4 1.7
v 0.3 0.4 1.7
v 0.4 0.4 1.7
v 0.2 0.4 1.6
v 0.3 0.4 1.6
v -1.5 0.4 0.9
v -1.4 0.4 0.9
v -1.5 0.4 0.8
v -1.4 0.4 0.8
v -1.3 0.4 0.2
v -1.1 0.4 0.2
v -1.3 0.4 0.0999999
v -1.1 0.4 0.0999999
v 0.5 0.4 -0.4
v 0.6 0.4 -0.4
v 0.7 0.4 -0.4
v 0.5 0.4 -0.5
v 0.6 0.4 -0.5
v 0.7 0.4 -0.5
v -1.3 0.4 -0.9
v -1.2 0.4 -0.9
v -0.6 0.4 -0.9
v -0.5 0.4 -0.9
v -1.3 0.4 -1
v -1.2 0.4 -1
v -0.6 0.4 -1
v -0.5 0.4 -1
v -0.7 0.5 1.7
v -0.6 0.5 1.7
v -0.7 0.5 1.6
v -0.6 0.5 1.6
v 0.2 0.5 1.6
v 0.3 0.5 1.6
v 0.2 0.5 1.5
v 0.3 0.5 1.5
v 0.6 0.5 1.2
v 0.7 0.5 1.2
v 0.6 0.5 1.1
v 0.7 0.5 1.1
v 0.3 0.5 -0.4
v 0.4 0.5 -0.4
v 0.5 0.5 -0.4
v 0.3 0.5 -0.5
v 0.4 0.5 -0.5
v 0.5 0.5 -0.5
v -1.2 0.5 -0.9
v -1.1 0.5 -0.9
v -1 0.5 -0.9
v -1.2 0.5 -1
v -1 0.5 -1
v 0.5 0.6 1.2
v 0.6 0.6 1.2
v 0.5 0.6 1.1
v 0.6 0.6 1.1
v -1.4 0.6 0.9
v -1.3 0.6 0.9
v -1.4 0.6 0.8
v -1.3 0.6 0.8
v -0.9 0.6 0.4
v -0.8 0.6 0.4
v 0.1 0.6 0.4
v 0.2 0.6 0.4
v -0.9 0.6 0.3
v -0.8 0.6 0.3
v 0.1 0.6 0.3
v 0.2 0.6 0.3
v -1.1 0.6 0.2
v -1 0.6 0.2
v -0.9 0.6 0.2
v -1.1 0.6 0.0999999
v -1 0.6 0.0999999
v -0.9 0.6 0.0999999
v -0.9 0.6 -0.2
v -0.8 0.6 -0.2
v 0.1 0.6 -0.2
v 0.2 0.6 -0.2
v -0.9 0.6 -0.3
v -0.8 0.6 -0.3
v 0.1 0.6 -0.3
v 0.2 0.6 -0.3
v 0.1 0.6 -0.4
v 0.3 0.6 -0.4
v 0.1 0.6 -0.5
v 0.2 0.6 -0.5
v 0.3 0.6 -0.5
v -1.1 0.6 -0.7
v -0.9 0.6 -0.7
v -1 0.6 -0.8
v -0.9 0.6 -0.8
v -1.1 0.6 -0.9
v -1 0.6 -0.9
v 0.5 0.7 1.1
v 0.6 0.7 1.1
v 0.5 0.7 1
v 0.6 0.7 1
v -0.8 0.7 0.8
v -0.7 0.7 0.8
v -0.8 0.7 0.7
v -0.7 0.7 0.7
v -0.9 0.7 0.6
v -0.8 0.7 0.6
v 1.19209e-07 0.7 0.6
v 0.1 0.7 0.6
v -0.9 0.7 0.5
v -0.8 0.7 0.5
v -0.7 0.7 0.5
v -0.6 0.7 0.5
v -0.0999999 0.7 0.5
v 1.19209e-07 0.7 0.5
v 0.1 0.7 0.5
v -0.8 0.7 0.4
v -0.7 0.7 0.4
v -0.6 0.7 0.4
v -0.0999999 0.7 0.4
v 1.19209e-07 0.7 0.4
v -0.9 0.7 0.3
v -0.8 0.7 0.3
v 0.1 0.7 0.3
v 0.2 0.7 0.3
v 1.19209e-07 0.7 0.2
v 0.1 0.7 0.2
v -0.8 0.7 0
v -0.7 0.7 0
v 0.1 0.7 0
v 0.2 0.7 0
v -0.9 0.7 -0.2
v -0.8 0.7 -0.2
v 0.1 0.7 -0.2
v 0.2 0.7 -0.2
v -0.7 0.7 -0.3
v -0.8 0.7 -0.4
v -0.7 0.7 -0.4
v 1.19209e-07 0.7 -0.4
v 0.1 0.7 -0.4
v -0.9 0.7 -0.5
v -0.8 0.7 -0.5
v 0.1 0.7 -0.5
v 0.2 0.7 -0.5
v -0.9 0.7 -0.6
v -0.8 0.7 -0.6
v 0.1 0.7 -0.6
v 0.2 0.7 -0.6
v -0.7 0.8 1.6
v -0.6 0.8 1.6
v 1.19209e-07 0.8 1.6
v 0.2 0.8 1.6
v 1.19209e-07 0.8 1.5
v 0.1 0.8 1.5
v 0.2 0.8 1.5
v -0.7 0.8 1.4
v -0.6 0.8 1.4
v -0.7 0.8 1.2
v -0.6 0.8 1.2
v -0.7 0.8 1.1
v -0.6 0.8 1.1
v 0.4 0.8 1.1
v 0.5 0.8 1.1
v 0.4 0.8 1
v 0.4 0.8 0.9
v 0.5 0.8 0.9
v -1.4 0.8 0.8
v -1.3 0.8 0.8
v -1.4 0.8 0.7
v -1.3 0.8 0.7
v -0.8 0.8 0.4
v -0.7 0.8 0.4
v -0.6 0.8 0.4
v -0.5 0.8 0.4
v -0.2 0.8 0.4
v -0.0999999 0.8 0.4
v 1.19209e-07 0.8 0.4
v -0.6 0.8 0.3
v -0.5 0.8 0.3
v -0.2 0.8 0.3
v -0.0999999 0.8 0.3
v -0.0999999 0.8 0.2
v 1.19209e-07 0.8 0.2
v -0.8 0.8 0
v -0.7 0.8 0
v -0.6 0.8 -0.2
v -0.2 0.8 -0.2
v -0.0999999 0.8 -0.2
v -0.7 0.8 -0.3
v -0.6 0.8 -0.3
v -0.2 0.8 -0.3
v -0.0999999 0.8 -0.3
v -0.8 0.8 -0.4
v -0.7 0.8 -0.4
v -0.0999999 0.8 -0.4
v 1.19209e-07 0.8 -0.4
v 0.1 0.8 -0.4
v -0.8 0.8 -0.5
v -0.7 0.8 -0.5
v 1.19209e-07 0.8 -0.5
v 0.1 0.8 -0.5
v -0.9 0.8 -0.6
v -0.8 0.8 -0.6
v 0.1 0.8 -0.6
v 0.2 0.8 -0.6
v 0.1 0.8 -0.9
v 0.2 0.8 -0.9
v -0.9 0.8 -1
v -0.8 0.8 -1
v -0.9 0.8 -1.3
v -0.8 0.8 -1.3
v 0.1 0.8 -1.3
v 0.2 0.8 -1.3
v -0.9 0.8 -1.4
v -0.8 0.8 -1.4
v 0.1 0.8 -1.4
v 0.2 0.8 -1.4
v -0.6 0.8 -1.6
v -0.5 0.8 -1.6
v -0.2 0.8 -1.6
v -0.0999999 0.8 -1.6
v -0.6 0.8 -1.7
v -0.5 0.8 -1.7
v -0.2 0.8 -1.7
v -0.0999999 0.8 -1.7
v -0.0999999 0.9 1.5
v 0.1 0.9 1.5
v -0.7 0.9 1.4
v -0.6 0.9 1.4
v -0.0999999 0.9 1.4
v 1.19209e-07 0.9 1.4
v 0.1 0.9 1.4
v -0.7 0.9 1.3
v -0.6 0.9 1.3
v -0.5 0.9 1.3
v -0.3 0.9 1.3
v -0.5 0.9 1.2
v -0.3 0.9 1.2
v -0.9 0.9 0.9
v -0.8 0.9 0.9
v -1.3 0.9 0.8
v -1.2 0.9 0.8
v -1.3 0.9 0.7
v -1.2 0.9 0.7
v -0.9 0.9 0.7
v -0.8 0.9 0.7
v -1 0.9 0.6
v -0.8 0.9 0.6
v -1 0.9 0.5
v -0.8 0.9 0.5
v -0.5 0.9 0.4
v -0.2 0.9 0.4
v -0.6 0.9 0.3
v -0.5 0.9 0.3
v -0.2 0.9 0.3
v -0.0999999 0.9 0.3
v -0.6 0.9 -0.2
v -0.5 0.9 -0.2
v -0.2 0.9 -0.2
v -0.0999999 0.9 -0.2
v -0.7 0.9 -0.3
v -0.6 0.9 -0.3
v -0.5 0.9 -0.3
v -0.2 0.9 -0.3
v -0.0999999 0.9 -0.3
v -0.7 0.9 -0.4
v -0.6 0.9 -0.4
v -0.0999999 0.9 -0.4
v 1.19209e-07 0.9 -0.4
v -0.8 0.9 -0.5
v -0.7 0.9 -0.5
v -0.6 0.9 -0.5
v -0.0999999 0.9 -0.5
v 1.19209e-07 0.9 -0.5
v 0.1 0.9 -0.5
v -0.8 0.9 -0.6
v -0.7 0.9 -0.6
v -0.8 0.9 -0.8
v -0.7 0.9 -0.8
v 1.19209e-07 0.9 -0.8
v 0.1 0.9 -0.8
v 0.1 0.9 -0.9
v 0.2 0.9 -0.9
v -0.9 0.9 -1
v -0.8 0.9 -1
v 0.1 0.9 -1.1
v 0.2 0.9 -1.1
v 0.3 0.9 -1.1
v 0.4 0.9 -1.1
v 0.2 0.9 -1.2
v 0.3 0.9 -1.2
v 0.4 0.9 -1.2
v 0.5 0.9 -1.2
v -0.9 0.9 -1.3
v -0.8 0.9 -1.3
v 0.1 0.9 -1.3
v 0.2 0.9 -1.3
v 0.3 0.9 -1.3
v 0.4 0.9 -1.3
v 0.5 0.9 -1.3
v -0.8 0.9 -1.4
v -0.7 0.9 -1.4
v 1.19209e-07 0.9 -1.4
v 0.1 0.9 -1.4
v -0.8 0.9 -1.5
v -0.7 0.9 -1.5
v -0.6 0.9 -1.5
v -0.0999999 0.9 -1.5
v 1.19209e-07 0.9 -1.5
v 0.1 0.9 -1.5
v -0.7 0.9 -1.6
v -0.6 0.9 -1.6
v -0.5 0.9 -1.6
v -0.4 0.9 -1.6
v -0.3 0.9 -1.6
v -0.2 0.9 -1.6
v -0.0999999 0.9 -1.6
v 1.19209e-07 0.9 -1.6
v -0.5 0.9 -1.7
v -0.4 0.9 -1.7
v -0.3 0.9 -1.7
v -0.2 0.9 -1.7
v -0.0999999 1 1.4
v 1.19209e-07 1 1.4
v -0.7 1 1.3
v -0.6 1 1.3
v -0.0999999 1 1.3
v 1.19209e-07 1 1.3
v -0.6 1 1.2
v -0.8 1 1.1
v -0.7 1 1.1
v -0.6 1 1.1
v -0.8 1 1
v -0.7 1 1
v 0.1 1 1
v 0.4 1 1
v 0.1 1 0.9
v 0.2 1 0.9
v 0.4 1 0.9
v -1.2 1 0.8
v -1.1 1 0.8
v -1.2 1 0.7
v -1.1 1 0.7
v -0.9 1 0.7
v -1.1 1 0.6
v -0.9 1 0.6
v -0.6 1 -0.4
v -0.0999999 1 -0.4
v -0.7 1 -0.5
v -0.6 1 -0.5
v -0.5 1 -0.5
v -0.2 1 -0.5
v -0.0999999 1 -0.5
v 1.19209e-07 1 -0.5
v -0.6 1 -0.6
v -0.5 1 -0.6
v -0.2 1 -0.6
v -0.0999999 1 -0.6
v -0.8 1 -0.8
v -0.7 1 -0.8
v -0.6 1 -0.8
v -0.0999999 1 -0.8
v 1.19209e-07 1 -0.8
v 0.1 1 -0.8
v -0.6 1 -0.9
v -0.5 1 -0.9
v 1.19209e-07 1 -0.9
v 0.1 1 -0.9
v -0.6 1 -1
v -0.5 1 -1
v 1.19209e-07 1 -1.1
v 0.1 1 -1.1
v -0.0999999 1 -1.2
v 0.5 1 -1.2
v 0.6 1 -1.2
v -0.8 1 -1.3
v -0.6 1 -1.3
v -0.5 1 -1.3
v -0.2 1 -1.3
v -0.0999999 1 -1.3
v 0.5 1 -1.3
v 0.6 1 -1.3
v -0.8 1 -1.4
v -0.7 1 -1.4
v -0.2 1 -1.4
v -0.0999999 1 -1.4
v 1.19209e-07 1 -1.4
v 0.1 1 -1.4
v -0.7 1 -1.5
v -0.6 1 -1.5
v -0.2 1 -1.5
v -0.0999999 1 -1.5
v 1.19209e-07 1 -1.5
v -0.6 1 -1.6
v -0.5 1 -1.6
v -0.2 1 -1.6
v -0.0999999 1 -1.6
v -0.2 1.1 1.4
v -0.0999999 1.1 1.4
v -0.5 1.1 1.3
v -0.4 1.1 1.3
v -0.2 1.1 1.3
v -0.0999999 1.1 1.3
v -0.6 1.1 1.2
v -0.5 1.1 1.2
v -0.4 1.1 1.2
v -0.6 1.1 1.1
v -0.5 1.1 1.1
v -0.5 1.1 -0.5
v -0.2 1.1 -0.5
v -0.6 1.1 -0.6
v -0.5 1.1 -0.6
v -0.3 1.1 -0.6
v -0.2 1.1 -0.6
v -0.0999999 1.1 -0.6
v -0.3 1.1 -0.7
v -0.2 1.1 -0.7
v -0.2 1.1 -0.8
v -0.0999999 1.1 -0.8
v -0.6 1.1 -0.9
v -0.5 1.1 -0.9
v -0.6 1.1 -1
v -0.5 1.1 -1
v -0.4 1.1 -1
v -0.4 1.1 -1.1
v -0.3 1.1 -1.1
v -0.3 1.1 -1.2
v -0.0999999 1.1 -1.2
v -0.9 1.1 -1.3
v -0.8 1.1 -1.3
v -0.6 1.1 -1.3
v -0.5 1.1 -1.3
v -0.2 1.1 -1.3
v -0.0999999 1.1 -1.3
v -0.9 1.1 -1.4
v -0.8 1.1 -1.4
v -0.4 1.1 -1.4
v -0.3 1.1 -1.4
v -0.2 1.1 -1.4
v -0.2 1.1 -1.5
v -0.5 1.1 -1.6
v -0.4 1.1 -1.6
v -0.3 1.1 -1.6
v -0.2 1.1 -1.6
v -0.4 1.1 -1.7
v -0.3 1.1 -1.7
v -0.0999999 1.2 1.4
v 1.19209e-07 1.2 1.4
v -0.4 1.2 1.3
v -0.3 1.2 1.3
v -0.0999999 1.2 1.3
v 1.19209e-07 1.2 1.3
v -0.4 1.2 1.2
v -0.3 1.2 1.2
v 1.19209e-07 1.2 1.2
v 0.1 1.2 1.2
v 1.19209e-07 1.2 1.1
v 0.1 1.2 1.1
v -1 1.2 -1.3
v -0.9 1.2 -1.3
v -1 1.2 -1.4
v -0.9 1.2 -1.4
v -0.4 1.2 -1.4
v -0.3 1.2 -1.4
v -0.4 1.2 -1.5
v -0.3 1.2 -1.5
v -0.3 1.3 1.3
v -0.2 1.3 1.3
v 1.19209e-07 1.3 1.3
v -0.3 1.3 1.2
v -0.2 1.3 1.2
v -0.0999999 1.3 1.2
v 1.19209e-07 1.3 1.2
v -1 1.3 -1.4
v -0.9 1.3 -1.4
v -0.2 1.3 -1.4
v -0.0999999 1.3 -1.4
v 1.19209e-07 1.3 -1.4
v -1 1.3 -1.5
v -0.9 1.3 -1.5
v -0.2 1.3 -1.5
v -0.0999999 1.3 -1.5
v 1.19209e-07 1.3 -1.5
v -0.0999999 1.4 1.2
v 0.1 1.4 1.2
v -0.0999999 1.4 1.1
v 1.19209e-07 1.4 1.1
v 0.1 1.4 1.1
v 1.19209e-07 1.4 0.5
v 0.1 1.4 0.5
v -0.0999999 1.4 0.4
v 1.19209e-07 1.4 0.4
v 0.1 1.4 0.4
v -0.0999999 1.4 0.3
v 1.19209e-07 1.4 0.3
v -1.1 1.4 -1.4
v -1 1.4 -1.4
v -1.1 1.4 -1.5
v -1 1.4 -1.5
v -0.4 1.4 -1.5
v -0.3 1.4 -1.5
v -0.0999999 1.4 -1.5
v 0.1 1.4 -1.5
v -0.4 1.4 -1.6
v -0.3 1.4 -1.6
v -0.0999999 1.4 -1.6
v 0.1 1.4 -1.6
v 1.19209e-07 1.5 1.1
v 0.2 1.5 1.1
v 1.19209e-07 1.5 1
v 0.2 1.5 1
v 0.3 1.5 1
v 0.4 1.5 1
v 0.3 1.5 0.9
v 0.4 1.5 0.9
v -0.4 1.5 -1.6
v -0.3 1.5 -1.6
v -0.4 1.5 -1.7
v -0.3 1.5 -1.7
v 0.2 1.6 1
v 0.3 1.6 1
v 0.3 1.6 0.9
v 0.4 1.6 0.9
v 0.2 1.6 0.8
v 0.4 1.6 0.8
v -0.6 1.7 1.2
v -0.5 1.7 1.2
v -0.2 1.7 1.2
v -0.0999999 1.7 1.2
v -0.6 1.7 1.1
v -0.5 1.7 1.1
v -0.2 1.7 1.1
v -0.0999999 1.7 1.1
v -0.9 1.7 1
v -0.8 1.7 1
v 0.1 1.7 1
v 0.2 1.7 1
v -0.9 1.7 0.9
v -0.8 1.7 0.9
v 0.1 1.7 0.9
v 0.2 1.7 0.9
v 0.2 1.7 0.8
v 0.4 1.7 0.8
v 0.2 1.7 0.7
v 0.3 1.7 0.7
v 0.4 1.7 0.7
v -0.9 1.7 0.6
v -0.8 1.7 0.6
v 0.2 1.7 0.6
v 0.3 1.7 0.6
v -0.9 1.7 0.5
v -0.8 1.7 0.5
v 0.1 1.7 0.5
v 0.2 1.7 0.5
v 0.1 1.7 0.4
v 0.3 1.7 0.4
v -0.2 1.7 0.3
v -0.0999999 1.7 0.3
v -0.2 1.7 0.2
v -0.0999999 1.7 0.2
v -0.5 1.9 1.2
v -0.4 1.9 1.2
v -0.2 1.9 1.2
v -0.7 1.9 1.1
v -0.6 1.9 1.1
v -0.5 1.9 1.1
v -0.4 1.9 1.1
v -0.3 1.9 1.1
v -0.2 1.9 1.1
v -0.0999999 1.9 1.1
v 1.19209e-07 1.9 1.1
v -0.7 1.9 1
v -0.6 1.9 1
v -0.0999999 1.9 1
v 1.19209e-07 1.9 1
v -0.9 1.9 0.9
v -0.8 1.9 0.9
v 0.1 1.9 0.9
v 0.2 1.9 0.9
v 0.1 1.9 0.8
v 0.2 1.9 0.8
v 0.2 1.9 0.7
v 0.3 1.9 0.7
v -0.9 1.9 0.6
v -0.8 1.9 0.6
v 0.1 1.9 0.6
v 0.2 1.9 0.6
v 0.1 1.9 0.5
v 0.2 1.9 0.5
v 0.3 1.9 0.5
v 1.19209e-07 1.9 0.4
v 0.1 1.9 0.4
v 0.2 1.9 0.4
v -0.5 1.9 0.3
v -0.2 1.9 0.3
v 1.19209e-07 1.9 0.3
v 0.1 1.9 0.3
v -0.5 1.9 0.2
v -0.2 1.9 0.2
v -0.0999999 2 0.4
v 1.19209e-07 2 0.4
v -0.0999999 2 0.3
v 1.19209e-07 2 0.3
v -0.6 2.1 1.1
v -0.5 2.1 1.1
v -0.2 2.1 1.1
v -0.0999999 2.1 1.1
v -0.8 2.1 1
v -0.7 2.1 1
v -0.6 2.1 1
v -0.5 2.1 1
v -0.2 2.1 1
v -0.0999999 2.1 1
v 1.19209e-07 2.1 1
v 0.1 2.1 1
v -0.8 2.1 0.9
v -0.7 2.1 0.9
v 1.19209e-07 2.1 0.9
v 0.1 2.1 0.9
v -0.2 2.1 0.3
v -0.0999999 2.1 0.3
v -0.2 2.1 0.2
v -0.0999999 2.1 0.2
v -0.8 2.2 0.3
v -0.7 2.2 0.3
v -0.8 2.2 0.2
v -0.7 2.2 0.2
v -0.4 2.2 0.2
v -0.3 2.2 0.2
v -0.4 2.2 0.0999999
v -0.3 2.2 0.0999999
v -1 2.3 0.9
v -0.9 2.3 0.9
v -1 2.3 0.8
v -0.9 2.3 0.8
v -1.1 2.3 0.7
v -1 2.3 0.7
v -1.1 2.3 0.6
v -1 2.3 0.6
v -0.6 2.3 0.2
v -0.5 2.3 0.2
v -0.4 2.3 0.2
v -0.6 2.3 0.0999999
v -0.4 2.3 0.0999999
v -0.8 2.4 1.1
v -0.7 2.4 1.1
v -0.8 2.4 1
v -0.7 2.4 1
v -1.4 2.4 0.8
v -1.3 2.4 0.8
v -1.4 2.4 0.7
v -1.3 2.4 0.7
v -0.8 2.4 0.4
v -0.7 2.4 0.4
v -0.7 2.4 0.3
v -0.6 2.4 0.3
v -0.8 2.4 0.2
v -0.6 2.4 0.2
v -0.7 2.5 1.2
v -0.6 2.5 1.2
v -0.7 2.5 1.1
v -0.6 2.5 1.1
v -1.3 2.5 0.8
v -1.2 2.5 0.8
v -1.3 2.5 0.7
v -1.2 2.5 0.7
v -1 2.5 0.5
v -0.9 2.5 0.5
v -1 2.5 0.4
v -0.9 2.5 0.4
v -1.2 2.6 0.8
v -1.1 2.6 0.8
v -1 2.6 0.8
v 0.5 2.6 0.8
v 0.6 2.6 0.8
v -1.2 2.6 0.7
v -1.1 2.6 0.7
v -1 2.6 0.7
v -0.9 2.6 0.7
v 0.5 2.6 0.7
v 0.6 2.6 0.7
v -1 2.6 0.5
v -0.9 2.6 0.5
v -1 2.7 0.8
v -0.9 2.7 0.8
v 0.2 2.7 0.8
v 0.3 2.7 0.8
v 0.4 2.7 0.8
v 0.5 2.7 0.8
v -1 2.7 0.7
v -0.9 2.7 0.7
v 0.2 2.7 0.7
v 0.3 2.7 0.7
v 0.4 2.7 0.7
v 0.5 2.7 0.7
v -0.9 2.8 1
v -0.8 2.8 1
v -1 2.8 0.9
v -0.9 2.8 0.9
v -0.8 2.8 0.9
v -1 2.8 0.8
v -0.9 2.8 0.8
v -0.6 2.9 1.3
v -0.5 2.9 1.3
v -0.6 2.9 1.2
v -0.5 2.9 1.2
v -0.7 2.9 1.1
v -0.6 2.9 1.1
v -0.8 2.9 1
v -0.7 2.9 1
v -0.6 2.9 1
v -0.8 2.9 0.9
v -0.7 2.9 0.9
v -0.6 3 1.2
v -0.4 3 1.2
v -0.6 3 1.1
v -0.5 3 1.1
v -0.4 3 1.1
v -0.4 3.1 1.2
v -0.3 3.1 1.2
v -0.4 3.1 1.1
v -0.3 3.1 1.1
v -0.3 3.2 1.2
v 1.19209e-07 3.2 1.2
v -0.6 3.2 1.1
v -0.5 3.2 1.1
v -0.3 3.2 1.1
v -0.2 3.2 1.1
v -0.0999999 3.2 1.1
v 1.19209e-07 3.2 1.1
v -0.6 3.2 1
v -0.5 3.2 1
v -0.2 3.2 1
v -0.0999999 3.2 1
v 0.1 3.2 1
v 0.2 3.2 1
v -0.9 3.2 0.9
v -0.8 3.2 0.9
v 0.1 3.2 0.9
v 0.2 3.2 0.9
v 0.3 3.2 0.9
v -0.9 3.2 0.8
v -0.8 3.2 0.8
v 0.2 3.2 0.8
v 0.3 3.2 0.8
v -0.9 3.2 0.5
v -0.8 3.2 0.5
v -0.9 3.2 0.4
v -0.8 3.2 0.4
v -0.6 3.2 0.3
v -0.5 3.2 0.3
v -0.6 3.2 0.2
v -0.5 3.2 0.2
v -0.0999999 3.3 1.1
v 1.19209e-07 3.3 1.1
v -0.0999999 3.3 1
v 1.19209e-07 3.3 1
v -1.3 3.3 0.8
v -1.2 3.3 0.8
v -1.3 3.3 0.7
v -1.2 3.3 0.7
v -0.4 3.4 1.1
v -0.3 3.4 1.1
v -0.2 3.4 1.1
v -0.7 3.4 1
v -0.6 3.4 1
v -0.4 3.4 1
v -0.3 3.4 1
v -0.2 3.4 1
v -0.0999999 3.4 1
v 1.19209e-07 3.4 1
v 0.1 3.4 1
v -0.7 3.4 0.9
v -0.6 3.4 0.9
v -0.0999999 3.4 0.9
v 1.19209e-07 3.4 0.9
v 0.1 3.4 0.9
v -1.2 3.4 0.8
v -1.1 3.4 0.8
v -0.9 3.4 0.8
v -0.8 3.4 0.8
v 0.2 3.4 0.8
v 0.3 3.4 0.8
v -1.2 3.4 0.7
v -1.1 3.4 0.7
v -0.9 3.4 0.7
v -1.2 3.4 0.6
v -1.1 3.4 0.6
v -0.9 3.4 0.6
v -0.9 3.4 0.5
v -0.8 3.4 0.5
v 0.2 3.4 0.5
v 0.3 3.4 0.5
v -0.7 3.4 0.4
v -0.6 3.4 0.4
v -0.7 3.4 0.3
v -0.6 3.4 0.3
v -0.0999999 3.4 0.3
v 1.19209e-07 3.4 0.3
v -0.0999999 3.4 0.2
v 1.19209e-07 3.4 0.2
v -0.5 3.5 1.1
v -0.4 3.5 1.1
v -0.5 3.5 1
v -0.4 3.5 1
v 0.1 3.5 0.9
v 0.2 3.5 0.9
v 0.2 3.5 0.8
v -1.1 3.5 0.7
v -1 3.5 0.7
v 0.2 3.5 0.7
v -1.1 3.5 0.6
v -1 3.5 0.6
v 0.1 3.5 0.6
v 0.2 3.5 0.6
v 0.1 3.5 0.4
v 0.2 3.5 0.4
v -0.5 3.5 0.3
v -0.0999999 3.5 0.3
v 0.1 3.5 0.3
v 0.2 3.5 0.3
v -0.5 3.5 0.2
v -0.0999999 3.5 0.2
v -0.8 3.6 0.9
v -0.7 3.6 0.9
v 1.19209e-07 3.6 0.9
v 0.1 3.6 0.9
v 0.1 3.6 0.8
v 0.3 3.6 0.8
v 0.4 3.6 0.8
v 0.5 3.6 0.8
v -1 3.6 0.7
v -0.8 3.6 0.7
v 0.1 3.6 0.7
v 0.3 3.6 0.7
v 0.4 3.6 0.7
v 0.5 3.6 0.7
v -1 3.6 0.6
v -0.8 3.6 0.6
v 0.1 3.6 0.6
v 0.2 3.6 0.6
v -0.8 3.6 0.4
v -0.7 3.6 0.4
v -0.6 3.6 0.4
v -0.0999999 3.6 0.4
v 1.19209e-07 3.6 0.4
v 0.1 3.6 0.4
v 0.2 3.6 0.4
v -0.6 3.6 0.3
v -0.0999999 3.6 0.3
v 0.1 3.6 0.3
v 0.2 3.7 1.3
v 0.3 3.7 1.3
v 0.2 3.7 1.2
v 0.3 3.7 1.2
v 0.2 3.7 0.8
v 0.3 3.7 0.8
v 0.2 3.7 0.7
v 0.3 3.7 0.7
v -1 3.8 1.5
v -0.9 3.8 1.5
v -1 3.8 1.4
v -0.9 3.8 1.4
v 1.19209e-07 3.8 1.3
v 0.1 3.8 1.3
v 0.2 3.8 1.3
v 1.19209e-07 3.8 1.2
v 0.1 3.8 1.2
v 0.2 3.8 1.2
v 0.1 3.8 0.8
v 0.2 3.8 0.8
v 0.1 3.8 0.7
v 0.2 3.8 0.7
v -0.7 3.8 0.6
v -0.6 3.8 0.6
v -0.0999999 3.8 0.6
v 1.19209e-07 3.8 0.6
v -0.6 3.8 0.5
v -0.5 3.8 0.5
v -0.2 3.8 0.5
v -0.0999999 3.8 0.5
v -0.7 3.8 0.4
v -0.5 3.8 0.4
v -0.2 3.8 0.4
v 1.19209e-07 3.8 0.4
v -0.9 3.9 1.5
v -0.8 3.9 1.5
v -0.9 3.9 1.4
v -0.8 3.9 1.4
v -0.7 3.9 1.4
v -0.9 3.9 1.3
v -0.8 3.9 1.3
v -0.7 3.9 1.3
v -1.2 4.2 1
v -1.1 4.2 1
v -1.2 4.2 0.9
v -1.1 4.2 0.9
v 0.5 4.2 0.9
v 0.6 4.2 0.9
v 0.5 4.2 0.8
v 0.6 4.2 0.8
v -0.9 4.3 1.2
v -0.8 4.3 1.2
v 0.1 4.3 1.2
v 0.2 4.3 1.2
v -0.9 4.3 1.1
v -0.8 4.3 1.1
v 0.1 4.3 1.1
v 0.2 4.3 1.1
v -1.1 4.3 1
v -1 4.3 1
v -0.9 4.3 1
v -1.1 4.3 0.9
v -1 4.3 0.9
v -0.9 4.3 0.9
v 0.2 4.3 0.9
v 0.4 4.3 0.9
v 0.5 4.3 0.9
v -0.9 4.3 0.8
v -0.8 4.3 0.8
v 0.1 4.3 0.8
v 0.2 4.3 0.8
v 0.4 4.3 0.8
v 0.5 4.3 0.8
v -0.9 4.3 0.7
v -0.8 4.3 0.7
v 0.1 4.3 0.7
v 0.2 4.3 0.7
v -0.6 4.3 0.5
v -0.5 4.3 0.5
v -0.2 4.3 0.5
v -0.0999999 4.3 0.5
v -0.6 4.3 0.4
v -0.5 4.3 0.4
v -0.2 4.3 0.4
v -0.0999999 4.3 0.4
v -0.7 4.4 1.5
v -0.5 4.4 1.5
v -0.2 4.4 1.5
v 1.19209e-07 4.4 1.5
v -0.7 4.4 1.4
v -0.6 4.4 1.4
v -0.5 4.4 1.4
v -0.2 4.4 1.4
v -0.0999999 4.4 1.4
v 1.19209e-07 4.4 1.4
v -0.8 4.4 1.3
v -0.7 4.4 1.3
v -0.6 4.4 1.3
v -0.0999999 4.4 1.3
v 1.19209e-07 4.4 1.3
v 0.1 4.4 1.3
v -0.8 4.4 1.2
v -0.7 4.4 1.2
v 1.19209e-07 4.4 1.2
v 0.1 4.4 1.2
v -0.9 4.4 1.1
v -0.8 4.4 1.1
v 0.1 4.4 1.1
v 0.2 4.4 1.1
v -0.9 4.4 0.8
v -0.8 4.4 0.8
v 0.1 4.4 0.8
v 0.2 4.4 0.8
v -0.8 4.4 0.7
v -0.7 4.4 0.7
v 1.19209e-07 4.4 0.7
v 0.1 4.4 0.7
v 0.2 4.4 0.7
v -0.8 4.4 0.6
v -0.7 4.4 0.6
v -0.6 4.4 0.6
v -0.0999999 4.4 0.6
v 1.19209e-07 4.4 0.6
v 0.2 4.4 0.6
v -0.7 4.4 0.5
v -0.6 4.4 0.5
v -0.5 4.4 0.5
v -0.2 4.4 0.5
v -0.0999999 4.4 0.5
v 1.19209e-07 4.4 0.5
v -0.5 4.4 0.4
v -0.2 4.4 0.4
v -0.6 4.5 1.4
v -0.0999999 4.5 1.4
v -0.7 4.5 1.3
v -0.6 4.5 1.3
v -0.0999999 4.5 1.3
v 1.19209e-07 4.5 1.3
v -0.8 4.5 1.2
v -0.7 4.5 1.2
v -0.6 4.5 1.2
v -0.0999999 4.5 1.2
v 1.19209e-07 4.5 1.2
v 0.1 4.5 1.2
v -0.8 4.5 0.7
v -0.7 4.5 0.7
v -0.6 4.5 0.7
v -0.0999999 4.5 0.7
v 1.19209e-07 4.5 0.7
v 0.1 4.5 0.7
v 0.2 4.5 0.7
v 0.3 4.5 0.7
v -0.7 4.5 0.6
v -0.6 4.5 0.6
v -0.0999999 4.5 0.6
v 1.19209e-07 4.5 0.6
v 0.2 4.5 0.6
v 0.3 4.5 0.6
v -0.6 4.5 0.5
v -0.0999999 4.5 0.5
v -0.6 4.6 1.3
v -0.0999999 4.6 1.3
v -0.7 4.6 1.2
v -0.6 4.6 1.2
v -0.5 4.6 1.2
v -0.2 4.6 1.2
v -0.0999999 4.6 1.2
v 1.19209e-07 4.6 1.2
v -0.6 4.6 1.1
v -0.5 4.6 1.1
v -0.2 4.6 1.1
v -0.0999999 4.6 1.1
v -0.7 4.6 0.8
v -0.6 4.6 0.8
v -0.5 4.6 0.8
v -0.2 4.6 0.8
v -0.0999999 4.6 0.8
v -0.6 4.6 0.7
v -0.5 4.6 0.7
v -0.2 4.6 0.7
v -0.0999999 4.6 0.7
v 1.19209e-07 4.6 0.7
v -0.6 4.6 0.6
v -0.0999999 4.6 0.6
v 0.2 4.6 0.6
v 0.3 4.6 0.6
v 0.2 4.6 0.5
v 0.3 4.6 0.5
v -0.5 4.7 1.2
v -0.2 4.7 1.2
v -0.6 4.7 1.1
v -0.5 4.7 1.1
v -0.2 4.7 1.1
v -0.0999999 4.7 1.1
v -0.2 4.7 1
v -0.0999999 4.7 1
v -0.6 4.7 0.8
v -0.5 4.7 0.8
v -0.2 4.7 0.8
v -0.5 4.7 0.7
v -0.2 4.7 0.7
v 0.3 4.7 0.6
v 0.4 4.7 0.6
v 0.3 4.7 0.5
v 0.4 4.7 0.5
v -0.2 4.8 0.9
v -0.0999999 4.8 0.9
v -0.7 4.8 0.8
v -0.6 4.8 0.8
v -0.2 4.8 0.8
v -0.0999999 4.8 0.8
v -0.7 4.8 0.7
v -0.6 4.8 0.7
v -0.2 4.9 1
v -0.0999999 4.9 1
v -0.2 4.9 0.9
v -0.0999999 4.9 0.9
v -0.8 4.9 0.8
v -0.7 4.9 0.8
v -0.8 4.9 0.7
v -0.7 4.9 0.7
v -0.0999999 5 1
v 1.19209e-07 5 1
v -0.0999999 5 0.9
v 1.19209e-07 5 0.9
v -0.9 5 0.7
v -0.8 5 0.7
v -0.9 5 0.6
v -0.8 5 0.6
v -0.0999999 5.1 1.1
v 1.19209e-07 5.1 1.1
v -0.0999999 5.1 1
v 1.19209e-07 5.1 1

# faces
f 3/4/1 2/4/1 1/4/1
f 4/4/1 2/4/1 3/4/1
f 10/4/1 8/4/1 7/4/1
f 10/4/1 9/4/1 8/4/1
f 11/4/1 9/4/1 10/4/1
f 12/4/1 6/4/1 5/4/1
f 13/4/1 6/4/1 12/4/1
f 14/4/1 9/4/1 11/4/1
f 15/4/1 9/4/1 14/4/1
f 20/4/1 17/4/1 16/4/1
f 21/4/1 17/4/1 20/4/1
f 22/4/1 19/4/1 18/4/1
f 23/4/1 19/4/1 22/4/1
f 26/4/1 25/4/1 24/4/1
f 27/4/1 25/4/1 26/4/1
f 29/2/1 27/2/1 26/2/1
f 29/2/1 28/2/1 27/2/1
f 30/2/1 28/2/1 29/2/1
f 31/2/1 28/2/1 30/2/1
f 32/2/1 28/2/1 31/2/1
f 33/4/1 32/4/1 31/4/1
f 34/4/1 32/4/1 33/4/1
f 37/4/1 36/4/1 35/4/1
f 38/4/1 36/4/1 37/4/1
f 44/4/1 40/4/1 39/4/1
f 44/4/1 41/4/1 40/4/1
f 45/4/1 41/4/1 44/4/1
f 46/4/1 41/4/1 45/4/1
f 47/2/1 43/2/1 42/2/1
f 48/2/1 43/2/1 47/2/1
f 49/2/1 45/2/1 44/2/1
f 50/2/1 45/2/1 49/2/1
f 53/4/1 52/4/1 51/4/1
f 54/4/1 52/4/1 53/4/1
f 57/2/1 56/2/1 55/2/1
f 58/2/1 56/2/1 57/2/1
f 61/4/1 60/4/1 59/4/1
f 62/4/1 60/4/1 61/4/1
f 65/2/1 64/2/1 63/2/1
f 66/2/1 64/2/1 65/2/1
f 69/4/1 68/4/1 67/4/1
f 70/4/1 68/4/1 69/4/1
f 73/2/1 72/2/1 71/2/1
f 74/2/1 72/2/1 73/2/1
f 78/2/1 76/2/1 75/2/1
f 79/4/1 77/4/1 76/4/1
f 79/2/1 76/2/1 78/2/1
f 80/4/1 77/4/1 79/4/1
f 83/1/1 82/1/1 81/1/1
f 84/1/1 82/1/1 83/1/1
f 90/4/1 88/4/1 87/4/1
f 91/4/1 88/4/1 90/4/1
f 92/2/1 86/2/1 85/2/1
f 93/2/1 86/2/1 92/2/1
f 94/4/1 90/4/1 89/4/1
f 94/4/1 91/4/1 90/4/1
f 95/4/1 91/4/1 94/4/1
f 98/4/1 97/4/1 96/4/1
f 99/4/1 97/4/1 98/4/1
f 102/4/1 101/4/1 100/4/1
f 103/4/1 101/4/1 102/4/1
f 106/3/1 105/3/1 104/3/1
f 107/3/1 105/3/1 106/3/1
f 110/2/1 109/2/1 108/2/1
f 111/2/1 109/2/1 110/2/1
f 114/1/1 113/1/1 112/1/1
f 115/1/1 113/1/1 114/1/1
f 118/3/1 117/3/1 116/3/1
f 119/3/1 117/3/1 118/3/1
f 122/4/1 121/4/1 120/4/1
f 123/4/1 121/4/1 122/4/1
f 125/2/1 123/2/1 122/2/1
f 125/2/1 124/2/1 123/2/1
f 126/2/1 124/2/1 125/2/1
f 127/2/1 124/2/1 126/2/1
f 131/3/1 129/3/1 128/3/1
f 132/3/1 129/3/1 131/3/1
f 133/3/1 129/3/1 132/3/1
f 134/3/1 131/3/1 130/3/1
f 134/3/1 132/3/1 131/3/1
f 135/3/1 132/3/1 134/3/1
f 136/3/1 132/3/1 135/3/1
f 137/3/1 129/3/1 133/3/1
f 138/3/1 129/3/1 137/3/1
f 141/3/1 136/3/1 135/3/1
f 141/3/1 138/3/1 137/3/1
f 141/3/1 137/3/1 136/3/1
f 141/3/1 139/3/1 138/3/1
f 142/3/1 139/3/1 141/3/1
f 142/3/1 141/3/1 140/3/1
f 143/3/1 139/3/1 142/3/1
f 144/3/1 139/3/1 143/3/1
f 145/3/1 139/3/1 144/3/1
f 146/3/1 142/3/1 140/3/1
f 147/3/1 144/3/1 143/3/1
f 148/3/1 144/3/1 147/3/1
f 149/3/1 146/3/1 140/3/1
f 149/3/1 147/3/1 146/3/1
f 150/3/1 147/3/1 149/3/1
f 151/3/1 147/3/1 150/3/1
f 152/1/1 150/1/1 149/1/1
f 153/1/1 150/1/1 152/1/1
f 156/4/1 155/4/1 154/4/1
f 157/4/1 155/4/1 156/4/1
f 160/1/1 159/1/1 158/1/1
f 161/1/1 159/1/1 160/1/1
f 165/4/1 163/4/1 162/4/1
f 166/4/1 163/4/1 165/4/1
f 170/4/1 165/4/1 164/4/1
f 170/4/1 166/4/1 165/4/1
f 170/4/1 167/4/1 166/4/1
f 171/4/1 167/4/1 170/4/1
f 173/4/1 169/4/1 168/4/1
f 174/4/1 169/4/1 173/4/1
f 175/4/1 169/4/1 174/4/1
f 178/4/1 170/4/1 164/4/1
f 179/4/1 170/4/1 178/4/1
f 180/4/1 170/4/1 179/4/1
f 181/4/1 167/4/1 171/4/1
f 182/4/1 167/4/1 181/4/1
f 183/4/1 167/4/1 182/4/1
f 184/4/1 173/4/1 172/4/1
f 184/4/1 174/4/1 173/4/1
f 185/4/1 169/4/1 175/4/1
f 186/4/1 169/4/1 185/4/1
f 190/3/1 177/3/1 176/3/1
f 191/3/1 177/3/1 190/3/1
f 192/4/1 180/4/1 179/4/1
f 192/4/1 182/4/1 181/4/1
f 192/4/1 181/4/1 180/4/1
f 193/4/1 182/4/1 192/4/1
f 194/4/1 184/4/1 172/4/1
f 194/4/1 187/4/1 186/4/1
f 194/4/1 186/4/1 185/4/1
f 194/4/1 185/4/1 184/4/1
f 195/4/1 187/4/1 194/4/1
f 196/4/1 187/4/1 195/4/1
f 198/3/1 189/3/1 188/3/1
f 200/4/1 197/4/1 196/4/1
f 200/4/1 196/4/1 195/4/1
f 201/4/1 197/4/1 200/4/1
f 202/4/1 197/4/1 201/4/1
f 203/4/1 197/4/1 202/4/1
f 204/3/1 199/3/1 198/3/1
f 204/3/1 198/3/1 188/3/1
f 205/3/1 199/3/1 204/3/1
f 206/3/1 199/3/1 205/3/1
f 207/4/1 202/4/1 201/4/1
f 208/4/1 202/4/1 207/4/1
f 213/4/1 209/4/1 208/4/1
f 214/4/1 209/4/1 213/4/1
f 216/4/1 212/4/1 211/4/1
f 216/4/1 211/4/1 210/4/1
f 217/4/1 212/4/1 216/4/1
f 219/4/1 216/4/1 215/4/1
f 219/4/1 217/4/1 216/4/1
f 220/4/1 217/4/1 219/4/1
f 221/4/1 217/4/1 220/4/1
f 222/2/1 218/2/1 217/2/1
f 222/4/1 217/4/1 221/4/1
f 223/2/1 220/2/1 219/2/1
f 224/4/1 221/4/1 220/4/1
f 224/2/1 220/2/1 223/2/1
f 225/2/1 222/2/1 221/2/1
f 225/4/1 221/4/1 224/4/1
f 226/2/1 218/2/1 222/2/1
f 226/2/1 222/2/1 225/2/1
f 226/2/1 225/2/1 224/2/1
f 227/2/1 218/2/1 226/2/1
f 228/1/1 224/1/1 223/1/1
f 229/2/1 226/2/1 224/2/1
f 229/1/1 224/1/1 228/1/1
f 230/2/1 226/2/1 229/2/1
f 231/2/1 226/2/1 230/2/1
f 232/4/1 227/4/1 226/4/1
f 232/2/1 226/2/1 231/2/1
f 233/2/1 229/2/1 228/2/1
f 234/4/1 230/4/1 229/4/1
f 234/2/1 229/2/1 233/2/1
f 235/2/1 231/2/1 230/2/1
f 235/4/1 230/4/1 234/4/1
f 236/4/1 232/4/1 231/4/1
f 236/2/1 231/2/1 235/2/1
f 237/4/1 227/4/1 232/4/1
f 237/4/1 232/4/1 236/4/1
f 238/4/1 227/4/1 237/4/1
f 239/2/1 235/2/1 234/2/1
f 240/4/1 236/4/1 235/4/1
f 240/2/1 235/2/1 239/2/1
f 240/4/1 237/4/1 236/4/1
f 241/4/1 240/4/1 239/4/1
f 242/4/1 237/4/1 240/4/1
f 242/4/1 240/4/1 241/4/1
f 245/3/1 244/3/1 243/3/1
f 248/3/1 244/3/1 245/3/1
f 249/3/1 244/3/1 248/3/1
f 251/3/1 247/3/1 246/3/1
f 252/3/1 247/3/1 251/3/1
f 256/4/1 254/4/1 253/4/1
f 257/3/1 251/3/1 250/3/1
f 259/4/1 256/4/1 255/4/1
f 260/3/1 257/3/1 250/3/1
f 261/3/1 257/3/1 260/3/1
f 262/4/1 259/4/1 258/4/1
f 263/4/1 254/4/1 256/4/1
f 263/4/1 256/4/1 259/4/1
f 263/4/1 259/4/1 262/4/1
f 264/4/1 254/4/1 263/4/1
f 265/2/1 262/2/1 261/2/1
f 266/4/1 263/4/1 262/4/1
f 266/2/1 262/2/1 265/2/1
f 267/1/1 264/1/1 263/1/1
f 267/4/1 263/4/1 266/4/1
f 267/4/1 266/4/1 265/4/1
f 268/1/1 264/1/1 267/1/1
f 269/4/1 267/4/1 265/4/1
f 269/4/1 268/4/1 267/4/1
f 270/4/1 268/4/1 269/4/1
f 271/4/1 268/4/1 270/4/1
f 272/4/1 268/4/1 271/4/1
f 273/4/1 271/4/1 270/4/1
f 274/4/1 271/4/1 273/4/1
f 275/4/1 271/4/1 274/4/1
f 276/4/1 271/4/1 275/4/1
f 280/1/1 278/1/1 277/1/1
f 281/4/1 279/4/1 278/4/1
f 281/1/1 278/1/1 280/1/1
f 282/4/1 279/4/1 281/4/1
f 286/4/1 284/4/1 283/4/1
f 287/4/1 284/4/1 286/4/1
f 289/4/1 286/4/1 285/4/1
f 289/4/1 288/4/1 287/4/1
f 289/4/1 287/4/1 286/4/1
f 290/4/1 288/4/1 289/4/1
f 291/4/1 289/4/1 285/4/1
f 292/4/1 289/4/1 291/4/1
f 293/4/1 289/4/1 292/4/1
f 294/4/1 288/4/1 290/4/1
f 295/4/1 288/4/1 294/4/1
f 296/4/1 288/4/1 295/4/1
f 297/4/1 293/4/1 292/4/1
f 297/4/1 295/4/1 294/4/1
f 297/4/1 294/4/1 293/4/1
f 298/4/1 295/4/1 297/4/1
f 301/1/1 300/1/1 299/1/1
f 302/1/1 300/1/1 301/1/1
f 307/4/1 304/4/1 303/4/1
f 308/4/1 304/4/1 307/4/1
f 309/4/1 306/4/1 305/4/1
f 310/4/1 306/4/1 309/4/1
f 311/4/1 306/4/1 310/4/1
f 313/4/1 312/4/1 311/4/1
f 313/4/1 311/4/1 310/4/1
f 314/4/1 312/4/1 313/4/1
f 315/4/1 313/4/1 310/4/1
f 316/4/1 313/4/1 315/4/1
f 320/4/1 307/4/1 303/4/1
f 321/4/1 307/4/1 320/4/1
f 322/4/1 307/4/1 321/4/1
f 325/4/1 315/4/1 310/4/1
f 326/4/1 318/4/1 317/4/1
f 327/4/1 318/4/1 326/4/1
f 328/4/1 318/4/1 327/4/1
f 331/3/1 320/3/1 319/3/1
f 332/3/1 320/3/1 331/3/1
f 333/3/1 320/3/1 332/3/1
f 334/3/1 320/3/1 333/3/1
f 335/4/1 323/4/1 322/4/1
f 335/4/1 322/4/1 321/4/1
f 336/4/1 323/4/1 335/4/1
f 337/4/1 323/4/1 336/4/1
f 339/4/1 325/4/1 324/4/1
f 340/4/1 315/4/1 325/4/1
f 340/4/1 325/4/1 339/4/1
f 341/4/1 315/4/1 340/4/1
f 343/4/1 328/4/1 327/4/1
f 343/4/1 329/4/1 328/4/1
f 344/4/1 329/4/1 343/4/1
f 346/3/1 331/3/1 330/3/1
f 347/3/1 331/3/1 346/3/1
f 348/3/1 334/3/1 333/3/1
f 348/3/1 335/3/1 334/3/1
f 349/3/1 335/3/1 348/3/1
f 350/3/1 338/3/1 337/3/1
f 350/3/1 337/3/1 336/3/1
f 351/3/1 338/3/1 350/3/1
f 352/2/1 341/2/1 340/2/1
f 353/4/1 342/4/1 341/4/1
f 353/2/1 341/2/1 352/2/1
f 354/4/1 342/4/1 353/4/1
f 357/4/1 345/4/1 344/4/1
f 358/4/1 347/4/1 346/4/1
f 362/2/1 354/2/1 353/2/1
f 363/4/1 355/4/1 354/4/1
f 363/2/1 354/2/1 362/2/1
f 364/4/1 355/4/1 363/4/1
f 365/4/1 355/4/1 364/4/1
f 366/4/1 357/4/1 356/4/1
f 367/4/1 345/4/1 357/4/1
f 367/4/1 357/4/1 366/4/1
f 368/4/1 345/4/1 367/4/1
f 369/3/1 346/3/1 330/3/1
f 370/4/1 358/4/1 346/4/1
f 370/3/1 346/3/1 369/3/1
f 370/4/1 359/4/1 358/4/1
f 371/4/1 359/4/1 370/4/1
f 372/4/1 359/4/1 371/4/1
f 373/4/1 365/4/1 364/4/1
f 373/4/1 366/4/1 365/4/1
f 374/4/1 366/4/1 373/4/1
f 375/4/1 371/4/1 370/4/1
f 376/4/1 371/4/1 375/4/1
f 377/4/1 361/4/1 360/4/1
f 378/4/1 361/4/1 377/4/1
f 383/1/1 380/1/1 379/1/1
f 384/1/1 380/1/1 383/1/1
f 385/2/1 384/2/1 383/2/1
f 386/2/1 384/2/1 385/2/1
f 387/4/1 382/4/1 381/4/1
f 388/4/1 382/4/1 387/4/1
f 390/4/1 388/4/1 387/4/1
f 390/3/1 389/3/1 388/3/1
f 390/4/1 387/4/1 386/4/1
f 390/4/1 386/4/1 385/4/1
f 391/3/1 389/3/1 390/3/1
f 393/4/1 390/4/1 385/4/1
f 394/4/1 390/4/1 393/4/1
f 395/4/1 390/4/1 394/4/1
f 396/4/1 390/4/1 395/4/1
f 397/3/1 392/3/1 391/3/1
f 400/4/1 395/4/1 394/4/1
f 401/4/1 395/4/1 400/4/1
f 402/3/1 398/3/1 397/3/1
f 402/3/1 397/3/1 391/3/1
f 403/3/1 398/3/1 402/3/1
f 405/3/1 400/3/1 399/3/1
f 406/3/1 402/3/1 391/3/1
f 408/3/1 405/3/1 404/3/1
f 409/3/1 400/3/1 405/3/1
f 409/3/1 405/3/1 408/3/1
f 410/3/1 400/3/1 409/3/1
f 411/3/1 407/3/1 406/3/1
f 411/3/1 406/3/1 391/3/1
f 412/3/1 407/3/1 411/3/1
f 415/3/1 414/3/1 413/3/1
f 416/3/1 414/3/1 415/3/1
f 421/4/1 418/4/1 417/4/1
f 422/4/1 420/4/1 419/4/1
f 423/4/1 422/4/1 421/4/1
f 424/4/1 422/4/1 423/4/1
f 425/4/1 421/4/1 417/4/1
f 425/4/1 423/4/1 421/4/1
f 426/4/1 423/4/1 425/4/1
f 427/4/1 422/4/1 424/4/1
f 428/4/1 420/4/1 422/4/1
f 428/4/1 422/4/1 427/4/1
f 431/4/1 430/4/1 429/4/1
f 432/4/1 430/4/1 431/4/1
f 433/4/1 430/4/1 432/4/1
f 434/4/1 430/4/1 433/4/1
f 436/4/1 432/4/1 431/4/1
f 437/4/1 432/4/1 436/4/1
f 438/4/1 435/4/1 434/4/1
f 438/4/1 434/4/1 433/4/1
f 439/4/1 435/4/1 438/4/1
f 440/4/1 436/4/1 431/4/1
f 443/4/1 435/4/1 439/4/1
f 444/4/1 441/4/1 440/4/1
f 444/4/1 440/4/1 431/4/1
f 445/4/1 441/4/1 444/4/1
f 446/4/1 441/4/1 445/4/1
f 447/4/1 443/4/1 442/4/1
f 448/4/1 435/4/1 443/4/1
f 448/4/1 443/4/1 447/4/1
f 449/4/1 435/4/1 448/4/1
f 450/4/1 446/4/1 445/4/1
f 450/4/1 447/4/1 446/4/1
f 450/4/1 448/4/1 447/4/1
f 451/4/1 448/4/1 450/4/1
f 454/4/1 453/4/1 452/4/1
f 455/4/1 454/4/1 452/4/1
f 456/4/1 454/4/1 455/4/1
f 463/4/1 460/4/1 459/4/1
f 464/4/1 460/4/1 463/4/1
f 467/4/1 458/4/1 457/4/1
f 469/4/1 466/4/1 465/4/1
f 470/4/1 466/4/1 469/4/1
f 471/4/1 468/4/1 467/4/1
f 471/4/1 467/4/1 457/4/1
f 472/4/1 468/4/1 471/4/1
f 473/4/1 468/4/1 472/4/1
f 477/2/1 473/2/1 472/2/1
f 478/4/1 474/4/1 473/4/1
f 478/2/1 473/2/1 477/2/1
f 479/4/1 474/4/1 478/4/1
f 480/4/1 476/4/1 475/4/1
f 481/4/1 476/4/1 480/4/1
f 484/2/1 479/2/1 478/2/1
f 485/2/1 479/2/1 484/2/1
f 486/4/1 462/4/1 461/4/1
f 487/4/1 462/4/1 486/4/1
f 488/4/1 483/4/1 482/4/1
f 489/4/1 483/4/1 488/4/1
f 491/4/1 485/4/1 484/4/1
f 500/4/1 490/4/1 489/4/1
f 501/4/1 490/4/1 500/4/1
f 503/4/1 491/4/1 484/4/1
f 503/4/1 492/4/1 491/4/1
f 504/4/1 492/4/1 503/4/1
f 505/4/1 492/4/1 504/4/1
f 506/3/1 494/3/1 493/3/1
f 507/3/1 494/3/1 506/3/1
f 508/4/1 496/4/1 495/4/1
f 509/4/1 496/4/1 508/4/1
f 510/4/1 498/4/1 497/4/1
f 511/2/1 499/2/1 498/2/1
f 511/4/1 498/4/1 510/4/1
f 512/2/1 499/2/1 511/2/1
f 514/4/1 505/4/1 504/4/1
f 514/4/1 506/4/1 505/4/1
f 515/4/1 506/4/1 514/4/1
f 516/4/1 506/4/1 515/4/1
f 518/3/1 512/3/1 511/3/1
f 519/2/1 513/2/1 512/2/1
f 519/3/1 512/3/1 518/3/1
f 520/2/1 513/2/1 519/2/1
f 524/4/1 502/4/1 501/4/1
f 525/4/1 502/4/1 524/4/1
f 526/4/1 517/4/1 516/4/1
f 526/4/1 516/4/1 515/4/1
f 527/4/1 517/4/1 526/4/1
f 531/2/1 522/2/1 521/2/1
f 531/2/1 521/2/1 520/2/1
f 532/2/1 522/2/1 531/2/1
f 533/4/1 524/4/1 523/4/1
f 534/4/1 524/4/1 533/4/1
f 535/4/1 528/4/1 527/4/1
f 536/4/1 528/4/1 535/4/1
f 537/2/1 536/2/1 535/2/1
f 538/2/1 536/2/1 537/2/1
f 539/1/1 538/1/1 537/1/1
f 540/4/1 530/4/1 529/4/1
f 542/1/1 539/1/1 537/1/1
f 543/1/1 539/1/1 542/1/1
f 544/4/1 540/4/1 529/4/1
f 545/3/1 541/3/1 540/3/1
f 545/4/1 540/4/1 544/4/1
f 546/3/1 541/3/1 545/3/1
f 547/3/1 541/3/1 546/3/1
f 551/3/1 548/3/1 547/3/1
f 552/3/1 548/3/1 551/3/1
f 553/2/1 550/2/1 549/2/1
f 554/2/1 550/2/1 553/2/1
f 557/3/1 556/3/1 555/3/1
f 558/3/1 556/3/1 557/3/1
f 564/3/1 560/3/1 559/3/1
f 564/3/1 561/3/1 560/3/1
f 565/3/1 561/3/1 564/3/1
f 566/4/1 563/4/1 562/4/1
f 567/4/1 563/4/1 566/4/1
f 568/1/1 567/1/1 566/1/1
f 569/3/1 561/3/1 565/3/1
f 570/3/1 561/3/1 569/3/1
f 572/2/1 571/2/1 570/2/1
f 573/1/1 567/1/1 568/1/1
f 574/1/1 567/1/1 573/1/1
f 575/2/1 572/2/1 570/2/1
f 576/2/1 572/2/1 575/2/1
f 577/4/1 576/4/1 575/4/1
f 578/4/1 576/4/1 577/4/1
f 579/4/1 574/4/1 573/4/1
f 580/4/1 574/4/1 579/4/1
f 584/4/1 582/4/1 581/4/1
f 585/4/1 584/4/1 583/4/1
f 586/4/1 582/4/1 584/4/1
f 586/4/1 584/4/1 585/4/1
f 587/4/1 582/4/1 586/4/1
f 588/4/1 582/4/1 587/4/1
f 591/4/1 587/4/1 586/4/1
f 592/4/1 587/4/1 591/4/1
f 595/4/1 590/4/1 589/4/1
f 596/5/1 595/5/1 594/5/1
f 597/4/1 590/4/1 595/4/1
f 597/5/1 595/5/1 596/5/1
f 598/4/1 590/4/1 597/4/1
f 601/4/1 593/4/1 592/4/1
f 602/4/1 593/4/1 601/4/1
f 603/4/1 599/4/1 598/4/1
f 604/4/1 599/4/1 603/4/1
f 605/4/1 601/4/1 600/4/1
f 606/4/1 601/4/1 605/4/1
f 607/4/1 605/4/1 604/4/1
f 608/4/1 605/4/1 607/4/1
f 609/4/1 605/4/1 608/4/1
f 610/4/1 605/4/1 609/4/1
f 616/4/1 612/4/1 611/4/1
f 617/4/1 612/4/1 616/4/1
f 622/2/1 614/2/1 613/2/1
f 623/4/1 615/4/1 614/4/1
f 623/2/1 614/2/1 622/2/1
f 624/4/1 615/4/1 623/4/1
f 625/4/1 619/4/1 618/4/1
f 626/4/1 619/4/1 625/4/1
f 627/4/1 621/4/1 620/4/1
f 628/4/1 621/4/1 627/4/1
f 632/4/1 629/4/1 628/4/1
f 633/4/1 629/4/1 632/4/1
f 635/4/1 634/4/1 633/4/1
f 636/4/1 634/4/1 635/4/1
f 640/4/1 631/4/1 630/4/1
f 641/4/1 631/4/1 640/4/1
f 642/4/1 638/4/1 637/4/1
f 643/4/1 638/4/1 642/4/1
f 645/3/1 640/3/1 639/3/1
f 646/3/1 640/3/1 645/3/1
f 649/4/1 644/4/1 643/4/1
f 650/4/1 644/4/1 649/4/1
f 654/4/1 648/4/1 647/4/1
f 658/4/1 651/4/1 650/4/1
f 659/4/1 651/4/1 658/4/1
f 660/3/1 653/3/1 652/3/1
f 661/3/1 653/3/1 660/3/1
f 662/4/1 656/4/1 655/4/1
f 663/3/1 657/3/1 656/3/1
f 663/4/1 656/4/1 662/4/1
f 664/3/1 657/3/1 663/3/1
f 671/4/1 654/4/1 647/4/1
f 672/4/1 654/4/1 671/4/1
f 673/4/1 666/4/1 665/4/1
f 674/4/1 666/4/1 673/4/1
f 680/4/1 668/4/1 667/4/1
f 681/4/1 668/4/1 680/4/1
f 682/3/1 670/3/1 669/3/1
f 683/3/1 670/3/1 682/3/1
f 684/2/1 677/2/1 676/2/1
f 684/2/1 676/2/1 675/2/1
f 685/2/1 677/2/1 684/2/1
f 686/4/1 679/4/1 678/4/1
f 687/4/1 679/4/1 686/4/1
f 692/4/1 689/4/1 688/4/1
f 693/4/1 689/4/1 692/4/1
f 694/2/1 693/2/1 692/2/1
f 695/2/1 694/2/1 692/2/1
f 696/2/1 694/2/1 695/2/1
f 697/4/1 691/4/1 690/4/1
f 698/4/1 691/4/1 697/4/1
f 699/3/1 698/3/1 697/3/1
f 700/3/1 698/3/1 699/3/1
f 703/1/1 702/1/1 701/1/1
f 704/1/1 703/1/1 701/1/1
f 705/1/1 703/1/1 704/1/1
f 708/3/1 707/3/1 706/3/1
f 709/3/1 707/3/1 708/3/1
f 714/4/1 711/4/1 710/4/1
f 715/4/1 711/4/1 714/4/1
f 717/3/1 713/3/1 712/3/1
f 718/3/1 717/3/1 716/3/1
f 719/3/1 713/3/1 717/3/1
f 719/3/1 717/3/1 718/3/1
f 720/3/1 713/3/1 719/3/1
f 722/3/1 720/3/1 719/3/1
f 723/4/1 721/4/1 720/4/1
f 723/3/1 720/3/1 722/3/1
f 724/4/1 721/4/1 723/4/1
f 725/1/1 715/1/1 714/1/1
f 726/1/1 715/1/1 725/1/1
f 727/2/1 724/2/1 723/2/1
f 728/2/1 724/2/1 727/2/1
f 729/4/1 726/4/1 725/4/1
f 730/4/1 726/4/1 729/4/1
f 735/2/1 732/2/1 731/2/1
f 736/2/1 732/2/1 735/2/1
f 738/4/1 736/4/1 735/4/1
f 739/4/1 734/4/1 733/4/1
f 740/4/1 734/4/1 739/4/1
f 743/4/1 738/4/1 737/4/1
f 744/4/1 736/4/1 738/4/1
f 744/4/1 738/4/1 743/4/1
f 746/4/1 742/4/1 741/4/1
f 747/4/1 742/4/1 746/4/1
f 750/4/1 746/4/1 745/4/1
f 751/4/1 746/4/1 750/4/1
f 752/4/1 749/4/1 748/4/1
f 753/4/1 749/4/1 752/4/1
f 758/4/1 755/4/1 754/4/1
f 759/4/1 755/4/1 758/4/1
f 760/4/1 757/4/1 756/4/1
f 761/4/1 757/4/1 760/4/1
f 766/4/1 763/4/1 762/4/1
f 767/4/1 763/4/1 766/4/1
f 770/4/1 765/4/1 764/4/1
f 771/4/1 765/4/1 770/4/1
f 772/4/1 768/4/1 767/4/1
f 773/4/1 768/4/1 772/4/1
f 776/4/1 770/4/1 769/4/1
f 777/4/1 770/4/1 776/4/1
f 778/4/1 775/4/1 774/4/1
f 779/4/1 775/4/1 778/4/1
f 784/2/1 781/2/1 780/2/1
f 785/2/1 781/2/1 784/2/1
f 786/4/1 783/4/1 782/4/1
f 787/4/1 783/4/1 786/4/1
f 795/4/1 789/4/1 788/4/1
f 796/4/1 789/4/1 795/4/1
f 797/4/1 791/4/1 790/4/1
f 798/4/1 791/4/1 797/4/1
f 799/2/1 793/2/1 792/2/1
f 800/4/1 794/4/1 793/4/1
f 800/2/1 793/2/1 799/2/1
f 801/4/1 794/4/1 800/4/1
f 806/4/1 803/4/1 802/4/1
f 807/4/1 803/4/1 806/4/1
f 809/4/1 805/4/1 804/4/1
f 810/4/1 805/4/1 809/4/1
f 811/3/1 809/3/1 808/3/1
f 812/3/1 809/3/1 811/3/1
f 819/3/1 814/3/1 813/3/1
f 820/3/1 814/3/1 819/3/1
f 821/4/1 816/4/1 815/4/1
f 822/4/1 816/4/1 821/4/1
f 823/4/1 818/4/1 817/4/1
f 824/4/1 818/4/1 823/4/1
f 835/3/1 826/3/1 825/3/1
f 836/3/1 826/3/1 835/3/1
f 838/4/1 830/4/1 829/4/1
f 839/4/1 830/4/1 838/4/1
f 840/2/1 832/2/1 831/2/1
f 841/2/1 832/2/1 840/2/1
f 842/4/1 834/4/1 833/4/1
f 843/4/1 834/4/1 842/4/1
f 844/2/1 837/2/1 836/2/1
f 845/2/1 837/2/1 844/2/1
f 846/4/1 828/4/1 827/4/1
f 847/4/1 828/4/1 846/4/1
f 852/2/1 849/2/1 848/2/1
f 853/2/1 849/2/1 852/2/1
f 854/1/1 853/1/1 852/1/1
f 855/1/1 853/1/1 854/1/1
f 856/3/1 851/3/1 850/3/1
f 857/3/1 851/3/1 856/3/1
f 862/1/1 859/1/1 858/1/1
f 863/1/1 859/1/1 862/1/1
f 864/3/1 861/3/1 860/3/1
f 865/3/1 861/3/1 864/3/1
f 866/2/1 863/2/1 862/2/1
f 867/2/1 866/2/1 862/2/1
f 868/2/1 866/2/1 867/2/1
f 873/4/1 870/4/1 869/4/1
f 874/4/1 870/4/1 873/4/1
f 875/4/1 872/4/1 871/4/1
f 876/4/1 872/4/1 875/4/1
f 877/2/1 874/2/1 873/2/1
f 878/2/1 874/2/1 877/2/1
f 879/3/1 876/3/1 875/3/1
f 880/3/1 876/3/1 879/3/1
f 883/4/1 882/4/1 881/4/1
f 884/4/1 882/4/1 883/4/1
f 889/4/1 888/4/1 887/4/1
f 890/4/1 888/4/1 889/4/1
f 891/4/1 886/4/1 885/4/1
f 892/4/1 886/4/1 891/4/1
f 895/4/1 894/4/1 893/4/1
f 896/4/1 894/4/1 895/4/1
f 901/4/1 898/4/1 897/4/1
f 902/4/1 898/4/1 901/4/1
f 903/4/1 900/4/1 899/4/1
f 904/4/1 900/4/1 903/4/1
f 910/4/1 906/4/1 905/4/1
f 911/4/1 906/4/1 910/4/1
f 912/3/1 908/3/1 907/3/1
f 913/3/1 908/3/1 912/3/1
f 914/4/1 910/4/1 909/4/1
f 915/4/1 910/4/1 914/4/1
f 916/4/1 910/4/1 915/4/1
f 918/4/1 916/4/1 915/4/1
f 919/2/1 917/2/1 916/2/1
f 919/4/1 916/4/1 918/4/1
f 920/2/1 917/2/1 919/2/1
f 921/2/1 917/2/1 920/2/1
f 924/3/1 923/3/1 922/3/1
f 925/3/1 923/3/1 924/3/1
f 928/3/1 927/3/1 926/3/1
f 929/3/1 927/3/1 928/3/1
f 932/2/1 931/2/1 930/2/1
f 933/2/1 931/2/1 932/2/1
f 936/3/1 935/3/1 934/3/1
f 937/3/1 935/3/1 936/3/1
f 940/3/1 939/3/1 938/3/1
f 941/3/1 939/3/1 940/3/1
f 944/4/1 943/4/1 942/4/1
f 945/4/1 943/4/1 944/4/1
f 946/3/1 945/3/1 944/3/1
f 947/3/1 945/3/1 946/3/1
f 950/4/1 949/4/1 948/4/1
f 951/4/1 949/4/1 950/4/1
f 954/4/1 953/4/1 952/4/1
f 955/4/1 953/4/1 954/4/1
f 956/4/1 954/4/1 952/4/1
f 957/4/1 954/4/1 956/4/1
f 960/4/1 959/4/1 958/4/1
f 961/4/1 959/4/1 960/4/1
f 962/4/1 959/4/1 961/4/1
f 965/3/1 964/3/1 963/3/1
f 966/3/1 964/3/1 965/3/1
f 969/4/1 968/4/1 967/4/1
f 970/4/1 968/4/1 969/4/1
f 971/4/1 968/4/1 970/4/1
f 974/3/1 973/3/1 972/3/1
f 975/3/1 973/3/1 974/3/1
f 979/4/1 977/4/1 976/4/1
f 979/4/1 978/4/1 977/4/1
f 980/4/1 978/4/1 979/4/1
f 981/4/1 978/4/1 980/4/1
f 982/1/1 980/1/1 979/1/1
f 983/1/1 980/1/1 982/1/1
f 986/4/1 985/4/1 984/4/1
f 987/4/1 985/4/1 986/4/1
f 988/4/1 985/4/1 987/4/1
f 991/2/1 990/2/1 989/2/1
f 992/2/1 990/2/1 991/2/1
f 993/4/1 992/4/1 991/4/1
f 994/4/1 992/4/1 993/4/1
f 997/4/1 996/4/1 995/4/1
f 998/4/1 996/4/1 997/4/1
f 1001/4/1 1000/4/1 999/4/1
f 1002/4/1 1000/4/1 1001/4/1
f 1003/4/1 1000/4/1 1002/4/1
f 1006/4/1 1005/4/1 1004/4/1
f 1007/4/1 1005/4/1 1006/4/1
f 1012/4/1 1009/4/1 1008/4/1
f 1013/4/1 1009/4/1 1012/4/1
f 1014/1/1 1011/1/1 1010/1/1
f 1015/1/1 1011/1/1 1014/1/1
f 1019/4/1 1017/4/1 1016/4/1
f 1019/4/1 1018/4/1 1017/4/1
f 1020/4/1 1018/4/1 1019/4/1
f 1021/4/1 1018/4/1 1020/4/1
f 1022/4/1 1018/4/1 1021/4/1
f 1025/4/1 1024/4/1 1023/4/1
f 1026/4/1 1024/4/1 1025/4/1
f 1031/4/1 1028/4/1 1027/4/1
f 1032/4/1 1028/4/1 1031/4/1
f 1033/4/1 1030/4/1 1029/4/1
f 1034/4/1 1030/4/1 1033/4/1
f 1037/1/1 1036/1/1 1035/1/1
f 1038/1/1 1036/1/1 1037/1/1
f 1041/4/1 1040/4/1 1039/4/1
f 1042/4/1 1040/4/1 1041/4/1
f 1045/4/1 1044/4/1 1043/4/1
f 1046/4/1 1045/4/1 1043/4/1
f 1047/4/1 1045/4/1 1046/4/1
f 1050/2/1 1049/2/1 1048/2/1
f 1051/2/1 1049/2/1 1050/2/1
f 1054/4/1 1053/4/1 1052/4/1
f 1055/4/1 1053/4/1 1054/4/1
f 1058/2/1 1057/2/1 1056/2/1
f 1060/2/1 1058/2/1 1056/2/1
f 1061/4/1 1059/4/1 1058/4/1
f 1061/2/1 1058/2/1 1060/2/1
f 1062/4/1 1059/4/1 1061/4/1
f 1065/4/1 1064/4/1 1063/4/1
f 1066/4/1 1064/4/1 1065/4/1
f 1069/4/1 1068/4/1 1067/4/1
f 1070/4/1 1068/4/1 1069/4/1
f 1073/1/1 1072/1/1 1071/1/1
f 1074/1/1 1072/1/1 1073/1/1
f 1079/4/1 1076/4/1 1075/4/1
f 1080/4/1 1076/4/1 1079/4/1
f 1081/4/1 1078/4/1 1077/4/1
f 1082/4/1 1078/4/1 1081/4/1
f 1085/4/1 1084/4/1 1083/4/1
f 1086/4/1 1084/4/1 1085/4/1
f 1087/4/2 1088/4/2 1091/4/2
f 1087/4/2 1091/4/2 1093/4/2
f 1091/4/2 1092/4/2 1093/4/2
f 1093/4/2 1092/4/2 1094/4/2
f 1089/4/2 1090/4/2 1095/4/2
f 1095/4/2 1090/4/2 1096/4/2
f 1094/4/2 1092/4/2 1097/4/2
f 1097/4/2 1092/4/2 1098/4/2
f 1099/4/2 1100/4/2 1101/4/2
f 1101/4/2 1100/4/2 1102/4/2
f 1103/4/2 1104/4/2 1107/4/2
f 1107/4/2 1104/4/2 1108/4/2
f 1105/4/2 1106/4/2 1109/4/2
f 1109/4/2 1106/4/2 1110/4/2
f 1109/2/2 1110/2/2 1112/2/2
f 1110/2/2 1111/2/2 1112/2/2
f 1112/2/2 1111/2/2 1113/2/2
f 1113/2/2 1111/2/2 1114/2/2
f 1114/2/2 1111/2/2 1115/2/2
f 1116/4/2 1117/4/2 1118/4/2
f 1118/4/2 1117/4/2 1119/4/2
f 1120/4/2 1121/4/2 1123/4/2
f 1122/4/2 1123/4/2 1124/4/2
f 1123/4/2 1121/4/2 1125/4/2
f 1124/4/2 1123/4/2 1125/4/2
f 1125/4/2 1121/4/2 1126/4/2
f 1127/4/2 1128/4/2 1129/4/2
f 1129/4/2 1128/4/2 1130/4/2
f 1131/4/2 1132/4/2 1133/4/2
f 1133/4/2 1132/4/2 1134/4/2
f 1135/2/2 1136/2/2 1139/2/2
f 1139/2/2 1136/2/2 1140/2/2
f 1137/4/2 1138/4/2 1141/4/2
f 1141/4/2 1138/4/2 1142/4/2
f 1143/4/2 1144/4/2 1145/4/2
f 1143/4/2 1145/4/2 1146/4/2
f 1146/4/2 1145/4/2 1147/4/2
f 1148/4/2 1149/4/2 1150/4/2
f 1150/4/2 1149/4/2 1151/4/2
f 1152/4/2 1153/4/2 1154/4/2
f 1154/4/2 1153/4/2 1155/4/2
f 1154/2/2 1155/2/2 1157/2/2
f 1155/4/2 1156/4/2 1158/4/2
f 1157/2/2 1155/2/2 1158/2/2
f 1158/4/2 1156/4/2 1159/4/2
f 1160/1/2 1161/1/2 1162/1/2
f 1162/1/2 1161/1/2 1163/1/2
f 1164/2/2 1165/2/2 1169/2/2
f 1169/2/2 1165/2/2 1170/2/2
f 1166/4/2 1167/4/2 1171/4/2
f 1167/2/2 1168/2/2 1172/2/2
f 1171/4/2 1167/4/2 1172/4/2
f 1172/2/2 1168/2/2 1173/2/2
f 1171/4/2 1172/4/2 1174/4/2
f 1174/4/2 1172/4/2 1175/4/2
f 1176/4/2 1177/4/2 1178/4/2
f 1178/4/2 1177/4/2 1179/4/2
f 1180/2/2 1181/2/2 1183/2/2
f 1181/2/2 1182/2/2 1183/2/2
f 1183/2/2 1182/2/2 1184/2/2
f 1184/2/2 1182/2/2 1185/2/2
f 1185/2/2 1182/2/2 1186/2/2
f 1187/4/2 1188/4/2 1189/4/2
f 1189/4/2 1188/4/2 1190/4/2
f 1191/1/2 1192/1/2 1193/1/2
f 1193/1/2 1192/1/2 1194/1/2
f 1195/4/2 1196/4/2 1197/4/2
f 1197/4/2 1196/4/2 1198/4/2
f 1199/1/2 1200/1/2 1201/1/2
f 1201/1/2 1200/1/2 1202/1/2
f 1203/1/2 1204/1/2 1205/1/2
f 1205/1/2 1204/1/2 1206/1/2
f 1206/1/2 1204/1/2 1207/1/2
f 1208/4/2 1209/4/2 1210/4/2
f 1210/4/2 1209/4/2 1211/4/2
f 1212/4/2 1213/4/2 1214/4/2
f 1214/4/2 1213/4/2 1215/4/2
f 1216/4/2 1217/4/2 1218/4/2
f 1216/4/2 1218/4/2 1220/4/2
f 1218/4/2 1219/4/2 1220/4/2
f 1220/4/2 1219/4/2 1221/4/2
f 1221/4/2 1219/4/2 1222/4/2
f 1221/2/2 1222/2/2 1226/2/2
f 1222/4/2 1223/4/2 1227/4/2
f 1226/2/2 1222/2/2 1227/2/2
f 1227/4/2 1223/4/2 1228/4/2
f 1224/4/2 1225/4/2 1229/4/2
f 1229/4/2 1225/4/2 1230/4/2
f 1227/2/2 1228/2/2 1231/2/2
f 1231/2/2 1228/2/2 1232/2/2
f 1231/4/2 1232/4/2 1233/4/2
f 1231/4/2 1233/4/2 1235/4/2
f 1233/4/2 1234/4/2 1235/4/2
f 1235/4/2 1234/4/2 1236/4/2
f 1236/4/2 1234/4/2 1237/4/2
f 1237/4/2 1238/4/2 1239/4/2
f 1236/4/2 1237/4/2 1239/4/2
f 1239/4/2 1238/4/2 1240/4/2
f 1240/4/2 1238/4/2 1241/4/2
f 1241/4/2 1238/4/2 1242/4/2
f 1243/3/2 1244/3/2 1245/3/2
f 1245/3/2 1244/3/2 1246/3/2
f 1247/4/2 1248/4/2 1249/4/2
f 1249/4/2 1248/4/2 1250/4/2
f 1250/4/2 1248/4/2 1251/4/2
f 1252/3/2 1253/3/2 1254/3/2
f 1254/3/2 1253/3/2 1255/3/2
f 1256/3/2 1257/3/2 1258/3/2
f 1258/3/2 1257/3/2 1259/3/2
f 1260/3/2 1261/3/2 1262/3/2
f 1262/3/2 1261/3/2 1263/3/2
f 1264/3/2 1265/3/2 1266/3/2
f 1266/3/2 1265/3/2 1267/3/2
f 1268/3/2 1269/3/2 1270/3/2
f 1270/3/2 1269/3/2 1271/3/2
f 1272/2/2 1273/2/2 1274/2/2
f 1274/2/2 1273/2/2 1275/2/2
f 1276/3/2 1277/3/2 1278/3/2
f 1278/3/2 1277/3/2 1279/3/2
f 1280/4/2 1281/4/2 1283/4/2
f 1283/4/2 1281/4/2 1284/4/2
f 1282/4/2 1283/4/2 1285/4/2
f 1285/4/2 1283/4/2 1286/4/2
f 1286/4/2 1283/4/2 1287/4/2
f 1286/4/2 1287/4/2 1289/4/2
f 1287/2/2 1288/2/2 1290/2/2
f 1289/4/2 1287/4/2 1290/4/2
f 1290/2/2 1288/2/2 1291/2/2
f 1291/2/2 1288/2/2 1292/2/2
f 1293/3/2 1294/3/2 1295/3/2
f 1295/3/2 1294/3/2 1296/3/2
f 1297/4/2 1298/4/2 1301/4/2
f 1301/4/2 1298/4/2 1302/4/2
f 1299/4/2 1300/4/2 1303/4/2
f 1303/4/2 1300/4/2 1304/4/2
f 1305/4/2 1306/4/2 1311/4/2
f 1311/4/2 1306/4/2 1312/4/2
f 1307/4/2 1308/4/2 1313/4/2
f 1313/4/2 1308/4/2 1314/4/2
f 1309/2/2 1310/2/2 1315/2/2
f 1315/2/2 1310/2/2 1316/2/2
f 1317/4/2 1318/4/2 1320/4/2
f 1320/4/2 1318/4/2 1321/4/2
f 1319/3/2 1320/3/2 1322/3/2
f 1322/3/2 1320/3/2 1323/3/2
f 1324/4/2 1325/4/2 1330/4/2
f 1330/4/2 1325/4/2 1331/4/2
f 1326/4/2 1327/4/2 1332/4/2
f 1332/4/2 1327/4/2 1333/4/2
f 1328/4/2 1329/4/2 1334/4/2
f 1334/4/2 1329/4/2 1335/4/2
f 1338/4/2 1339/4/2 1344/4/2
f 1344/4/2 1339/4/2 1345/4/2
f 1340/4/2 1341/4/2 1346/4/2
f 1346/4/2 1341/4/2 1347/4/2
f 1342/4/2 1343/4/2 1348/4/2
f 1348/4/2 1343/4/2 1349/4/2
f 1336/4/2 1337/4/2 1350/4/2
f 1350/4/2 1337/4/2 1351/4/2
f 1352/2/2 1353/2/2 1356/2/2
f 1356/2/2 1353/2/2 1357/2/2
f 1354/3/2 1355/3/2 1358/3/2
f 1358/3/2 1355/3/2 1359/3/2
f 1360/1/2 1361/1/2 1364/1/2
f 1364/1/2 1361/1/2 1365/1/2
f 1362/4/2 1363/4/2 1366/4/2
f 1366/4/2 1363/4/2 1367/4/2
f 1368/3/2 1369/3/2 1370/3/2
f 1370/3/2 1369/3/2 1371/3/2
f 1372/4/2 1373/4/2 1374/4/2
f 1374/4/2 1373/4/2 1375/4/2
f 1374/1/2 1375/1/2 1376/1/2
f 1376/1/2 1375/1/2 1377/1/2
f 1378/4/2 1379/4/2 1380/4/2
f 1380/4/2 1379/4/2 1381/4/2
f 1384/4/2 1385/4/2 1386/4/2
f 1386/4/2 1385/4/2 1387/4/2
f 1382/4/2 1383/4/2 1388/4/2
f 1388/4/2 1383/4/2 1389/4/2
f 1390/4/2 1391/4/2 1392/4/2
f 1392/4/2 1391/4/2 1393/4/2
f 1394/4/2 1395/4/2 1398/4/2
f 1398/4/2 1395/4/2 1399/4/2
f 1396/4/2 1397/4/2 1400/4/2
f 1400/4/2 1397/4/2 1401/4/2
f 1402/4/2 1403/4/2 1406/4/2
f 1406/4/2 1403/4/2 1407/4/2
f 1404/4/2 1405/4/2 1412/4/2
f 1412/4/2 1405/4/2 1413/4/2
f 1408/4/2 1409/4/2 1414/4/2
f 1414/4/2 1409/4/2 1415/4/2
f 1410/4/2 1411/4/2 1416/4/2
f 1416/4/2 1411/4/2 1417/4/2
f 1417/4/2 1411/4/2 1418/4/2
f 1418/4/2 1411/4/2 1419/4/2
f 1420/2/2 1421/2/2 1424/2/2
f 1424/2/2 1421/2/2 1425/2/2
f 1422/4/2 1423/4/2 1426/4/2
f 1426/4/2 1423/4/2 1427/4/2
f 1428/4/2 1429/4/2 1430/4/2
f 1430/4/2 1429/4/2 1431/4/2
f 1424/4/2 1425/4/2 1433/4/2
f 1433/4/2 1425/4/2 1434/4/2
f 1431/4/2 1432/4/2 1437/4/2
f 1437/4/2 1432/4/2 1438/4/2
f 1435/2/2 1436/2/2 1443/2/2
f 1443/2/2 1436/2/2 1444/2/2
f 1438/4/2 1439/4/2 1450/4/2
f 1450/4/2 1439/4/2 1451/4/2
f 1440/3/2 1441/3/2 1453/3/2
f 1441/4/2 1442/4/2 1454/4/2
f 1453/3/2 1441/3/2 1454/3/2
f 1454/4/2 1442/4/2 1455/4/2
f 1443/2/2 1444/2/2 1456/2/2
f 1456/2/2 1444/2/2 1457/2/2
f 1445/4/2 1446/4/2 1458/4/2
f 1446/4/2 1447/4/2 1458/4/2
f 1458/4/2 1447/4/2 1459/4/2
f 1448/4/2 1449/4/2 1460/4/2
f 1460/4/2 1449/4/2 1461/4/2
f 1452/3/2 1453/3/2 1466/3/2
f 1456/4/2 1457/4/2 1467/4/2
f 1467/4/2 1457/4/2 1468/4/2
f 1461/4/2 1462/4/2 1469/4/2
f 1469/4/2 1462/4/2 1470/4/2
f 1463/4/2 1464/4/2 1476/4/2
f 1476/4/2 1464/4/2 1477/4/2
f 1465/3/2 1466/3/2 1478/3/2
f 1466/3/2 1453/3/2 1479/3/2
f 1478/3/2 1466/3/2 1479/3/2
f 1471/4/2 1472/4/2 1480/4/2
f 1472/2/2 1473/2/2 1481/2/2
f 1480/4/2 1472/4/2 1481/4/2
f 1473/4/2 1474/4/2 1482/4/2
f 1481/2/2 1473/2/2 1482/2/2
f 1482/4/2 1474/4/2 1483/4/2
f 1475/4/2 1476/4/2 1486/4/2
f 1486/4/2 1476/4/2 1487/4/2
f 1484/4/2 1485/4/2 1488/4/2
f 1488/4/2 1485/4/2 1489/4/2
f 1490/2/2 1491/2/2 1494/2/2
f 1490/2/2 1494/2/2 1495/2/2
f 1492/4/2 1493/4/2 1496/4/2
f 1496/4/2 1493/4/2 1497/4/2
f 1490/2/2 1495/2/2 1499/2/2
f 1499/2/2 1495/2/2 1500/2/2
f 1497/3/2 1498/3/2 1501/3/2
f 1501/3/2 1498/3/2 1502/3/2
f 1503/2/2 1504/2/2 1505/2/2
f 1505/2/2 1504/2/2 1506/2/2
f 1505/1/2 1506/1/2 1510/1/2
f 1510/1/2 1506/1/2 1511/1/2
f 1507/4/2 1508/4/2 1512/4/2
f 1508/3/2 1509/3/2 1513/3/2
f 1512/4/2 1508/4/2 1513/4/2
f 1513/3/2 1509/3/2 1514/3/2
f 1517/4/2 1518/4/2 1519/4/2
f 1519/4/2 1518/4/2 1520/4/2
f 1515/1/2 1516/1/2 1522/1/2
f 1522/1/2 1516/1/2 1523/1/2
f 1521/3/2 1522/3/2 1524/3/2
f 1522/4/2 1523/4/2 1524/4/2
f 1524/4/2 1523/4/2 1525/4/2
f 1519/1/2 1520/1/2 1526/1/2
f 1526/1/2 1520/1/2 1527/1/2
f 1527/1/2 1520/1/2 1528/1/2
f 1521/3/2 1524/3/2 1529/3/2
f 1529/3/2 1524/3/2 1530/3/2
f 1527/4/2 1528/4/2 1531/4/2
f 1531/4/2 1528/4/2 1532/4/2
f 1531/3/2 1532/3/2 1533/3/2
f 1533/3/2 1532/3/2 1534/3/2
f 1535/1/2 1536/1/2 1539/1/2
f 1537/3/2 1538/3/2 1540/3/2
f 1540/3/2 1538/3/2 1541/3/2
f 1535/1/2 1539/1/2 1543/1/2
f 1543/1/2 1539/1/2 1544/1/2
f 1542/1/2 1543/1/2 1545/1/2
f 1543/4/2 1544/4/2 1546/4/2
f 1545/1/2 1543/1/2 1546/1/2
f 1546/4/2 1544/4/2 1547/4/2
f 1548/4/2 1549/4/2 1552/4/2
f 1552/4/2 1549/4/2 1553/4/2
f 1550/4/2 1551/4/2 1554/4/2
f 1554/4/2 1551/4/2 1555/4/2
f 1556/4/2 1557/4/2 1560/4/2
f 1560/4/2 1557/4/2 1561/4/2
f 1558/4/2 1559/4/2 1562/4/2
f 1562/4/2 1559/4/2 1563/4/2
f 1564/4/2 1565/4/2 1568/4/2
f 1568/4/2 1565/4/2 1569/4/2
f 1566/4/2 1567/4/2 1572/4/2
f 1572/4/2 1567/4/2 1573/4/2
f 1569/4/2 1570/4/2 1574/4/2
f 1574/4/2 1570/4/2 1575/4/2
f 1571/4/2 1572/4/2 1578/4/2
f 1578/4/2 1572/4/2 1579/4/2
f 1576/4/2 1577/4/2 1580/4/2
f 1580/4/2 1577/4/2 1581/4/2
f 1581/4/2 1577/4/2 1582/4/2
f 1582/4/2 1577/4/2 1583/4/2
f 1583/4/2 1577/4/2 1584/4/2
f 1585/4/2 1586/4/2 1589/4/2
f 1589/4/2 1586/4/2 1590/4/2
f 1587/4/2 1588/4/2 1595/4/2
f 1595/4/2 1588/4/2 1596/4/2
f 1591/4/2 1592/4/2 1597/4/2
f 1597/4/2 1592/4/2 1598/4/2
f 1592/2/2 1593/2/2 1599/2/2
f 1598/4/2 1592/4/2 1599/4/2
f 1593/4/2 1594/4/2 1600/4/2
f 1599/2/2 1593/2/2 1600/2/2
f 1600/4/2 1594/4/2 1601/4/2
f 1595/2/2 1596/2/2 1602/2/2
f 1602/2/2 1596/2/2 1603/2/2
f 1604/4/2 1605/4/2 1606/4/2
f 1606/4/2 1605/4/2 1607/4/2
f 1602/4/2 1603/4/2 1610/4/2
f 1610/4/2 1603/4/2 1611/4/2
f 1607/4/2 1608/4/2 1616/4/2
f 1616/4/2 1608/4/2 1617/4/2
f 1609/4/2 1610/4/2 1621/4/2
f 1610/4/2 1611/4/2 1621/4/2
f 1611/2/2 1612/2/2 1622/2/2
f 1621/4/2 1611/4/2 1622/4/2
f 1622/2/2 1612/2/2 1623/2/2
f 1613/2/2 1614/2/2 1624/2/2
f 1614/4/2 1615/4/2 1625/4/2
f 1624/2/2 1614/2/2 1625/2/2
f 1625/4/2 1615/4/2 1626/4/2
f 1619/4/2 1620/4/2 1628/4/2
f 1626/4/2 1627/4/2 1631/4/2
f 1631/4/2 1627/4/2 1632/4/2
f 1617/4/2 1618/4/2 1635/4/2
f 1635/4/2 1618/4/2 1636/4/2
f 1628/4/2 1620/4/2 1637/4/2
f 1637/4/2 1620/4/2 1638/4/2
f 1629/3/2 1630/3/2 1639/3/2
f 1639/3/2 1630/3/2 1640/3/2
f 1632/4/2 1633/4/2 1643/4/2
f 1643/4/2 1633/4/2 1644/4/2
f 1634/4/2 1635/4/2 1645/4/2
f 1645/4/2 1635/4/2 1646/4/2
f 1647/3/2 1648/3/2 1649/3/2
f 1649/3/2 1648/3/2 1650/3/2
f 1650/3/2 1648/3/2 1651/3/2
f 1650/3/2 1651/3/2 1656/3/2
f 1651/3/2 1652/3/2 1656/3/2
f 1656/3/2 1652/3/2 1657/3/2
f 1657/3/2 1652/3/2 1658/3/2
f 1641/4/2 1642/4/2 1659/4/2
f 1659/4/2 1642/4/2 1660/4/2
f 1653/2/2 1654/2/2 1662/2/2
f 1654/4/2 1655/4/2 1663/4/2
f 1662/2/2 1654/2/2 1663/2/2
f 1663/4/2 1655/4/2 1664/4/2
f 1660/3/2 1661/3/2 1666/3/2
f 1666/3/2 1661/3/2 1667/3/2
f 1665/4/2 1666/4/2 1670/4/2
f 1670/4/2 1666/4/2 1671/4/2
f 1668/2/2 1669/2/2 1672/2/2
f 1672/2/2 1669/2/2 1673/2/2
f 1672/4/2 1673/4/2 1676/4/2
f 1676/4/2 1673/4/2 1677/4/2
f 1674/3/2 1675/3/2 1678/3/2
f 1678/3/2 1675/3/2 1679/3/2
f 1676/2/2 1677/2/2 1680/2/2
f 1680/2/2 1677/2/2 1681/2/2
f 1682/3/2 1683/3/2 1684/3/2
f 1684/3/2 1683/3/2 1685/3/2
f 1688/4/2 1689/4/2 1690/4/2
f 1690/4/2 1689/4/2 1691/4/2
f 1691/4/2 1689/4/2 1692/4/2
f 1686/1/2 1687/1/2 1693/1/2
f 1693/1/2 1687/1/2 1694/1/2
f 1693/4/2 1694/4/2 1696/4/2
f 1696/4/2 1694/4/2 1697/4/2
f 1691/1/2 1692/1/2 1698/1/2
f 1698/1/2 1692/1/2 1699/1/2
f 1699/1/2 1692/1/2 1700/1/2
f 1696/4/2 1697/4/2 1701/4/2
f 1695/3/2 1696/3/2 1701/3/2
f 1701/4/2 1697/4/2 1702/4/2
f 1695/3/2 1701/3/2 1704/3/2
f 1703/3/2 1704/3/2 1705/3/2
f 1704/3/2 1701/3/2 1706/3/2
f 1705/3/2 1704/3/2 1706/3/2
f 1699/4/2 1700/4/2 1707/4/2
f 1707/4/2 1700/4/2 1708/4/2
f 1706/3/2 1701/3/2 1709/3/2
f 1709/3/2 1701/3/2 1710/3/2
f 1711/3/2 1712/3/2 1713/3/2
f 1713/3/2 1712/3/2 1714/3/2
f 1715/4/2 1716/4/2 1718/4/2
f 1718/4/2 1716/4/2 1719/4/2
f 1719/4/2 1716/4/2 1720/4/2
f 1717/4/2 1718/4/2 1722/4/2
f 1718/4/2 1719/4/2 1722/4/2
f 1722/4/2 1719/4/2 1723/4/2
f 1720/4/2 1716/4/2 1724/4/2
f 1724/4/2 1716/4/2 1725/4/2
f 1721/4/2 1722/4/2 1727/4/2
f 1727/4/2 1722/4/2 1728/4/2
f 1720/4/2 1724/4/2 1729/4/2
f 1729/4/2 1724/4/2 1730/4/2
f 1726/4/2 1727/4/2 1733/4/2
f 1732/5/2 1733/5/2 1734/5/2
f 1733/4/2 1727/4/2 1735/4/2
f 1734/5/2 1733/5/2 1735/5/2
f 1735/4/2 1727/4/2 1736/4/2
f 1730/4/2 1731/4/2 1739/4/2
f 1739/4/2 1731/4/2 1740/4/2
f 1736/4/2 1737/4/2 1741/4/2
f 1741/4/2 1737/4/2 1742/4/2
f 1738/4/2 1739/4/2 1743/4/2
f 1743/4/2 1739/4/2 1744/4/2
f 1742/4/2 1743/4/2 1745/4/2
f 1745/4/2 1743/4/2 1746/4/2
f 1747/4/2 1748/4/2 1750/4/2
f 1749/4/2 1750/4/2 1751/4/2
f 1750/4/2 1748/4/2 1752/4/2
f 1751/4/2 1750/4/2 1752/4/2
f 1752/4/2 1748/4/2 1753/4/2
f 1751/1/2 1752/1/2 1754/1/2
f 1754/1/2 1752/1/2 1755/1/2
f 1756/4/2 1757/4/2 1760/4/2
f 1760/4/2 1757/4/2 1761/4/2
f 1758/4/2 1759/4/2 1762/4/2
f 1762/4/2 1759/4/2 1763/4/2
f 1763/4/2 1759/4/2 1764/4/2
f 1763/4/2 1764/4/2 1768/4/2
f 1765/2/2 1766/2/2 1769/2/2
f 1766/4/2 1767/4/2 1770/4/2
f 1769/2/2 1766/2/2 1770/2/2
f 1770/4/2 1767/4/2 1771/4/2
f 1756/4/2 1760/4/2 1772/4/2
f 1768/4/2 1764/4/2 1773/4/2
f 1773/4/2 1764/4/2 1774/4/2
f 1774/4/2 1764/4/2 1775/4/2
f 1771/4/2 1767/4/2 1776/4/2
f 1776/4/2 1767/4/2 1777/4/2
f 1756/4/2 1772/4/2 1779/4/2
f 1779/4/2 1772/4/2 1780/4/2
f 1773/4/2 1774/4/2 1783/4/2
f 1783/4/2 1774/4/2 1784/4/2
f 1777/4/2 1778/4/2 1786/4/2
f 1756/4/2 1779/4/2 1790/4/2
f 1780/2/2 1781/2/2 1791/2/2
f 1790/4/2 1779/4/2 1791/4/2
f 1779/2/2 1780/2/2 1791/2/2
f 1791/2/2 1781/2/2 1792/2/2
f 1784/4/2 1785/4/2 1793/4/2
f 1782/4/2 1783/4/2 1793/4/2
f 1783/4/2 1784/4/2 1793/4/2
f 1793/4/2 1785/4/2 1794/4/2
f 1794/4/2 1785/4/2 1795/4/2
f 1786/4/2 1787/4/2 1797/4/2
f 1777/4/2 1786/4/2 1797/4/2
f 1797/4/2 1787/4/2 1798/4/2
f 1788/4/2 1789/4/2 1800/4/2
f 1795/4/2 1796/4/2 1803/4/2
f 1794/4/2 1795/4/2 1803/4/2
f 1803/4/2 1796/4/2 1804/4/2
f 1804/4/2 1796/4/2 1805/4/2
f 1798/4/2 1799/4/2 1808/4/2
f 1800/4/2 1789/4/2 1809/4/2
f 1809/4/2 1789/4/2 1810/4/2
f 1801/4/2 1802/4/2 1811/4/2
f 1811/4/2 1802/4/2 1812/4/2
f 1805/4/2 1806/4/2 1813/4/2
f 1804/4/2 1805/4/2 1813/4/2
f 1813/4/2 1806/4/2 1814/4/2
f 1814/4/2 1806/4/2 1815/4/2
f 1807/4/2 1808/4/2 1817/4/2
f 1808/4/2 1799/4/2 1818/4/2
f 1817/4/2 1808/4/2 1818/4/2
f 1818/4/2 1799/4/2 1819/4/2
f 1812/4/2 1802/4/2 1822/4/2
f 1822/4/2 1802/4/2 1823/4/2
f 1814/4/2 1815/4/2 1824/4/2
f 1815/2/2 1816/2/2 1825/2/2
f 1824/4/2 1815/4/2 1825/4/2
f 1816/4/2 1817/4/2 1826/4/2
f 1825/2/2 1816/2/2 1826/2/2
f 1817/4/2 1818/4/2 1826/4/2
f 1826/4/2 1818/4/2 1827/4/2
f 1820/3/2 1821/3/2 1828/3/2
f 1821/4/2 1822/4/2 1829/4/2
f 1828/3/2 1821/3/2 1829/3/2
f 1829/4/2 1822/4/2 1830/4/2
f 1820/3/2 1828/3/2 1831/3/2
f 1831/3/2 1828/3/2 1832/3/2
f 1823/4/2 1802/4/2 1833/4/2
f 1833/4/2 1802/4/2 1834/4/2
f 1835/3/2 1836/3/2 1841/3/2
f 1841/3/2 1836/3/2 1842/3/2
f 1837/3/2 1838/3/2 1843/3/2
f 1843/3/2 1838/3/2 1844/3/2
f 1839/4/2 1840/4/2 1845/4/2
f 1845/4/2 1840/4/2 1846/4/2
f 1847/2/2 1848/2/2 1851/2/2
f 1849/3/2 1850/3/2 1852/3/2
f 1852/3/2 1850/3/2 1853/3/2
f 1847/2/2 1851/2/2 1855/2/2
f 1853/3/2 1854/3/2 1859/3/2
f 1859/3/2 1854/3/2 1860/3/2
f 1857/4/2 1858/4/2 1861/4/2
f 1855/4/2 1856/4/2 1861/4/2
f 1858/3/2 1859/3/2 1861/3/2
f 1856/4/2 1857/4/2 1861/4/2
f 1861/3/2 1859/3/2 1862/3/2
f 1847/2/2 1855/2/2 1863/2/2
f 1855/4/2 1861/4/2 1864/4/2
f 1863/2/2 1855/2/2 1864/2/2
f 1861/4/2 1862/4/2 1864/4/2
f 1864/4/2 1862/4/2 1865/4/2
f 1865/4/2 1862/4/2 1866/4/2
f 1864/1/2 1865/1/2 1867/1/2
f 1866/4/2 1862/4/2 1868/4/2
f 1868/4/2 1862/4/2 1869/4/2
f 1864/1/2 1867/1/2 1870/1/2
f 1870/1/2 1867/1/2 1871/1/2
f 1868/1/2 1869/1/2 1872/1/2
f 1872/1/2 1869/1/2 1873/1/2
f 1874/3/2 1875/3/2 1878/3/2
f 1878/3/2 1875/3/2 1879/3/2
f 1876/3/2 1877/3/2 1880/3/2
f 1880/3/2 1877/3/2 1881/3/2
f 1882/4/2 1883/4/2 1886/4/2
f 1886/4/2 1883/4/2 1887/4/2
f 1887/4/2 1883/4/2 1888/4/2
f 1888/4/2 1883/4/2 1889/4/2
f 1884/3/2 1885/3/2 1890/3/2
f 1890/3/2 1885/3/2 1891/3/2
f 1892/4/2 1893/4/2 1896/4/2
f 1893/4/2 1894/4/2 1896/4/2
f 1896/4/2 1894/4/2 1897/4/2
f 1897/4/2 1894/4/2 1898/4/2
f 1898/4/2 1894/4/2 1899/4/2
f 1895/4/2 1896/4/2 1901/4/2
f 1896/4/2 1897/4/2 1901/4/2
f 1901/4/2 1897/4/2 1902/4/2
f 1899/4/2 1900/4/2 1903/4/2
f 1898/4/2 1899/4/2 1903/4/2
f 1903/4/2 1900/4/2 1904/4/2
f 1895/4/2 1901/4/2 1905/4/2
f 1904/4/2 1900/4/2 1908/4/2
f 1908/4/2 1900/4/2 1909/4/2
f 1905/4/2 1906/4/2 1910/4/2
f 1895/4/2 1905/4/2 1910/4/2
f 1910/4/2 1906/4/2 1911/4/2
f 1911/4/2 1906/4/2 1912/4/2
f 1907/4/2 1908/4/2 1913/4/2
f 1913/4/2 1908/4/2 1914/4/2
f 1911/4/2 1912/4/2 1915/4/2
f 1913/4/2 1914/4/2 1915/4/2
f 1912/4/2 1913/4/2 1915/4/2
f 1915/4/2 1914/4/2 1916/4/2
f 1917/4/2 1918/4/2 1920/4/2
f 1920/4/2 1918/4/2 1921/4/2
f 1921/4/2 1918/4/2 1922/4/2
f 1919/4/2 1920/4/2 1926/4/2
f 1920/4/2 1921/4/2 1926/4/2
f 1921/2/2 1922/2/2 1927/2/2
f 1926/4/2 1921/4/2 1927/4/2
f 1922/4/2 1923/4/2 1928/4/2
f 1927/2/2 1922/2/2 1928/2/2
f 1928/4/2 1923/4/2 1929/4/2
f 1924/4/2 1925/4/2 1930/4/2
f 1930/4/2 1925/4/2 1931/4/2
f 1919/4/2 1926/4/2 1935/4/2
f 1928/2/2 1929/2/2 1936/2/2
f 1935/4/2 1926/4/2 1936/4/2
f 1926/2/2 1927/2/2 1936/2/2
f 1927/2/2 1928/2/2 1936/2/2
f 1936/2/2 1929/2/2 1937/2/2
f 1937/2/2 1929/2/2 1938/2/2
f 1931/4/2 1932/4/2 1939/4/2
f 1930/4/2 1931/4/2 1939/4/2
f 1936/2/2 1937/2/2 1941/2/2
f 1935/2/2 1936/2/2 1941/2/2
f 1941/2/2 1937/2/2 1942/2/2
f 1942/2/2 1937/2/2 1943/2/2
f 1937/4/2 1938/4/2 1944/4/2
f 1943/2/2 1937/2/2 1944/2/2
f 1944/4/2 1938/4/2 1945/4/2
f 1939/4/2 1940/4/2 1946/4/2
f 1930/4/2 1939/4/2 1946/4/2
f 1942/2/2 1943/2/2 1947/2/2
f 1943/4/2 1944/4/2 1948/4/2
f 1947/2/2 1943/2/2 1948/2/2
f 1948/4/2 1944/4/2 1949/4/2
f 1946/4/2 1940/4/2 1950/4/2
f 1950/4/2 1940/4/2 1951/4/2
f 1951/4/2 1940/4/2 1952/4/2
f 1933/4/2 1934/4/2 1954/4/2
f 1954/4/2 1934/4/2 1955/4/2
f 1952/4/2 1953/4/2 1956/4/2
f 1951/4/2 1952/4/2 1956/4/2
f 1956/4/2 1953/4/2 1957/4/2
f 1957/4/2 1953/4/2 1958/4/2
f 1958/4/2 1953/4/2 1959/4/2
f 1959/4/2 1953/4/2 1960/4/2
f 1960/4/2 1953/4/2 1961/4/2
f 1957/4/2 1958/4/2 1962/4/2
f 1962/4/2 1958/4/2 1963/4/2
f 1959/4/2 1960/4/2 1964/4/2
f 1964/4/2 1960/4/2 1965/4/2
f 1966/4/2 1967/4/2 1969/4/2
f 1968/3/2 1969/3/2 1970/3/2
f 1969/4/2 1967/4/2 1971/4/2
f 1970/3/2 1969/3/2 1971/3/2
f 1971/4/2 1967/4/2 1972/4/2
f 1972/4/2 1973/4/2 1974/4/2
f 1974/4/2 1973/4/2 1975/4/2
f 1968/3/2 1970/3/2 1976/3/2
f 1976/3/2 1970/3/2 1977/3/2
f 1978/4/2 1979/4/2 1980/4/2
f 1980/4/2 1979/4/2 1981/4/2
f 1981/4/2 1979/4/2 1982/4/2
f 1981/4/2 1982/4/2 1986/4/2
f 1982/4/2 1983/4/2 1986/4/2
f 1986/4/2 1983/4/2 1987/4/2
f 1984/3/2 1985/3/2 1988/3/2
f 1988/3/2 1985/3/2 1989/3/2
f 1986/2/2 1987/2/2 1991/2/2
f 1987/4/2 1983/4/2 1992/4/2
f 1991/2/2 1987/2/2 1992/2/2
f 1992/4/2 1983/4/2 1993/4/2
f 1989/3/2 1990/3/2 1994/3/2
f 1994/3/2 1990/3/2 1995/3/2
f 1996/4/2 1997/4/2 1998/4/2
f 1998/4/2 1997/4/2 1999/4/2
f 1999/4/2 1997/4/2 2000/4/2
f 2000/4/2 1997/4/2 2001/4/2
f 1998/1/2 1999/1/2 2003/1/2
f 1999/4/2 2000/4/2 2004/4/2
f 2000/1/2 2001/1/2 2004/1/2
f 2004/1/2 2001/1/2 2005/1/2
f 2002/1/2 2003/1/2 2007/1/2
f 2003/1/2 1999/1/2 2007/1/2
f 2004/4/2 2005/4/2 2008/4/2
f 2007/1/2 1999/1/2 2008/1/2
f 1999/4/2 2004/4/2 2008/4/2
f 2005/1/2 2006/1/2 2009/1/2
f 2008/4/2 2005/4/2 2009/4/2
f 2009/1/2 2006/1/2 2010/1/2
f 2002/1/2 2007/1/2 2011/1/2
f 2007/4/2 2008/4/2 2011/4/2
f 2009/4/2 2010/4/2 2011/4/2
f 2008/4/2 2009/4/2 2011/4/2
f 2011/4/2 2010/4/2 2012/4/2
f 2002/1/2 2011/1/2 2013/1/2
f 2013/1/2 2011/1/2 2014/1/2
f 2012/4/2 2010/4/2 2015/4/2
f 2013/4/2 2014/4/2 2017/4/2
f 2014/4/2 2015/4/2 2017/4/2
f 2017/4/2 2015/4/2 2018/4/2
f 2016/3/2 2017/3/2 2018/3/2
f 2015/4/2 2010/4/2 2019/4/2
f 2018/4/2 2015/4/2 2019/4/2
f 2016/3/2 2018/3/2 2020/3/2
f 2020/3/2 2018/3/2 2021/3/2
f 2019/4/2 2010/4/2 2023/4/2
f 2023/4/2 2010/4/2 2024/4/2
f 2024/4/2 2010/4/2 2025/4/2
f 2021/3/2 2022/3/2 2026/3/2
f 2024/3/2 2025/3/2 2027/3/2
f 2027/3/2 2025/3/2 2028/3/2
f 2027/3/2 2028/3/2 2030/3/2
f 2028/3/2 2029/3/2 2030/3/2
f 2026/3/2 2027/3/2 2030/3/2
f 2021/3/2 2026/3/2 2030/3/2
f 2030/3/2 2029/3/2 2031/3/2
f 2031/3/2 2029/3/2 2032/3/2
f 2032/3/2 2029/3/2 2033/3/2
f 2033/3/2 2029/3/2 2034/3/2
f 2034/3/2 2029/3/2 2035/3/2
f 2033/3/2 2034/3/2 2036/3/2
f 2036/3/2 2034/3/2 2037/3/2
f 2038/1/2 2039/1/2 2042/1/2
f 2042/1/2 2039/1/2 2043/1/2
f 2040/4/2 2041/4/2 2044/4/2
f 2044/4/2 2041/4/2 2045/4/2
f 2046/4/2 2047/4/2 2049/4/2
f 2049/4/2 2047/4/2 2050/4/2
f 2048/4/2 2049/4/2 2052/4/2
f 2050/4/2 2051/4/2 2052/4/2
f 2049/4/2 2050/4/2 2052/4/2
f 2052/4/2 2051/4/2 2053/4/2
f 2048/4/2 2052/4/2 2054/4/2
f 2054/4/2 2052/4/2 2055/4/2
f 2055/4/2 2052/4/2 2056/4/2
f 2053/4/2 2051/4/2 2057/4/2
f 2057/4/2 2051/4/2 2058/4/2
f 2055/4/2 2056/4/2 2059/4/2
f 2056/4/2 2057/4/2 2059/4/2
f 2059/4/2 2057/4/2 2060/4/2
f 2061/4/2 2062/4/2 2063/4/2
f 2063/4/2 2062/4/2 2064/4/2
f 2064/4/2 2062/4/2 2065/4/2
f 2065/4/2 2062/4/2 2066/4/2
f 2067/4/2 2068/4/2 2069/4/2
f 2069/4/2 2068/4/2 2070/4/2
f 2071/3/2 2072/3/2 2073/3/2
f 2071/3/2 2073/3/2 2075/3/2
f 2073/3/2 2074/3/2 2075/3/2
f 2075/3/2 2074/3/2 2076/3/2
f 2076/3/2 2074/3/2 2078/3/2
f 2078/3/2 2074/3/2 2079/3/2
f 2079/3/2 2074/3/2 2080/3/2
f 2077/3/2 2078/3/2 2082/3/2
f 2082/3/2 2078/3/2 2083/3/2
f 2080/3/2 2081/3/2 2084/3/2
f 2079/3/2 2080/3/2 2084/3/2
f 2084/3/2 2081/3/2 2085/3/2
f 2085/3/2 2081/3/2 2086/3/2
f 2084/3/2 2085/3/2 2087/3/2
f 2084/3/2 2087/3/2 2089/3/2
f 2087/3/2 2088/3/2 2089/3/2
f 2089/3/2 2088/3/2 2090/3/2
f 2091/3/2 2092/3/2 2093/3/2
f 2093/3/2 2092/3/2 2094/3/2
f 2094/3/2 2092/3/2 2095/3/2
f 2095/3/2 2096/3/2 2097/3/2
f 2094/3/2 2095/3/2 2097/3/2
f 2097/3/2 2096/3/2 2098/3/2
f 2099/1/2 2100/1/2 2103/1/2
f 2103/1/2 2100/1/2 2104/1/2
f 2101/4/2 2102/4/2 2105/4/2
f 2105/4/2 2102/4/2 2106/4/2
f 2107/4/2 2108/4/2 2109/4/2
f 2107/4/2 2109/4/2 2111/4/2
f 2109/4/2 2110/4/2 2111/4/2
f 2111/4/2 2110/4/2 2112/4/2
f 2112/4/2 2110/4/2 2113/4/2
f 2114/4/2 2115/4/2 2116/4/2
f 2116/4/2 2115/4/2 2117/4/2
f 2120/2/2 2121/2/2 2122/2/2
f 2122/2/2 2121/2/2 2123/2/2
f 2118/4/2 2119/4/2 2124/4/2
f 2124/4/2 2119/4/2 2125/4/2
f 2126/3/2 2127/3/2 2128/3/2
f 2128/3/2 2127/3/2 2129/3/2
f 2129/3/2 2130/3/2 2131/3/2
f 2131/3/2 2130/3/2 2132/3/2
f 2132/3/2 2130/3/2 2133/3/2
f 2133/3/2 2130/3/2 2134/3/2
f 2135/4/2 2136/4/2 2137/4/2
f 2137/4/2 2136/4/2 2138/4/2
f 2137/1/2 2138/1/2 2139/1/2
f 2139/1/2 2138/1/2 2140/1/2
f 2141/2/2 2142/2/2 2143/2/2
f 2143/2/2 2142/2/2 2144/2/2
f 2145/4/2 2146/4/2 2148/4/2
f 2146/4/2 2147/4/2 2148/4/2
f 2148/4/2 2147/4/2 2149/4/2
f 2150/2/2 2151/2/2 2152/2/2
f 2152/2/2 2151/2/2 2153/2/2
f 2154/2/2 2155/2/2 2156/2/2
f 2156/2/2 2155/2/2 2157/2/2
f 2158/4/2 2159/4/2 2160/4/2
f 2160/4/2 2159/4/2 2161/4/2
f 2160/2/2 2161/2/2 2162/2/2
f 2162/2/2 2161/2/2 2163/2/2
f 2164/1/2 2165/1/2 2166/1/2
f 2166/1/2 2165/1/2 2167/1/2
f 2168/2/2 2169/2/2 2171/2/2
f 2169/4/2 2170/4/2 2172/4/2
f 2171/2/2 2169/2/2 2172/2/2
f 2172/4/2 2170/4/2 2173/4/2
f 2173/4/2 2170/4/2 2174/4/2
f 2175/4/2 2176/4/2 2177/4/2
f 2177/4/2 2176/4/2 2178/4/2
f 2179/4/2 2180/4/2 2181/4/2
f 2181/4/2 2180/4/2 2182/4/2
f 2181/2/2 2182/2/2 2183/2/2
f 2183/2/2 2182/2/2 2184/2/2
f 2185/1/2 2186/1/2 2187/1/2
f 2187/1/2 2186/1/2 2188/1/2
f 2189/4/2 2190/4/2 2193/4/2
f 2193/4/2 2190/4/2 2194/4/2
f 2191/4/2 2192/4/2 2195/4/2
f 2195/4/2 2192/4/2 2196/4/2
f 2193/2/2 2194/2/2 2197/2/2
f 2197/2/2 2194/2/2 2198/2/2
f 2195/2/2 2196/2/2 2199/2/2
f 2199/2/2 2196/2/2 2200/2/2
f 2201/4/2 2202/4/2 2203/4/2
f 2203/4/2 2202/4/2 2204/4/2
f 2207/4/3 2206/4/3 2205/4/3
f 2208/4/3 2206/4/3 2207/4/3
f 2212/4/3 2210/4/3 2209/4/3
f 2213/4/3 2212/4/3 2211/4/3
f 2214/4/3 2210/4/3 2212/4/3
f 2214/4/3 2212/4/3 2213/4/3
f 2217/2/3 2216/2/3 2215/2/3
f 2218/2/3 2216/2/3 2217/2/3
f 2222/2/3 2220/2/3 2219/2/3
f 2223/4/3 2221/4/3 2220/4/3
f 2223/2/3 2220/2/3 2222/2/3
f 2224/4/3 2221/4/3 2223/4/3
f 2229/4/3 2226/4/3 2225/4/3
f 2230/2/3 2228/2/3 2227/2/3
f 2231/4/3 2229/4/3 2228/4/3
f 2231/2/3 2228/2/3 2230/2/3
f 2232/4/3 2226/4/3 2229/4/3
f 2232/4/3 2229/4/3 2231/4/3
f 2233/4/3 2231/4/3 2230/4/3
f 2234/4/3 2231/4/3 2233/4/3
f 2237/1/3 2236/1/3 2235/1/3
f 2238/1/3 2236/1/3 2237/1/3
f 2240/1/3 2239/1/3 2238/1/3
f 2241/1/3 2239/1/3 2240/1/3
f 2245/5/3 2243/5/3 2242/5/3
f 2247/4/3 2245/4/3 2244/4/3
f 2248/5/3 2243/5/3 2245/5/3
f 2248/4/3 2245/4/3 2247/4/3
f 2249/5/3 2243/5/3 2248/5/3
f 2250/4/3 2247/4/3 2246/4/3
f 2250/4/3 2248/4/3 2247/4/3
f 2250/4/3 2249/4/3 2248/4/3
f 2251/4/3 2249/4/3 2250/4/3
f 2252/4/3 2249/4/3 2251/4/3
f 2253/4/3 2249/4/3 2252/4/3
f 2256/4/3 2252/4/3 2251/4/3
f 2257/5/3 2253/5/3 2252/5/3
f 2257/4/3 2252/4/3 2256/4/3
f 2258/4/3 2255/4/3 2254/4/3
f 2259/5/3 2253/5/3 2257/5/3
f 2260/5/3 2253/5/3 2259/5/3
f 2261/4/3 2255/4/3 2258/4/3
f 2262/4/3 2255/4/3 2261/4/3
f 2267/4/3 2264/4/3 2263/4/3
f 2268/4/3 2264/4/3 2267/4/3
f 2270/4/3 2266/4/3 2265/4/3
f 2271/4/3 2266/4/3 2270/4/3
f 2273/4/3 2269/4/3 2268/4/3
f 2274/4/3 2269/4/3 2273/4/3
f 2275/4/3 2269/4/3 2274/4/3
f 2278/4/3 2273/4/3 2272/4/3
f 2278/4/3 2274/4/3 2273/4/3
f 2279/4/3 2274/4/3 2278/4/3
f 2280/4/3 2277/4/3 2276/4/3
f 2284/4/3 2278/4/3 2272/4/3
f 2286/4/3 2277/4/3 2280/4/3
f 2287/4/3 2282/4/3 2281/4/3
f 2288/3/3 2283/3/3 2282/3/3
f 2288/4/3 2282/4/3 2287/4/3
f 2289/3/3 2283/3/3 2288/3/3
f 2291/4/3 2285/4/3 2284/4/3
f 2291/4/3 2284/4/3 2272/4/3
f 2292/4/3 2285/4/3 2291/4/3
f 2293/4/3 2285/4/3 2292/4/3
f 2295/4/3 2277/4/3 2286/4/3
f 2296/4/3 2277/4/3 2295/4/3
f 2297/4/3 2288/4/3 2287/4/3
f 2298/4/3 2288/4/3 2297/4/3
f 2299/3/3 2290/3/3 2289/3/3
f 2300/3/3 2290/3/3 2299/3/3
f 2301/4/3 2294/4/3 2293/4/3
f 2301/4/3 2293/4/3 2292/4/3
f 2302/4/3 2294/4/3 2301/4/3
f 2308/4/3 2304/4/3 2303/4/3
f 2309/4/3 2304/4/3 2308/4/3
f 2311/4/3 2306/4/3 2305/4/3
f 2312/4/3 2306/4/3 2311/4/3
f 2316/4/3 2308/4/3 2307/4/3
f 2317/4/3 2308/4/3 2316/4/3
f 2318/4/3 2310/4/3 2309/4/3
f 2319/4/3 2310/4/3 2318/4/3
f 2325/3/3 2314/3/3 2313/3/3
f 2326/3/3 2314/3/3 2325/3/3
f 2327/3/3 2324/3/3 2323/3/3
f 2329/3/3 2322/3/3 2321/3/3
f 2330/3/3 2322/3/3 2329/3/3
f 2331/3/3 2328/3/3 2327/3/3
f 2331/3/3 2327/3/3 2323/3/3
f 2332/3/3 2328/3/3 2331/3/3
f 2334/3/3 2331/3/3 2330/3/3
f 2334/3/3 2332/3/3 2331/3/3
f 2335/3/3 2332/3/3 2334/3/3
f 2336/3/3 2332/3/3 2335/3/3
f 2337/2/3 2333/2/3 2332/2/3
f 2337/3/3 2332/3/3 2336/3/3
f 2338/2/3 2333/2/3 2337/2/3
f 2339/3/3 2338/3/3 2337/3/3
f 2339/3/3 2337/3/3 2336/3/3
f 2340/3/3 2338/3/3 2339/3/3
f 2341/4/3 2316/4/3 2315/4/3
f 2344/4/3 2320/4/3 2319/4/3
f 2345/4/3 2320/4/3 2344/4/3
f 2346/3/3 2338/3/3 2340/3/3
f 2347/3/3 2338/3/3 2346/3/3
f 2348/4/3 2342/4/3 2341/4/3
f 2348/4/3 2341/4/3 2315/4/3
f 2349/4/3 2342/4/3 2348/4/3
f 2350/4/3 2344/4/3 2343/4/3
f 2351/4/3 2344/4/3 2350/4/3
f 2352/4/3 2348/4/3 2315/4/3
f 2353/4/3 2348/4/3 2352/4/3
f 2354/4/3 2350/4/3 2349/4/3
f 2355/4/3 2350/4/3 2354/4/3
f 2357/1/3 2353/1/3 2352/1/3
f 2358/1/3 2353/1/3 2357/1/3
f 2359/1/3 2357/1/3 2356/1/3
f 2360/1/3 2357/1/3 2359/1/3
f 2363/4/3 2362/4/3 2361/4/3
f 2364/4/3 2362/4/3 2363/4/3
f 2373/4/3 2366/4/3 2365/4/3
f 2374/4/3 2366/4/3 2373/4/3
f 2376/3/3 2368/3/3 2367/3/3
f 2382/3/3 2370/3/3 2369/3/3
f 2386/4/3 2372/4/3 2371/4/3
f 2387/4/3 2372/4/3 2386/4/3
f 2388/4/3 2375/4/3 2374/4/3
f 2389/4/3 2375/4/3 2388/4/3
f 2390/3/3 2376/3/3 2367/3/3
f 2390/3/3 2377/3/3 2376/3/3
f 2390/3/3 2378/3/3 2377/3/3
f 2391/3/3 2378/3/3 2390/3/3
f 2392/3/3 2378/3/3 2391/3/3
f 2393/3/3 2378/3/3 2392/3/3
f 2394/3/3 2378/3/3 2393/3/3
f 2395/4/3 2380/4/3 2379/4/3
f 2396/4/3 2380/4/3 2395/4/3
f 2397/2/3 2381/2/3 2380/2/3
f 2397/4/3 2380/4/3 2396/4/3
f 2398/2/3 2381/2/3 2397/2/3
f 2399/2/3 2381/2/3 2398/2/3
f 2402/3/3 2383/3/3 2382/3/3
f 2403/3/3 2385/3/3 2384/3/3
f 2408/2/3 2396/2/3 2395/2/3
f 2408/2/3 2395/2/3 2394/2/3
f 2409/2/3 2396/2/3 2408/2/3
f 2410/1/3 2401/1/3 2400/1/3
f 2410/2/3 2400/2/3 2399/2/3
f 2410/2/3 2399/2/3 2398/2/3
f 2411/1/3 2401/1/3 2410/1/3
f 2412/3/3 2402/3/3 2382/3/3
f 2412/3/3 2403/3/3 2402/3/3
f 2412/3/3 2382/3/3 2369/3/3
f 2413/3/3 2403/3/3 2412/3/3
f 2414/3/3 2385/3/3 2403/3/3
f 2414/3/3 2403/3/3 2413/3/3
f 2417/3/3 2393/3/3 2392/3/3
f 2418/3/3 2393/3/3 2417/3/3
f 2419/2/3 2396/2/3 2409/2/3
f 2420/4/3 2397/4/3 2396/4/3
f 2420/2/3 2396/2/3 2419/2/3
f 2420/4/3 2398/4/3 2397/4/3
f 2421/4/3 2398/4/3 2420/4/3
f 2422/2/3 2411/2/3 2410/2/3
f 2422/4/3 2398/4/3 2421/4/3
f 2422/2/3 2410/2/3 2398/2/3
f 2423/2/3 2411/2/3 2422/2/3
f 2424/3/3 2415/3/3 2414/3/3
f 2424/3/3 2414/3/3 2413/3/3
f 2426/2/3 2421/2/3 2420/2/3
f 2427/4/3 2422/4/3 2421/4/3
f 2427/2/3 2421/2/3 2426/2/3
f 2427/4/3 2423/4/3 2422/4/3
f 2428/2/3 2411/2/3 2423/2/3
f 2428/4/3 2423/4/3 2427/4/3
f 2429/2/3 2411/2/3 2428/2/3
f 2430/2/3 2411/2/3 2429/2/3
f 2431/3/3 2425/3/3 2424/3/3
f 2431/3/3 2424/3/3 2413/3/3
f 2432/3/3 2425/3/3 2431/3/3
f 2433/4/3 2405/4/3 2404/4/3
f 2434/4/3 2405/4/3 2433/4/3
f 2435/4/3 2407/4/3 2406/4/3
f 2436/4/3 2407/4/3 2435/4/3
f 2437/3/3 2417/3/3 2416/3/3
f 2438/3/3 2417/3/3 2437/3/3
f 2440/2/3 2429/2/3 2428/2/3
f 2440/2/3 2427/2/3 2426/2/3
f 2440/2/3 2428/2/3 2427/2/3
f 2441/2/3 2429/2/3 2440/2/3
f 2442/2/3 2429/2/3 2441/2/3
f 2443/3/3 2425/3/3 2432/3/3
f 2444/3/3 2425/3/3 2443/3/3
f 2447/3/3 2439/3/3 2438/3/3
f 2448/3/3 2439/3/3 2447/3/3
f 2449/3/3 2439/3/3 2448/3/3
f 2451/3/3 2441/3/3 2440/3/3
f 2452/3/3 2425/3/3 2444/3/3
f 2453/3/3 2425/3/3 2452/3/3
f 2457/4/3 2446/4/3 2445/4/3
f 2458/4/3 2446/4/3 2457/4/3
f 2459/3/3 2450/3/3 2449/3/3
f 2459/3/3 2449/3/3 2448/3/3
f 2460/3/3 2450/3/3 2459/3/3
f 2461/3/3 2441/3/3 2451/3/3
f 2462/3/3 2441/3/3 2461/3/3
f 2463/4/3 2455/4/3 2454/4/3
f 2464/4/3 2455/4/3 2463/4/3
f 2467/4/3 2457/4/3 2456/4/3
f 2468/4/3 2457/4/3 2467/4/3
f 2469/4/3 2466/4/3 2465/4/3
f 2470/4/3 2466/4/3 2469/4/3
f 2474/2/3 2472/2/3 2471/2/3
f 2475/2/3 2472/2/3 2474/2/3
f 2476/2/3 2472/2/3 2475/2/3
f 2478/4/3 2474/4/3 2473/4/3
f 2479/4/3 2474/4/3 2478/4/3
f 2480/2/3 2475/2/3 2474/2/3
f 2480/4/3 2474/4/3 2479/4/3
f 2481/2/3 2475/2/3 2480/2/3
f 2482/4/3 2479/4/3 2478/4/3
f 2482/4/3 2478/4/3 2477/4/3
f 2483/4/3 2479/4/3 2482/4/3
f 2492/4/3 2485/4/3 2484/4/3
f 2493/4/3 2485/4/3 2492/4/3
f 2494/4/3 2487/4/3 2486/4/3
f 2495/4/3 2487/4/3 2494/4/3
f 2496/3/3 2489/3/3 2488/3/3
f 2497/3/3 2489/3/3 2496/3/3
f 2498/3/3 2489/3/3 2497/3/3
f 2499/3/3 2489/3/3 2498/3/3
f 2503/3/3 2491/3/3 2490/3/3
f 2506/3/3 2498/3/3 2497/3/3
f 2507/3/3 2498/3/3 2506/3/3
f 2508/4/3 2500/4/3 2499/4/3
f 2509/4/3 2500/4/3 2508/4/3
f 2510/4/3 2500/4/3 2509/4/3
f 2511/2/3 2501/2/3 2500/2/3
f 2511/4/3 2500/4/3 2510/4/3
f 2512/1/3 2502/1/3 2501/1/3
f 2512/2/3 2501/2/3 2511/2/3
f 2513/1/3 2502/1/3 2512/1/3
f 2514/1/3 2502/1/3 2513/1/3
f 2516/3/3 2503/3/3 2490/3/3
f 2517/3/3 2503/3/3 2516/3/3
f 2518/3/3 2505/3/3 2504/3/3
f 2519/3/3 2505/3/3 2518/3/3
f 2529/4/3 2510/4/3 2509/4/3
f 2530/4/3 2510/4/3 2529/4/3
f 2531/1/3 2515/1/3 2514/1/3
f 2531/1/3 2514/1/3 2513/1/3
f 2532/1/3 2515/1/3 2531/1/3
f 2533/1/3 2515/1/3 2532/1/3
f 2534/1/3 2515/1/3 2533/1/3
f 2537/2/3 2521/2/3 2520/2/3
f 2538/2/3 2521/2/3 2537/2/3
f 2541/4/3 2523/4/3 2522/4/3
f 2542/4/3 2523/4/3 2541/4/3
f 2543/4/3 2525/4/3 2524/4/3
f 2544/4/3 2525/4/3 2543/4/3
f 2545/3/3 2528/3/3 2527/3/3
f 2545/3/3 2527/3/3 2526/3/3
f 2546/3/3 2528/3/3 2545/3/3
f 2547/1/3 2534/1/3 2533/1/3
f 2547/1/3 2535/1/3 2534/1/3
f 2548/2/3 2536/2/3 2535/2/3
f 2548/1/3 2535/1/3 2547/1/3
f 2549/2/3 2536/2/3 2548/2/3
f 2550/2/3 2536/2/3 2549/2/3
f 2552/4/3 2539/4/3 2538/4/3
f 2552/4/3 2538/4/3 2537/4/3
f 2553/4/3 2539/4/3 2552/4/3
f 2554/2/3 2540/2/3 2539/2/3
f 2554/4/3 2539/4/3 2553/4/3
f 2555/2/3 2540/2/3 2554/2/3
f 2556/1/3 2548/1/3 2547/1/3
f 2556/1/3 2549/1/3 2548/1/3
f 2557/1/3 2549/1/3 2556/1/3
f 2558/2/3 2550/2/3 2549/2/3
f 2558/1/3 2549/1/3 2557/1/3
f 2559/4/3 2551/4/3 2550/4/3
f 2559/2/3 2550/2/3 2558/2/3
f 2560/4/3 2551/4/3 2559/4/3
f 2561/4/3 2554/4/3 2553/4/3
f 2562/4/3 2554/4/3 2561/4/3
f 2563/4/3 2554/4/3 2562/4/3
f 2564/4/3 2554/4/3 2563/4/3
f 2565/3/3 2528/3/3 2546/3/3
f 2566/3/3 2528/3/3 2565/3/3
f 2568/2/3 2557/2/3 2556/2/3
f 2569/1/3 2558/1/3 2557/1/3
f 2569/1/3 2559/1/3 2558/1/3
f 2570/2/3 2560/2/3 2559/2/3
f 2570/1/3 2559/1/3 2569/1/3
f 2571/2/3 2560/2/3 2570/2/3
f 2573/4/3 2563/4/3 2562/4/3
f 2574/1/3 2564/1/3 2563/1/3
f 2574/4/3 2563/4/3 2573/4/3
f 2575/1/3 2564/1/3 2574/1/3
f 2583/2/3 2568/2/3 2567/2/3
f 2584/2/3 2557/2/3 2568/2/3
f 2584/2/3 2568/2/3 2583/2/3
f 2585/1/3 2569/1/3 2557/1/3
f 2585/2/3 2557/2/3 2584/2/3
f 2586/1/3 2569/1/3 2585/1/3
f 2587/1/3 2571/1/3 2570/1/3
f 2587/1/3 2572/1/3 2571/1/3
f 2588/1/3 2572/1/3 2587/1/3
f 2593/1/3 2577/1/3 2576/1/3
f 2594/1/3 2577/1/3 2593/1/3
f 2595/4/3 2579/4/3 2578/4/3
f 2596/4/3 2579/4/3 2595/4/3
f 2602/4/3 2581/4/3 2580/4/3
f 2603/2/3 2582/2/3 2581/2/3
f 2603/4/3 2581/4/3 2602/4/3
f 2604/4/3 2583/4/3 2582/4/3
f 2604/2/3 2582/2/3 2603/2/3
f 2605/2/3 2584/2/3 2583/2/3
f 2605/4/3 2583/4/3 2604/4/3
f 2606/2/3 2584/2/3 2605/2/3
f 2607/3/3 2590/3/3 2589/3/3
f 2608/3/3 2590/3/3 2607/3/3
f 2609/3/3 2592/3/3 2591/3/3
f 2610/3/3 2592/3/3 2609/3/3
f 2611/4/3 2598/4/3 2597/4/3
f 2612/1/3 2599/1/3 2598/1/3
f 2612/4/3 2598/4/3 2611/4/3
f 2613/1/3 2599/1/3 2612/1/3
f 2615/3/3 2601/3/3 2600/3/3
f 2616/3/3 2601/3/3 2615/3/3
f 2617/3/3 2603/3/3 2602/3/3
f 2622/3/3 2616/3/3 2615/3/3
f 2622/3/3 2615/3/3 2614/3/3
f 2622/3/3 2617/3/3 2616/3/3
f 2623/3/3 2603/3/3 2617/3/3
f 2623/3/3 2617/3/3 2622/3/3
f 2624/4/3 2619/4/3 2618/4/3
f 2625/4/3 2619/4/3 2624/4/3
f 2626/4/3 2621/4/3 2620/4/3
f 2627/4/3 2621/4/3 2626/4/3
f 2630/4/3 2629/4/3 2628/4/3
f 2631/4/3 2629/4/3 2630/4/3
f 2632/4/3 2629/4/3 2631/4/3
f 2633/4/3 2631/4/3 2630/4/3
f 2634/4/3 2631/4/3 2633/4/3
f 2637/4/3 2636/4/3 2635/4/3
f 2639/4/3 2637/4/3 2635/4/3
f 2639/4/3 2638/4/3 2637/4/3
f 2640/4/3 2638/4/3 2639/4/3
f 2643/1/3 2642/1/3 2641/1/3
f 2644/1/3 2642/1/3 2643/1/3
f 2646/1/3 2645/1/3 2644/1/3
f 2647/1/3 2645/1/3 2646/1/3
f 2655/4/3 2647/4/3 2646/4/3
f 2656/4/3 2647/4/3 2655/4/3
f 2658/4/3 2649/4/3 2648/4/3
f 2659/2/3 2650/2/3 2649/2/3
f 2659/4/3 2649/4/3 2658/4/3
f 2660/1/3 2651/1/3 2650/1/3
f 2660/2/3 2650/2/3 2659/2/3
f 2661/2/3 2652/2/3 2651/2/3
f 2661/1/3 2651/1/3 2660/1/3
f 2662/2/3 2652/2/3 2661/2/3
f 2668/3/3 2654/3/3 2653/3/3
f 2669/3/3 2654/3/3 2668/3/3
f 2671/4/3 2658/4/3 2657/4/3
f 2671/4/3 2659/4/3 2658/4/3
f 2671/4/3 2660/4/3 2659/4/3
f 2672/1/3 2661/1/3 2660/1/3
f 2672/4/3 2660/4/3 2671/4/3
f 2672/1/3 2662/1/3 2661/1/3
f 2672/1/3 2663/1/3 2662/1/3
f 2673/1/3 2663/1/3 2672/1/3
f 2674/2/3 2664/2/3 2663/2/3
f 2674/1/3 2663/1/3 2673/1/3
f 2675/4/3 2665/4/3 2664/4/3
f 2675/2/3 2664/2/3 2674/2/3
f 2676/4/3 2665/4/3 2675/4/3
f 2677/4/3 2665/4/3 2676/4/3
f 2678/3/3 2667/3/3 2666/3/3
f 2679/3/3 2667/3/3 2678/3/3
f 2680/3/3 2670/3/3 2669/3/3
f 2680/3/3 2669/3/3 2668/3/3
f 2681/3/3 2670/3/3 2680/3/3
f 2686/1/3 2676/1/3 2675/1/3
f 2687/2/3 2677/2/3 2676/2/3
f 2687/1/3 2676/1/3 2686/1/3
f 2687/2/3 2678/2/3 2677/2/3
f 2688/2/3 2678/2/3 2687/2/3
f 2689/4/3 2679/4/3 2678/4/3
f 2689/2/3 2678/2/3 2688/2/3
f 2690/4/3 2679/4/3 2689/4/3
f 2692/2/3 2682/2/3 2681/2/3
f 2693/2/3 2682/2/3 2692/2/3
f 2694/2/3 2682/2/3 2693/2/3
f 2695/4/3 2683/4/3 2682/4/3
f 2695/2/3 2682/2/3 2694/2/3
f 2696/4/3 2683/4/3 2695/4/3
f 2700/3/3 2685/3/3 2684/3/3
f 2701/3/3 2685/3/3 2700/3/3
f 2702/2/3 2689/2/3 2688/2/3
f 2702/2/3 2690/2/3 2689/2/3
f 2703/2/3 2690/2/3 2702/2/3
f 2704/4/3 2691/4/3 2690/4/3
f 2704/2/3 2690/2/3 2703/2/3
f 2705/4/3 2691/4/3 2704/4/3
f 2706/2/3 2695/2/3 2694/2/3
f 2706/2/3 2697/2/3 2696/2/3
f 2706/2/3 2696/2/3 2695/2/3
f 2707/2/3 2697/2/3 2706/2/3
f 2708/4/3 2698/4/3 2697/4/3
f 2708/2/3 2697/2/3 2707/2/3
f 2709/4/3 2700/4/3 2699/4/3
f 2712/4/3 2698/4/3 2708/4/3
f 2713/4/3 2698/4/3 2712/4/3
f 2714/1/3 2712/1/3 2711/1/3
f 2715/2/3 2713/2/3 2712/2/3
f 2715/1/3 2712/1/3 2714/1/3
f 2716/2/3 2713/2/3 2715/2/3
f 2717/4/3 2710/4/3 2709/4/3
f 2717/4/3 2709/4/3 2699/4/3
f 2718/4/3 2710/4/3 2717/4/3
f 2724/1/3 2716/1/3 2715/1/3
f 2724/1/3 2715/1/3 2714/1/3
f 2725/1/3 2716/1/3 2724/1/3
f 2728/4/3 2719/4/3 2718/4/3
f 2732/1/3 2721/1/3 2720/1/3
f 2733/1/3 2721/1/3 2732/1/3
f 2736/4/3 2724/4/3 2723/4/3
f 2736/4/3 2723/4/3 2722/4/3
f 2737/4/3 2724/4/3 2736/4/3
f 2738/1/3 2725/1/3 2724/1/3
f 2738/4/3 2724/4/3 2737/4/3
f 2739/1/3 2725/1/3 2738/1/3
f 2740/4/3 2727/4/3 2726/4/3
f 2741/4/3 2727/4/3 2740/4/3
f 2742/4/3 2727/4/3 2741/4/3
f 2743/4/3 2728/4/3 2718/4/3
f 2743/4/3 2729/4/3 2728/4/3
f 2744/4/3 2729/4/3 2743/4/3
f 2745/4/3 2729/4/3 2744/4/3
f 2750/2/3 2731/2/3 2730/2/3
f 2750/2/3 2732/2/3 2731/2/3
f 2751/1/3 2734/1/3 2733/1/3
f 2751/1/3 2733/1/3 2732/1/3
f 2751/2/3 2732/2/3 2750/2/3
f 2752/4/3 2735/4/3 2734/4/3
f 2752/1/3 2734/1/3 2751/1/3
f 2753/4/3 2735/4/3 2752/4/3
f 2755/4/3 2738/4/3 2737/4/3
f 2756/4/3 2738/4/3 2755/4/3
f 2757/4/3 2742/4/3 2741/4/3
f 2758/4/3 2742/4/3 2757/4/3
f 2759/4/3 2745/4/3 2744/4/3
f 2759/4/3 2746/4/3 2745/4/3
f 2760/4/3 2746/4/3 2759/4/3
f 2761/4/3 2746/4/3 2760/4/3
f 2762/2/3 2751/2/3 2750/2/3
f 2762/2/3 2750/2/3 2749/2/3
f 2762/2/3 2749/2/3 2748/2/3
f 2762/4/3 2748/4/3 2747/4/3
f 2763/2/3 2751/2/3 2762/2/3
f 2764/2/3 2751/2/3 2763/2/3
f 2765/3/3 2756/3/3 2755/3/3
f 2765/3/3 2755/3/3 2754/3/3
f 2766/3/3 2756/3/3 2765/3/3
f 2768/4/3 2763/4/3 2762/4/3
f 2768/4/3 2762/4/3 2747/4/3
f 2769/4/3 2763/4/3 2768/4/3
f 2770/4/3 2763/4/3 2769/4/3
f 2771/3/3 2765/3/3 2754/3/3
f 2772/3/3 2765/3/3 2771/3/3
f 2774/4/3 2761/4/3 2760/4/3
f 2775/3/3 2768/3/3 2767/3/3
f 2775/3/3 2769/3/3 2768/3/3
f 2776/3/3 2769/3/3 2775/3/3
f 2777/3/3 2769/3/3 2776/3/3
f 2778/3/3 2769/3/3 2777/3/3
f 2779/4/3 2774/4/3 2773/4/3
f 2780/4/3 2774/4/3 2779/4/3
f 2781/4/3 2761/4/3 2774/4/3
f 2781/4/3 2774/4/3 2780/4/3
f 2782/3/3 2777/3/3 2776/3/3
f 2783/3/3 2777/3/3 2782/3/3
f 2786/4/3 2785/4/3 2784/4/3
f 2787/4/3 2785/4/3 2786/4/3
f 2788/4/3 2785/4/3 2787/4/3
f 2791/4/3 2788/4/3 2787/4/3
f 2791/4/3 2789/4/3 2788/4/3
f 2792/2/3 2790/2/3 2789/2/3
f 2792/4/3 2789/4/3 2791/4/3
f 2793/2/3 2790/2/3 2792/2/3
f 2806/3/3 2795/3/3 2794/3/3
f 2807/3/3 2797/3/3 2796/3/3
f 2808/1/3 2798/1/3 2797/1/3
f 2808/3/3 2797/3/3 2807/3/3
f 2809/1/3 2798/1/3 2808/1/3
f 2813/3/3 2800/3/3 2799/3/3
f 2814/3/3 2800/3/3 2813/3/3
f 2815/3/3 2800/3/3 2814/3/3
f 2816/4/3 2802/4/3 2801/4/3
f 2817/4/3 2802/4/3 2816/4/3
f 2818/2/3 2804/2/3 2803/2/3
f 2819/4/3 2805/4/3 2804/4/3
f 2819/2/3 2804/2/3 2818/2/3
f 2820/4/3 2805/4/3 2819/4/3
f 2822/3/3 2806/3/3 2794/3/3
f 2822/3/3 2807/3/3 2806/3/3
f 2823/3/3 2807/3/3 2822/3/3
f 2824/2/3 2810/2/3 2809/2/3
f 2825/4/3 2811/4/3 2810/4/3
f 2825/2/3 2810/2/3 2824/2/3
f 2826/4/3 2811/4/3 2825/4/3
f 2827/4/3 2811/4/3 2826/4/3
f 2829/3/3 2813/3/3 2812/3/3
f 2830/4/3 2822/4/3 2821/4/3
f 2831/4/3 2822/4/3 2830/4/3
f 2832/2/3 2826/2/3 2825/2/3
f 2833/4/3 2828/4/3 2827/4/3
f 2833/2/3 2826/2/3 2832/2/3
f 2833/4/3 2827/4/3 2826/4/3
f 2834/4/3 2828/4/3 2833/4/3
f 2835/4/3 2828/4/3 2834/4/3
f 2836/4/3 2828/4/3 2835/4/3
f 2839/3/3 2829/3/3 2812/3/3
f 2840/3/3 2829/3/3 2839/3/3
f 2841/4/3 2837/4/3 2836/4/3
f 2841/4/3 2836/4/3 2835/4/3
f 2842/4/3 2837/4/3 2841/4/3
f 2843/4/3 2837/4/3 2842/4/3
f 2845/4/3 2839/4/3 2838/4/3
f 2846/4/3 2839/4/3 2845/4/3
f 2847/4/3 2839/4/3 2846/4/3
f 2848/2/3 2845/2/3 2844/2/3
f 2848/4/3 2846/4/3 2845/4/3
f 2849/4/3 2846/4/3 2848/4/3
f 2850/2/3 2848/2/3 2844/2/3
f 2850/2/3 2849/2/3 2848/2/3
f 2851/2/3 2849/2/3 2850/2/3
f 2852/4/3 2846/4/3 2849/4/3
f 2852/2/3 2849/2/3 2851/2/3
f 2853/4/3 2846/4/3 2852/4/3
f 2855/2/3 2853/2/3 2852/2/3
f 2855/2/3 2852/2/3 2851/2/3
f 2856/4/3 2854/4/3 2853/4/3
f 2856/2/3 2853/2/3 2855/2/3
f 2857/4/3 2854/4/3 2856/4/3
f 2866/4/3 2859/4/3 2858/4/3
f 2867/1/3 2860/1/3 2859/1/3
f 2867/4/3 2859/4/3 2866/4/3
f 2868/4/3 2861/4/3 2860/4/3
f 2868/1/3 2860/1/3 2867/1/3
f 2869/4/3 2861/4/3 2868/4/3
f 2875/1/3 2863/1/3 2862/1/3
f 2875/1/3 2864/1/3 2863/1/3
f 2876/1/3 2864/1/3 2875/1/3
f 2878/4/3 2867/4/3 2866/4/3
f 2878/4/3 2868/4/3 2867/4/3
f 2879/4/3 2868/4/3 2878/4/3
f 2880/4/3 2868/4/3 2879/4/3
f 2881/4/3 2871/4/3 2870/4/3
f 2882/4/3 2871/4/3 2881/4/3
f 2883/4/3 2873/4/3 2872/4/3
f 2884/2/3 2874/2/3 2873/2/3
f 2884/4/3 2873/4/3 2883/4/3
f 2885/2/3 2874/2/3 2884/2/3
f 2886/1/3 2864/1/3 2876/1/3
f 2887/4/3 2865/4/3 2864/4/3
f 2887/1/3 2864/1/3 2886/1/3
f 2888/4/3 2865/4/3 2887/4/3
f 2890/3/3 2879/3/3 2878/3/3
f 2890/3/3 2878/3/3 2877/3/3
f 2891/3/3 2879/3/3 2890/3/3
f 2896/3/3 2890/3/3 2889/3/3
f 2897/3/3 2890/3/3 2896/3/3
f 2898/3/3 2895/3/3 2894/3/3
f 2899/3/3 2895/3/3 2898/3/3
f 2900/4/3 2893/4/3 2892/4/3
f 2901/4/3 2893/4/3 2900/4/3
f 2903/1/3 2901/1/3 2900/1/3
f 2904/1/3 2901/1/3 2903/1/3
f 2905/1/3 2903/1/3 2902/1/3
f 2906/1/3 2903/1/3 2905/1/3
f 2912/2/3 2908/2/3 2907/2/3
f 2913/4/3 2909/4/3 2908/4/3
f 2913/2/3 2908/2/3 2912/2/3
f 2914/4/3 2909/4/3 2913/4/3
f 2916/4/3 2911/4/3 2910/4/3
f 2917/4/3 2911/4/3 2916/4/3
f 2918/4/3 2911/4/3 2917/4/3
f 2922/4/3 2915/4/3 2914/4/3
f 2922/4/3 2914/4/3 2913/4/3
f 2923/4/3 2915/4/3 2922/4/3
f 2924/4/3 2915/4/3 2923/4/3
f 2926/4/3 2918/4/3 2917/4/3
f 2927/2/3 2919/2/3 2918/2/3
f 2927/4/3 2918/4/3 2926/4/3
f 2928/2/3 2919/2/3 2927/2/3
f 2930/4/3 2921/4/3 2920/4/3
f 2932/4/3 2925/4/3 2924/4/3
f 2932/4/3 2924/4/3 2923/4/3
f 2933/4/3 2925/4/3 2932/4/3
f 2934/4/3 2928/4/3 2927/4/3
f 2935/2/3 2929/2/3 2928/2/3
f 2935/4/3 2928/4/3 2934/4/3
f 2936/2/3 2929/2/3 2935/2/3
f 2937/4/3 2930/4/3 2920/4/3
f 2938/2/3 2931/2/3 2930/2/3
f 2938/4/3 2930/4/3 2937/4/3
f 2939/2/3 2931/2/3 2938/2/3
f 2944/4/3 2936/4/3 2935/4/3
f 2945/4/3 2936/4/3 2944/4/3
f 2946/3/3 2941/3/3 2940/3/3
f 2947/3/3 2941/3/3 2946/3/3
f 2948/3/3 2943/3/3 2942/3/3
f 2949/3/3 2943/3/3 2948/3/3
f 2952/4/3 2947/4/3 2946/4/3
f 2953/4/3 2947/4/3 2952/4/3
f 2954/4/3 2951/4/3 2950/4/3
f 2955/4/3 2951/4/3 2954/4/3
f 2959/4/3 2957/4/3 2956/4/3
f 2960/4/3 2957/4/3 2959/4/3
f 2961/4/3 2957/4/3 2960/4/3
f 2962/4/3 2959/4/3 2958/4/3
f 2962/4/3 2960/4/3 2959/4/3
f 2963/4/3 2960/4/3 2962/4/3
f 2964/4/3 2960/4/3 2963/4/3
f 2971/4/3 2966/4/3 2965/4/3
f 2972/4/3 2966/4/3 2971/4/3
f 2975/4/3 2968/4/3 2967/4/3
f 2976/1/3 2969/1/3 2968/1/3
f 2976/4/3 2968/4/3 2975/4/3
f 2977/1/3 2969/1/3 2976/1/3
f 2983/4/3 2971/4/3 2970/4/3
f 2983/4/3 2972/4/3 2971/4/3
f 2984/4/3 2972/4/3 2983/4/3
f 2985/4/3 2972/4/3 2984/4/3
f 2986/2/3 2979/2/3 2978/2/3
f 2987/2/3 2979/2/3 2986/2/3
f 2988/3/3 2981/3/3 2980/3/3
f 2989/3/3 2981/3/3 2988/3/3
f 2990/4/3 2984/4/3 2983/4/3
f 2990/4/3 2983/4/3 2982/4/3
f 2991/4/3 2984/4/3 2990/4/3
f 2992/3/3 2974/3/3 2973/3/3
f 2993/3/3 2974/3/3 2992/3/3
f 2995/4/3 2987/4/3 2986/4/3
f 2996/4/3 2987/4/3 2995/4/3
f 2998/4/3 2990/4/3 2982/4/3
f 2999/4/3 2990/4/3 2998/4/3
f 3001/2/3 2996/2/3 2995/2/3
f 3001/2/3 2995/2/3 2994/2/3
f 3002/2/3 2996/2/3 3001/2/3
f 3003/2/3 2996/2/3 3002/2/3
f 3004/4/3 2998/4/3 2997/4/3
f 3005/2/3 2999/2/3 2998/2/3
f 3005/4/3 2998/4/3 3004/4/3
f 3006/2/3 2999/2/3 3005/2/3
f 3007/4/3 3001/4/3 3000/4/3
f 3008/2/3 3002/2/3 3001/2/3
f 3008/4/3 3001/4/3 3007/4/3
f 3009/2/3 3002/2/3 3008/2/3
f 3016/3/3 3013/3/3 3012/3/3
f 3017/3/3 3013/3/3 3016/3/3
f 3018/2/3 3015/2/3 3014/2/3
f 3019/2/3 3015/2/3 3018/2/3
f 3021/4/3 3011/4/3 3010/4/3
f 3022/4/3 3011/4/3 3021/4/3
f 3023/4/3 3020/4/3 3019/4/3
f 3023/4/3 3019/4/3 3018/4/3
f 3024/4/3 3020/4/3 3023/4/3
f 3029/4/3 3022/4/3 3021/4/3
f 3030/4/3 3022/4/3 3029/4/3
f 3031/4/3 3020/4/3 3024/4/3
f 3032/4/3 3020/4/3 3031/4/3
f 3033/1/3 3026/1/3 3025/1/3
f 3034/1/3 3026/1/3 3033/1/3
f 3035/1/3 3026/1/3 3034/1/3
f 3038/3/3 3028/3/3 3027/3/3
f 3039/3/3 3028/3/3 3038/3/3
f 3040/4/3 3037/4/3 3036/4/3
f 3041/4/3 3037/4/3 3040/4/3
f 3042/4/3 3040/4/3 3036/4/3
f 3043/4/3 3040/4/3 3042/4/3
f 3046/2/3 3045/2/3 3044/2/3
f 3047/2/3 3045/2/3 3046/2/3
f 3050/4/3 3047/4/3 3046/4/3
f 3051/2/3 3048/2/3 3047/2/3
f 3051/4/3 3047/4/3 3050/4/3
f 3052/4/3 3049/4/3 3048/4/3
f 3052/2/3 3048/2/3 3051/2/3
f 3053/4/3 3049/4/3 3052/4/3
f 3058/4/3 3055/4/3 3054/4/3
f 3059/4/3 3055/4/3 3058/4/3
f 3061/3/3 3057/3/3 3056/3/3
f 3062/3/3 3057/3/3 3061/3/3
f 3063/4/3 3060/4/3 3059/4/3
f 3063/4/3 3059/4/3 3058/4/3
f 3064/4/3 3060/4/3 3063/4/3
f 3069/3/3 3066/3/3 3065/3/3
f 3070/3/3 3066/3/3 3069/3/3
f 3072/3/3 3068/3/3 3067/3/3
f 3073/3/3 3068/3/3 3072/3/3
f 3074/4/3 3072/4/3 3071/4/3
f 3075/4/3 3072/4/3 3074/4/3
f 3078/2/3 3077/2/3 3076/2/3
f 3079/2/3 3077/2/3 3078/2/3
f 3080/4/3 3079/4/3 3078/4/3
f 3081/4/3 3079/4/3 3080/4/3
f 3086/4/3 3084/4/3 3083/4/3
f 3086/4/3 3085/4/3 3084/4/3
f 3086/4/3 3083/4/3 3082/4/3
f 3087/4/3 3085/4/3 3086/4/3
f 3090/3/3 3089/3/3 3088/3/3
f 3091/3/3 3089/3/3 3090/3/3
f 3094/4/3 3093/4/3 3092/4/3
f 3095/4/3 3093/4/3 3094/4/3
f 3097/4/3 3095/4/3 3094/4/3
f 3098/1/3 3096/1/3 3095/1/3
f 3098/4/3 3095/4/3 3097/4/3
f 3099/1/3 3096/1/3 3098/1/3
f 3102/3/3 3101/3/3 3100/3/3
f 3103/3/3 3101/3/3 3102/3/3
f 3106/4/3 3105/4/3 3104/4/3
f 3107/4/3 3105/4/3 3106/4/3
f 3112/3/3 3109/3/3 3108/3/3
f 3113/3/3 3109/3/3 3112/3/3
f 3114/4/3 3111/4/3 3110/4/3
f 3115/4/3 3111/4/3 3114/4/3
f 3116/4/3 3113/4/3 3112/4/3
f 3117/4/3 3113/4/3 3116/4/3
f 3120/2/3 3119/2/3 3118/2/3
f 3121/2/3 3119/2/3 3120/2/3
f 3122/4/3 3121/4/3 3120/4/3
f 3123/4/3 3121/4/3 3122/4/3
f 3128/4/3 3125/4/3 3124/4/3
f 3129/4/3 3125/4/3 3128/4/3
f 3130/2/3 3127/2/3 3126/2/3
f 3131/2/3 3127/2/3 3130/2/3
f 3135/4/3 3133/4/3 3132/4/3
f 3136/2/3 3134/2/3 3133/2/3
f 3136/4/3 3133/4/3 3135/4/3
f 3137/2/3 3134/2/3 3136/2/3
f 3142/4/3 3139/4/3 3138/4/3
f 3143/4/3 3139/4/3 3142/4/3
f 3144/4/3 3141/4/3 3140/4/3
f 3145/4/3 3141/4/3 3144/4/3
f 3150/4/3 3147/4/3 3146/4/3
f 3151/4/3 3147/4/3 3150/4/3
f 3152/4/3 3149/4/3 3148/4/3
f 3153/4/3 3149/4/3 3152/4/3
f 3158/4/3 3155/4/3 3154/4/3
f 3159/4/3 3155/4/3 3158/4/3
f 3160/4/3 3157/4/3 3156/4/3
f 3161/4/3 3157/4/3 3160/4/3
f 3166/4/3 3163/4/3 3162/4/3
f 3167/4/3 3163/4/3 3166/4/3
f 3168/2/3 3165/2/3 3164/2/3
f 3169/2/3 3165/2/3 3168/2/3
f 3172/4/3 3171/4/3 3170/4/3
f 3173/4/3 3171/4/3 3172/4/3
f 3175/4/3 3174/4/3 3173/4/3
f 3176/4/3 3174/4/3 3175/4/3
f 3178/2/3 3177/2/3 3176/2/3
f 3179/2/3 3177/2/3 3178/2/3
f 3181/2/3 3180/2/3 3179/2/3
f 3182/2/3 3180/2/3 3181/2/3
f 3183/2/3 3180/2/3 3182/2/3
f 3184/4/3 3183/4/3 3182/4/3
f 3185/4/3 3183/4/3 3184/4/3
f 3188/3/3 3187/3/3 3186/3/3
f 3189/3/3 3187/3/3 3188/3/3
f 3192/4/3 3191/4/3 3190/4/3
f 3193/4/3 3191/4/3 3192/4/3
f 3196/2/3 3195/2/3 3194/2/3
f 3197/2/3 3195/2/3 3196/2/3
f 3201/4/3 3199/4/3 3198/4/3
f 3202/4/3 3199/4/3 3201/4/3
f 3204/4/3 3201/4/3 3200/4/3
f 3205/4/3 3201/4/3 3204/4/3
f 3208/4/3 3204/4/3 3203/4/3
f 3209/4/3 3204/4/3 3208/4/3
f 3211/4/3 3207/4/3 3206/4/3
f 3212/4/3 3207/4/3 3211/4/3
f 3212/4/3 3211/4/3 3210/4/3
f 3213/4/3 3207/4/3 3212/4/3
f 3215/4/3 3212/4/3 3210/4/3
f 3216/4/3 3212/4/3 3215/4/3
f 3217/4/3 3215/4/3 3214/4/3
f 3217/2/3 3216/2/3 3215/2/3
f 3218/2/3 3216/2/3 3217/2/3
f 3220/4/3 3217/4/3 3214/4/3
f 3221/4/3 3217/4/3 3220/4/3
f 3222/4/3 3220/4/3 3219/4/3
f 3223/2/3 3221/2/3 3220/2/3
f 3223/4/3 3220/4/3 3222/4/3
f 3224/2/3 3221/2/3 3223/2/3
f 3227/4/3 3226/4/3 3225/4/3
f 3228/4/3 3226/4/3 3227/4/3
f 3231/2/3 3230/2/3 3229/2/3
f 3232/2/3 3230/2/3 3231/2/3
f 3234/2/3 3233/2/3 3232/2/3
f 3235/2/3 3233/2/3 3234/2/3
f 3238/4/3 3237/4/3 3236/4/3
f 3239/4/3 3237/4/3 3238/4/3
f 3243/4/3 3241/4/3 3240/4/3
f 3244/4/3 3241/4/3 3243/4/3
f 3249/4/3 3243/4/3 3242/4/3
f 3250/4/3 3243/4/3 3249/4/3
f 3251/4/3 3246/4/3 3245/4/3
f 3252/4/3 3246/4/3 3251/4/3
f 3253/4/3 3246/4/3 3252/4/3
f 3254/4/3 3248/4/3 3247/4/3
f 3255/4/3 3248/4/3 3254/4/3
f 3260/4/3 3257/4/3 3256/4/3
f 3261/4/3 3257/4/3 3260/4/3
f 3262/4/3 3259/4/3 3258/4/3
f 3263/4/3 3259/4/3 3262/4/3
f 3268/4/3 3265/4/3 3264/4/3
f 3269/4/3 3265/4/3 3268/4/3
f 3270/2/3 3267/2/3 3266/2/3
f 3271/2/3 3267/2/3 3270/2/3
f 3276/4/3 3273/4/3 3272/4/3
f 3277/4/3 3273/4/3 3276/4/3
f 3278/4/3 3275/4/3 3274/4/3
f 3279/4/3 3275/4/3 3278/4/3
f 3282/4/3 3281/4/3 3280/4/3
f 3283/4/3 3281/4/3 3282/4/3
f 3286/4/3 3285/4/3 3284/4/3
f 3287/4/3 3285/4/3 3286/4/3
f 3290/4/3 3289/4/3 3288/4/3
f 3291/4/3 3289/4/3 3290/4/3
f 3294/4/3 3293/4/3 3292/4/3
f 3295/4/3 3293/4/3 3294/4/3
f 3298/4/3 3297/4/3 3296/4/3
f 3299/4/3 3297/4/3 3298/4/3
f 3303/4/3 3301/4/3 3300/4/3
f 3304/2/3 3302/2/3 3301/2/3
f 3304/4/3 3301/4/3 3303/4/3
f 3305/2/3 3302/2/3 3304/2/3
f 3307/4/3 3305/4/3 3304/4/3
f 3308/2/3 3306/2/3 3305/2/3
f 3308/4/3 3305/4/3 3307/4/3
f 3309/2/3 3306/2/3 3308/2/3
f 3312/4/3 3311/4/3 3310/4/3
f 3313/4/3 3311/4/3 3312/4/3
f 3316/4/3 3315/4/3 3314/4/3
f 3317/4/3 3315/4/3 3316/4/3
f 3318/4/3 3315/4/3 3317/4/3
f 3319/4/3 3318/4/3 3317/4/3
f 3320/4/3 3318/4/3 3319/4/3
f 3323/4/3 3322/4/3 3321/4/3
f 3324/4/3 3322/4/3 3323/4/3
f 3329/4/3 3326/4/3 3325/4/3
f 3330/4/3 3326/4/3 3329/4/3
f 3331/4/3 3328/4/3 3327/4/3
f 3332/4/3 3328/4/3 3331/4/3
f 3335/4/3 3334/4/3 3333/4/3
f 3336/4/3 3334/4/3 3335/4/3
f 3337/2/3 3336/2/3 3335/2/3
f 3338/2/3 3336/2/3 3337/2/3
f 3341/2/3 3340/2/3 3339/2/3
f 3342/2/3 3340/2/3 3341/2/3
f 3344/4/3 3343/4/3 3342/4/3
f 3345/4/3 3343/4/3 3344/4/3
f 3350/4/3 3347/4/3 3346/4/3
f 3351/2/3 3348/2/3 3347/2/3
f 3351/4/3 3347/4/3 3350/4/3
f 3352/2/3 3348/2/3 3351/2/3
f 3353/4/3 3350/4/3 3349/4/3
f 3353/4/3 3351/4/3 3350/4/3
f 3354/4/3 3351/4/3 3353/4/3
f 3355/4/3 3351/4/3 3354/4/3
f 3358/4/3 3357/4/3 3356/4/3
f 3359/4/3 3357/4/3 3358/4/3
f 3360/4/3 3357/4/3 3359/4/3
f 3361/2/3 3359/2/3 3358/2/3
f 3362/2/3 3359/2/3 3361/2/3
f 3365/4/3 3364/4/3 3363/4/3
f 3366/4/3 3364/4/3 3365/4/3
f 3370/4/3 3368/4/3 3367/4/3
f 3370/4/3 3369/4/3 3368/4/3
f 3371/4/3 3369/4/3 3370/4/3
f 3372/4/3 3369/4/3 3371/4/3
f 3373/2/3 3372/2/3 3371/2/3
f 3374/2/3 3372/2/3 3373/2/3
f 3377/4/3 3376/4/3 3375/4/3
f 3378/4/3 3376/4/3 3377/4/3
f 3381/4/3 3380/4/3 3379/4/3
f 3382/4/3 3380/4/3 3381/4/3
f 3383/4/3 3380/4/3 3382/4/3
f 3386/2/3 3385/2/3 3384/2/3
f 3387/2/3 3385/2/3 3386/2/3
f 3388/4/4 3389/4/4 3390/4/4
f 3390/4/4 3389/4/4 3391/4/4
f 3392/4/4 3393/4/4 3395/4/4
f 3393/4/4 3394/4/4 3395/4/4
f 3395/4/4 3394/4/4 3396/4/4
f 3397/4/4 3398/4/4 3399/4/4
f 3399/4/4 3398/4/4 3400/4/4
f 3401/4/4 3402/4/4 3405/4/4
f 3402/2/4 3403/2/4 3406/2/4
f 3405/4/4 3402/4/4 3406/4/4
f 3403/4/4 3404/4/4 3407/4/4
f 3406/2/4 3403/2/4 3407/2/4
f 3407/4/4 3404/4/4 3408/4/4
f 3409/2/4 3410/2/4 3414/2/4
f 3410/4/4 3411/4/4 3415/4/4
f 3411/4/4 3412/4/4 3415/4/4
f 3414/2/4 3410/2/4 3415/2/4
f 3415/4/4 3412/4/4 3416/4/4
f 3413/4/4 3414/4/4 3417/4/4
f 3414/4/4 3415/4/4 3417/4/4
f 3417/4/4 3415/4/4 3418/4/4
f 3419/1/4 3420/1/4 3421/1/4
f 3421/1/4 3420/1/4 3422/1/4
f 3423/4/4 3424/4/4 3426/4/4
f 3424/4/4 3425/4/4 3426/4/4
f 3426/4/4 3425/4/4 3427/4/4
f 3428/4/4 3429/4/4 3430/4/4
f 3430/4/4 3429/4/4 3431/4/4
f 3432/4/4 3433/4/4 3434/4/4
f 3434/4/4 3433/4/4 3435/4/4
f 3436/4/4 3437/4/4 3439/4/4
f 3437/4/4 3438/4/4 3439/4/4
f 3439/4/4 3438/4/4 3440/4/4
f 3441/4/4 3442/4/4 3443/4/4
f 3443/4/4 3442/4/4 3444/4/4
f 3445/4/4 3446/4/4 3447/4/4
f 3447/4/4 3446/4/4 3448/4/4
f 3447/1/4 3448/1/4 3450/1/4
f 3450/1/4 3448/1/4 3451/1/4
f 3449/1/4 3450/1/4 3452/1/4
f 3452/1/4 3450/1/4 3453/1/4
f 3454/2/4 3455/2/4 3457/2/4
f 3457/2/4 3455/2/4 3458/2/4
f 3456/4/4 3457/4/4 3460/4/4
f 3460/4/4 3457/4/4 3461/4/4
f 3457/2/4 3458/2/4 3462/2/4
f 3461/4/4 3457/4/4 3462/4/4
f 3462/2/4 3458/2/4 3463/2/4
f 3460/4/4 3461/4/4 3464/4/4
f 3459/4/4 3460/4/4 3464/4/4
f 3464/4/4 3461/4/4 3465/4/4
f 3466/1/4 3467/1/4 3468/1/4
f 3468/1/4 3467/1/4 3469/1/4
f 3470/4/4 3471/4/4 3473/4/4
f 3473/4/4 3471/4/4 3474/4/4
f 3472/4/4 3473/4/4 3475/4/4
f 3473/4/4 3474/4/4 3475/4/4
f 3475/4/4 3474/4/4 3476/4/4
f 3477/4/4 3478/4/4 3479/4/4
f 3477/4/4 3479/4/4 3480/4/4
f 3480/4/4 3479/4/4 3481/4/4
f 3482/1/4 3483/1/4 3484/1/4
f 3484/1/4 3483/1/4 3485/1/4
f 3485/1/4 3486/1/4 3487/1/4
f 3487/1/4 3486/1/4 3488/1/4
f 3487/4/4 3488/4/4 3489/4/4
f 3489/4/4 3488/4/4 3490/4/4
f 3491/4/4 3492/4/4 3493/4/4
f 3493/4/4 3492/4/4 3494/4/4
f 3493/4/4 3494/4/4 3496/4/4
f 3494/4/4 3495/4/4 3496/4/4
f 3496/4/4 3495/4/4 3497/4/4
f 3498/4/4 3499/4/4 3500/4/4
f 3498/4/4 3500/4/4 3502/4/4
f 3501/4/4 3502/4/4 3505/4/4
f 3502/4/4 3500/4/4 3506/4/4
f 3505/4/4 3502/4/4 3506/4/4
f 3503/3/4 3504/3/4 3507/3/4
f 3507/3/4 3504/3/4 3508/3/4
f 3501/4/4 3505/4/4 3509/4/4
f 3509/4/4 3505/4/4 3510/4/4
f 3511/4/4 3512/4/4 3513/4/4
f 3513/4/4 3512/4/4 3514/4/4
f 3514/4/4 3512/4/4 3515/4/4
f 3515/4/4 3516/4/4 3517/4/4
f 3514/4/4 3515/4/4 3517/4/4
f 3517/4/4 3516/4/4 3518/4/4
f 3519/1/4 3520/1/4 3523/1/4
f 3523/1/4 3520/1/4 3524/1/4
f 3521/3/4 3522/3/4 3529/3/4
f 3529/3/4 3522/3/4 3530/3/4
f 3525/4/4 3526/4/4 3531/4/4
f 3531/4/4 3526/4/4 3532/4/4
f 3527/4/4 3528/4/4 3533/4/4
f 3533/4/4 3528/4/4 3534/4/4
f 3529/3/4 3530/3/4 3535/3/4
f 3535/3/4 3530/3/4 3536/3/4
f 3537/4/4 3538/4/4 3539/4/4
f 3539/4/4 3538/4/4 3540/4/4
f 3541/4/4 3542/4/4 3544/4/4
f 3542/4/4 3543/4/4 3544/4/4
f 3544/4/4 3543/4/4 3545/4/4
f 3546/4/4 3547/4/4 3550/4/4
f 3550/4/4 3547/4/4 3551/4/4
f 3548/4/4 3549/4/4 3553/4/4
f 3553/4/4 3549/4/4 3554/4/4
f 3552/4/4 3553/4/4 3555/4/4
f 3555/4/4 3553/4/4 3556/4/4
f 3555/1/4 3556/1/4 3558/1/4
f 3558/1/4 3556/1/4 3559/1/4
f 3557/1/4 3558/1/4 3560/1/4
f 3560/1/4 3558/1/4 3561/1/4
f 3562/2/4 3563/2/4 3567/2/4
f 3563/4/4 3564/4/4 3568/4/4
f 3567/2/4 3563/2/4 3568/2/4
f 3568/4/4 3564/4/4 3569/4/4
f 3565/4/4 3566/4/4 3571/4/4
f 3571/4/4 3566/4/4 3572/4/4
f 3572/4/4 3566/4/4 3573/4/4
f 3569/4/4 3570/4/4 3577/4/4
f 3568/4/4 3569/4/4 3577/4/4
f 3577/4/4 3570/4/4 3578/4/4
f 3578/4/4 3570/4/4 3579/4/4
f 3572/4/4 3573/4/4 3581/4/4
f 3573/2/4 3574/2/4 3582/2/4
f 3581/4/4 3573/4/4 3582/4/4
f 3582/2/4 3574/2/4 3583/2/4
f 3575/4/4 3576/4/4 3585/4/4
f 3579/4/4 3580/4/4 3586/4/4
f 3578/4/4 3579/4/4 3586/4/4
f 3586/4/4 3580/4/4 3587/4/4
f 3587/4/4 3580/4/4 3588/4/4
f 3582/4/4 3583/4/4 3589/4/4
f 3583/2/4 3584/2/4 3590/2/4
f 3589/4/4 3583/4/4 3590/4/4
f 3590/2/4 3584/2/4 3591/2/4
f 3575/4/4 3585/4/4 3592/4/4
f 3592/4/4 3585/4/4 3593/4/4
f 3590/4/4 3591/4/4 3594/4/4
f 3594/4/4 3591/4/4 3595/4/4
f 3595/3/4 3596/3/4 3597/3/4
f 3597/3/4 3596/3/4 3598/3/4
f 3599/4/4 3600/4/4 3603/4/4
f 3603/4/4 3600/4/4 3604/4/4
f 3601/4/4 3602/4/4 3610/4/4
f 3610/4/4 3602/4/4 3611/4/4
f 3605/4/4 3606/4/4 3612/4/4
f 3612/4/4 3606/4/4 3613/4/4
f 3608/4/4 3609/4/4 3614/4/4
f 3607/4/4 3608/4/4 3614/4/4
f 3614/4/4 3609/4/4 3615/4/4
f 3615/4/4 3609/4/4 3616/4/4
f 3614/4/4 3615/4/4 3617/4/4
f 3613/4/4 3614/4/4 3617/4/4
f 3617/4/4 3615/4/4 3618/4/4
f 3618/4/4 3615/4/4 3619/4/4
f 3620/4/4 3621/4/4 3622/4/4
f 3622/4/4 3621/4/4 3623/4/4
f 3624/4/4 3625/4/4 3629/4/4
f 3629/4/4 3625/4/4 3630/4/4
f 3626/4/4 3627/4/4 3632/4/4
f 3632/4/4 3627/4/4 3633/4/4
f 3633/4/4 3627/4/4 3634/4/4
f 3628/4/4 3629/4/4 3637/4/4
f 3637/4/4 3629/4/4 3638/4/4
f 3631/4/4 3632/4/4 3644/4/4
f 3632/4/4 3633/4/4 3644/4/4
f 3644/4/4 3633/4/4 3645/4/4
f 3645/4/4 3633/4/4 3646/4/4
f 3635/4/4 3636/4/4 3647/4/4
f 3647/4/4 3636/4/4 3648/4/4
f 3639/2/4 3640/2/4 3651/2/4
f 3651/2/4 3640/2/4 3652/2/4
f 3641/3/4 3642/3/4 3653/3/4
f 3653/3/4 3642/3/4 3654/3/4
f 3643/4/4 3644/4/4 3655/4/4
f 3644/4/4 3645/4/4 3655/4/4
f 3655/4/4 3645/4/4 3656/4/4
f 3649/3/4 3650/3/4 3657/3/4
f 3657/3/4 3650/3/4 3658/3/4
f 3651/4/4 3652/4/4 3660/4/4
f 3660/4/4 3652/4/4 3661/4/4
f 3643/4/4 3655/4/4 3663/4/4
f 3663/4/4 3655/4/4 3664/4/4
f 3660/2/4 3661/2/4 3666/2/4
f 3659/2/4 3660/2/4 3666/2/4
f 3666/2/4 3661/2/4 3667/2/4
f 3667/2/4 3661/2/4 3668/2/4
f 3662/4/4 3663/4/4 3669/4/4
f 3663/2/4 3664/2/4 3670/2/4
f 3669/4/4 3663/4/4 3670/4/4
f 3670/2/4 3664/2/4 3671/2/4
f 3665/4/4 3666/4/4 3672/4/4
f 3666/2/4 3667/2/4 3673/2/4
f 3672/4/4 3666/4/4 3673/4/4
f 3673/2/4 3667/2/4 3674/2/4
f 3675/4/4 3676/4/4 3681/4/4
f 3681/4/4 3676/4/4 3682/4/4
f 3677/4/4 3678/4/4 3684/4/4
f 3679/3/4 3680/3/4 3685/3/4
f 3685/3/4 3680/3/4 3686/3/4
f 3682/2/4 3683/2/4 3687/2/4
f 3687/2/4 3683/2/4 3688/2/4
f 3684/4/4 3678/4/4 3690/4/4
f 3688/4/4 3689/4/4 3694/4/4
f 3687/4/4 3688/4/4 3694/4/4
f 3694/4/4 3689/4/4 3695/4/4
f 3690/4/4 3691/4/4 3698/4/4
f 3684/4/4 3690/4/4 3698/4/4
f 3698/4/4 3691/4/4 3699/4/4
f 3692/4/4 3693/4/4 3700/4/4
f 3700/4/4 3693/4/4 3701/4/4
f 3695/4/4 3689/4/4 3702/4/4
f 3702/4/4 3689/4/4 3703/4/4
f 3696/1/4 3697/1/4 3706/1/4
f 3706/1/4 3697/1/4 3707/1/4
f 3704/4/4 3705/4/4 3709/4/4
f 3709/4/4 3705/4/4 3710/4/4
f 3708/4/4 3709/4/4 3712/4/4
f 3712/4/4 3709/4/4 3713/4/4
f 3710/4/4 3711/4/4 3714/4/4
f 3714/4/4 3711/4/4 3715/4/4
f 3715/4/4 3716/4/4 3720/4/4
f 3720/4/4 3716/4/4 3721/4/4
f 3717/4/4 3718/4/4 3722/4/4
f 3722/4/4 3718/4/4 3723/4/4
f 3719/4/4 3720/4/4 3724/4/4
f 3724/4/4 3720/4/4 3725/4/4
f 3723/4/4 3724/4/4 3728/4/4
f 3728/4/4 3724/4/4 3729/4/4
f 3726/4/4 3727/4/4 3730/4/4
f 3730/4/4 3727/4/4 3731/4/4
f 3729/4/4 3724/4/4 3735/4/4
f 3731/3/4 3732/3/4 3736/3/4
f 3736/3/4 3732/3/4 3737/3/4
f 3733/3/4 3734/3/4 3738/3/4
f 3738/3/4 3734/3/4 3739/3/4
f 3729/4/4 3735/4/4 3740/4/4
f 3740/4/4 3735/4/4 3741/4/4
f 3744/3/4 3745/3/4 3753/3/4
f 3753/3/4 3745/3/4 3754/3/4
f 3746/3/4 3747/3/4 3755/3/4
f 3755/3/4 3747/3/4 3756/3/4
f 3748/3/4 3749/3/4 3759/3/4
f 3759/3/4 3749/3/4 3760/3/4
f 3742/3/4 3743/3/4 3761/3/4
f 3761/3/4 3743/3/4 3762/3/4
f 3750/2/4 3751/2/4 3763/2/4
f 3751/4/4 3752/4/4 3764/4/4
f 3763/2/4 3751/2/4 3764/2/4
f 3764/4/4 3752/4/4 3765/4/4
f 3757/4/4 3758/4/4 3767/4/4
f 3767/4/4 3758/4/4 3768/4/4
f 3760/3/4 3761/3/4 3769/3/4
f 3762/4/4 3763/4/4 3770/4/4
f 3769/3/4 3761/3/4 3770/3/4
f 3765/4/4 3766/4/4 3770/4/4
f 3764/4/4 3765/4/4 3770/4/4
f 3763/4/4 3764/4/4 3770/4/4
f 3761/4/4 3762/4/4 3770/4/4
f 3770/4/4 3766/4/4 3771/4/4
f 3771/4/4 3766/4/4 3772/4/4
f 3769/4/4 3770/4/4 3775/4/4
f 3770/4/4 3771/4/4 3775/4/4
f 3775/4/4 3771/4/4 3776/4/4
f 3773/4/4 3774/4/4 3778/4/4
f 3778/4/4 3774/4/4 3779/4/4
f 3779/4/4 3774/4/4 3780/4/4
f 3780/4/4 3774/4/4 3781/4/4
f 3777/4/4 3778/4/4 3783/4/4
f 3778/4/4 3779/4/4 3783/4/4
f 3783/4/4 3779/4/4 3784/4/4
f 3781/4/4 3782/4/4 3785/4/4
f 3780/4/4 3781/4/4 3785/4/4
f 3785/4/4 3782/4/4 3786/4/4
f 3786/4/4 3782/4/4 3790/4/4
f 3787/4/4 3788/4/4 3795/4/4
f 3795/4/4 3788/4/4 3796/4/4
f 3796/4/4 3788/4/4 3797/4/4
f 3789/4/4 3790/4/4 3798/4/4
f 3790/4/4 3782/4/4 3799/4/4
f 3798/4/4 3790/4/4 3799/4/4
f 3799/4/4 3782/4/4 3800/4/4
f 3791/2/4 3792/2/4 3801/2/4
f 3793/4/4 3794/4/4 3802/4/4
f 3801/2/4 3792/2/4 3802/2/4
f 3792/4/4 3793/4/4 3802/4/4
f 3802/4/4 3794/4/4 3803/4/4
f 3797/4/4 3798/4/4 3807/4/4
f 3796/4/4 3797/4/4 3807/4/4
f 3798/4/4 3799/4/4 3807/4/4
f 3807/4/4 3799/4/4 3808/4/4
f 3803/4/4 3804/4/4 3809/4/4
f 3802/4/4 3803/4/4 3809/4/4
f 3809/4/4 3804/4/4 3810/4/4
f 3810/4/4 3804/4/4 3811/4/4
f 3805/4/4 3806/4/4 3812/4/4
f 3810/4/4 3811/4/4 3818/4/4
f 3811/4/4 3812/4/4 3818/4/4
f 3818/4/4 3812/4/4 3819/4/4
f 3812/4/4 3806/4/4 3820/4/4
f 3819/4/4 3812/4/4 3820/4/4
f 3813/3/4 3814/3/4 3821/3/4
f 3821/3/4 3814/3/4 3822/3/4
f 3815/4/4 3816/4/4 3824/4/4
f 3816/1/4 3817/1/4 3825/1/4
f 3824/4/4 3816/4/4 3825/4/4
f 3825/1/4 3817/1/4 3826/1/4
f 3819/3/4 3820/3/4 3831/3/4
f 3831/3/4 3820/3/4 3832/3/4
f 3822/3/4 3823/3/4 3833/3/4
f 3833/3/4 3823/3/4 3834/3/4
f 3827/3/4 3828/3/4 3835/3/4
f 3835/3/4 3828/3/4 3836/3/4
f 3829/4/4 3830/4/4 3837/4/4
f 3837/4/4 3830/4/4 3838/4/4
f 3838/4/4 3830/4/4 3839/4/4
f 3838/4/4 3839/4/4 3841/4/4
f 3839/1/4 3840/1/4 3842/1/4
f 3841/4/4 3839/4/4 3842/4/4
f 3842/1/4 3840/1/4 3843/1/4
f 3844/3/4 3845/3/4 3847/3/4
f 3847/3/4 3845/3/4 3848/3/4
f 3848/3/4 3845/3/4 3849/3/4
f 3846/3/4 3847/3/4 3854/3/4
f 3847/3/4 3848/3/4 3854/3/4
f 3848/4/4 3849/4/4 3855/4/4
f 3849/4/4 3850/4/4 3855/4/4
f 3854/3/4 3848/3/4 3855/3/4
f 3851/4/4 3852/4/4 3856/4/4
f 3853/3/4 3854/3/4 3860/3/4
f 3860/3/4 3854/3/4 3861/3/4
f 3855/4/4 3850/4/4 3862/4/4
f 3862/4/4 3850/4/4 3863/4/4
f 3850/1/4 3851/1/4 3864/1/4
f 3863/4/4 3850/4/4 3864/4/4
f 3856/4/4 3857/4/4 3865/4/4
f 3864/1/4 3851/1/4 3865/1/4
f 3851/4/4 3856/4/4 3865/4/4
f 3865/4/4 3857/4/4 3866/4/4
f 3866/4/4 3857/4/4 3867/4/4
f 3858/4/4 3859/4/4 3870/4/4
f 3870/4/4 3859/4/4 3871/4/4
f 3871/4/4 3859/4/4 3872/4/4
f 3872/4/4 3859/4/4 3873/4/4
f 3867/4/4 3868/4/4 3874/4/4
f 3866/4/4 3867/4/4 3874/4/4
f 3874/4/4 3868/4/4 3875/4/4
f 3869/4/4 3870/4/4 3878/4/4
f 3870/4/4 3871/4/4 3878/4/4
f 3878/4/4 3871/4/4 3879/4/4
f 3879/4/4 3871/4/4 3880/4/4
f 3880/4/4 3871/4/4 3881/4/4
f 3875/4/4 3868/4/4 3882/4/4
f 3876/4/4 3877/4/4 3883/4/4
f 3883/4/4 3877/4/4 3884/4/4
f 3879/4/4 3880/4/4 3887/4/4
f 3887/4/4 3880/4/4 3888/4/4
f 3875/4/4 3882/4/4 3890/4/4
f 3884/4/4 3885/4/4 3890/4/4
f 3883/4/4 3884/4/4 3890/4/4
f 3882/4/4 3883/4/4 3890/4/4
f 3890/4/4 3885/4/4 3891/4/4
f 3891/4/4 3885/4/4 3892/4/4
f 3892/4/4 3885/4/4 3893/4/4
f 3886/2/4 3887/2/4 3894/2/4
f 3888/4/4 3889/4/4 3895/4/4
f 3894/2/4 3887/2/4 3895/2/4
f 3887/4/4 3888/4/4 3895/4/4
f 3895/4/4 3889/4/4 3896/4/4
f 3896/4/4 3889/4/4 3897/4/4
f 3875/4/4 3890/4/4 3903/4/4
f 3891/4/4 3892/4/4 3904/4/4
f 3904/4/4 3892/4/4 3905/4/4
f 3896/4/4 3897/4/4 3906/4/4
f 3897/4/4 3898/4/4 3906/4/4
f 3906/4/4 3898/4/4 3907/4/4
f 3899/4/4 3900/4/4 3908/4/4
f 3908/4/4 3900/4/4 3909/4/4
f 3909/4/4 3900/4/4 3910/4/4
f 3901/4/4 3902/4/4 3913/4/4
f 3913/4/4 3902/4/4 3914/4/4
f 3903/4/4 3890/4/4 3920/4/4
f 3920/4/4 3890/4/4 3921/4/4
f 3907/3/4 3908/3/4 3922/3/4
f 3922/3/4 3908/3/4 3923/3/4
f 3910/3/4 3911/3/4 3924/3/4
f 3909/3/4 3910/3/4 3924/3/4
f 3924/3/4 3911/3/4 3925/3/4
f 3912/3/4 3913/3/4 3926/3/4
f 3913/4/4 3914/4/4 3927/4/4
f 3914/4/4 3915/4/4 3927/4/4
f 3926/3/4 3913/3/4 3927/3/4
f 3915/1/4 3916/1/4 3928/1/4
f 3927/4/4 3915/4/4 3928/4/4
f 3916/1/4 3917/1/4 3928/1/4
f 3928/1/4 3917/1/4 3929/1/4
f 3929/1/4 3917/1/4 3930/1/4
f 3918/4/4 3919/4/4 3931/4/4
f 3930/1/4 3917/1/4 3931/1/4
f 3917/4/4 3918/4/4 3931/4/4
f 3931/4/4 3919/4/4 3932/4/4
f 3925/3/4 3926/3/4 3936/3/4
f 3936/3/4 3926/3/4 3937/3/4
f 3929/1/4 3930/1/4 3938/1/4
f 3931/4/4 3932/4/4 3939/4/4
f 3938/1/4 3930/1/4 3939/1/4
f 3930/4/4 3931/4/4 3939/4/4
f 3932/3/4 3933/3/4 3940/3/4
f 3939/4/4 3932/4/4 3940/4/4
f 3940/3/4 3933/3/4 3941/3/4
f 3934/3/4 3935/3/4 3942/3/4
f 3942/3/4 3935/3/4 3943/3/4
f 3909/3/4 3924/3/4 3944/3/4
f 3944/3/4 3924/3/4 3945/3/4
f 3946/3/4 3947/3/4 3951/3/4
f 3951/3/4 3947/3/4 3952/3/4
f 3948/3/4 3949/3/4 3953/3/4
f 3953/3/4 3949/3/4 3954/3/4
f 3950/3/4 3951/3/4 3961/3/4
f 3955/4/4 3956/4/4 3962/4/4
f 3956/1/4 3957/1/4 3963/1/4
f 3962/4/4 3956/4/4 3963/4/4
f 3957/4/4 3958/4/4 3964/4/4
f 3963/1/4 3957/1/4 3964/1/4
f 3964/4/4 3958/4/4 3965/4/4
f 3965/4/4 3958/4/4 3966/4/4
f 3959/4/4 3960/4/4 3969/4/4
f 3960/3/4 3961/3/4 3970/3/4
f 3969/4/4 3960/4/4 3970/4/4
f 3961/3/4 3951/3/4 3971/3/4
f 3970/3/4 3961/3/4 3971/3/4
f 3966/4/4 3967/4/4 3972/4/4
f 3965/4/4 3966/4/4 3972/4/4
f 3972/4/4 3967/4/4 3973/4/4
f 3973/4/4 3967/4/4 3974/4/4
f 3968/4/4 3969/4/4 3975/4/4
f 3969/4/4 3970/4/4 3975/4/4
f 3975/4/4 3970/4/4 3976/4/4
f 3968/4/4 3975/4/4 3977/4/4
f 3977/4/4 3975/4/4 3978/4/4
f 3971/3/4 3951/3/4 3980/3/4
f 3978/4/4 3975/4/4 3983/4/4
f 3983/4/4 3975/4/4 3984/4/4
f 3984/4/4 3975/4/4 3985/4/4
f 3985/4/4 3975/4/4 3986/4/4
f 3979/3/4 3980/3/4 3987/3/4
f 3980/3/4 3951/3/4 3988/3/4
f 3987/3/4 3980/3/4 3988/3/4
f 3981/4/4 3982/4/4 3989/4/4
f 3989/4/4 3982/4/4 3990/4/4
f 3990/4/4 3982/4/4 3991/4/4
f 3974/4/4 3967/4/4 3998/4/4
f 3998/4/4 3967/4/4 3999/4/4
f 3984/3/4 3985/3/4 4000/3/4
f 4000/3/4 3985/3/4 4001/3/4
f 3987/3/4 3988/3/4 4002/3/4
f 3986/3/4 3987/3/4 4002/3/4
f 4002/3/4 3988/3/4 4003/3/4
f 4003/3/4 3988/3/4 4004/3/4
f 4004/3/4 3988/3/4 4005/3/4
f 3989/4/4 3990/4/4 4006/4/4
f 3990/1/4 3991/1/4 4007/1/4
f 4006/4/4 3990/4/4 4007/4/4
f 3991/1/4 3992/1/4 4007/1/4
f 3992/1/4 3993/1/4 4007/1/4
f 3995/4/4 3996/4/4 4008/4/4
f 4007/1/4 3993/1/4 4008/1/4
f 3993/4/4 3994/4/4 4008/4/4
f 3994/4/4 3995/4/4 4008/4/4
f 4008/4/4 3996/4/4 4009/4/4
f 4009/4/4 3996/4/4 4010/4/4
f 3998/3/4 3999/3/4 4011/3/4
f 3997/3/4 3998/3/4 4011/3/4
f 4003/3/4 4004/3/4 4012/3/4
f 4012/3/4 4004/3/4 4013/3/4
f 4010/3/4 4011/3/4 4014/3/4
f 4009/3/4 4010/3/4 4014/3/4
f 4011/3/4 3999/3/4 4015/3/4
f 4014/3/4 4011/3/4 4015/3/4
f 4015/3/4 3999/3/4 4016/3/4
f 4016/3/4 3999/3/4 4017/3/4
f 4015/3/4 4016/3/4 4018/3/4
f 4018/3/4 4016/3/4 4019/3/4
f 4020/3/4 4021/3/4 4025/3/4
f 4025/3/4 4021/3/4 4026/3/4
f 4022/3/4 4023/3/4 4027/3/4
f 4025/3/4 4026/3/4 4028/3/4
f 4026/3/4 4027/3/4 4028/3/4
f 4024/3/4 4025/3/4 4028/3/4
f 4027/3/4 4023/3/4 4029/3/4
f 4028/3/4 4027/3/4 4029/3/4
f 4029/3/4 4023/3/4 4030/3/4
f 4024/3/4 4028/3/4 4036/3/4
f 4036/3/4 4028/3/4 4037/3/4
f 4029/3/4 4030/3/4 4038/3/4
f 4030/4/4 4031/4/4 4039/4/4
f 4038/3/4 4030/3/4 4039/3/4
f 4031/1/4 4032/1/4 4040/1/4
f 4032/4/4 4033/4/4 4041/4/4
f 4040/1/4 4032/1/4 4041/1/4
f 4041/4/4 4033/4/4 4042/4/4
f 4038/4/4 4039/4/4 4046/4/4
f 4039/4/4 4031/4/4 4047/4/4
f 4046/4/4 4039/4/4 4047/4/4
f 4031/1/4 4040/1/4 4048/1/4
f 4047/4/4 4031/4/4 4048/4/4
f 4034/3/4 4035/3/4 4050/3/4
f 4024/3/4 4036/3/4 4051/3/4
f 4046/4/4 4047/4/4 4052/4/4
f 4045/4/4 4046/4/4 4052/4/4
f 4052/4/4 4047/4/4 4053/4/4
f 4047/1/4 4048/1/4 4054/1/4
f 4053/4/4 4047/4/4 4054/4/4
f 4048/1/4 4040/1/4 4055/1/4
f 4054/1/4 4048/1/4 4055/1/4
f 4042/4/4 4043/4/4 4056/4/4
f 4055/1/4 4040/1/4 4056/1/4
f 4040/4/4 4041/4/4 4056/4/4
f 4041/4/4 4042/4/4 4056/4/4
f 4050/3/4 4035/3/4 4057/3/4
f 4049/3/4 4050/3/4 4057/3/4
f 4057/3/4 4035/3/4 4058/3/4
f 4024/3/4 4051/3/4 4059/3/4
f 4051/4/4 4052/4/4 4059/4/4
f 4052/4/4 4053/4/4 4059/4/4
f 4059/4/4 4053/4/4 4060/4/4
f 4056/4/4 4043/4/4 4061/4/4
f 4055/4/4 4056/4/4 4061/4/4
f 4043/3/4 4044/3/4 4062/3/4
f 4061/4/4 4043/4/4 4062/4/4
f 4049/3/4 4057/3/4 4063/3/4
f 4063/3/4 4057/3/4 4064/3/4
f 4024/3/4 4059/3/4 4065/3/4
f 4065/3/4 4059/3/4 4066/3/4
f 4060/4/4 4053/4/4 4067/4/4
f 4053/1/4 4054/1/4 4068/1/4
f 4067/4/4 4053/4/4 4068/4/4
f 4054/1/4 4055/1/4 4068/1/4
f 4055/4/4 4061/4/4 4069/4/4
f 4068/1/4 4055/1/4 4069/1/4
f 4061/3/4 4062/3/4 4070/3/4
f 4069/4/4 4061/4/4 4070/4/4
f 4070/3/4 4062/3/4 4071/3/4
f 4062/3/4 4044/3/4 4072/3/4
f 4071/3/4 4062/3/4 4072/3/4
f 4072/3/4 4044/3/4 4073/3/4
f 4071/3/4 4072/3/4 4074/3/4
f 4074/3/4 4072/3/4 4075/3/4
f 4076/4/4 4077/4/4 4078/4/4
f 4078/4/4 4077/4/4 4079/4/4
f 4079/4/4 4080/4/4 4081/4/4
f 4081/4/4 4080/4/4 4082/4/4
f 4082/2/4 4083/2/4 4084/2/4
f 4084/2/4 4083/2/4 4085/2/4
f 4085/2/4 4086/2/4 4087/2/4
f 4087/2/4 4086/2/4 4088/2/4
f 4088/2/4 4086/2/4 4089/2/4
f 4088/4/4 4089/4/4 4090/4/4
f 4090/4/4 4089/4/4 4091/4/4
f 4092/3/4 4093/3/4 4095/3/4
f 4095/3/4 4093/3/4 4096/3/4
f 4094/3/4 4095/3/4 4096/3/4
f 4096/3/4 4093/3/4 4097/3/4
f 4094/3/4 4096/3/4 4098/3/4
f 4098/3/4 4096/3/4 4099/3/4
f 4100/3/4 4101/3/4 4102/3/4
f 4102/3/4 4101/3/4 4103/3/4
f 4104/4/4 4105/4/4 4108/4/4
f 4108/4/4 4105/4/4 4109/4/4
f 4106/4/4 4107/4/4 4110/4/4
f 4110/4/4 4107/4/4 4111/4/4
f 4112/4/4 4113/4/4 4114/4/4
f 4114/4/4 4113/4/4 4115/4/4
f 4116/4/4 4117/4/4 4120/4/4
f 4120/4/4 4117/4/4 4121/4/4
f 4118/4/4 4119/4/4 4122/4/4
f 4122/4/4 4119/4/4 4123/4/4
f 4124/4/4 4125/4/4 4128/4/4
f 4128/4/4 4125/4/4 4129/4/4
f 4126/4/4 4127/4/4 4130/4/4
f 4130/4/4 4127/4/4 4131/4/4
f 4132/4/4 4133/4/4 4134/4/4
f 4134/4/4 4133/4/4 4135/4/4
f 4136/4/4 4137/4/4 4138/4/4
f 4138/4/4 4137/4/4 4139/4/4
f 4140/4/4 4141/4/4 4142/4/4
f 4142/4/4 4141/4/4 4143/4/4
f 4144/4/4 4145/4/4 4146/4/4
f 4146/4/4 4145/4/4 4147/4/4
f 4148/4/4 4149/4/4 4152/4/4
f 4149/2/4 4150/2/4 4153/2/4
f 4152/4/4 4149/4/4 4153/4/4
f 4150/4/4 4151/4/4 4154/4/4
f 4153/2/4 4150/2/4 4154/2/4
f 4154/4/4 4151/4/4 4155/4/4
f 4156/4/4 4157/4/4 4158/4/4
f 4158/4/4 4157/4/4 4159/4/4
f 4160/4/4 4161/4/4 4162/4/4
f 4162/4/4 4161/4/4 4163/4/4
f 4164/4/4 4165/4/4 4166/4/4
f 4166/4/4 4165/4/4 4167/4/4
f 4168/4/4 4169/4/4 4170/4/4
f 4170/4/4 4169/4/4 4171/4/4
f 4172/4/4 4173/4/4 4174/4/4
f 4174/4/4 4173/4/4 4175/4/4
f 4172/4/4 4174/4/4 4177/4/4
f 4177/4/4 4174/4/4 4178/4/4
f 4176/4/4 4177/4/4 4179/4/4
f 4177/2/4 4178/2/4 4179/2/4
f 4179/2/4 4178/2/4 4180/2/4
f 4176/4/4 4179/4/4 4182/4/4
f 4182/4/4 4179/4/4 4183/4/4
f 4181/4/4 4182/4/4 4184/4/4
f 4182/2/4 4183/2/4 4185/2/4
f 4184/4/4 4182/4/4 4185/4/4
f 4185/2/4 4183/2/4 4186/2/4
f 4187/4/4 4188/4/4 4189/4/4
f 4189/4/4 4188/4/4 4190/4/4
f 4191/4/4 4192/4/4 4193/4/4
f 4193/4/4 4192/4/4 4194/4/4
f 4195/4/4 4196/4/4 4197/4/4
f 4197/4/4 4196/4/4 4198/4/4
f 4199/4/4 4200/4/4 4202/4/4
f 4202/4/4 4200/4/4 4203/4/4
f 4203/4/4 4200/4/4 4204/4/4
f 4201/4/4 4202/4/4 4206/4/4
f 4202/4/4 4203/4/4 4206/4/4
f 4206/4/4 4203/4/4 4207/4/4
f 4207/4/4 4203/4/4 4208/4/4
f 4205/4/4 4206/4/4 4210/4/4
f 4206/4/4 4207/4/4 4210/4/4
f 4210/4/4 4207/4/4 4211/4/4
f 4209/4/4 4210/4/4 4215/4/4
f 4215/4/4 4210/4/4 4216/4/4
f 4211/4/4 4212/4/4 4217/4/4
f 4217/4/4 4212/4/4 4218/4/4
f 4213/2/4 4214/2/4 4219/2/4
f 4219/2/4 4214/2/4 4220/2/4
f 4221/4/4 4222/4/4 4223/4/4
f 4223/4/4 4222/4/4 4224/4/4
f 4225/4/4 4226/4/4 4227/4/4
f 4227/4/4 4226/4/4 4228/4/4
f 4229/2/4 4230/2/4 4231/2/4
f 4231/2/4 4230/2/4 4232/2/4
f 4231/4/4 4232/4/4 4234/4/4
f 4232/2/4 4233/2/4 4235/2/4
f 4234/4/4 4232/4/4 4235/4/4
f 4235/2/4 4233/2/4 4236/2/4
f 4236/2/4 4233/2/4 4237/2/4
f 4238/4/4 4239/4/4 4240/4/4
f 4240/4/4 4239/4/4 4241/4/4
f 4242/4/4 4243/4/4 4245/4/4
f 4245/4/4 4243/4/4 4246/4/4
f 4244/4/4 4245/4/4 4248/4/4
f 4247/4/4 4248/4/4 4249/4/4
f 4248/4/4 4245/4/4 4250/4/4
f 4249/4/4 4248/4/4 4250/4/4
f 4250/4/4 4245/4/4 4251/4/4
f 4250/4/4 4251/4/4 4253/4/4
f 4251/4/4 4252/4/4 4253/4/4
f 4253/4/4 4252/4/4 4254/4/4
f 4254/4/4 4252/4/4 4255/4/4
f 4255/4/4 4252/4/4 4256/4/4
f 4256/4/4 4257/4/4 4258/4/4
f 4258/4/4 4257/4/4 4259/4/4
f 4260/4/4 4261/4/4 4262/4/4
f 4262/4/4 4261/4/4 4263/4/4
f 4263/4/4 4261/4/4 4264/4/4
f 4264/4/4 4265/4/4 4266/4/4
f 4263/4/4 4264/4/4 4266/4/4
f 4266/4/4 4265/4/4 4267/4/4
f 4268/4/4 4269/4/4 4270/4/4
f 4270/4/4 4269/4/4 4271/4/4
f 4272/4/4 4273/4/4 4274/4/4
f 4274/4/4 4273/4/4 4275/4/4
f 4276/4/4 4277/4/4 4278/4/4
f 4278/4/4 4277/4/4 4279/4/4
f 4280/4/4 4281/4/4 4282/4/4
f 4282/4/4 4281/4/4 4283/4/4
f 4284/4/4 4285/4/4 4286/4/4
f 4286/4/4 4285/4/4 4287/4/4
f 4288/4/4 4289/4/4 4290/4/4
f 4290/4/4 4289/4/4 4291/4/4
f 4292/4/4 4293/4/4 4294/4/4
f 4294/4/4 4293/4/4 4295/4/4
f 4296/4/4 4297/4/4 4298/4/4
f 4298/4/4 4297/4/4 4299/4/4
f 4300/4/4 4301/4/4 4302/4/4
f 4302/4/4 4301/4/4 4303/4/4
f 4302/2/4 4303/2/4 4304/2/4
f 4304/2/4 4303/2/4 4305/2/4
f 4305/4/4 4306/4/4 4307/4/4
f 4307/4/4 4306/4/4 4308/4/4
f 4309/4/4 4310/4/4 4314/4/4
f 4314/4/4 4310/4/4 4315/4/4
f 4311/4/4 4312/4/4 4317/4/4
f 4317/4/4 4312/4/4 4318/4/4
f 4313/4/4 4314/4/4 4319/4/4
f 4314/4/4 4315/4/4 4319/4/4
f 4319/4/4 4315/4/4 4320/4/4
f 4320/4/4 4315/4/4 4321/4/4
f 4316/4/4 4317/4/4 4323/4/4
f 4323/4/4 4317/4/4 4324/4/4
f 4319/4/4 4320/4/4 4325/4/4
f 4325/4/4 4320/4/4 4326/4/4
f 4322/4/4 4323/4/4 4327/4/4
f 4327/4/4 4323/4/4 4328/4/4
f 4329/4/4 4330/4/4 4331/4/4
f 4331/4/4 4330/4/4 4332/4/4
f 4332/4/4 4333/4/4 4336/4/4
f 4336/4/4 4333/4/4 4337/4/4
f 4334/4/4 4335/4/4 4339/4/4
f 4339/4/4 4335/4/4 4340/4/4
f 4337/4/4 4338/4/4 4341/4/4
f 4341/4/4 4338/4/4 4342/4/4
f 4343/4/4 4344/4/4 4346/4/4
f 4346/4/4 4344/4/4 4347/4/4
f 4347/4/4 4344/4/4 4348/4/4
f 4345/2/4 4346/2/4 4349/2/4
f 4346/2/4 4347/2/4 4349/2/4
f 4349/2/4 4347/2/4 4350/2/4
f 4351/4/4 4352/4/4 4354/4/4
f 4354/4/4 4352/4/4 4355/4/4
f 4353/4/4 4354/4/4 4358/4/4
f 4358/4/4 4354/4/4 4359/4/4
f 4355/4/4 4356/4/4 4360/4/4
f 4360/4/4 4356/4/4 4361/4/4
f 4357/4/4 4358/4/4 4365/4/4
f 4365/4/4 4358/4/4 4366/4/4
f 4363/4/4 4364/4/4 4369/4/4
f 4362/4/4 4363/4/4 4369/4/4
f 4369/4/4 4364/4/4 4370/4/4
f 4370/4/4 4364/4/4 4371/4/4
f 4366/4/4 4367/4/4 4372/4/4
f 4372/4/4 4367/4/4 4373/4/4
f 4368/4/4 4369/4/4 4374/4/4
f 4374/4/4 4369/4/4 4375/4/4
f 4373/4/4 4374/4/4 4376/4/4
f 4376/4/4 4374/4/4 4377/4/4
f 4378/4/4 4379/4/4 4381/4/4
f 4381/4/4 4379/4/4 4382/4/4
f 4382/4/4 4379/4/4 4383/4/4
f 4383/4/4 4384/4/4 4385/4/4
f 4382/4/4 4383/4/4 4385/4/4
f 4385/4/4 4384/4/4 4386/4/4
f 4386/4/4 4384/4/4 4387/4/4
f 4387/4/4 4388/4/4 4389/4/4
f 4386/4/4 4387/4/4 4389/4/4
f 4389/4/4 4388/4/4 4390/4/4
f 4390/4/4 4391/4/4 4393/4/4
f 4393/4/4 4391/4/4 4394/4/4
f 4392/4/4 4393/4/4 4396/4/4
f 4396/4/4 4393/4/4 4397/4/4
f 4397/4/4 4393/4/4 4398/4/4
f 4380/4/4 4381/4/4 4399/4/4
f 4399/4/4 4381/4/4 4400/4/4
f 4395/4/4 4396/4/4 4401/4/4
f 4396/4/4 4397/4/4 4401/4/4
f 4401/4/4 4397/4/4 4402/4/4
f 4402/4/4 4397/4/4 4403/4/4
f 4401/4/4 4402/4/4 4406/4/4
f 4400/4/4 4401/4/4 4406/4/4
f 4406/4/4 4402/4/4 4407/4/4
f 4404/4/4 4405/4/4 4408/4/4
f 4408/4/4 4405/4/4 4409/4/4
f 4409/4/4 4405/4/4 4410/4/4
f 4410/4/4 4405/4/4 4411/4/4
f 4412/4/4 4413/4/4 4414/4/4
f 4414/4/4 4415/4/4 4416/4/4
f 4414/4/4 4416/4/4 4420/4/4
f 4416/4/4 4417/4/4 4420/4/4
f 4420/4/4 4417/4/4 4421/4/4
f 4418/2/4 4419/2/4 4422/2/4
f 4422/2/4 4419/2/4 4423/2/4
f 4412/4/4 4414/4/4 4424/4/4
f 4414/4/4 4420/4/4 4424/4/4
f 4424/4/4 4420/4/4 4425/4/4
f 4412/4/4 4424/4/4 4426/4/4
f 4426/4/4 4424/4/4 4427/4/4
f 4432/4/5 4429/4/5 4428/4/5
f 4433/4/5 4429/4/5 4432/4/5
f 4434/4/5 4431/4/5 4430/4/5
f 4435/4/5 4431/4/5 4434/4/5
f 4438/4/5 4437/4/5 4436/4/5
f 4439/4/5 4437/4/5 4438/4/5
f 4442/4/5 4441/4/5 4440/4/5
f 4443/4/5 4441/4/5 4442/4/5
f 4448/2/5 4445/2/5 4444/2/5
f 4449/4/5 4446/4/5 4445/4/5
f 4449/2/5 4445/2/5 4448/2/5
f 4450/4/5 4446/4/5 4449/4/5
f 4454/4/5 4453/4/5 4452/4/5
f 4455/4/5 4453/4/5 4454/4/5
f 4456/4/5 4448/4/5 4447/4/5
f 4456/4/5 4449/4/5 4448/4/5
f 4456/4/5 4451/4/5 4450/4/5
f 4456/4/5 4450/4/5 4449/4/5
f 4457/4/5 4451/4/5 4456/4/5
f 4458/4/5 4451/4/5 4457/4/5
f 4459/4/5 4451/4/5 4458/4/5
f 4460/4/5 4458/4/5 4457/4/5
f 4461/4/5 4458/4/5 4460/4/5
f 4464/4/5 4463/4/5 4462/4/5
f 4465/4/5 4463/4/5 4464/4/5
f 4468/4/5 4467/4/5 4466/4/5
f 4469/4/5 4467/4/5 4468/4/5
f 4472/4/5 4471/4/5 4470/4/5
f 4473/4/5 4471/4/5 4472/4/5
f 4476/4/5 4475/4/5 4474/4/5
f 4477/4/5 4475/4/5 4476/4/5
f 4481/2/5 4479/2/5 4478/2/5
f 4482/4/5 4480/4/5 4479/4/5
f 4482/2/5 4479/2/5 4481/2/5
f 4484/4/5 4482/4/5 4481/4/5
f 4485/4/5 4482/4/5 4484/4/5
f 4486/4/5 4482/4/5 4485/4/5
f 4487/4/5 4480/4/5 4482/4/5
f 4487/4/5 4482/4/5 4486/4/5
f 4488/4/5 4480/4/5 4487/4/5
f 4490/4/5 4484/4/5 4483/4/5
f 4490/4/5 4485/4/5 4484/4/5
f 4491/4/5 4485/4/5 4490/4/5
f 4492/4/5 4489/4/5 4488/4/5
f 4492/4/5 4488/4/5 4487/4/5
f 4493/4/5 4489/4/5 4492/4/5
f 4494/4/5 4490/4/5 4483/4/5
f 4497/4/5 4489/4/5 4493/4/5
f 4498/4/5 4495/4/5 4494/4/5
f 4498/4/5 4494/4/5 4483/4/5
f 4499/4/5 4495/4/5 4498/4/5
f 4500/4/5 4495/4/5 4499/4/5
f 4501/4/5 4497/4/5 4496/4/5
f 4502/4/5 4489/4/5 4497/4/5
f 4502/4/5 4497/4/5 4501/4/5
f 4503/4/5 4489/4/5 4502/4/5
f 4504/4/5 4500/4/5 4499/4/5
f 4504/4/5 4501/4/5 4500/4/5
f 4504/4/5 4502/4/5 4501/4/5
f 4505/4/5 4502/4/5 4504/4/5
f 4506/4/5 4502/4/5 4505/4/5
f 4507/4/5 4502/4/5 4506/4/5
f 4509/4/5 4506/4/5 4505/4/5
f 4510/4/5 4506/4/5 4509/4/5
f 4512/4/5 4509/4/5 4508/4/5
f 4512/4/5 4511/4/5 4510/4/5
f 4512/4/5 4510/4/5 4509/4/5
f 4513/4/5 4511/4/5 4512/4/5
f 4514/4/5 4511/4/5 4513/4/5
f 4515/4/5 4511/4/5 4514/4/5
f 4518/4/5 4514/4/5 4513/4/5
f 4519/4/5 4514/4/5 4518/4/5
f 4520/4/5 4517/4/5 4516/4/5
f 4521/4/5 4517/4/5 4520/4/5
f 4524/2/5 4523/2/5 4522/2/5
f 4525/2/5 4523/2/5 4524/2/5
f 4527/4/5 4525/4/5 4524/4/5
f 4528/2/5 4523/2/5 4525/2/5
f 4528/4/5 4525/4/5 4527/4/5
f 4529/2/5 4523/2/5 4528/2/5
f 4533/4/5 4527/4/5 4526/4/5
f 4533/4/5 4528/4/5 4527/4/5
f 4533/4/5 4529/4/5 4528/4/5
f 4534/4/5 4529/4/5 4533/4/5
f 4535/2/5 4530/2/5 4529/2/5
f 4535/4/5 4529/4/5 4534/4/5
f 4536/4/5 4531/4/5 4530/4/5
f 4536/2/5 4530/2/5 4535/2/5
f 4537/4/5 4531/4/5 4536/4/5
f 4539/4/5 4534/4/5 4533/4/5
f 4539/4/5 4533/4/5 4532/4/5
f 4540/4/5 4539/4/5 4532/4/5
f 4541/4/5 4539/4/5 4540/4/5
f 4542/4/5 4538/4/5 4537/4/5
f 4542/4/5 4537/4/5 4536/4/5
f 4543/4/5 4538/4/5 4542/4/5
f 4545/4/5 4540/4/5 4532/4/5
f 4546/4/5 4538/4/5 4543/4/5
f 4550/4/5 4549/4/5 4548/4/5
f 4551/4/5 4549/4/5 4550/4/5
f 4552/4/5 4545/4/5 4544/4/5
f 4553/4/5 4540/4/5 4545/4/5
f 4553/4/5 4545/4/5 4552/4/5
f 4554/4/5 4546/4/5 4543/4/5
f 4554/4/5 4547/4/5 4546/4/5
f 4555/4/5 4547/4/5 4554/4/5
f 4556/4/5 4540/4/5 4553/4/5
f 4559/4/5 4554/4/5 4543/4/5
f 4560/4/5 4557/4/5 4556/4/5
f 4560/4/5 4556/4/5 4553/4/5
f 4561/4/5 4557/4/5 4560/4/5
f 4562/4/5 4557/4/5 4561/4/5
f 4565/4/5 4559/4/5 4558/4/5
f 4566/4/5 4554/4/5 4559/4/5
f 4566/4/5 4559/4/5 4565/4/5
f 4567/4/5 4554/4/5 4566/4/5
f 4568/4/5 4563/4/5 4562/4/5
f 4568/4/5 4562/4/5 4561/4/5
f 4569/4/5 4563/4/5 4568/4/5
f 4570/4/5 4565/4/5 4564/4/5
f 4570/4/5 4566/4/5 4565/4/5
f 4571/4/5 4566/4/5 4570/4/5
f 4572/4/5 4566/4/5 4571/4/5
f 4573/4/5 4566/4/5 4572/4/5
f 4574/2/5 4573/2/5 4572/2/5
f 4575/2/5 4573/2/5 4574/2/5
f 4578/4/5 4568/4/5 4561/4/5
f 4579/4/5 4568/4/5 4578/4/5
f 4582/4/5 4575/4/5 4574/4/5
f 4583/4/5 4577/4/5 4576/4/5
f 4584/4/5 4577/4/5 4583/4/5
f 4585/4/5 4580/4/5 4579/4/5
f 4586/4/5 4580/4/5 4585/4/5
f 4587/4/5 4582/4/5 4581/4/5
f 4588/4/5 4575/4/5 4582/4/5
f 4588/4/5 4582/4/5 4587/4/5
f 4593/4/5 4590/4/5 4589/4/5
f 4594/4/5 4592/4/5 4591/4/5
f 4595/4/5 4592/4/5 4594/4/5
f 4596/4/5 4593/4/5 4589/4/5
f 4597/4/5 4593/4/5 4596/4/5
f 4604/4/5 4599/4/5 4598/4/5
f 4605/4/5 4599/4/5 4604/4/5
f 4606/4/5 4601/4/5 4600/4/5
f 4607/4/5 4606/4/5 4600/4/5
f 4608/4/5 4606/4/5 4607/4/5
f 4609/2/5 4603/2/5 4602/2/5
f 4610/2/5 4603/2/5 4609/2/5
f 4615/4/5 4612/4/5 4611/4/5
f 4616/4/5 4612/4/5 4615/4/5
f 4617/4/5 4614/4/5 4613/4/5
f 4618/4/5 4614/4/5 4617/4/5
f 4621/2/5 4620/2/5 4619/2/5
f 4622/2/5 4620/2/5 4621/2/5
f 4627/4/5 4624/4/5 4623/4/5
f 4628/4/5 4624/4/5 4627/4/5
f 4629/4/5 4626/4/5 4625/4/5
f 4630/4/5 4626/4/5 4629/4/5
f 4638/4/5 4632/4/5 4631/4/5
f 4639/4/5 4632/4/5 4638/4/5
f 4640/4/5 4637/4/5 4636/4/5
f 4640/4/5 4636/4/5 4635/4/5
f 4641/4/5 4637/4/5 4640/4/5
f 4642/4/5 4637/4/5 4641/4/5
f 4643/2/5 4641/2/5 4640/2/5
f 4644/2/5 4641/2/5 4643/2/5
f 4645/2/5 4641/2/5 4644/2/5
f 4648/4/5 4634/4/5 4633/4/5
f 4649/4/5 4634/4/5 4648/4/5
f 4650/4/5 4647/4/5 4646/4/5
f 4651/4/5 4647/4/5 4650/4/5
f 4652/4/5 4645/4/5 4644/4/5
f 4653/4/5 4645/4/5 4652/4/5
f 4658/4/5 4655/4/5 4654/4/5
f 4659/4/5 4655/4/5 4658/4/5
f 4660/2/5 4657/2/5 4656/2/5
f 4661/2/5 4657/2/5 4660/2/5
f 4664/2/5 4663/2/5 4662/2/5
f 4665/2/5 4663/2/5 4664/2/5
f 4668/2/5 4667/2/5 4666/2/5
f 4669/2/5 4667/2/5 4668/2/5
f 4672/4/5 4671/4/5 4670/4/5
f 4673/4/5 4671/4/5 4672/4/5
f 4680/4/5 4677/4/5 4676/4/5
f 4681/4/5 4679/4/5 4678/4/5
f 4682/4/5 4679/4/5 4681/4/5
f 4683/4/5 4675/4/5 4674/4/5
f 4684/4/5 4675/4/5 4683/4/5
f 4687/4/5 4677/4/5 4680/4/5
f 4688/4/5 4677/4/5 4687/4/5
f 4689/2/5 4682/2/5 4681/2/5
f 4690/2/5 4682/2/5 4689/2/5
f 4691/4/5 4686/4/5 4685/4/5
f 4692/4/5 4686/4/5 4691/4/5
f 4694/4/5 4693/4/5 4692/4/5
f 4695/4/5 4693/4/5 4694/4/5
f 4700/4/5 4697/4/5 4696/4/5
f 4701/4/5 4697/4/5 4700/4/5
f 4702/4/5 4699/4/5 4698/4/5
f 4703/4/5 4699/4/5 4702/4/5
f 4706/2/5 4705/2/5 4704/2/5
f 4707/2/5 4705/2/5 4706/2/5
f 4710/4/5 4709/4/5 4708/4/5
f 4711/4/5 4709/4/5 4710/4/5
f 4716/4/5 4713/4/5 4712/4/5
f 4717/4/5 4713/4/5 4716/4/5
f 4718/4/5 4715/4/5 4714/4/5
f 4719/4/5 4715/4/5 4718/4/5
f 4722/4/5 4721/4/5 4720/4/5
f 4723/4/5 4721/4/5 4722/4/5
f 4724/4/5 4721/4/5 4723/4/5
f 4731/4/5 4726/4/5 4725/4/5
f 4732/4/5 4728/4/5 4727/4/5
f 4733/4/5 4728/4/5 4732/4/5
f 4735/4/5 4730/4/5 4729/4/5
f 4736/4/5 4730/4/5 4735/4/5
f 4737/4/5 4731/4/5 4725/4/5
f 4737/4/5 4732/4/5 4731/4/5
f 4738/4/5 4732/4/5 4737/4/5
f 4739/4/5 4732/4/5 4738/4/5
f 4740/4/5 4735/4/5 4734/4/5
f 4741/4/5 4735/4/5 4740/4/5
f 4742/4/5 4735/4/5 4741/4/5
f 4743/4/5 4739/4/5 4738/4/5
f 4743/4/5 4741/4/5 4740/4/5
f 4743/4/5 4740/4/5 4739/4/5
f 4744/4/5 4741/4/5 4743/4/5
f 4745/4/5 4741/4/5 4744/4/5
f 4746/4/5 4741/4/5 4745/4/5
f 4747/4/5 4745/4/5 4744/4/5
f 4748/4/5 4745/4/5 4747/4/5
f 4754/3/5 4750/3/5 4749/3/5
f 4755/3/5 4750/3/5 4754/3/5
f 4756/4/5 4752/4/5 4751/4/5
f 4757/4/5 4752/4/5 4756/4/5
f 4759/3/5 4754/3/5 4753/3/5
f 4760/3/5 4754/3/5 4759/3/5
f 4761/3/5 4759/3/5 4758/3/5
f 4762/3/5 4759/3/5 4761/3/5
f 4764/3/5 4761/3/5 4758/3/5
f 4765/3/5 4761/3/5 4764/3/5
f 4766/3/5 4764/3/5 4763/3/5
f 4767/3/5 4764/3/5 4766/3/5
f 4770/4/5 4769/4/5 4768/4/5
f 4771/4/5 4769/4/5 4770/4/5
f 4776/4/5 4773/4/5 4772/4/5
f 4777/4/5 4773/4/5 4776/4/5
f 4780/4/5 4775/4/5 4774/4/5
f 4781/4/5 4775/4/5 4780/4/5
f 4782/4/5 4778/4/5 4777/4/5
f 4783/4/5 4778/4/5 4782/4/5
f 4784/4/5 4780/4/5 4779/4/5
f 4785/4/5 4780/4/5 4784/4/5
f 4786/4/5 4784/4/5 4783/4/5
f 4787/4/5 4784/4/5 4786/4/5
f 4792/4/5 4789/4/5 4788/4/5
f 4793/4/5 4792/4/5 4788/4/5
f 4794/4/5 4792/4/5 4793/4/5
f 4795/4/5 4791/4/5 4790/4/5
f 4796/4/5 4791/4/5 4795/4/5
f 4800/3/5 4798/3/5 4797/3/5
f 4801/3/5 4798/3/5 4800/3/5
f 4804/3/5 4800/3/5 4799/3/5
f 4804/3/5 4801/3/5 4800/3/5
f 4805/3/5 4801/3/5 4804/3/5
f 4806/3/5 4801/3/5 4805/3/5
f 4807/3/5 4803/3/5 4802/3/5
f 4808/3/5 4803/3/5 4807/3/5
f 4814/3/5 4804/3/5 4799/3/5
f 4815/4/5 4805/4/5 4804/4/5
f 4815/3/5 4804/3/5 4814/3/5
f 4816/4/5 4805/4/5 4815/4/5
f 4817/4/5 4809/4/5 4808/4/5
f 4818/4/5 4809/4/5 4817/4/5
f 4819/4/5 4812/4/5 4811/4/5
f 4819/4/5 4811/4/5 4810/4/5
f 4820/4/5 4812/4/5 4819/4/5
f 4823/3/5 4814/3/5 4813/3/5
f 4824/3/5 4814/3/5 4823/3/5
f 4825/4/5 4822/4/5 4821/4/5
f 4826/4/5 4822/4/5 4825/4/5
f 4827/4/5 4809/4/5 4818/4/5
f 4828/4/5 4809/4/5 4827/4/5
f 4833/4/5 4830/4/5 4829/4/5
f 4834/4/5 4830/4/5 4833/4/5
f 4837/4/5 4832/4/5 4831/4/5
f 4838/4/5 4832/4/5 4837/4/5
f 4839/4/5 4835/4/5 4834/4/5
f 4840/4/5 4835/4/5 4839/4/5
f 4843/4/5 4837/4/5 4836/4/5
f 4844/4/5 4837/4/5 4843/4/5
f 4845/4/5 4841/4/5 4840/4/5
f 4846/4/5 4841/4/5 4845/4/5
f 4847/4/5 4843/4/5 4842/4/5
f 4848/4/5 4843/4/5 4847/4/5
f 4849/4/5 4847/4/5 4846/4/5
f 4850/4/5 4847/4/5 4849/4/5
f 4853/4/5 4852/4/5 4851/4/5
f 4858/4/5 4853/4/5 4851/4/5
f 4859/4/5 4853/4/5 4858/4/5
f 4860/4/5 4855/4/5 4854/4/5
f 4861/4/5 4855/4/5 4860/4/5
f 4862/3/5 4857/3/5 4856/3/5
f 4863/3/5 4857/3/5 4862/3/5
f 4865/3/5 4864/3/5 4863/3/5
f 4865/3/5 4863/3/5 4862/3/5
f 4866/3/5 4864/3/5 4865/3/5
f 4867/3/5 4864/3/5 4866/3/5
f 4868/4/5 4867/4/5 4866/4/5
f 4869/4/5 4867/4/5 4868/4/5
f 4877/4/5 4873/4/5 4872/4/5
f 4878/4/5 4873/4/5 4877/4/5
f 4879/4/5 4876/4/5 4875/4/5
f 4879/3/5 4875/3/5 4874/3/5
f 4880/4/5 4876/4/5 4879/4/5
f 4882/3/5 4879/3/5 4874/3/5
f 4883/4/5 4871/4/5 4870/4/5
f 4884/3/5 4882/3/5 4881/3/5
f 4885/3/5 4879/3/5 4882/3/5
f 4885/3/5 4882/3/5 4884/3/5
f 4886/4/5 4871/4/5 4883/4/5
f 4887/4/5 4871/4/5 4886/4/5
f 4891/4/5 4889/4/5 4888/4/5
f 4892/2/5 4890/2/5 4889/2/5
f 4892/4/5 4889/4/5 4891/4/5
f 4893/2/5 4890/2/5 4892/2/5
f 4895/4/5 4893/4/5 4892/4/5
f 4896/2/5 4894/2/5 4893/2/5
f 4896/4/5 4893/4/5 4895/4/5
f 4897/2/5 4894/2/5 4896/2/5
f 4901/4/5 4899/4/5 4898/4/5
f 4902/4/5 4899/4/5 4901/4/5
f 4905/3/5 4901/3/5 4900/3/5
f 4905/3/5 4902/3/5 4901/3/5
f 4906/3/5 4902/3/5 4905/3/5
f 4908/4/5 4904/4/5 4903/4/5
f 4909/4/5 4904/4/5 4908/4/5
f 4910/3/5 4907/3/5 4906/3/5
f 4911/3/5 4907/3/5 4910/3/5
f 4912/3/5 4907/3/5 4911/3/5
f 4915/4/5 4914/4/5 4913/4/5
f 4916/4/5 4914/4/5 4915/4/5
f 4919/4/5 4918/4/5 4917/4/5
f 4920/4/5 4918/4/5 4919/4/5
f 4921/4/5 4918/4/5 4920/4/5
f 4926/4/5 4923/4/5 4922/4/5
f 4927/4/5 4923/4/5 4926/4/5
f 4928/4/5 4925/4/5 4924/4/5
f 4929/4/5 4925/4/5 4928/4/5
f 4932/3/5 4931/3/5 4930/3/5
f 4933/3/5 4931/3/5 4932/3/5
f 4936/3/5 4935/3/5 4934/3/5
f 4937/3/5 4935/3/5 4936/3/5
f 4942/4/5 4939/4/5 4938/4/5
f 4943/4/5 4939/4/5 4942/4/5
f 4944/4/5 4941/4/5 4940/4/5
f 4945/4/5 4941/4/5 4944/4/5
f 4950/4/5 4947/4/5 4946/4/5
f 4951/4/5 4947/4/5 4950/4/5
f 4954/4/5 4949/4/5 4948/4/5
f 4955/4/5 4949/4/5 4954/4/5
f 4956/4/5 4953/4/5 4952/4/5
f 4957/4/5 4953/4/5 4956/4/5
f 4960/4/5 4959/4/5 4958/4/5
f 4961/4/5 4959/4/5 4960/4/5
f 4964/3/5 4963/3/5 4962/3/5
f 4965/3/5 4963/3/5 4964/3/5
f 4968/3/5 4967/3/5 4966/3/5
f 4969/3/5 4967/3/5 4968/3/5
f 4970/3/5 4967/3/5 4969/3/5
f 4973/2/5 4972/2/5 4971/2/5
f 4974/2/5 4972/2/5 4973/2/5
f 4977/4/5 4976/4/5 4975/4/5
f 4978/4/5 4976/4/5 4977/4/5
f 4983/4/5 4980/4/5 4979/4/5
f 4984/4/5 4980/4/5 4983/4/5
f 4985/3/5 4982/3/5 4981/3/5
f 4989/3/5 4982/3/5 4985/3/5
f 4990/3/5 4982/3/5 4989/3/5
f 4991/2/5 4987/2/5 4986/2/5
f 4992/2/5 4987/2/5 4991/2/5
f 4993/4/5 4989/4/5 4988/4/5
f 4994/4/5 4989/4/5 4993/4/5
f 4999/4/5 4996/4/5 4995/4/5
f 5000/4/5 4996/4/5 4999/4/5
f 5001/4/5 4998/4/5 4997/4/5
f 5002/4/5 4998/4/5 5001/4/5
f 5007/4/5 5004/4/5 5003/4/5
f 5008/4/5 5004/4/5 5007/4/5
f 5009/2/5 5006/2/5 5005/2/5
f 5010/2/5 5006/2/5 5009/2/5
f 5011/4/5 5010/4/5 5009/4/5
f 5012/4/5 5010/4/5 5011/4/5
f 5015/3/5 5014/3/5 5013/3/5
f 5016/3/5 5014/3/5 5015/3/5
f 5021/3/5 5018/3/5 5017/3/5
f 5022/3/5 5018/3/5 5021/3/5
f 5024/3/5 5020/3/5 5019/3/5
f 5025/3/5 5020/3/5 5024/3/5
f 5026/3/5 5024/3/5 5023/3/5
f 5027/3/5 5024/3/5 5026/3/5
f 5032/4/5 5029/4/5 5028/4/5
f 5033/4/5 5029/4/5 5032/4/5
f 5034/2/5 5031/2/5 5030/2/5
f 5035/2/5 5031/2/5 5034/2/5
f 5038/3/5 5037/3/5 5036/3/5
f 5039/3/5 5037/3/5 5038/3/5
f 5042/3/5 5041/3/5 5040/3/5
f 5043/3/5 5041/3/5 5042/3/5
f 5047/3/5 5045/3/5 5044/3/5
f 5047/3/5 5046/3/5 5045/3/5
f 5048/3/5 5046/3/5 5047/3/5
f 5052/3/5 5050/3/5 5049/3/5
f 5053/3/5 5050/3/5 5052/3/5
f 5054/3/5 5052/3/5 5051/3/5
f 5055/3/5 5052/3/5 5054/3/5
f 5058/3/5 5057/3/5 5056/3/5
f 5059/3/5 5057/3/5 5058/3/5
f 5063/3/5 5061/3/5 5060/3/5
f 5064/3/5 5061/3/5 5063/3/5
f 5068/3/5 5063/3/5 5062/3/5
f 5069/3/5 5063/3/5 5068/3/5
f 5070/3/5 5066/3/5 5065/3/5
f 5071/3/5 5066/3/5 5070/3/5
f 5072/3/5 5068/3/5 5067/3/5
f 5073/3/5 5068/3/5 5072/3/5
f 5076/3/5 5075/3/5 5074/3/5
f 5077/3/5 5075/3/5 5076/3/5
f 5080/3/5 5079/3/5 5078/3/5
f 5081/3/5 5079/3/5 5080/3/5
f 5083/3/5 5082/3/5 5081/3/5
f 5084/3/5 5082/3/5 5083/3/5
f 5086/3/5 5085/3/5 5084/3/5
f 5087/3/5 5085/3/5 5086/3/5
f 5093/3/5 5089/3/5 5088/3/5
f 5094/4/5 5090/4/5 5089/4/5
f 5094/3/5 5089/3/5 5093/3/5
f 5095/4/5 5090/4/5 5094/4/5
f 5096/4/5 5092/4/5 5091/4/5
f 5097/4/5 5092/4/5 5096/4/5
f 5102/4/5 5099/4/5 5098/4/5
f 5103/4/5 5099/4/5 5102/4/5
f 5104/3/5 5101/3/5 5100/3/5
f 5105/3/5 5101/3/5 5104/3/5
f 5108/3/5 5107/3/5 5106/3/5
f 5109/3/5 5107/3/5 5108/3/5
f 5113/3/5 5111/3/5 5110/3/5
f 5114/3/5 5111/3/5 5113/3/5
f 5117/3/5 5113/3/5 5112/3/5
f 5118/3/5 5113/3/5 5117/3/5
f 5119/3/5 5113/3/5 5118/3/5
f 5120/4/5 5116/4/5 5115/4/5
f 5121/4/5 5116/4/5 5120/4/5
f 5124/3/5 5123/3/5 5122/3/5
f 5125/3/5 5123/3/5 5124/3/5
f 5128/3/5 5127/3/5 5126/3/5
f 5129/3/5 5127/3/5 5128/3/5
f 5132/3/5 5131/3/5 5130/3/5
f 5133/3/5 5131/3/5 5132/3/5
f 5134/3/5 5131/3/5 5133/3/5
f 5139/4/5 5136/4/5 5135/4/5
f 5140/4/5 5136/4/5 5139/4/5
f 5141/4/5 5138/4/5 5137/4/5
f 5142/4/5 5138/4/5 5141/4/5
f 5145/3/5 5144/3/5 5143/3/5
f 5146/3/5 5144/3/5 5145/3/5
f 5149/3/5 5148/3/5 5147/3/5
f 5150/3/5 5148/3/5 5149/3/5
f 5153/3/5 5152/3/5 5151/3/5
f 5154/3/5 5152/3/5 5153/3/5
f 5155/3/5 5152/3/5 5154/3/5
f 5156/3/5 5152/3/5 5155/3/5
f 5161/4/5 5155/4/5 5154/4/5
f 5162/4/5 5155/4/5 5161/4/5
f 5163/1/5 5158/1/5 5157/1/5
f 5164/1/5 5158/1/5 5163/1/5
f 5166/3/5 5160/3/5 5159/3/5
f 5167/3/5 5160/3/5 5166/3/5
f 5172/3/5 5166/3/5 5165/3/5
f 5173/3/5 5166/3/5 5172/3/5
f 5174/1/5 5169/1/5 5168/1/5
f 5175/1/5 5169/1/5 5174/1/5
f 5176/4/5 5171/4/5 5170/4/5
f 5177/4/5 5171/4/5 5176/4/5
f 5180/1/5 5179/1/5 5178/1/5
f 5181/1/5 5179/1/5 5180/1/5
f 5184/4/5 5183/4/5 5182/4/5
f 5185/4/5 5183/4/5 5184/4/5
f 5188/3/5 5187/3/5 5186/3/5
f 5189/3/5 5187/3/5 5188/3/5
f 5190/3/5 5187/3/5 5189/3/5
f 5195/4/5 5192/4/5 5191/4/5
f 5196/4/5 5192/4/5 5195/4/5
f 5197/2/5 5194/2/5 5193/2/5
f 5198/2/5 5194/2/5 5197/2/5
f 5201/3/5 5200/3/5 5199/3/5
f 5202/3/5 5200/3/5 5201/3/5
f 5206/2/5 5204/2/5 5203/2/5
f 5207/4/5 5205/4/5 5204/4/5
f 5207/2/5 5204/2/5 5206/2/5
f 5208/4/5 5205/4/5 5207/4/5
f 5211/3/5 5210/3/5 5209/3/5
f 5212/3/5 5210/3/5 5211/3/5
f 5215/3/5 5214/3/5 5213/3/5
f 5216/3/5 5214/3/5 5215/3/5
f 5219/3/5 5218/3/5 5217/3/5
f 5220/3/5 5218/3/5 5219/3/5
f 5223/3/5 5222/3/5 5221/3/5
f 5224/3/5 5222/3/5 5223/3/5
f 5227/3/5 5226/3/5 5225/3/5
f 5228/3/5 5226/3/5 5227/3/5
f 5231/4/5 5230/4/5 5229/4/5
f 5232/4/5 5230/4/5 5231/4/5
f 5235/3/5 5234/3/5 5233/3/5
f 5236/3/5 5234/3/5 5235/3/5
f 5239/3/5 5238/3/5 5237/3/5
f 5240/3/5 5238/3/5 5239/3/5
f 5245/4/5 5242/4/5 5241/4/5
f 5246/4/5 5242/4/5 5245/4/5
f 5247/4/5 5244/4/5 5243/4/5
f 5248/4/5 5244/4/5 5247/4/5
f 5251/3/5 5250/3/5 5249/3/5
f 5252/3/5 5250/3/5 5251/3/5
f 5256/2/5 5254/2/5 5253/2/5
f 5257/4/5 5255/4/5 5254/4/5
f 5257/2/5 5254/2/5 5256/2/5
f 5258/4/5 5255/4/5 5257/4/5
f 5261/3/5 5260/3/5 5259/3/5
f 5262/3/5 5260/3/5 5261/3/5
f 5267/4/5 5264/4/5 5263/4/5
f 5268/4/5 5264/4/5 5267/4/5
f 5269/4/5 5266/4/5 5265/4/5
f 5270/4/5 5266/4/5 5269/4/5
f 5275/1/5 5272/1/5 5271/1/5
f 5276/1/5 5272/1/5 5275/1/5
f 5278/4/5 5274/4/5 5273/4/5
f 5279/4/5 5274/4/5 5278/4/5
f 5281/4/5 5278/4/5 5277/4/5
f 5281/4/5 5279/4/5 5278/4/5
f 5282/4/5 5279/4/5 5281/4/5
f 5283/4/5 5279/4/5 5282/4/5
f 5284/1/5 5280/1/5 5279/1/5
f 5284/4/5 5279/4/5 5283/4/5
f 5285/1/5 5280/1/5 5284/1/5
f 5288/4/5 5287/4/5 5286/4/5
f 5289/4/5 5287/4/5 5288/4/5
f 5292/1/5 5291/1/5 5290/1/5
f 5293/1/5 5291/1/5 5292/1/5
f 5298/4/5 5295/4/5 5294/4/5
f 5299/4/5 5295/4/5 5298/4/5
f 5300/4/5 5295/4/5 5299/4/5
f 5301/4/5 5295/4/5 5300/4/5
f 5302/1/5 5296/1/5 5295/1/5
f 5302/4/5 5295/4/5 5301/4/5
f 5303/1/5 5296/1/5 5302/1/5
f 5304/4/5 5298/4/5 5297/4/5
f 5304/4/5 5299/4/5 5298/4/5
f 5305/4/5 5299/4/5 5304/4/5
f 5306/4/5 5301/4/5 5300/4/5
f 5307/4/5 5301/4/5 5306/4/5
f 5308/4/5 5301/4/5 5307/4/5
f 5309/4/5 5304/4/5 5297/4/5
f 5310/4/5 5304/4/5 5309/4/5
f 5311/4/5 5301/4/5 5308/4/5
f 5312/4/5 5301/4/5 5311/4/5
f 5315/4/5 5314/4/5 5313/4/5
f 5316/4/5 5314/4/5 5315/4/5
f 5319/1/5 5318/1/5 5317/1/5
f 5320/1/5 5318/1/5 5319/1/5
f 5324/4/5 5320/4/5 5319/4/5
f 5324/4/5 5321/4/5 5320/4/5
f 5325/4/5 5321/4/5 5324/4/5
f 5326/4/5 5321/4/5 5325/4/5
f 5327/4/5 5323/4/5 5322/4/5
f 5328/4/5 5323/4/5 5327/4/5
f 5329/4/5 5326/4/5 5325/4/5
f 5329/4/5 5327/4/5 5326/4/5
f 5330/4/5 5327/4/5 5329/4/5
f 5333/4/5 5332/4/5 5331/4/5
f 5334/4/5 5332/4/5 5333/4/5
f 5335/4/5 5329/4/5 5325/4/5
f 5336/4/5 5329/4/5 5335/4/5
f 5341/4/5 5338/4/5 5337/4/5
f 5342/4/5 5338/4/5 5341/4/5
f 5345/4/5 5340/4/5 5339/4/5
f 5346/4/5 5340/4/5 5345/4/5
f 5347/4/5 5344/4/5 5343/4/5
f 5348/4/5 5344/4/5 5347/4/5
f 5350/4/5 5349/4/5 5348/4/5
f 5351/4/5 5349/4/5 5350/4/5
f 5356/4/5 5353/4/5 5352/4/5
f 5357/4/5 5353/4/5 5356/4/5
f 5358/4/5 5355/4/5 5354/4/5
f 5359/4/5 5355/4/5 5358/4/5
f 5364/4/5 5361/4/5 5360/4/5
f 5365/4/5 5361/4/5 5364/4/5
f 5368/4/5 5363/4/5 5362/4/5
f 5369/4/5 5363/4/5 5368/4/5
f 5370/4/5 5366/4/5 5365/4/5
f 5371/4/5 5366/4/5 5370/4/5
f 5372/4/5 5368/4/5 5367/4/5
f 5373/4/5 5368/4/5 5372/4/5
f 5378/4/5 5375/4/5 5374/4/5
f 5379/4/5 5375/4/5 5378/4/5
f 5380/4/5 5377/4/5 5376/4/5
f 5381/4/5 5377/4/5 5380/4/5
f 5386/4/5 5383/4/5 5382/4/5
f 5387/4/5 5383/4/5 5386/4/5
f 5388/4/5 5385/4/5 5384/4/5
f 5389/4/5 5385/4/5 5388/4/5
f 5394/4/5 5391/4/5 5390/4/5
f 5395/4/5 5391/4/5 5394/4/5
f 5396/4/5 5393/4/5 5392/4/5
f 5397/4/5 5393/4/5 5396/4/5
f 5402/4/5 5399/4/5 5398/4/5
f 5403/4/5 5399/4/5 5402/4/5
f 5404/4/5 5401/4/5 5400/4/5
f 5405/4/5 5401/4/5 5404/4/5
f 5410/5/5 5407/5/5 5406/5/5
f 5411/5/5 5407/5/5 5410/5/5
f 5412/5/5 5409/5/5 5408/5/5
f 5413/5/5 5409/5/5 5412/5/5
f 5416/1/5 5415/1/5 5414/1/5
f 5417/1/5 5415/1/5 5416/1/5
f 5420/1/5 5419/1/5 5418/1/5
f 5421/1/5 5419/1/5 5420/1/5
f 5425/1/5 5423/1/5 5422/1/5
f 5426/4/5 5424/4/5 5423/4/5
f 5426/1/5 5423/1/5 5425/1/5
f 5427/4/5 5424/4/5 5426/4/5
f 5431/4/5 5429/4/5 5428/4/5
f 5432/1/5 5430/1/5 5429/1/5
f 5432/4/5 5429/4/5 5431/4/5
f 5433/1/5 5430/1/5 5432/1/5
f 5437/4/5 5435/4/5 5434/4/5
f 5437/4/5 5436/4/5 5435/4/5
f 5438/4/5 5436/4/5 5437/4/5
f 5441/4/5 5440/4/5 5439/4/5
f 5442/4/5 5440/4/5 5441/4/5
f 5445/4/5 5444/4/5 5443/4/5
f 5446/4/5 5444/4/5 5445/4/5
f 5449/4/5 5448/4/5 5447/4/5
f 5450/4/5 5448/4/5 5449/4/5
f 5453/4/5 5452/4/5 5451/4/5
f 5454/4/5 5452/4/5 5453/4/5
f 5457/1/5 5456/1/5 5455/1/5
f 5458/1/5 5456/1/5 5457/1/5
f 5461/4/5 5460/4/5 5459/4/5
f 5462/4/5 5460/4/5 5461/4/5
f 5463/4/6 5464/4/6 5465/4/6
f 5465/4/6 5464/4/6 5466/4/6
f 5467/4/6 5468/4/6 5469/4/6
f 5469/4/6 5468/4/6 5470/4/6
f 5471/4/6 5472/4/6 5473/4/6
f 5473/4/6 5472/4/6 5474/4/6
f 5475/4/6 5476/4/6 5477/4/6
f 5477/4/6 5476/4/6 5478/4/6
f 5479/4/6 5480/4/6 5481/4/6
f 5481/4/6 5480/4/6 5482/4/6
f 5483/4/6 5484/4/6 5485/4/6
f 5485/4/6 5484/4/6 5486/4/6
f 5487/4/6 5488/4/6 5489/4/6
f 5489/4/6 5488/4/6 5490/4/6
f 5491/4/6 5492/4/6 5495/4/6
f 5495/4/6 5492/4/6 5496/4/6
f 5493/4/6 5494/4/6 5497/4/6
f 5497/4/6 5494/4/6 5498/4/6
f 5493/4/6 5497/4/6 5499/4/6
f 5499/4/6 5497/4/6 5500/4/6
f 5501/4/6 5502/4/6 5503/4/6
f 5503/4/6 5502/4/6 5504/4/6
f 5505/2/6 5506/2/6 5507/2/6
f 5507/2/6 5506/2/6 5508/2/6
f 5509/4/6 5510/4/6 5512/4/6
f 5510/2/6 5511/2/6 5513/2/6
f 5512/4/6 5510/4/6 5513/4/6
f 5513/2/6 5511/2/6 5514/2/6
f 5515/2/6 5516/2/6 5519/2/6
f 5519/2/6 5516/2/6 5520/2/6
f 5517/4/6 5518/4/6 5521/4/6
f 5521/4/6 5518/4/6 5522/4/6
f 5523/2/6 5524/2/6 5525/2/6
f 5525/2/6 5524/2/6 5526/2/6
f 5527/4/6 5528/4/6 5529/4/6
f 5529/4/6 5528/4/6 5530/4/6
f 5531/2/6 5532/2/6 5533/2/6
f 5533/2/6 5532/2/6 5534/2/6
f 5535/4/6 5536/4/6 5538/4/6
f 5536/2/6 5537/2/6 5539/2/6
f 5538/4/6 5536/4/6 5539/4/6
f 5539/2/6 5537/2/6 5540/2/6
f 5541/2/6 5542/2/6 5544/2/6
f 5542/2/6 5543/2/6 5544/2/6
f 5544/2/6 5543/2/6 5545/2/6
f 5546/2/6 5547/2/6 5548/2/6
f 5548/2/6 5547/2/6 5549/2/6
f 5550/2/6 5551/2/6 5552/2/6
f 5552/2/6 5551/2/6 5553/2/6
f 5554/4/6 5555/4/6 5558/4/6
f 5558/4/6 5555/4/6 5559/4/6
f 5556/2/6 5557/2/6 5560/2/6
f 5560/2/6 5557/2/6 5561/2/6
f 5562/2/6 5563/2/6 5565/2/6
f 5563/4/6 5564/4/6 5566/4/6
f 5565/2/6 5563/2/6 5566/2/6
f 5566/4/6 5564/4/6 5567/4/6
f 5568/4/6 5569/4/6 5572/4/6
f 5572/4/6 5569/4/6 5573/4/6
f 5570/4/6 5571/4/6 5574/4/6
f 5574/4/6 5571/4/6 5575/4/6
f 5576/4/6 5577/4/6 5578/4/6
f 5578/4/6 5577/4/6 5579/4/6
f 5579/4/6 5577/4/6 5580/4/6
f 5581/4/6 5582/4/6 5583/4/6
f 5583/4/6 5582/4/6 5584/4/6
f 5581/4/6 5583/4/6 5585/4/6
f 5585/4/6 5583/4/6 5586/4/6
f 5587/4/6 5588/4/6 5589/4/6
f 5589/4/6 5588/4/6 5590/4/6
f 5591/3/6 5592/3/6 5593/3/6
f 5593/3/6 5592/3/6 5594/3/6
f 5595/3/6 5596/3/6 5599/3/6
f 5599/3/6 5596/3/6 5600/3/6
f 5597/4/6 5598/4/6 5604/4/6
f 5604/4/6 5598/4/6 5605/4/6
f 5601/4/6 5602/4/6 5606/4/6
f 5600/4/6 5601/4/6 5606/4/6
f 5606/4/6 5602/4/6 5607/4/6
f 5607/4/6 5602/4/6 5608/4/6
f 5604/2/6 5605/2/6 5609/2/6
f 5603/2/6 5604/2/6 5609/2/6
f 5609/2/6 5605/2/6 5610/2/6
f 5610/2/6 5605/2/6 5613/2/6
f 5610/2/6 5613/2/6 5615/2/6
f 5613/2/6 5614/2/6 5615/2/6
f 5615/2/6 5614/2/6 5616/2/6
f 5611/4/6 5612/4/6 5617/4/6
f 5616/2/6 5614/2/6 5619/2/6
f 5615/4/6 5616/4/6 5619/4/6
f 5619/2/6 5614/2/6 5620/2/6
f 5617/4/6 5618/4/6 5621/4/6
f 5611/4/6 5617/4/6 5621/4/6
f 5621/4/6 5618/4/6 5622/4/6
f 5619/4/6 5620/4/6 5623/4/6
f 5615/4/6 5619/4/6 5623/4/6
f 5623/4/6 5620/4/6 5624/4/6
f 5622/4/6 5618/4/6 5625/4/6
f 5622/4/6 5625/4/6 5626/4/6
f 5626/4/6 5625/4/6 5627/4/6
f 5615/4/6 5623/4/6 5628/4/6
f 5628/4/6 5623/4/6 5629/4/6
f 5630/4/6 5631/4/6 5634/4/6
f 5634/4/6 5631/4/6 5635/4/6
f 5632/4/6 5633/4/6 5636/4/6
f 5636/4/6 5633/4/6 5637/4/6
f 5640/4/6 5641/4/6 5642/4/6
f 5642/4/6 5641/4/6 5643/4/6
f 5643/4/6 5641/4/6 5644/4/6
f 5638/4/6 5639/4/6 5645/4/6
f 5645/4/6 5639/4/6 5646/4/6
f 5647/3/6 5648/3/6 5649/3/6
f 5649/3/6 5648/3/6 5650/3/6
f 5651/4/6 5652/4/6 5653/4/6
f 5653/4/6 5652/4/6 5654/4/6
f 5654/4/6 5652/4/6 5655/4/6
f 5656/4/6 5657/4/6 5658/4/6
f 5658/4/6 5657/4/6 5659/4/6
f 5661/4/6 5662/4/6 5667/4/6
f 5662/4/6 5663/4/6 5667/4/6
f 5667/4/6 5663/4/6 5668/4/6
f 5664/4/6 5665/4/6 5669/4/6
f 5665/2/6 5666/2/6 5670/2/6
f 5669/4/6 5665/4/6 5670/4/6
f 5670/2/6 5666/2/6 5671/2/6
f 5671/2/6 5666/2/6 5672/2/6
f 5660/3/6 5661/3/6 5673/3/6
f 5661/4/6 5667/4/6 5674/4/6
f 5673/3/6 5661/3/6 5674/3/6
f 5674/4/6 5667/4/6 5675/4/6
f 5671/4/6 5672/4/6 5677/4/6
f 5674/4/6 5675/4/6 5678/4/6
f 5678/4/6 5675/4/6 5679/4/6
f 5676/4/6 5677/4/6 5680/4/6
f 5677/4/6 5672/4/6 5681/4/6
f 5680/4/6 5677/4/6 5681/4/6
f 5681/4/6 5672/4/6 5684/4/6
f 5684/4/6 5672/4/6 5685/4/6
f 5682/2/6 5683/2/6 5687/2/6
f 5687/2/6 5683/2/6 5688/2/6
f 5685/4/6 5686/4/6 5689/4/6
f 5689/4/6 5686/4/6 5690/4/6
f 5693/4/6 5694/4/6 5695/4/6
f 5695/4/6 5694/4/6 5696/4/6
f 5691/4/6 5692/4/6 5697/4/6
f 5697/4/6 5692/4/6 5698/4/6
f 5699/4/6 5700/4/6 5703/4/6
f 5703/4/6 5700/4/6 5704/4/6
f 5701/4/6 5702/4/6 5705/4/6
f 5705/4/6 5702/4/6 5706/4/6
f 5707/4/6 5708/4/6 5711/4/6
f 5711/4/6 5708/4/6 5712/4/6
f 5709/4/6 5710/4/6 5713/4/6
f 5713/4/6 5710/4/6 5714/4/6
f 5715/4/6 5716/4/6 5719/4/6
f 5719/4/6 5716/4/6 5720/4/6
f 5720/4/6 5716/4/6 5721/4/6
f 5717/4/6 5718/4/6 5722/4/6
f 5722/4/6 5718/4/6 5723/4/6
f 5724/3/6 5725/3/6 5726/3/6
f 5726/3/6 5725/3/6 5727/3/6
f 5730/4/6 5731/4/6 5732/4/6
f 5732/4/6 5731/4/6 5733/4/6
f 5728/3/6 5729/3/6 5734/3/6
f 5734/3/6 5729/3/6 5735/3/6
f 5736/3/6 5737/3/6 5738/3/6
f 5738/3/6 5737/3/6 5739/3/6
f 5740/4/6 5741/4/6 5743/4/6
f 5743/4/6 5741/4/6 5744/4/6
f 5742/4/6 5743/4/6 5746/4/6
f 5744/4/6 5745/4/6 5746/4/6
f 5743/4/6 5744/4/6 5746/4/6
f 5746/4/6 5745/4/6 5747/4/6
f 5747/4/6 5745/4/6 5748/4/6
f 5748/4/6 5745/4/6 5749/4/6
f 5746/3/6 5747/3/6 5751/3/6
f 5747/4/6 5748/4/6 5752/4/6
f 5751/3/6 5747/3/6 5752/3/6
f 5752/4/6 5748/4/6 5753/4/6
f 5750/3/6 5751/3/6 5755/3/6
f 5753/4/6 5754/4/6 5756/4/6
f 5755/3/6 5751/3/6 5756/3/6
f 5751/4/6 5752/4/6 5756/4/6
f 5752/4/6 5753/4/6 5756/4/6
f 5756/4/6 5754/4/6 5757/4/6
f 5755/2/6 5756/2/6 5760/2/6
f 5760/2/6 5756/2/6 5761/2/6
f 5757/4/6 5758/4/6 5762/4/6
f 5762/4/6 5758/4/6 5763/4/6
f 5759/2/6 5760/2/6 5765/2/6
f 5765/2/6 5760/2/6 5766/2/6
f 5765/4/6 5766/4/6 5767/4/6
f 5767/4/6 5766/4/6 5768/4/6
f 5763/4/6 5764/4/6 5769/4/6
f 5769/4/6 5764/4/6 5770/4/6
f 5771/4/6 5772/4/6 5775/4/6
f 5775/4/6 5772/4/6 5776/4/6
f 5775/4/6 5776/4/6 5779/4/6
f 5776/4/6 5777/4/6 5779/4/6
f 5777/2/6 5778/2/6 5780/2/6
f 5779/4/6 5777/4/6 5780/4/6
f 5780/2/6 5778/2/6 5781/2/6
f 5773/4/6 5774/4/6 5783/4/6
f 5783/4/6 5774/4/6 5784/4/6
f 5775/4/6 5779/4/6 5785/4/6
f 5785/4/6 5779/4/6 5786/4/6
f 5780/4/6 5781/4/6 5787/4/6
f 5781/2/6 5782/2/6 5788/2/6
f 5787/4/6 5781/4/6 5788/4/6
f 5788/2/6 5782/2/6 5789/2/6
f 5790/4/6 5791/4/6 5794/4/6
f 5794/4/6 5791/4/6 5795/4/6
f 5792/4/6 5793/4/6 5798/4/6
f 5798/4/6 5793/4/6 5799/4/6
f 5795/4/6 5796/4/6 5800/4/6
f 5800/4/6 5796/4/6 5801/4/6
f 5797/4/6 5798/4/6 5806/4/6
f 5806/4/6 5798/4/6 5807/4/6
f 5802/4/6 5803/4/6 5808/4/6
f 5808/4/6 5803/4/6 5809/4/6
f 5804/4/6 5805/4/6 5810/4/6
f 5810/4/6 5805/4/6 5811/4/6
f 5812/4/6 5813/4/6 5816/4/6
f 5816/4/6 5813/4/6 5817/4/6
f 5814/4/6 5815/4/6 5818/4/6
f 5814/4/6 5818/4/6 5820/4/6
f 5820/4/6 5818/4/6 5821/4/6
f 5819/3/6 5820/3/6 5822/3/6
f 5822/3/6 5820/3/6 5823/3/6
f 5824/4/6 5825/4/6 5826/4/6
f 5826/4/6 5825/4/6 5827/4/6
f 5827/4/6 5825/4/6 5828/4/6
f 5829/4/6 5830/4/6 5831/4/6
f 5831/4/6 5830/4/6 5832/4/6
f 5832/4/6 5833/4/6 5834/4/6
f 5834/4/6 5833/4/6 5835/4/6
f 5836/4/6 5837/4/6 5839/4/6
f 5839/4/6 5837/4/6 5840/4/6
f 5840/4/6 5837/4/6 5841/4/6
f 5841/4/6 5837/4/6 5842/4/6
f 5838/2/6 5839/2/6 5844/2/6
f 5839/2/6 5840/2/6 5844/2/6
f 5844/2/6 5840/2/6 5845/2/6
f 5842/4/6 5843/4/6 5846/4/6
f 5841/4/6 5842/4/6 5846/4/6
f 5846/4/6 5843/4/6 5847/4/6
f 5838/2/6 5844/2/6 5849/2/6
f 5849/2/6 5844/2/6 5850/2/6
f 5847/4/6 5843/4/6 5851/4/6
f 5851/4/6 5843/4/6 5852/4/6
f 5849/4/6 5850/4/6 5854/4/6
f 5848/4/6 5849/4/6 5854/4/6
f 5852/4/6 5853/4/6 5856/4/6
f 5851/4/6 5852/4/6 5856/4/6
f 5856/4/6 5853/4/6 5857/4/6
f 5854/4/6 5855/4/6 5858/4/6
f 5848/4/6 5854/4/6 5858/4/6
f 5858/4/6 5855/4/6 5859/4/6
f 5856/2/6 5857/2/6 5860/2/6
f 5851/4/6 5856/4/6 5860/4/6
f 5860/2/6 5857/2/6 5861/2/6
f 5851/4/6 5860/4/6 5862/4/6
f 5860/4/6 5861/4/6 5862/4/6
f 5848/4/6 5858/4/6 5865/4/6
f 5865/4/6 5858/4/6 5866/4/6
f 5862/4/6 5861/4/6 5869/4/6
f 5863/4/6 5864/4/6 5870/4/6
f 5870/4/6 5864/4/6 5871/4/6
f 5866/4/6 5867/4/6 5872/4/6
f 5865/4/6 5866/4/6 5872/4/6
f 5872/4/6 5867/4/6 5873/4/6
f 5868/4/6 5869/4/6 5874/4/6
f 5869/4/6 5861/4/6 5875/4/6
f 5874/4/6 5869/4/6 5875/4/6
f 5875/4/6 5861/4/6 5876/4/6
f 5876/4/6 5861/4/6 5877/4/6
f 5873/4/6 5867/4/6 5878/4/6
f 5878/4/6 5867/4/6 5879/4/6
f 5875/4/6 5876/4/6 5881/4/6
f 5881/4/6 5876/4/6 5882/4/6
f 5879/4/6 5867/4/6 5883/4/6
f 5883/4/6 5867/4/6 5884/4/6
f 5880/4/6 5881/4/6 5885/4/6
f 5885/4/6 5881/4/6 5886/4/6
f 5887/3/6 5888/3/6 5891/3/6
f 5891/3/6 5888/3/6 5892/3/6
f 5889/3/6 5890/3/6 5894/3/6
f 5894/3/6 5890/3/6 5895/3/6
f 5893/3/6 5894/3/6 5896/3/6
f 5896/3/6 5894/3/6 5897/3/6
f 5898/4/6 5899/4/6 5901/4/6
f 5901/4/6 5899/4/6 5902/4/6
f 5902/4/6 5899/4/6 5903/4/6
f 5900/2/6 5901/2/6 5905/2/6
f 5903/4/6 5904/4/6 5905/4/6
f 5902/4/6 5903/4/6 5905/4/6
f 5901/2/6 5902/2/6 5905/2/6
f 5905/4/6 5904/4/6 5906/4/6
f 5905/2/6 5906/2/6 5907/2/6
f 5906/4/6 5904/4/6 5907/4/6
f 5907/4/6 5904/4/6 5908/4/6
f 5900/2/6 5905/2/6 5909/2/6
f 5905/2/6 5907/2/6 5909/2/6
f 5907/2/6 5908/2/6 5909/2/6
f 5909/2/6 5908/2/6 5910/2/6
f 5910/2/6 5908/2/6 5912/2/6
f 5912/2/6 5908/2/6 5913/2/6
f 5911/4/6 5912/4/6 5914/4/6
f 5913/2/6 5908/2/6 5914/2/6
f 5912/4/6 5913/4/6 5914/4/6
f 5914/2/6 5908/2/6 5915/2/6
f 5914/4/6 5915/4/6 5916/4/6
f 5915/2/6 5908/2/6 5916/2/6
f 5916/2/6 5908/2/6 5917/2/6
f 5911/4/6 5914/4/6 5920/4/6
f 5914/4/6 5916/4/6 5920/4/6
f 5916/4/6 5917/4/6 5920/4/6
f 5920/4/6 5917/4/6 5921/4/6
f 5921/4/6 5917/4/6 5922/4/6
f 5922/4/6 5917/4/6 5923/4/6
f 5918/4/6 5919/4/6 5924/4/6
f 5924/4/6 5919/4/6 5925/4/6
f 5921/4/6 5922/4/6 5926/4/6
f 5926/4/6 5922/4/6 5927/4/6
f 5927/4/6 5922/4/6 5928/4/6
f 5927/4/6 5928/4/6 5929/4/6
f 5921/4/6 5926/4/6 5930/4/6
f 5930/4/6 5926/4/6 5931/4/6
f 5927/4/6 5929/4/6 5932/4/6
f 5932/4/6 5929/4/6 5933/4/6
f 5931/4/6 5932/4/6 5934/4/6
f 5934/4/6 5932/4/6 5935/4/6
f 5936/3/6 5937/3/6 5940/3/6
f 5940/3/6 5937/3/6 5941/3/6
f 5938/3/6 5939/3/6 5942/3/6
f 5942/3/6 5939/3/6 5943/3/6
f 5944/3/6 5945/3/6 5946/3/6
f 5946/3/6 5945/3/6 5947/3/6
f 5948/2/6 5949/2/6 5950/2/6
f 5950/2/6 5949/2/6 5951/2/6
f 5952/4/6 5953/4/6 5954/4/6
f 5954/4/6 5953/4/6 5955/4/6
f 5956/2/6 5957/2/6 5959/2/6
f 5957/3/6 5958/3/6 5960/3/6
f 5959/2/6 5957/2/6 5960/2/6
f 5960/3/6 5958/3/6 5961/3/6
f 5961/3/6 5958/3/6 5962/3/6
f 5963/2/6 5964/2/6 5968/2/6
f 5968/2/6 5964/2/6 5969/2/6
f 5965/4/6 5966/4/6 5970/4/6
f 5966/2/6 5967/2/6 5971/2/6
f 5970/4/6 5966/4/6 5971/4/6
f 5971/2/6 5967/2/6 5972/2/6
f 5973/3/6 5974/3/6 5975/3/6
f 5975/3/6 5974/3/6 5976/3/6
f 5976/3/6 5974/3/6 5977/3/6
f 5978/3/6 5979/3/6 5981/3/6
f 5981/3/6 5979/3/6 5982/3/6
f 5980/3/6 5981/3/6 5983/3/6
f 5983/3/6 5981/3/6 5984/3/6
f 5985/4/6 5986/4/6 5987/4/6
f 5987/4/6 5986/4/6 5988/4/6
f 5989/4/6 5990/4/6 5993/4/6
f 5993/4/6 5990/4/6 5994/4/6
f 5991/4/6 5992/4/6 5995/4/6
f 5995/4/6 5992/4/6 5996/4/6
f 5997/3/6 5998/3/6 5999/3/6
f 5999/3/6 5998/3/6 6000/3/6
f 6001/3/6 6002/3/6 6003/3/6
f 6003/3/6 6002/3/6 6004/3/6
f 6005/2/6 6006/2/6 6007/2/6
f 6007/2/6 6006/2/6 6008/2/6
f 6009/3/6 6010/3/6 6011/3/6
f 6009/3/6 6011/3/6 6013/3/6
f 6011/3/6 6012/3/6 6013/3/6
f 6013/3/6 6012/3/6 6014/3/6
f 6015/2/6 6016/2/6 6019/2/6
f 6019/2/6 6016/2/6 6020/2/6
f 6017/2/6 6018/2/6 6021/2/6
f 6021/2/6 6018/2/6 6022/2/6
f 6023/2/6 6024/2/6 6027/2/6
f 6027/2/6 6024/2/6 6028/2/6
f 6025/4/6 6026/4/6 6029/4/6
f 6029/4/6 6026/4/6 6030/4/6
f 6031/3/6 6032/3/6 6033/3/6
f 6033/3/6 6032/3/6 6034/3/6
f 6034/3/6 6032/3/6 6035/3/6
f 6036/4/6 6037/4/6 6040/4/6
f 6040/4/6 6037/4/6 6041/4/6
f 6038/3/6 6039/3/6 6043/3/6
f 6042/3/6 6043/3/6 6044/3/6
f 6043/3/6 6039/3/6 6045/3/6
f 6044/3/6 6043/3/6 6045/3/6
f 6046/3/6 6047/3/6 6048/3/6
f 6048/3/6 6047/3/6 6049/3/6
f 6050/1/6 6051/1/6 6055/1/6
f 6051/2/6 6052/2/6 6056/2/6
f 6055/1/6 6051/1/6 6056/1/6
f 6056/2/6 6052/2/6 6057/2/6
f 6057/2/6 6052/2/6 6058/2/6
f 6053/1/6 6054/1/6 6061/1/6
f 6061/1/6 6054/1/6 6062/1/6
f 6059/2/6 6060/2/6 6063/2/6
f 6063/2/6 6060/2/6 6064/2/6
f 6067/2/6 6068/2/6 6069/2/6
f 6069/2/6 6068/2/6 6070/2/6
f 6069/4/6 6070/4/6 6071/4/6
f 6065/4/6 6066/4/6 6073/4/6
f 6073/4/6 6066/4/6 6074/4/6
f 6069/4/6 6071/4/6 6075/4/6
f 6071/3/6 6072/3/6 6076/3/6
f 6075/4/6 6071/4/6 6076/4/6
f 6075/3/6 6076/3/6 6077/3/6
f 6076/3/6 6072/3/6 6078/3/6
f 6077/3/6 6076/3/6 6078/3/6
f 6078/3/6 6072/3/6 6079/3/6
f 6077/3/6 6078/3/6 6081/3/6
f 6081/3/6 6078/3/6 6082/3/6
f 6080/3/6 6081/3/6 6085/3/6
f 6085/3/6 6081/3/6 6086/3/6
f 6083/3/6 6084/3/6 6087/3/6
f 6087/3/6 6084/3/6 6088/3/6
f 6089/3/6 6090/3/6 6091/3/6
f 6091/3/6 6090/3/6 6092/3/6
f 6093/1/6 6094/1/6 6099/1/6
f 6099/1/6 6094/1/6 6100/1/6
f 6095/1/6 6096/1/6 6101/1/6
f 6101/1/6 6096/1/6 6102/1/6
f 6097/4/6 6098/4/6 6105/4/6
f 6105/4/6 6098/4/6 6106/4/6
f 6103/2/6 6104/2/6 6107/2/6
f 6107/2/6 6104/2/6 6108/2/6
f 6109/3/6 6110/3/6 6111/3/6
f 6111/3/6 6110/3/6 6112/3/6
f 6113/3/6 6114/3/6 6115/3/6
f 6115/3/6 6114/3/6 6116/3/6
f 6117/3/6 6118/3/6 6119/3/6
f 6119/3/6 6118/3/6 6120/3/6
f 6121/3/6 6122/3/6 6123/3/6
f 6123/3/6 6122/3/6 6124/3/6
f 6125/3/6 6126/3/6 6127/3/6
f 6127/3/6 6126/3/6 6128/3/6
f 6129/3/6 6130/3/6 6132/3/6
f 6130/3/6 6131/3/6 6132/3/6
f 6132/3/6 6131/3/6 6133/3/6
f 6134/3/6 6135/3/6 6136/3/6
f 6136/3/6 6135/3/6 6137/3/6
f 6138/4/6 6139/4/6 6140/4/6
f 6140/4/6 6139/4/6 6141/4/6
f 6142/3/6 6143/3/6 6144/3/6
f 6142/3/6 6144/3/6 6146/3/6
f 6144/3/6 6145/3/6 6146/3/6
f 6146/3/6 6145/3/6 6147/3/6
f 6148/3/6 6149/3/6 6150/3/6
f 6150/3/6 6149/3/6 6151/3/6
f 6152/2/6 6153/2/6 6154/2/6
f 6154/2/6 6153/2/6 6155/2/6
f 6156/3/6 6157/3/6 6158/3/6
f 6158/3/6 6157/3/6 6159/3/6
f 6160/2/6 6161/2/6 6165/2/6
f 6161/4/6 6162/4/6 6166/4/6
f 6165/2/6 6161/2/6 6166/2/6
f 6166/4/6 6162/4/6 6167/4/6
f 6163/2/6 6164/2/6 6169/2/6
f 6169/2/6 6164/2/6 6170/2/6
f 6167/3/6 6168/3/6 6171/3/6
f 6171/3/6 6168/3/6 6172/3/6
f 6173/3/6 6174/3/6 6179/3/6
f 6179/3/6 6174/3/6 6180/3/6
f 6175/2/6 6176/2/6 6181/2/6
f 6176/4/6 6177/4/6 6182/4/6
f 6181/2/6 6176/2/6 6182/2/6
f 6177/2/6 6178/2/6 6183/2/6
f 6182/4/6 6177/4/6 6183/4/6
f 6183/2/6 6178/2/6 6184/2/6
f 6185/3/6 6186/3/6 6188/3/6
f 6188/3/6 6186/3/6 6189/3/6
f 6187/1/6 6188/1/6 6190/1/6
f 6190/1/6 6188/1/6 6191/1/6
f 6192/3/6 6193/3/6 6194/3/6
f 6194/3/6 6193/3/6 6195/3/6
f 6196/3/6 6197/3/6 6199/3/6
f 6199/3/6 6197/3/6 6200/3/6
f 6198/3/6 6199/3/6 6201/3/6
f 6201/3/6 6199/3/6 6202/3/6
f 6203/3/6 6204/3/6 6205/3/6
f 6205/3/6 6204/3/6 6206/3/6
f 6206/3/6 6204/3/6 6207/3/6
f 6208/3/6 6209/3/6 6210/3/6
f 6210/3/6 6209/3/6 6211/3/6
f 6212/3/6 6213/3/6 6216/3/6
f 6216/3/6 6213/3/6 6217/3/6
f 6217/3/6 6213/3/6 6218/3/6
f 6218/3/6 6213/3/6 6219/3/6
f 6214/2/6 6215/2/6 6220/2/6
f 6220/2/6 6215/2/6 6221/2/6
f 6217/4/6 6218/4/6 6222/4/6
f 6222/4/6 6218/4/6 6223/4/6
f 6224/3/6 6225/3/6 6228/3/6
f 6228/3/6 6225/3/6 6229/3/6
f 6226/4/6 6227/4/6 6231/4/6
f 6231/4/6 6227/4/6 6232/4/6
f 6229/3/6 6230/3/6 6233/3/6
f 6233/3/6 6230/3/6 6234/3/6
f 6235/4/6 6236/4/6 6237/4/6
f 6237/4/6 6236/4/6 6238/4/6
f 6239/4/6 6240/4/6 6241/4/6
f 6241/4/6 6240/4/6 6242/4/6
f 6243/3/6 6244/3/6 6245/3/6
f 6245/3/6 6244/3/6 6246/3/6
f 6247/4/6 6248/4/6 6249/4/6
f 6249/4/6 6248/4/6 6250/4/6
f 6251/4/6 6252/4/6 6256/4/6
f 6252/1/6 6253/1/6 6257/1/6
f 6256/4/6 6252/4/6 6257/4/6
f 6257/1/6 6253/1/6 6258/1/6
f 6254/4/6 6255/4/6 6262/4/6
f 6262/4/6 6255/4/6 6263/4/6
f 6259/4/6 6260/4/6 6264/4/6
f 6260/3/6 6261/3/6 6265/3/6
f 6264/4/6 6260/4/6 6265/4/6
f 6265/3/6 6261/3/6 6266/3/6
f 6267/2/6 6268/2/6 6273/2/6
f 6273/2/6 6268/2/6 6274/2/6
f 6269/4/6 6270/4/6 6275/4/6
f 6273/4/6 6274/4/6 6276/4/6
f 6276/4/6 6274/4/6 6277/4/6
f 6275/4/6 6270/4/6 6278/4/6
f 6278/4/6 6270/4/6 6279/4/6
f 6279/4/6 6270/4/6 6280/4/6
f 6271/3/6 6272/3/6 6281/3/6
f 6281/3/6 6272/3/6 6282/3/6
f 6283/4/6 6284/4/6 6285/4/6
f 6285/4/6 6284/4/6 6286/4/6
f 6287/3/6 6288/3/6 6289/3/6
f 6289/3/6 6288/3/6 6290/3/6
f 6291/2/6 6292/2/6 6293/2/6
f 6293/2/6 6292/2/6 6294/2/6
f 6295/3/6 6296/3/6 6297/3/6
f 6295/3/6 6297/3/6 6300/3/6
f 6298/2/6 6299/2/6 6301/2/6
f 6301/2/6 6299/2/6 6302/2/6
f 6295/3/6 6300/3/6 6303/3/6
f 6303/3/6 6300/3/6 6304/3/6
f 6305/3/6 6306/3/6 6309/3/6
f 6309/3/6 6306/3/6 6310/3/6
f 6307/3/6 6308/3/6 6311/3/6
f 6311/3/6 6308/3/6 6312/3/6
f 6315/4/6 6316/4/6 6317/4/6
f 6313/4/6 6314/4/6 6322/4/6
f 6315/4/6 6317/4/6 6323/4/6
f 6318/4/6 6319/4/6 6324/4/6
f 6319/2/6 6320/2/6 6325/2/6
f 6324/4/6 6319/4/6 6325/4/6
f 6325/2/6 6320/2/6 6326/2/6
f 6321/4/6 6322/4/6 6327/4/6
f 6322/4/6 6314/4/6 6328/4/6
f 6327/4/6 6322/4/6 6328/4/6
f 6315/4/6 6323/4/6 6329/4/6
f 6328/4/6 6314/4/6 6331/4/6
f 6331/4/6 6314/4/6 6332/4/6
f 6315/4/6 6329/4/6 6335/4/6
f 6329/3/6 6330/3/6 6336/3/6
f 6335/4/6 6329/4/6 6336/4/6
f 6336/3/6 6330/3/6 6337/3/6
f 6333/4/6 6334/4/6 6338/4/6
f 6334/3/6 6335/3/6 6339/3/6
f 6338/4/6 6334/4/6 6339/4/6
f 6335/3/6 6336/3/6 6339/3/6
f 6339/3/6 6336/3/6 6340/3/6
f 6341/1/6 6342/1/6 6343/1/6
f 6343/1/6 6342/1/6 6344/1/6
f 6345/4/6 6346/4/6 6347/4/6
f 6347/4/6 6346/4/6 6348/4/6
f 6349/1/6 6350/1/6 6351/1/6
f 6351/1/6 6350/1/6 6352/1/6
f 6353/4/6 6354/4/6 6356/4/6
f 6354/1/6 6355/1/6 6357/1/6
f 6356/4/6 6354/4/6 6357/4/6
f 6357/1/6 6355/1/6 6358/1/6
f 6359/4/6 6360/4/6 6361/4/6
f 6361/4/6 6360/4/6 6362/4/6
f 6363/4/6 6364/4/6 6367/4/6
f 6365/4/6 6366/4/6 6370/4/6
f 6367/4/6 6368/4/6 6371/4/6
f 6363/4/6 6367/4/6 6371/4/6
f 6371/4/6 6368/4/6 6372/4/6
f 6369/4/6 6370/4/6 6373/4/6
f 6370/4/6 6366/4/6 6374/4/6
f 6373/4/6 6370/4/6 6374/4/6
f 6375/1/6 6376/1/6 6377/1/6
f 6377/1/6 6376/1/6 6378/1/6
f 6377/4/6 6378/4/6 6380/4/6
f 6378/4/6 6379/4/6 6380/4/6
f 6380/4/6 6379/4/6 6381/4/6
f 6381/4/6 6379/4/6 6382/4/6
f 6383/1/6 6384/1/6 6385/1/6
f 6385/1/6 6384/1/6 6386/1/6
f 6387/1/6 6388/1/6 6389/1/6
f 6389/1/6 6388/1/6 6390/1/6
f 6391/4/6 6392/4/6 6395/4/6
f 6395/4/6 6392/4/6 6396/4/6
f 6393/4/6 6394/4/6 6397/4/6
f 6397/4/6 6394/4/6 6398/4/6
f 6399/1/6 6400/1/6 6402/1/6
f 6400/4/6 6401/4/6 6403/4/6
f 6402/1/6 6400/1/6 6403/1/6
f 6403/4/6 6401/4/6 6404/4/6
f 6405/4/6 6406/4/6 6411/4/6
f 6406/1/6 6407/1/6 6412/1/6
f 6411/4/6 6406/4/6 6412/4/6
f 6412/1/6 6407/1/6 6413/1/6
f 6408/4/6 6409/4/6 6414/4/6
f 6414/4/6 6409/4/6 6415/4/6
f 6410/4/6 6411/4/6 6416/4/6
f 6416/4/6 6411/4/6 6417/4/6
f 6418/4/6 6419/4/6 6422/4/6
f 6422/4/6 6419/4/6 6423/4/6
f 6420/4/6 6421/4/6 6424/4/6
f 6424/4/6 6421/4/6 6425/4/6
f 6426/5/6 6427/5/6 6430/5/6
f 6430/5/6 6427/5/6 6431/5/6
f 6427/4/6 6428/4/6 6432/4/6
f 6431/5/6 6427/5/6 6432/5/6
f 6428/5/6 6429/5/6 6433/5/6
f 6432/4/6 6428/4/6 6433/4/6
f 6433/5/6 6429/5/6 6434/5/6
f 6434/5/6 6429/5/6 6435/5/6
f 6430/4/6 6431/4/6 6437/4/6
f 6437/4/6 6431/4/6 6438/4/6
f 6434/4/6 6435/4/6 6439/4/6
f 6439/4/6 6435/4/6 6440/4/6
f 6436/4/6 6437/4/6 6442/4/6
f 6442/4/6 6437/4/6 6443/4/6
f 6440/4/6 6441/4/6 6444/4/6
f 6444/4/6 6441/4/6 6445/4/6
f 6446/4/6 6447/4/6 6450/4/6
f 6450/4/6 6447/4/6 6451/4/6
f 6448/4/6 6449/4/6 6452/4/6
f 6452/4/6 6449/4/6 6453/4/6
f 6454/4/6 6455/4/6 6459/4/6
f 6459/4/6 6455/4/6 6460/4/6
f 6457/4/6 6458/4/6 6463/4/6
f 6456/4/6 6457/4/6 6463/4/6
f 6463/4/6 6458/4/6 6464/4/6
f 6460/4/6 6461/4/6 6465/4/6
f 6465/4/6 6461/4/6 6466/4/6
f 6462/4/6 6463/4/6 6469/4/6
f 6469/4/6 6463/4/6 6470/4/6
f 6467/4/6 6468/4/6 6471/4/6
f 6471/4/6 6468/4/6 6472/4/6
f 6473/4/6 6474/4/6 6476/4/6
f 6476/4/6 6474/4/6 6477/4/6
f 6475/4/6 6476/4/6 6480/4/6
f 6480/4/6 6476/4/6 6481/4/6
f 6477/4/6 6478/4/6 6482/4/6
f 6482/4/6 6478/4/6 6483/4/6
f 6479/4/6 6480/4/6 6485/4/6
f 6485/4/6 6480/4/6 6486/4/6
f 6483/4/6 6484/4/6 6489/4/6
f 6489/4/6 6484/4/6 6490/4/6
f 6486/4/6 6487/4/6 6493/4/6
f 6493/4/6 6487/4/6 6494/4/6
f 6488/4/6 6489/4/6 6495/4/6
f 6495/4/6 6489/4/6 6496/4/6
f 6491/4/6 6492/4/6 6497/4/6
f 6497/4/6 6492/4/6 6498/4/6
f 6494/4/6 6495/4/6 6499/4/6
f 6499/4/6 6495/4/6 6500/4/6
f 6501/4/6 6502/4/6 6504/4/6
f 6504/4/6 6502/4/6 6505/4/6
f 6505/4/6 6502/4/6 6506/4/6
f 6506/4/6 6502/4/6 6507/4/6
f 6503/4/6 6504/4/6 6509/4/6
f 6504/4/6 6505/4/6 6509/4/6
f 6509/4/6 6505/4/6 6510/4/6
f 6507/4/6 6508/4/6 6511/4/6
f 6506/4/6 6507/4/6 6511/4/6
f 6511/4/6 6508/4/6 6512/4/6
f 6503/4/6 6509/4/6 6513/4/6
f 6513/4/6 6509/4/6 6514/4/6
f 6512/4/6 6508/4/6 6517/4/6
f 6514/4/6 6515/4/6 6518/4/6
f 6518/4/6 6515/4/6 6519/4/6
f 6516/4/6 6517/4/6 6520/4/6
f 6517/4/6 6508/4/6 6521/4/6
f 6520/4/6 6517/4/6 6521/4/6
f 6521/4/6 6508/4/6 6522/4/6
f 6518/4/6 6519/4/6 6523/4/6
f 6519/4/6 6520/4/6 6523/4/6
f 6520/4/6 6521/4/6 6523/4/6
f 6523/4/6 6521/4/6 6524/4/6
f 6525/4/6 6526/4/6 6527/4/6
f 6527/4/6 6526/4/6 6528/4/6
f 6529/4/6 6530/4/6 6532/4/6
f 6532/4/6 6530/4/6 6533/4/6
f 6531/4/6 6532/4/6 6535/4/6
f 6533/4/6 6534/4/6 6535/4/6
f 6532/4/6 6533/4/6 6535/4/6
f 6535/4/6 6534/4/6 6536/4/6
f 6531/4/6 6535/4/6 6537/4/6
f 6537/4/6 6535/4/6 6538/4/6
f 6538/4/6 6535/4/6 6539/4/6
f 6538/4/6 6539/4/6 6540/4/6
f 6540/4/6 6539/4/6 6541/4/6
f 6542/1/6 6543/1/6 6544/1/6
f 6544/1/6 6543/1/6 6545/1/6
f 6546/4/6 6547/4/6 6550/4/6
f 6550/4/6 6547/4/6 6551/4/6
f 6548/4/6 6549/4/6 6552/4/6
f 6552/4/6 6549/4/6 6553/4/6
f 6554/4/6 6555/4/6 6556/4/6
f 6556/4/6 6555/4/6 6557/4/6
f 6558/4/6 6559/4/6 6560/4/6
f 6560/4/6 6559/4/6 6561/4/6
f 6562/4/6 6563/4/6 6564/4/6
f 6564/4/6 6563/4/6 6565/4/6
f 6566/1/6 6567/1/6 6568/1/6
f 6568/1/6 6567/1/6 6569/1/6
f 6570/1/6 6571/1/6 6572/1/6
f 6572/1/6 6571/1/6 6573/1/6
