# MagicaVoxel @ Ephtracy

# group
o 

# material
mtllib Grasa_saturada.mtl
usemtl palette

# normals
vn -1 0 0
vn 1 0 0
vn 0 0 1
vn 0 0 -1
vn 0 -1 0
vn 0 1 0

# texcoords
vt 0.00585938 0.5
vt 0.0253906 0.5
vt 0.0292969 0.5
vt 0.0449219 0.5
vt 0.0527344 0.5
vt 0.0605469 0.5
vt 0.0917969 0.5

# verts
v -2.2 1.2 0.4
v -2.2 1.2 0.2
v -2.2 1.3 0.5
v -2.2 1.3 0.4
v -2.2 1.3 0.2
v -2.2 1.3 0.1
v -2.2 1.4 0.5
v -2.2 1.4 0.4
v -2.2 1.4 0.2
v -2.2 1.4 0.1
v -2.2 1.5 0.4
v -2.2 1.5 0.2
v -2.1 1.1 0.4
v -2.1 1.1 0.2
v -2.1 1.2 0.5
v -2.1 1.2 0.4
v -2.1 1.2 0.2
v -2.1 1.2 0.1
v -2.1 1.3 0.5
v -2.1 1.3 0.4
v -2.1 1.3 0.2
v -2.1 1.3 0.1
v -2.1 1.4 0.5
v -2.1 1.4 0.4
v -2.1 1.4 0.2
v -2.1 1.4 0.1
v -2.1 1.5 0.5
v -2.1 1.5 0.4
v -2.1 1.5 0.2
v -2.1 1.5 0.1
v -2.1 1.6 0.4
v -2.1 1.6 0.2
v -2 1 0.4
v -2 1 0.2
v -2 1.1 0.5
v -2 1.1 0.4
v -2 1.1 0.2
v -2 1.1 0.1
v -2 1.2 0.6
v -2 1.2 0.5
v -2 1.2 0.4
v -2 1.2 0.2
v -2 1.2 0.1
v -2 1.2 0
v -2 1.5 0.6
v -2 1.5 0.5
v -2 1.5 0.4
v -2 1.5 0.2
v -2 1.5 0.1
v -2 1.5 0
v -2 1.6 0.5
v -2 1.6 0.4
v -2 1.6 0.2
v -2 1.6 0.1
v -1.9 0 -0.2
v -1.9 0 -0.4
v -1.9 0.1 -0.2
v -1.9 0.1 -0.4
v -1.8 0 -0.1
v -1.8 0 -0.2
v -1.8 0 -0.4
v -1.8 0 -0.6
v -1.8 0.1 -0.1
v -1.8 0.1 -0.2
v -1.8 0.1 -0.4
v -1.8 0.1 -0.6
v -1.8 0.2 -0.2
v -1.8 0.2 -0.4
v -1.7 0 1.1
v -1.7 0 0.7
v -1.7 0 0
v -1.7 0 -0.1
v -1.7 0 -0.6
v -1.7 0 -0.7
v -1.7 0.1 1.1
v -1.7 0.1 0.7
v -1.7 0.1 0
v -1.7 0.1 -0.1
v -1.7 0.1 -0.2
v -1.7 0.1 -0.4
v -1.7 0.1 -0.6
v -1.7 0.1 -0.7
v -1.7 0.2 -0.1
v -1.7 0.2 -0.2
v -1.7 0.2 -0.4
v -1.7 0.2 -0.6
v -1.6 0 1.3
v -1.6 0 1.1
v -1.6 0 0.7
v -1.6 0 0
v -1.6 0 -0.7
v -1.6 0 -0.8
v -1.6 0.1 1.3
v -1.6 0.1 1.1
v -1.6 0.1 0.7
v -1.6 0.1 0
v -1.6 0.1 -0.1
v -1.6 0.1 -0.6
v -1.6 0.1 -0.7
v -1.6 0.1 -0.8
v -1.6 0.2 1.1
v -1.6 0.2 0.7
v -1.6 0.2 0
v -1.6 0.2 -0.1
v -1.6 0.2 -0.6
v -1.6 0.2 -0.7
v -1.5 0 1.5
v -1.5 0 1.3
v -1.5 0.1 1.5
v -1.5 0.1 1.3
v -1.5 0.1 1.1
v -1.5 0.1 0.7
v -1.5 0.1 0
v -1.5 0.2 1.3
v -1.5 0.2 1.1
v -1.5 0.2 0.7
v -1.5 0.2 0
v -1.4 0 1.6
v -1.4 0 1.5
v -1.4 0.1 1.6
v -1.4 0.1 1.5
v -1.4 0.1 1.3
v -1.4 0.2 1.5
v -1.4 0.2 1.3
v -1.4 0.2 0.7
v -1.4 0.2 -0.3
v -1.4 0.3 0.7
v -1.4 0.3 -0.3
v -1.4 0.8 0.5
v -1.4 0.8 0.4
v -1.4 0.9 0.6
v -1.4 0.9 0.5
v -1.4 0.9 0.1
v -1.4 0.9 -0.1
v -1.4 1 0.4
v -1.4 1 0.2
v -1.4 1 0.1
v -1.4 1 -0.1
v -1.4 1 -0.2
v -1.4 1.1 0.7
v -1.4 1.1 0.6
v -1.4 1.1 0.5
v -1.4 1.1 0.4
v -1.4 1.1 0.2
v -1.4 1.1 0.1
v -1.4 1.1 -0.2
v -1.4 1.1 -0.3
v -1.4 1.2 0.6
v -1.4 1.2 0.5
v -1.4 1.2 0.1
v -1.4 1.2 0
v -1.4 1.2 -0.3
v -1.4 1.2 -0.4
v -1.4 1.3 0.7
v -1.4 1.3 0.6
v -1.4 1.3 0
v -1.4 1.3 -0.4
v -1.3 0 1.7
v -1.3 0 1.6
v -1.3 0 -0.8
v -1.3 0 -1.3
v -1.3 0.1 1.7
v -1.3 0.1 1.6
v -1.3 0.1 1.5
v -1.3 0.1 -0.7
v -1.3 0.1 -0.8
v -1.3 0.1 -1.3
v -1.3 0.2 1.6
v -1.3 0.2 1.5
v -1.3 0.2 0.9
v -1.3 0.2 0.7
v -1.3 0.2 -0.3
v -1.3 0.2 -0.4
v -1.3 0.2 -0.7
v -1.3 0.2 -0.8
v -1.3 0.3 0.9
v -1.3 0.3 0.7
v -1.3 0.3 -0.3
v -1.3 0.3 -0.4
v -1.3 0.4 0.7
v -1.3 0.4 -0.3
v -1.2 0 -1.3
v -1.2 0 -1.4
v -1.2 0.1 -0.8
v -1.2 0.1 -1.3
v -1.2 0.1 -1.4
v -1.2 0.2 1
v -1.2 0.2 0.9
v -1.2 0.2 -0.4
v -1.2 0.2 -0.6
v -1.2 0.2 -0.8
v -1.2 0.2 -1.3
v -1.2 0.3 1
v -1.2 0.3 0.9
v -1.2 0.3 0.7
v -1.2 0.3 -0.3
v -1.2 0.3 -0.4
v -1.2 0.3 -0.6
v -1.2 0.4 0.9
v -1.2 0.4 0.7
v -1.2 0.4 -0.3
v -1.2 0.4 -0.4
v -1.2 0.8 0.5
v -1.2 0.8 0.4
v -1.2 0.9 0.9
v -1.2 0.9 0.8
v -1.2 0.9 0.6
v -1.2 0.9 0.5
v -1.2 0.9 0.1
v -1.2 0.9 0
v -1.2 1 0.8
v -1.2 1 0.7
v -1.2 1 0.2
v -1.2 1 0.1
v -1.2 1 0
v -1.2 1 -0.1
v -1.2 1.1 0.7
v -1.2 1.1 0.6
v -1.2 1.1 0.4
v -1.2 1.1 0.2
v -1.2 1.1 -0.1
v -1.2 1.1 -0.2
v -1.2 1.1 -0.3
v -1.2 1.1 -0.4
v -1.2 1.2 -0.2
v -1.2 1.2 -0.3
v -1.2 1.3 0.9
v -1.2 1.3 0.8
v -1.2 1.3 0.7
v -1.2 1.3 0.5
v -1.2 1.3 0.1
v -1.2 1.3 -0.3
v -1.2 1.3 -0.4
v -1.2 1.4 0.8
v -1.2 1.4 0.6
v -1.2 1.4 0.5
v -1.2 1.4 0.1
v -1.2 1.4 0
v -1.2 1.4 -0.3
v -1.2 1.5 0.6
v -1.2 1.5 0.5
v -1.2 1.5 0.1
v -1.2 1.5 0
v -1.2 1.6 0.6
v -1.2 1.6 0.5
v -1.2 1.6 0.1
v -1.2 1.6 0
v -1.2 1.7 0.5
v -1.2 1.7 0.1
v -1.1 0.2 1.1
v -1.1 0.2 1
v -1.1 0.2 -0.6
v -1.1 0.2 -0.7
v -1.1 0.3 1.1
v -1.1 0.3 1
v -1.1 0.3 0.9
v -1.1 0.3 -0.4
v -1.1 0.3 -0.6
v -1.1 0.3 -0.7
v -1.1 0.4 1
v -1.1 0.4 0.9
v -1.1 0.4 0.7
v -1.1 0.4 -0.3
v -1.1 0.4 -0.4
v -1.1 0.4 -0.6
v -1.1 0.9 0.9
v -1.1 0.9 0.8
v -1.1 1 0.8
v -1.1 1 0.7
v -1.1 1 -0.4
v -1.1 1 -0.5
v -1.1 1.1 1
v -1.1 1.1 0.9
v -1.1 1.1 -0.3
v -1.1 1.1 -0.4
v -1.1 1.1 -0.5
v -1.1 1.1 -0.6
v -1.1 1.3 1
v -1.1 1.3 0.9
v -1.1 1.3 0.8
v -1.1 1.3 -0.3
v -1.1 1.3 -0.4
v -1.1 1.3 -0.6
v -1.1 1.4 0.9
v -1.1 1.4 0.8
v -1.1 1.4 0
v -1.1 1.4 -0.1
v -1.1 1.4 -0.3
v -1.1 1.4 -0.4
v -1.1 1.5 0
v -1.1 1.5 -0.1
v -1.1 1.6 0.1
v -1.1 1.6 0
v -1.1 1.6 -0.1
v -1.1 1.7 0.1
v -1.1 1.7 0
v -1 0 -1.4
v -1 0 -1.5
v -1 0.1 -1.3
v -1 0.1 -1.4
v -1 0.1 -1.5
v -1 0.2 1.2
v -1 0.2 1.1
v -1 0.2 -0.7
v -1 0.2 -0.8
v -1 0.2 -1.3
v -1 0.2 -1.4
v -1 0.3 1.2
v -1 0.3 1.1
v -1 0.3 1
v -1 0.3 -0.6
v -1 0.3 -0.7
v -1 0.3 -0.8
v -1 0.4 1.1
v -1 0.4 1
v -1 0.4 0.9
v -1 0.4 -0.4
v -1 0.4 -0.6
v -1 0.4 -0.7
v -1 1 -0.4
v -1 1 -0.5
v -1 1 -0.6
v -1 1 -0.7
v -1 1.1 1
v -1 1.1 0.9
v -1 1.1 -0.5
v -1 1.1 -0.6
v -1 1.2 1.1
v -1 1.2 1
v -1 1.3 1.1
v -1 1.3 1
v -1 1.3 0.9
v -1 1.3 -0.4
v -1 1.3 -0.6
v -1 1.3 -0.7
v -1 1.4 1
v -1 1.4 0.9
v -1 1.4 -0.4
v -1 1.4 -0.6
v -0.9 0 1.7
v -0.9 0 1.6
v -0.9 0.1 1.7
v -0.9 0.1 1.6
v -0.9 0.1 1.5
v -0.9 0.2 1.6
v -0.9 0.2 1.5
v -0.9 0.2 1.3
v -0.9 0.2 1.2
v -0.9 0.2 -0.8
v -0.9 0.2 -0.9
v -0.9 0.3 1.3
v -0.9 0.3 1.2
v -0.9 0.3 1.1
v -0.9 0.3 -0.7
v -0.9 0.3 -0.8
v -0.9 0.3 -0.9
v -0.9 0.4 1.2
v -0.9 0.4 1.1
v -0.9 0.4 1
v -0.9 0.4 -0.6
v -0.9 0.4 -0.7
v -0.9 0.4 -0.8
v -0.9 0.9 -0.7
v -0.9 0.9 -0.8
v -0.9 1 -0.6
v -0.9 1 -0.7
v -0.9 1.2 1.2
v -0.9 1.2 1.1
v -0.9 1.2 1
v -0.9 1.3 1.2
v -0.9 1.3 1.1
v -0.9 1.3 1
v -0.9 1.3 -0.6
v -0.9 1.3 -0.7
v -0.9 1.3 -0.8
v -0.9 1.4 1.1
v -0.9 1.4 1
v -0.9 1.4 0.7
v -0.9 1.4 0.6
v -0.9 1.4 -0.6
v -0.9 1.4 -0.7
v -0.9 1.5 0.7
v -0.9 1.5 0.6
v -0.9 1.6 0.7
v -0.9 1.6 0.6
v -0.9 1.6 0.5
v -0.9 1.7 0.6
v -0.9 1.7 0.5
v -0.8 0.2 1.4
v -0.8 0.2 1.3
v -0.8 0.3 1.4
v -0.8 0.3 1.3
v -0.8 0.3 1.2
v -0.8 0.4 1.3
v -0.8 0.4 1.2
v -0.8 0.4 1.1
v -0.8 0.8 -0.7
v -0.8 0.8 -0.8
v -0.8 0.9 -0.7
v -0.8 0.9 -0.8
v -0.8 1.2 1.3
v -0.8 1.2 1.2
v -0.8 1.2 1.1
v -0.8 1.3 1.3
v -0.8 1.3 1.2
v -0.8 1.3 1.1
v -0.8 1.4 1.2
v -0.8 1.4 1.1
v -0.8 1.4 0.8
v -0.8 1.4 0.7
v -0.8 1.4 -0.1
v -0.8 1.4 -0.5
v -0.8 1.5 0.8
v -0.8 1.5 0.7
v -0.8 1.5 -0.1
v -0.8 1.5 -0.5
v -0.8 1.6 0.8
v -0.8 1.6 0.7
v -0.8 1.6 0.6
v -0.8 1.6 0
v -0.8 1.6 -0.1
v -0.8 1.6 -0.5
v -0.8 1.7 0.7
v -0.8 1.7 0.6
v -0.8 1.7 0.5
v -0.8 1.7 0
v -0.8 1.7 -0.1
v -0.8 2.5 0.5
v -0.8 2.5 0
v -0.7 0 1.8
v -0.7 0 1.7
v -0.7 0.1 1.8
v -0.7 0.1 1.7
v -0.7 0.1 1.6
v -0.7 0.2 1.7
v -0.7 0.2 1.6
v -0.7 0.2 -0.9
v -0.7 0.2 -1
v -0.7 0.3 -0.8
v -0.7 0.3 -0.9
v -0.7 0.3 -1
v -0.7 0.4 -0.7
v -0.7 0.4 -0.8
v -0.7 0.4 -0.9
v -0.7 0.8 -0.7
v -0.7 0.8 -0.8
v -0.7 0.9 -0.8
v -0.7 0.9 -0.9
v -0.7 1.1 1.3
v -0.7 1.1 1.2
v -0.7 1.2 1.3
v -0.7 1.2 1.2
v -0.7 1.3 -0.7
v -0.7 1.3 -0.8
v -0.7 1.3 -0.9
v -0.7 1.4 0.9
v -0.7 1.4 0.8
v -0.7 1.4 -0.5
v -0.7 1.4 -0.6
v -0.7 1.4 -0.7
v -0.7 1.4 -0.8
v -0.7 1.5 0.9
v -0.7 1.5 0.8
v -0.7 1.5 -0.5
v -0.7 1.5 -0.6
v -0.7 1.6 0.9
v -0.7 1.6 0.8
v -0.7 1.6 0.7
v -0.7 1.6 -0.1
v -0.7 1.6 -0.5
v -0.7 1.6 -0.6
v -0.7 1.7 0.8
v -0.7 1.7 0.7
v -0.7 1.7 0.6
v -0.7 1.7 0.5
v -0.7 1.7 0
v -0.7 1.7 -0.1
v -0.7 1.7 -0.5
v -0.7 2.5 0.6
v -0.7 2.5 0.5
v -0.7 2.5 0
v -0.7 2.5 -0.1
v -0.7 2.6 0.5
v -0.7 2.6 0
v -0.6 0.2 1.5
v -0.6 0.2 1.4
v -0.6 0.3 1.5
v -0.6 0.3 1.4
v -0.6 0.3 1.3
v -0.6 0.4 1.4
v -0.6 0.4 1.3
v -0.6 0.4 1.2
v -0.6 1.1 1.4
v -0.6 1.1 1.3
v -0.6 1.1 1.2
v -0.6 1.3 1.4
v -0.6 1.3 1.3
v -0.6 1.3 1.2
v -0.6 1.4 1.3
v -0.6 1.4 1.2
v -0.6 1.4 1
v -0.6 1.4 0.9
v -0.6 1.5 1
v -0.6 1.5 0.9
v -0.6 1.6 1
v -0.6 1.6 0.9
v -0.6 1.6 0.8
v -0.6 1.7 0.9
v -0.6 1.7 0.8
v -0.6 1.7 0.7
v -0.6 1.7 0.6
v -0.6 1.7 -0.1
v -0.6 1.7 -0.2
v -0.6 2.5 0.7
v -0.6 2.5 0.6
v -0.6 2.5 -0.1
v -0.6 2.5 -0.2
v -0.6 2.6 0.5
v -0.6 2.6 0
v -0.6 2.7 0.5
v -0.6 2.7 0
v -0.5 1 1.4
v -0.5 1 1.3
v -0.5 1.1 1.4
v -0.5 1.1 1.3
v -0.5 1.4 1.1
v -0.5 1.4 1
v -0.5 1.5 1.1
v -0.5 1.5 1
v -0.5 1.6 1.1
v -0.5 1.6 1
v -0.5 1.6 0.9
v -0.5 1.7 1
v -0.5 1.7 0.9
v -0.5 1.7 0.8
v -0.5 1.7 0.7
v -0.5 1.7 -0.2
v -0.5 1.7 -0.3
v -0.5 2.5 0.8
v -0.5 2.5 0.7
v -0.5 2.5 0.6
v -0.5 2.5 0.5
v -0.5 2.5 0
v -0.5 2.5 -0.1
v -0.5 2.5 -0.2
v -0.5 2.5 -0.3
v -0.5 2.6 0.6
v -0.5 2.6 0.5
v -0.5 2.6 0
v -0.5 2.6 -0.1
v -0.5 2.7 0.4
v -0.5 2.7 0.1
v -0.5 2.8 0.4
v -0.5 2.8 0.1
v -0.4 0.4 1.4
v -0.4 0.4 1.3
v -0.4 0.6 1.4
v -0.4 0.6 1.3
v -0.4 0.9 1.4
v -0.4 0.9 1.3
v -0.4 1 1.4
v -0.4 1 1.3
v -0.4 1.7 0.9
v -0.4 1.7 0.8
v -0.4 1.7 -0.3
v -0.4 1.7 -0.4
v -0.4 2 0.9
v -0.4 2 0.8
v -0.4 2.1 0.9
v -0.4 2.1 0.8
v -0.4 2.2 0.9
v -0.4 2.2 0.8
v -0.4 2.3 0.9
v -0.4 2.3 0.8
v -0.4 2.5 0.9
v -0.4 2.5 0.8
v -0.4 2.5 0.6
v -0.4 2.5 -0.1
v -0.4 2.5 -0.3
v -0.4 2.5 -0.4
v -0.4 2.6 0.8
v -0.4 2.6 0.6
v -0.4 2.6 -0.1
v -0.4 2.6 -0.3
v -0.4 2.8 0.4
v -0.4 2.8 0.1
v -0.4 2.9 0.4
v -0.4 2.9 0.1
v -0.3 0.7 -0.8
v -0.3 0.7 -0.9
v -0.3 1.1 -0.8
v -0.3 1.1 -0.9
v -0.3 2.6 0.7
v -0.3 2.6 0.5
v -0.3 2.6 0
v -0.3 2.6 -0.2
v -0.3 2.7 0.7
v -0.3 2.7 0.6
v -0.3 2.7 0.5
v -0.3 2.7 0.4
v -0.3 2.7 0.1
v -0.3 2.7 0
v -0.3 2.7 -0.1
v -0.3 2.7 -0.2
v -0.3 2.8 0.6
v -0.3 2.8 0.4
v -0.3 2.8 0.1
v -0.3 2.8 -0.1
v -0.2 0 1.6
v -0.2 0 1.5
v -0.2 0 -1
v -0.2 0 -1.1
v -0.2 0.1 1.6
v -0.2 0.1 1.5
v -0.2 0.1 1.4
v -0.2 0.1 -0.9
v -0.2 0.1 -1
v -0.2 0.1 -1.1
v -0.2 0.2 1.5
v -0.2 0.2 1.4
v -0.2 0.2 -0.9
v -0.2 0.2 -1
v -0.2 0.4 -0.8
v -0.2 0.4 -0.9
v -0.2 0.7 -0.8
v -0.2 0.7 -0.9
v -0.2 2.8 0.5
v -0.2 2.8 0.4
v -0.2 2.8 0.1
v -0.2 2.8 0
v -0.2 2.9 0.5
v -0.2 2.9 0.4
v -0.2 2.9 0.1
v -0.2 2.9 0
v -0.0999999 0 -1.1
v -0.0999999 0 -1.2
v -0.0999999 0.1 -1
v -0.0999999 0.1 -1.1
v -0.0999999 0.1 -1.2
v -0.0999999 0.2 -0.9
v -0.0999999 0.2 -1
v -0.0999999 0.2 -1.1
v -0.0999999 0.3 -0.9
v -0.0999999 0.3 -1
v 0 0 1.8
v 0 0 1.6
v 0 0 -1.2
v 0 0 -1.3
v 0 0.1 1.8
v 0 0.1 1.6
v 0 0.1 1.5
v 0 0.1 -1.1
v 0 0.1 -1.2
v 0 0.1 -1.3
v 0 0.2 1.6
v 0 0.2 1.5
v 0 0.2 1.4
v 0 0.2 -1.1
v 0 0.2 -1.2
v 0 0.3 1.5
v 0 0.3 1.4
v 0.1 0 1.9
v 0.1 0 1.8
v 0.1 0 -1.3
v 0.1 0 -1.4
v 0.1 0.1 1.9
v 0.1 0.1 1.8
v 0.1 0.1 1.6
v 0.1 0.1 -1.2
v 0.1 0.1 -1.3
v 0.1 0.1 -1.4
v 0.1 0.2 1.8
v 0.1 0.2 1.6
v 0.1 0.2 -1.2
v 0.1 0.2 -1.3
v 0.1 1.4 1.2
v 0.1 1.4 1.1
v 0.1 1.5 1.2
v 0.1 1.5 1.1
v 0.1 1.6 1.2
v 0.1 1.6 1.1
v 0.1 1.6 1
v 0.1 1.7 1.1
v 0.1 1.7 1
v 0.2 1 1.4
v 0.2 1 1.3
v 0.2 1.2 1.4
v 0.2 1.2 1.3
v 0.3 0.9 1.4
v 0.3 0.9 1.3
v 0.3 1 1.4
v 0.3 1 1.3
v 0.3 1.1 -0.8
v 0.3 1.1 -0.9
v 0.3 1.2 -0.8
v 0.3 1.2 -0.9
v 0.4 0 1.9
v 0.4 0 1.8
v 0.4 0.1 1.9
v 0.4 0.1 1.8
v 0.4 0.1 1.7
v 0.4 0.2 1.8
v 0.4 0.2 1.7
v 0.4 0.6 1.4
v 0.4 0.6 1.3
v 0.4 0.8 1.4
v 0.4 0.8 1.3
v 0.4 0.9 1.4
v 0.4 0.9 1.3
v 1.4 1 0.4
v 1.4 1 0.2
v 1.4 1.1 0.5
v 1.4 1.1 0.4
v 1.4 1.1 0.2
v 1.4 1.2 0.5
v 1.4 1.2 0.2
v 1.4 1.3 0.1
v 1.4 1.3 0
v 1.4 1.4 0.6
v 1.4 1.4 0.5
v 1.4 1.4 0.1
v 1.4 1.5 0.6
v 1.4 1.5 0.5
v 1.4 1.5 0.1
v 1.4 1.5 0
v -1.4 1 0.4
v -1.4 1 0.2
v -1.4 1.1 0.4
v -1.4 1.1 0.2
v -1.4 1.3 0.1
v -1.4 1.3 0
v -1.4 1.4 0.6
v -1.4 1.4 0.5
v -1.4 1.4 0.1
v -1.4 1.5 0.6
v -1.4 1.5 0.5
v -1.4 1.5 0.1
v -1.4 1.5 0
v -1.3 0.9 0
v -1.3 0.9 -0.1
v -1.3 1 0
v -1.3 1 -0.1
v -1.3 1 -0.2
v -1.3 1.1 -0.1
v -1.3 1.1 -0.2
v -1.3 1.1 -0.3
v -1.3 1.2 -0.2
v -1.3 1.2 -0.3
v -1.3 1.2 -0.4
v -1.3 1.3 0.6
v -1.3 1.3 0.5
v -1.3 1.3 -0.3
v -1.3 1.3 -0.4
v -1.3 1.4 0.6
v -1.3 1.4 0.5
v -1.1 0 1.7
v -1.1 0 1.6
v -1.1 0.1 1.7
v -1.1 0.1 1.6
v -1.1 0.1 1.5
v -1.1 0.2 1.6
v -1.1 0.2 1.5
v -0.7 0 -1.4
v -0.7 0 -1.5
v -0.7 0.1 -1.1
v -0.7 0.1 -1.4
v -0.7 0.1 -1.5
v -0.7 0.2 -1.1
v -0.7 0.2 -1.4
v -0.6 0 -1.1
v -0.6 0 -1.4
v -0.6 0.1 -1
v -0.6 0.1 -1.1
v -0.6 0.1 -1.4
v -0.6 0.2 -0.9
v -0.6 0.2 -1
v -0.6 0.2 -1.1
v -0.6 0.3 -0.9
v -0.6 0.3 -1
v -0.6 0.9 -0.8
v -0.6 0.9 -0.9
v -0.6 1 -0.8
v -0.6 1 -0.9
v -0.5 0 1.8
v -0.5 0 1.7
v -0.5 0 -1
v -0.5 0 -1.1
v -0.5 0.1 1.8
v -0.5 0.1 1.7
v -0.5 0.1 1.5
v -0.5 0.1 -0.9
v -0.5 0.1 -1
v -0.5 0.1 -1.1
v -0.5 0.2 1.7
v -0.5 0.2 1.5
v -0.5 0.2 1.4
v -0.5 0.2 -0.9
v -0.5 0.2 -1
v -0.5 0.3 1.5
v -0.5 0.3 1.4
v -0.5 1 -0.8
v -0.5 1 -0.9
v -0.5 1.1 -0.8
v -0.5 1.1 -0.9
v -0.4 0 1.7
v -0.4 0 1.5
v -0.4 0.1 1.7
v -0.4 0.1 1.5
v -0.4 0.1 1.4
v -0.4 0.2 1.5
v -0.4 0.2 1.4
v -0.0999999 0.4 -0.8
v -0.0999999 0.4 -0.9
v -0.0999999 0.5 -0.8
v -0.0999999 0.5 -0.9
v 0 0.4 1.4
v 0 0.4 1.3
v 0 0.5 -0.8
v 0 0.5 -0.9
v 0 0.7 -0.8
v 0 0.7 -0.9
v 0 0.8 1.4
v 0 0.8 1.3
v 0 1 1.4
v 0 1 1.3
v 0.1 0.7 -0.8
v 0.1 0.7 -0.9
v 0.1 0.9 -0.8
v 0.1 0.9 -0.9
v 0.1 1 1.4
v 0.1 1 1.3
v 0.1 1.2 1.4
v 0.1 1.2 1.3
v 0.1 2.8 0.5
v 0.1 2.8 0.4
v 0.1 2.8 0.1
v 0.1 2.8 0
v 0.1 2.9 0.5
v 0.1 2.9 0.4
v 0.1 2.9 0.1
v 0.1 2.9 0
v 0.2 0 1.9
v 0.2 0 1.8
v 0.2 0.1 1.9
v 0.2 0.1 1.8
v 0.2 0.1 1.7
v 0.2 0.2 1.8
v 0.2 0.2 1.7
v 0.2 0.9 -0.8
v 0.2 0.9 -0.9
v 0.2 1.2 -0.8
v 0.2 1.2 -0.9
v 0.2 2.6 0.7
v 0.2 2.6 0.5
v 0.2 2.6 0
v 0.2 2.6 -0.2
v 0.2 2.7 0.7
v 0.2 2.7 0.6
v 0.2 2.7 0.5
v 0.2 2.7 0.4
v 0.2 2.7 0.1
v 0.2 2.7 0
v 0.2 2.7 -0.1
v 0.2 2.7 -0.2
v 0.2 2.8 0.6
v 0.2 2.8 0.4
v 0.2 2.8 0.1
v 0.2 2.8 -0.1
v 0.3 1.4 1.2
v 0.3 1.4 1.1
v 0.3 1.4 -0.5
v 0.3 1.4 -0.6
v 0.3 1.5 1.2
v 0.3 1.5 1.1
v 0.3 1.5 -0.5
v 0.3 1.5 -0.6
v 0.3 1.6 1.2
v 0.3 1.6 1.1
v 0.3 1.6 1
v 0.3 1.6 -0.4
v 0.3 1.6 -0.5
v 0.3 1.6 -0.6
v 0.3 1.7 1.1
v 0.3 1.7 1
v 0.3 1.7 0.9
v 0.3 1.7 0.8
v 0.3 1.7 -0.3
v 0.3 1.7 -0.4
v 0.3 1.7 -0.5
v 0.3 2 0.9
v 0.3 2 0.8
v 0.3 2.3 0.9
v 0.3 2.3 0.8
v 0.3 2.5 0.9
v 0.3 2.5 0.8
v 0.3 2.5 0.6
v 0.3 2.5 -0.1
v 0.3 2.5 -0.3
v 0.3 2.5 -0.4
v 0.3 2.6 0.8
v 0.3 2.6 0.6
v 0.3 2.6 -0.1
v 0.3 2.6 -0.3
v 0.3 2.8 0.4
v 0.3 2.8 0.1
v 0.3 2.9 0.4
v 0.3 2.9 0.1
v 0.4 1.4 1.1
v 0.4 1.4 1
v 0.4 1.4 -0.4
v 0.4 1.4 -0.5
v 0.4 1.5 1.1
v 0.4 1.5 1
v 0.4 1.5 -0.4
v 0.4 1.5 -0.5
v 0.4 1.6 1.1
v 0.4 1.6 1
v 0.4 1.6 0.9
v 0.4 1.6 -0.3
v 0.4 1.6 -0.4
v 0.4 1.6 -0.5
v 0.4 1.7 1
v 0.4 1.7 0.9
v 0.4 1.7 0.8
v 0.4 1.7 0.7
v 0.4 1.7 -0.2
v 0.4 1.7 -0.3
v 0.4 1.7 -0.4
v 0.4 2.5 0.8
v 0.4 2.5 0.7
v 0.4 2.5 0.6
v 0.4 2.5 0.5
v 0.4 2.5 0
v 0.4 2.5 -0.1
v 0.4 2.5 -0.2
v 0.4 2.5 -0.3
v 0.4 2.6 0.6
v 0.4 2.6 0.5
v 0.4 2.6 0
v 0.4 2.6 -0.1
v 0.4 2.7 0.4
v 0.4 2.7 0.1
v 0.4 2.8 0.4
v 0.4 2.8 0.1
v 0.5 0.2 1.5
v 0.5 0.2 1.4
v 0.5 0.2 -0.9
v 0.5 0.2 -1
v 0.5 0.3 1.5
v 0.5 0.3 1.4
v 0.5 0.3 1.3
v 0.5 0.3 -0.8
v 0.5 0.3 -0.9
v 0.5 0.3 -1
v 0.5 0.4 1.4
v 0.5 0.4 1.3
v 0.5 0.4 1.2
v 0.5 0.4 -0.7
v 0.5 0.4 -0.8
v 0.5 0.4 -0.9
v 0.5 0.5 1.3
v 0.5 0.5 1.2
v 0.5 0.6 1.4
v 0.5 0.6 1.3
v 0.5 0.8 1.4
v 0.5 0.8 1.3
v 0.5 0.9 1.4
v 0.5 0.9 1.3
v 0.5 1 -0.7
v 0.5 1 -0.8
v 0.5 1.1 -0.8
v 0.5 1.1 -0.9
v 0.5 1.3 1.4
v 0.5 1.3 1.3
v 0.5 1.3 1.2
v 0.5 1.3 -0.7
v 0.5 1.3 -0.8
v 0.5 1.3 -0.9
v 0.5 1.4 1.3
v 0.5 1.4 1.2
v 0.5 1.4 1
v 0.5 1.4 0.9
v 0.5 1.4 -0.3
v 0.5 1.4 -0.4
v 0.5 1.4 -0.7
v 0.5 1.4 -0.8
v 0.5 1.5 1
v 0.5 1.5 0.9
v 0.5 1.5 -0.3
v 0.5 1.5 -0.4
v 0.5 1.6 1
v 0.5 1.6 0.9
v 0.5 1.6 0.8
v 0.5 1.6 -0.2
v 0.5 1.6 -0.3
v 0.5 1.6 -0.4
v 0.5 1.7 0.9
v 0.5 1.7 0.8
v 0.5 1.7 0.7
v 0.5 1.7 0.6
v 0.5 1.7 -0.1
v 0.5 1.7 -0.2
v 0.5 1.7 -0.3
v 0.5 2.5 0.7
v 0.5 2.5 0.6
v 0.5 2.5 -0.1
v 0.5 2.5 -0.2
v 0.5 2.6 0.5
v 0.5 2.6 0
v 0.5 2.7 0.5
v 0.5 2.7 0
v 0.6 0 -1.3
v 0.6 0 -1.4
v 0.6 0.1 -1.2
v 0.6 0.1 -1.3
v 0.6 0.1 -1.4
v 0.6 0.2 -0.8
v 0.6 0.2 -0.9
v 0.6 0.2 -1.2
v 0.6 0.2 -1.3
v 0.6 0.3 -0.7
v 0.6 0.3 -0.8
v 0.6 0.3 -0.9
v 0.6 0.4 -0.6
v 0.6 0.4 -0.7
v 0.6 0.4 -0.8
v 0.6 0.5 1.3
v 0.6 0.5 1.2
v 0.6 0.8 1.3
v 0.6 0.8 1.2
v 0.6 1 -0.7
v 0.6 1 -0.8
v 0.6 1.1 -0.6
v 0.6 1.1 -0.7
v 0.6 1.3 -0.6
v 0.6 1.3 -0.7
v 0.6 1.3 -0.8
v 0.6 1.4 0.9
v 0.6 1.4 0.8
v 0.6 1.4 -0.2
v 0.6 1.4 -0.3
v 0.6 1.4 -0.6
v 0.6 1.4 -0.7
v 0.6 1.5 0.9
v 0.6 1.5 0.8
v 0.6 1.5 -0.2
v 0.6 1.5 -0.3
v 0.6 1.6 0.9
v 0.6 1.6 0.8
v 0.6 1.6 0.7
v 0.6 1.6 -0.1
v 0.6 1.6 -0.2
v 0.6 1.6 -0.3
v 0.6 1.7 0.8
v 0.6 1.7 0.7
v 0.6 1.7 0.6
v 0.6 1.7 0.5
v 0.6 1.7 0
v 0.6 1.7 -0.1
v 0.6 1.7 -0.2
v 0.6 2.5 0.6
v 0.6 2.5 0.5
v 0.6 2.5 0
v 0.6 2.5 -0.1
v 0.6 2.6 0.5
v 0.6 2.6 0
v 0.7 0 -1.2
v 0.7 0 -1.3
v 0.7 0.1 -1.1
v 0.7 0.1 -1.2
v 0.7 0.1 -1.3
v 0.7 0.2 -0.7
v 0.7 0.2 -0.8
v 0.7 0.2 -1.1
v 0.7 0.2 -1.2
v 0.7 0.3 -0.6
v 0.7 0.3 -0.7
v 0.7 0.3 -0.8
v 0.7 0.4 -0.5
v 0.7 0.4 -0.6
v 0.7 0.4 -0.7
v 0.7 0.8 1.3
v 0.7 0.8 1.2
v 0.7 0.9 1.3
v 0.7 0.9 1.2
v 0.7 1 -0.5
v 0.7 1 -0.6
v 0.7 1.1 -0.6
v 0.7 1.1 -0.7
v 0.7 1.3 -0.5
v 0.7 1.3 -0.6
v 0.7 1.3 -0.7
v 0.7 1.4 0.8
v 0.7 1.4 0.7
v 0.7 1.4 -0.1
v 0.7 1.4 -0.2
v 0.7 1.4 -0.5
v 0.7 1.4 -0.6
v 0.7 1.5 0.8
v 0.7 1.5 0.7
v 0.7 1.5 -0.1
v 0.7 1.5 -0.2
v 0.7 1.6 0.8
v 0.7 1.6 0.7
v 0.7 1.6 0.6
v 0.7 1.6 0
v 0.7 1.6 -0.1
v 0.7 1.6 -0.2
v 0.7 1.7 0.7
v 0.7 1.7 0.6
v 0.7 1.7 0.5
v 0.7 1.7 0
v 0.7 1.7 -0.1
v 0.7 2.5 0.5
v 0.7 2.5 0
v 0.8 0.2 1.4
v 0.8 0.2 1.3
v 0.8 0.2 -0.6
v 0.8 0.2 -0.7
v 0.8 0.3 1.4
v 0.8 0.3 1.3
v 0.8 0.3 1.2
v 0.8 0.3 -0.5
v 0.8 0.3 -0.6
v 0.8 0.3 -0.7
v 0.8 0.4 1.3
v 0.8 0.4 1.2
v 0.8 0.4 1.1
v 0.8 0.4 -0.4
v 0.8 0.4 -0.5
v 0.8 0.4 -0.6
v 0.8 0.7 -0.4
v 0.8 0.7 -0.5
v 0.8 0.9 1.3
v 0.8 0.9 1.2
v 0.8 1 -0.5
v 0.8 1 -0.6
v 0.8 1.1 1.2
v 0.8 1.1 1.1
v 0.8 1.2 1.3
v 0.8 1.2 1.2
v 0.8 1.3 1.3
v 0.8 1.3 1.2
v 0.8 1.3 1.1
v 0.8 1.3 -0.4
v 0.8 1.3 -0.5
v 0.8 1.3 -0.6
v 0.8 1.4 1.2
v 0.8 1.4 1.1
v 0.8 1.4 0
v 0.8 1.4 -0.1
v 0.8 1.4 -0.4
v 0.8 1.4 -0.5
v 0.8 1.5 0
v 0.8 1.5 -0.1
v 0.8 1.6 0.1
v 0.8 1.6 0
v 0.8 1.6 -0.1
v 0.8 1.7 0.1
v 0.8 1.7 0
v 0.9 0 -1.1
v 0.9 0 -1.2
v 0.9 0.1 -1
v 0.9 0.1 -1.1
v 0.9 0.1 -1.2
v 0.9 0.2 1.3
v 0.9 0.2 1.2
v 0.9 0.2 -1
v 0.9 0.2 -1.1
v 0.9 0.3 1.3
v 0.9 0.3 1.2
v 0.9 0.3 1.1
v 0.9 0.4 1.2
v 0.9 0.4 1.1
v 0.9 0.4 1
v 0.9 0.7 -0.4
v 0.9 0.7 -0.5
v 0.9 0.8 -0.4
v 0.9 0.8 -0.5
v 0.9 0.9 1.1
v 0.9 0.9 1
v 0.9 1.1 1.2
v 0.9 1.1 1.1
v 0.9 1.2 1.2
v 0.9 1.2 1.1
v 0.9 1.3 1.2
v 0.9 1.3 1.1
v 0.9 1.3 1
v 0.9 1.4 1.1
v 0.9 1.4 1
v 1 0 1.9
v 1 0 1.8
v 1 0 -1
v 1 0 -1.1
v 1 0.1 1.9
v 1 0.1 1.8
v 1 0.1 1.7
v 1 0.1 -0.9
v 1 0.1 -1
v 1 0.1 -1.1
v 1 0.2 1.8
v 1 0.2 1.7
v 1 0.2 1.2
v 1 0.2 1.1
v 1 0.2 -0.5
v 1 0.2 -0.6
v 1 0.2 -0.9
v 1 0.2 -1
v 1 0.3 1.2
v 1 0.3 1.1
v 1 0.3 1
v 1 0.3 -0.4
v 1 0.3 -0.5
v 1 0.3 -0.6
v 1 0.4 1.1
v 1 0.4 1
v 1 0.4 0.7
v 1 0.4 -0.3
v 1 0.4 -0.4
v 1 0.4 -0.5
v 1 0.8 -0.4
v 1 0.8 -0.5
v 1 0.9 1.1
v 1 0.9 1
v 1 1 1
v 1 1 0.9
v 1 1.1 0.9
v 1 1.1 0.8
v 1 1.1 -0.3
v 1 1.1 -0.4
v 1 1.1 -0.5
v 1 1.2 1.1
v 1 1.2 1
v 1 1.2 0.8
v 1 1.2 0.7
v 1 1.3 1.1
v 1 1.3 1
v 1 1.3 0.7
v 1 1.4 1
v 1 1.4 0.7
v 1 1.4 0.6
v 1 1.4 0.1
v 1 1.4 0
v 1 1.5 0.7
v 1 1.5 0.6
v 1 1.5 0.1
v 1 1.5 0
v 1 1.6 0.7
v 1 1.6 0.6
v 1 1.6 0.5
v 1 1.6 0.1
v 1 1.6 0
v 1 1.7 0.6
v 1 1.7 0.5
v 1.1 0 1.8
v 1.1 0 1.7
v 1.1 0.1 1.8
v 1.1 0.1 1.7
v 1.1 0.1 1.6
v 1.1 0.2 1.7
v 1.1 0.2 1.6
v 1.1 0.2 1.1
v 1.1 0.2 1
v 1.1 0.2 -0.4
v 1.1 0.2 -0.5
v 1.1 0.3 1.1
v 1.1 0.3 1
v 1.1 0.3 0.7
v 1.1 0.3 -0.3
v 1.1 0.3 -0.4
v 1.1 0.3 -0.5
v 1.1 0.4 1
v 1.1 0.4 0.7
v 1.1 0.4 -0.3
v 1.1 0.4 -0.4
v 1.1 0.9 0
v 1.1 0.9 -0.1
v 1.1 1 1
v 1.1 1 0.9
v 1.1 1 0.1
v 1.1 1 0
v 1.1 1 -0.1
v 1.1 1 -0.2
v 1.1 1.1 0.9
v 1.1 1.1 0.8
v 1.1 1.1 0.6
v 1.1 1.1 0.5
v 1.1 1.1 0.2
v 1.1 1.1 0.1
v 1.1 1.1 -0.2
v 1.1 1.1 -0.3
v 1.1 1.1 -0.5
v 1.1 1.2 0.8
v 1.1 1.2 0.7
v 1.1 1.2 0.6
v 1.1 1.2 0.5
v 1.1 1.2 0.2
v 1.1 1.2 -0.3
v 1.1 1.2 -0.4
v 1.1 1.3 1
v 1.1 1.3 0.7
v 1.1 1.3 0.6
v 1.1 1.3 0.1
v 1.1 1.3 -0.4
v 1.1 1.3 -0.5
v 1.1 1.4 0.7
v 1.1 1.4 0.6
v 1.1 1.4 0.5
v 1.1 1.4 0.1
v 1.1 1.4 -0.4
v 1.1 1.5 0.6
v 1.1 1.5 0.5
v 1.1 1.6 0.6
v 1.1 1.6 0.5
v 1.1 1.6 0.1
v 1.1 1.7 0.5
v 1.1 1.7 0.1
v 1.2 0 1.7
v 1.2 0 1.6
v 1.2 0.1 1.7
v 1.2 0.1 1.6
v 1.2 0.1 1.5
v 1.2 0.2 1.6
v 1.2 0.2 1.5
v 1.2 0.2 1
v 1.2 0.2 0.7
v 1.2 0.2 -0.3
v 1.2 0.2 -0.4
v 1.2 0.3 1
v 1.2 0.3 0.7
v 1.2 0.3 -0.3
v 1.2 0.3 -0.4
v 1.2 0.4 0.7
v 1.2 0.4 -0.3
v 1.3 0 1.6
v 1.3 0 1.5
v 1.3 0.1 1.6
v 1.3 0.1 1.5
v 1.3 0.1 1.4
v 1.3 0.1 -0.4
v 1.3 0.1 -0.5
v 1.3 0.2 1.5
v 1.3 0.2 1.4
v 1.3 0.2 0.7
v 1.3 0.2 -0.3
v 1.3 0.2 -0.4
v 1.3 0.2 -0.5
v 1.3 0.3 0.7
v 1.3 0.3 -0.3
v 1.4 0 1.5
v 1.4 0 1.4
v 1.4 0 -0.4
v 1.4 0 -0.5
v 1.4 0 -0.9
v 1.4 0 -1
v 1.4 0.1 1.5
v 1.4 0.1 1.4
v 1.4 0.1 1.1
v 1.4 0.1 0.8
v 1.4 0.1 0.1
v 1.4 0.1 -0.2
v 1.4 0.1 -0.4
v 1.4 0.1 -0.5
v 1.4 0.1 -0.6
v 1.4 0.1 -0.7
v 1.4 0.1 -0.9
v 1.4 0.1 -1
v 1.4 0.2 1.4
v 1.4 0.2 1.1
v 1.4 0.2 0.8
v 1.4 0.2 0.1
v 1.4 0.2 -0.2
v 1.4 0.2 -0.4
v 1.4 0.2 -0.5
v 1.4 0.2 -0.6
v 1.4 0.2 -0.7
v 1.4 0.2 -0.9
v 1.4 0.9 0
v 1.4 0.9 -0.1
v 1.4 1 0.1
v 1.4 1 0
v 1.4 1 -0.1
v 1.4 1 -0.2
v 1.4 1.1 0.6
v 1.4 1.1 0.5
v 1.4 1.1 0.1
v 1.4 1.1 -0.2
v 1.4 1.1 -0.3
v 1.4 1.2 0.7
v 1.4 1.2 0.6
v 1.4 1.2 0.5
v 1.4 1.2 0.1
v 1.4 1.2 0
v 1.4 1.2 -0.3
v 1.4 1.2 -0.4
v 1.4 1.3 0.7
v 1.4 1.3 0.6
v 1.4 1.3 0
v 1.4 1.3 -0.4
v 1.5 0 1.4
v 1.5 0 1.1
v 1.5 0 0.8
v 1.5 0 0.1
v 1.5 0 -0.2
v 1.5 0 -0.4
v 1.5 0 -0.5
v 1.5 0 -0.6
v 1.5 0 -0.7
v 1.5 0 -0.9
v 1.5 0.1 1.4
v 1.5 0.1 1.1
v 1.5 0.1 1
v 1.5 0.1 0.9
v 1.5 0.1 0.8
v 1.5 0.1 0.1
v 1.5 0.1 -0.2
v 1.5 0.1 -0.4
v 1.5 0.1 -0.5
v 1.5 0.1 -0.6
v 1.5 0.1 -0.7
v 1.5 0.1 -0.9
v 1.5 0.2 1.1
v 1.5 0.2 1
v 1.5 0.2 0.9
v 1.5 0.2 0.8
v 1.5 0.2 0.1
v 1.5 0.2 -0.2
v 1.5 0.2 -0.6
v 1.5 0.2 -0.7
v 1.6 0 1.1
v 1.6 0 1
v 1.6 0 0.9
v 1.6 0 0.8
v 1.6 0 0.1
v 1.6 0 -0.2
v 1.6 0 -0.6
v 1.6 0 -0.7
v 1.6 0.1 1.1
v 1.6 0.1 1
v 1.6 0.1 0.9
v 1.6 0.1 0.8
v 1.6 0.1 0.1
v 1.6 0.1 -0.2
v 1.6 0.1 -0.6
v 1.6 0.1 -0.7
v 1.6 0.2 1
v 1.6 0.2 0.9
v 1.7 0 1
v 1.7 0 0.9
v 1.7 0.1 1
v 1.7 0.1 0.9
v 2 1 0.4
v 2 1 0.2
v 2 1.1 0.5
v 2 1.1 0.4
v 2 1.1 0.2
v 2 1.1 0.1
v 2 1.2 0.6
v 2 1.2 0.5
v 2 1.2 0.4
v 2 1.2 0.2
v 2 1.2 0.1
v 2 1.2 0
v 2 1.5 0.6
v 2 1.5 0.5
v 2 1.5 0.4
v 2 1.5 0.2
v 2 1.5 0.1
v 2 1.5 0
v 2 1.6 0.5
v 2 1.6 0.4
v 2 1.6 0.2
v 2 1.6 0.1
v 2.1 1.1 0.4
v 2.1 1.1 0.2
v 2.1 1.2 0.5
v 2.1 1.2 0.4
v 2.1 1.2 0.2
v 2.1 1.2 0.1
v 2.1 1.3 0.5
v 2.1 1.3 0.4
v 2.1 1.3 0.2
v 2.1 1.3 0.1
v 2.1 1.4 0.5
v 2.1 1.4 0.4
v 2.1 1.4 0.2
v 2.1 1.4 0.1
v 2.1 1.5 0.5
v 2.1 1.5 0.4
v 2.1 1.5 0.2
v 2.1 1.5 0.1
v 2.1 1.6 0.4
v 2.1 1.6 0.2
v 2.2 1.2 0.4
v 2.2 1.2 0.2
v 2.2 1.3 0.5
v 2.2 1.3 0.4
v 2.2 1.3 0.2
v 2.2 1.3 0.1
v 2.2 1.4 0.5
v 2.2 1.4 0.4
v 2.2 1.4 0.2
v 2.2 1.4 0.1
v 2.2 1.5 0.4
v 2.2 1.5 0.2
v 0.1 0 1.9
v 0.1 0.1 1.9
v 0.2 0 1.9
v 0.2 0.1 1.9
v 0.4 0 1.9
v 0.4 0.1 1.9
v 1 0 1.9
v 1 0.1 1.9
v -0.7 0 1.8
v -0.7 0.1 1.8
v -0.5 0 1.8
v -0.5 0.1 1.8
v 0 0 1.8
v 0 0.1 1.8
v 0.1 0 1.8
v 0.1 0.1 1.8
v 0.1 0.2 1.8
v 0.2 0 1.8
v 0.2 0.1 1.8
v 0.2 0.2 1.8
v 0.4 0 1.8
v 0.4 0.1 1.8
v 0.4 0.2 1.8
v 1 0 1.8
v 1 0.1 1.8
v 1 0.2 1.8
v 1.1 0 1.8
v 1.1 0.1 1.8
v -1.3 0 1.7
v -1.3 0.1 1.7
v -1.1 0 1.7
v -1.1 0.1 1.7
v -0.9 0 1.7
v -0.9 0.1 1.7
v -0.7 0 1.7
v -0.7 0.1 1.7
v -0.7 0.2 1.7
v -0.5 0 1.7
v -0.5 0.1 1.7
v -0.5 0.2 1.7
v -0.4 0 1.7
v -0.4 0.1 1.7
v 0.2 0.1 1.7
v 0.2 0.2 1.7
v 0.4 0.1 1.7
v 0.4 0.2 1.7
v 1 0.1 1.7
v 1 0.2 1.7
v 1.1 0 1.7
v 1.1 0.1 1.7
v 1.1 0.2 1.7
v 1.2 0 1.7
v 1.2 0.1 1.7
v -1.4 0 1.6
v -1.4 0.1 1.6
v -1.3 0 1.6
v -1.3 0.1 1.6
v -1.3 0.2 1.6
v -1.1 0 1.6
v -1.1 0.1 1.6
v -1.1 0.2 1.6
v -0.9 0 1.6
v -0.9 0.1 1.6
v -0.9 0.2 1.6
v -0.7 0.1 1.6
v -0.7 0.2 1.6
v -0.2 0 1.6
v -0.2 0.1 1.6
v 0 0 1.6
v 0 0.1 1.6
v 0 0.2 1.6
v 0.1 0.1 1.6
v 0.1 0.2 1.6
v 1.1 0.1 1.6
v 1.1 0.2 1.6
v 1.2 0 1.6
v 1.2 0.1 1.6
v 1.2 0.2 1.6
v 1.3 0 1.6
v 1.3 0.1 1.6
v -1.5 0 1.5
v -1.5 0.1 1.5
v -1.4 0 1.5
v -1.4 0.1 1.5
v -1.4 0.2 1.5
v -1.3 0.1 1.5
v -1.3 0.2 1.5
v -1.1 0.1 1.5
v -1.1 0.2 1.5
v -0.9 0.1 1.5
v -0.9 0.2 1.5
v -0.6 0.2 1.5
v -0.6 0.3 1.5
v -0.5 0.1 1.5
v -0.5 0.2 1.5
v -0.5 0.3 1.5
v -0.4 0 1.5
v -0.4 0.1 1.5
v -0.4 0.2 1.5
v -0.2 0 1.5
v -0.2 0.1 1.5
v -0.2 0.2 1.5
v 0 0.1 1.5
v 0 0.2 1.5
v 0 0.3 1.5
v 0.5 0.2 1.5
v 0.5 0.3 1.5
v 1.2 0.1 1.5
v 1.2 0.2 1.5
v 1.3 0 1.5
v 1.3 0.1 1.5
v 1.3 0.2 1.5
v 1.4 0 1.5
v 1.4 0.1 1.5
v -0.8 0.2 1.4
v -0.8 0.3 1.4
v -0.6 0.2 1.4
v -0.6 0.3 1.4
v -0.6 0.4 1.4
v -0.6 1.1 1.4
v -0.6 1.3 1.4
v -0.5 0.2 1.4
v -0.5 0.3 1.4
v -0.5 1 1.4
v -0.5 1.1 1.4
v -0.4 0.1 1.4
v -0.4 0.2 1.4
v -0.4 0.4 1.4
v -0.4 0.6 1.4
v -0.4 0.9 1.4
v -0.4 1 1.4
v -0.3 0.2 1.4
v -0.3 0.4 1.4
v -0.3 0.5 1.4
v -0.3 0.6 1.4
v -0.3 0.9 1.4
v -0.2 0.1 1.4
v -0.2 0.2 1.4
v -0.2 0.5 1.4
v -0.2 0.8 1.4
v -0.0999999 0.2 1.4
v -0.0999999 0.4 1.4
v -0.0999999 0.8 1.4
v -0.0999999 1 1.4
v 0 0.2 1.4
v 0 0.3 1.4
v 0 0.4 1.4
v 0 0.8 1.4
v 0 1 1.4
v 0 1.2 1.4
v 0.1 1 1.4
v 0.1 1.2 1.4
v 0.1 1.3 1.4
v 0.2 1 1.4
v 0.2 1.2 1.4
v 0.2 1.3 1.4
v 0.3 0.9 1.4
v 0.3 1 1.4
v 0.3 1.2 1.4
v 0.4 0.6 1.4
v 0.4 0.8 1.4
v 0.4 0.9 1.4
v 0.4 1 1.4
v 0.5 0.2 1.4
v 0.5 0.3 1.4
v 0.5 0.4 1.4
v 0.5 0.6 1.4
v 0.5 0.8 1.4
v 0.5 0.9 1.4
v 0.5 1.3 1.4
v 0.8 0.2 1.4
v 0.8 0.3 1.4
v 1.3 0.1 1.4
v 1.3 0.2 1.4
v 1.4 0 1.4
v 1.4 0.1 1.4
v 1.4 0.2 1.4
v 1.5 0 1.4
v 1.5 0.1 1.4
v -1.6 0 1.3
v -1.6 0.1 1.3
v -1.5 0 1.3
v -1.5 0.1 1.3
v -1.5 0.2 1.3
v -1.4 0.1 1.3
v -1.4 0.2 1.3
v -0.9 0.2 1.3
v -0.9 0.3 1.3
v -0.8 0.2 1.3
v -0.8 0.3 1.3
v -0.8 0.4 1.3
v -0.8 1.2 1.3
v -0.8 1.3 1.3
v -0.7 1.1 1.3
v -0.7 1.2 1.3
v -0.6 0.3 1.3
v -0.6 0.4 1.3
v -0.6 1.1 1.3
v -0.6 1.3 1.3
v -0.6 1.4 1.3
v -0.5 1 1.3
v -0.5 1.1 1.3
v -0.4 0.4 1.3
v -0.4 0.6 1.3
v -0.4 0.9 1.3
v -0.4 1 1.3
v 0 0.4 1.3
v 0 0.8 1.3
v 0 1 1.3
v 0.1 1 1.3
v 0.1 1.2 1.3
v 0.1 1.3 1.3
v 0.2 1 1.3
v 0.2 1.2 1.3
v 0.2 1.3 1.3
v 0.3 0.9 1.3
v 0.3 1 1.3
v 0.4 0.6 1.3
v 0.4 0.8 1.3
v 0.4 0.9 1.3
v 0.5 0.3 1.3
v 0.5 0.4 1.3
v 0.5 0.5 1.3
v 0.5 0.6 1.3
v 0.5 0.8 1.3
v 0.5 0.9 1.3
v 0.5 1.3 1.3
v 0.5 1.4 1.3
v 0.6 0.5 1.3
v 0.6 0.8 1.3
v 0.7 0.8 1.3
v 0.7 0.9 1.3
v 0.7 1.2 1.3
v 0.8 0.2 1.3
v 0.8 0.3 1.3
v 0.8 0.4 1.3
v 0.8 0.9 1.3
v 0.8 1.2 1.3
v 0.8 1.3 1.3
v 0.9 0.2 1.3
v 0.9 0.3 1.3
v -1 0.2 1.2
v -1 0.3 1.2
v -0.9 0.2 1.2
v -0.9 0.3 1.2
v -0.9 0.4 1.2
v -0.9 1.2 1.2
v -0.9 1.3 1.2
v -0.8 0.3 1.2
v -0.8 0.4 1.2
v -0.8 1.2 1.2
v -0.8 1.3 1.2
v -0.8 1.4 1.2
v -0.7 1.1 1.2
v -0.7 1.2 1.2
v -0.6 0.4 1.2
v -0.6 1.1 1.2
v -0.6 1.3 1.2
v -0.6 1.4 1.2
v 0.1 1.4 1.2
v 0.1 1.5 1.2
v 0.1 1.6 1.2
v 0.3 1.4 1.2
v 0.3 1.5 1.2
v 0.3 1.6 1.2
v 0.5 0.4 1.2
v 0.5 0.5 1.2
v 0.5 1.3 1.2
v 0.5 1.4 1.2
v 0.6 0.5 1.2
v 0.6 0.8 1.2
v 0.7 0.8 1.2
v 0.7 0.9 1.2
v 0.8 0.3 1.2
v 0.8 0.4 1.2
v 0.8 0.9 1.2
v 0.8 1.1 1.2
v 0.8 1.2 1.2
v 0.8 1.3 1.2
v 0.8 1.4 1.2
v 0.9 0.2 1.2
v 0.9 0.3 1.2
v 0.9 0.4 1.2
v 0.9 1.1 1.2
v 0.9 1.2 1.2
v 0.9 1.3 1.2
v 1 0.2 1.2
v 1 0.3 1.2
v -1.7 0 1.1
v -1.7 0.1 1.1
v -1.6 0 1.1
v -1.6 0.1 1.1
v -1.6 0.2 1.1
v -1.5 0.1 1.1
v -1.5 0.2 1.1
v -1.1 0.2 1.1
v -1.1 0.3 1.1
v -1 0.2 1.1
v -1 0.3 1.1
v -1 0.4 1.1
v -1 1.2 1.1
v -1 1.3 1.1
v -0.9 0.3 1.1
v -0.9 0.4 1.1
v -0.9 1.2 1.1
v -0.9 1.3 1.1
v -0.9 1.4 1.1
v -0.8 0.4 1.1
v -0.8 1.2 1.1
v -0.8 1.3 1.1
v -0.8 1.4 1.1
v -0.5 1.4 1.1
v -0.5 1.5 1.1
v -0.5 1.6 1.1
v 0.1 1.4 1.1
v 0.1 1.5 1.1
v 0.1 1.6 1.1
v 0.1 1.7 1.1
v 0.3 1.4 1.1
v 0.3 1.5 1.1
v 0.3 1.6 1.1
v 0.3 1.7 1.1
v 0.4 1.4 1.1
v 0.4 1.5 1.1
v 0.4 1.6 1.1
v 0.8 0.4 1.1
v 0.8 1.1 1.1
v 0.8 1.3 1.1
v 0.8 1.4 1.1
v 0.9 0.3 1.1
v 0.9 0.4 1.1
v 0.9 0.9 1.1
v 0.9 1.1 1.1
v 0.9 1.2 1.1
v 0.9 1.3 1.1
v 0.9 1.4 1.1
v 1 0.2 1.1
v 1 0.3 1.1
v 1 0.4 1.1
v 1 0.9 1.1
v 1 1.2 1.1
v 1 1.3 1.1
v 1.1 0.2 1.1
v 1.1 0.3 1.1
v 1.4 0.1 1.1
v 1.4 0.2 1.1
v 1.5 0 1.1
v 1.5 0.1 1.1
v 1.5 0.2 1.1
v 1.6 0 1.1
v 1.6 0.1 1.1
v -1.2 0.2 1
v -1.2 0.3 1
v -1.1 0.2 1
v -1.1 0.3 1
v -1.1 0.4 1
v -1.1 1.1 1
v -1.1 1.3 1
v -1 0.3 1
v -1 0.4 1
v -1 1.1 1
v -1 1.2 1
v -1 1.3 1
v -1 1.4 1
v -0.9 0.4 1
v -0.9 1.2 1
v -0.9 1.3 1
v -0.9 1.4 1
v -0.6 1.4 1
v -0.6 1.5 1
v -0.6 1.6 1
v -0.5 1.4 1
v -0.5 1.5 1
v -0.5 1.6 1
v -0.5 1.7 1
v 0.1 1.6 1
v 0.1 1.7 1
v 0.3 1.6 1
v 0.3 1.7 1
v 0.4 1.4 1
v 0.4 1.5 1
v 0.4 1.6 1
v 0.4 1.7 1
v 0.5 1.4 1
v 0.5 1.5 1
v 0.5 1.6 1
v 0.9 0.4 1
v 0.9 0.9 1
v 0.9 1.3 1
v 0.9 1.4 1
v 1 0.3 1
v 1 0.4 1
v 1 0.9 1
v 1 1 1
v 1 1.2 1
v 1 1.3 1
v 1 1.4 1
v 1.1 0.2 1
v 1.1 0.3 1
v 1.1 0.4 1
v 1.1 1 1
v 1.1 1.3 1
v 1.2 0.2 1
v 1.2 0.3 1
v 1.5 0.1 1
v 1.5 0.2 1
v 1.6 0 1
v 1.6 0.1 1
v 1.6 0.2 1
v 1.7 0 1
v 1.7 0.1 1
v -1.3 0.2 0.9
v -1.3 0.3 0.9
v -1.2 0.2 0.9
v -1.2 0.3 0.9
v -1.2 0.4 0.9
v -1.2 0.9 0.9
v -1.2 1.3 0.9
v -1.1 0.3 0.9
v -1.1 0.4 0.9
v -1.1 0.9 0.9
v -1.1 1.1 0.9
v -1.1 1.3 0.9
v -1.1 1.4 0.9
v -1 0.4 0.9
v -1 1.1 0.9
v -1 1.3 0.9
v -1 1.4 0.9
v -0.7 1.4 0.9
v -0.7 1.5 0.9
v -0.7 1.6 0.9
v -0.6 1.4 0.9
v -0.6 1.5 0.9
v -0.6 1.6 0.9
v -0.6 1.7 0.9
v -0.5 1.6 0.9
v -0.5 1.7 0.9
v -0.4 1.7 0.9
v -0.4 2 0.9
v -0.4 2.1 0.9
v -0.4 2.2 0.9
v -0.4 2.3 0.9
v -0.4 2.5 0.9
v -0.3 2.1 0.9
v -0.3 2.2 0.9
v -0.3 2.3 0.9
v -0.2 2.2 0.9
v -0.2 2.3 0.9
v -0.0999999 2 0.9
v -0.0999999 2.3 0.9
v 0 2 0.9
v 0 2.1 0.9
v 0 2.2 0.9
v 0 2.3 0.9
v 0.1 2.1 0.9
v 0.1 2.2 0.9
v 0.1 2.3 0.9
v 0.2 2.2 0.9
v 0.2 2.3 0.9
v 0.3 1.7 0.9
v 0.3 2 0.9
v 0.3 2.3 0.9
v 0.3 2.5 0.9
v 0.4 1.6 0.9
v 0.4 1.7 0.9
v 0.5 1.4 0.9
v 0.5 1.5 0.9
v 0.5 1.6 0.9
v 0.5 1.7 0.9
v 0.6 1.4 0.9
v 0.6 1.5 0.9
v 0.6 1.6 0.9
v -1.2 1.3 0.8
v -1.2 1.4 0.8
v -1.1 1.3 0.8
v -1.1 1.4 0.8
v -0.8 1.4 0.8
v -0.8 1.5 0.8
v -0.8 1.6 0.8
v -0.7 1.4 0.8
v -0.7 1.5 0.8
v -0.7 1.6 0.8
v -0.7 1.7 0.8
v -0.6 1.6 0.8
v -0.6 1.7 0.8
v -0.5 1.7 0.8
v -0.5 2.5 0.8
v -0.4 1.7 0.8
v -0.4 2 0.8
v -0.4 2.1 0.8
v -0.4 2.2 0.8
v -0.4 2.3 0.8
v -0.4 2.5 0.8
v -0.4 2.6 0.8
v 0.3 1.7 0.8
v 0.3 2 0.8
v 0.3 2.3 0.8
v 0.3 2.5 0.8
v 0.3 2.6 0.8
v 0.4 1.7 0.8
v 0.4 2.5 0.8
v 0.5 1.6 0.8
v 0.5 1.7 0.8
v 0.6 1.4 0.8
v 0.6 1.5 0.8
v 0.6 1.6 0.8
v 0.6 1.7 0.8
v 0.7 1.4 0.8
v 0.7 1.5 0.8
v 0.7 1.6 0.8
v -1.4 0.2 0.7
v -1.4 0.3 0.7
v -1.4 1.1 0.7
v -1.4 1.3 0.7
v -1.3 0.2 0.7
v -1.3 0.3 0.7
v -1.3 0.4 0.7
v -1.2 0.3 0.7
v -1.2 0.4 0.7
v -1.2 1 0.7
v -1.2 1.1 0.7
v -1.2 1.3 0.7
v -1.1 0.4 0.7
v -1.1 1 0.7
v -0.9 1.4 0.7
v -0.9 1.5 0.7
v -0.9 1.6 0.7
v -0.8 1.4 0.7
v -0.8 1.5 0.7
v -0.8 1.6 0.7
v -0.8 1.7 0.7
v -0.7 1.6 0.7
v -0.7 1.7 0.7
v -0.6 1.7 0.7
v -0.6 2.5 0.7
v -0.5 1.7 0.7
v -0.5 2.5 0.7
v -0.3 2.6 0.7
v -0.3 2.7 0.7
v 0.2 2.6 0.7
v 0.2 2.7 0.7
v 0.4 1.7 0.7
v 0.4 2.5 0.7
v 0.5 1.7 0.7
v 0.5 2.5 0.7
v 0.6 1.6 0.7
v 0.6 1.7 0.7
v 0.7 1.4 0.7
v 0.7 1.5 0.7
v 0.7 1.6 0.7
v 0.7 1.7 0.7
v 1 0.4 0.7
v 1 1.2 0.7
v 1 1.3 0.7
v 1 1.4 0.7
v 1 1.5 0.7
v 1 1.6 0.7
v 1.1 0.3 0.7
v 1.1 0.4 0.7
v 1.1 1.2 0.7
v 1.1 1.3 0.7
v 1.1 1.4 0.7
v 1.2 0.2 0.7
v 1.2 0.3 0.7
v 1.2 0.4 0.7
v 1.3 0.2 0.7
v 1.3 0.3 0.7
v 1.4 1.2 0.7
v 1.4 1.3 0.7
v -2 1.2 0.6
v -2 1.5 0.6
v -1.4 0.9 0.6
v -1.4 1.1 0.6
v -1.4 1.2 0.6
v -1.4 1.3 0.6
v -1.4 1.4 0.6
v -1.4 1.5 0.6
v -1.3 1.3 0.6
v -1.3 1.4 0.6
v -1.2 0.9 0.6
v -1.2 1.1 0.6
v -1.2 1.4 0.6
v -1.2 1.5 0.6
v -1.2 1.6 0.6
v -0.9 1.4 0.6
v -0.9 1.5 0.6
v -0.9 1.6 0.6
v -0.9 1.7 0.6
v -0.8 1.6 0.6
v -0.8 1.7 0.6
v -0.7 1.7 0.6
v -0.7 2.5 0.6
v -0.6 1.7 0.6
v -0.6 2.5 0.6
v -0.5 2.5 0.6
v -0.5 2.6 0.6
v -0.4 2.5 0.6
v -0.4 2.6 0.6
v -0.3 2.7 0.6
v -0.3 2.8 0.6
v 0.2 2.7 0.6
v 0.2 2.8 0.6
v 0.3 2.5 0.6
v 0.3 2.6 0.6
v 0.4 2.5 0.6
v 0.4 2.6 0.6
v 0.5 1.7 0.6
v 0.5 2.5 0.6
v 0.6 1.7 0.6
v 0.6 2.5 0.6
v 0.7 1.6 0.6
v 0.7 1.7 0.6
v 1 1.4 0.6
v 1 1.5 0.6
v 1 1.6 0.6
v 1 1.7 0.6
v 1.1 1.1 0.6
v 1.1 1.2 0.6
v 1.1 1.3 0.6
v 1.1 1.4 0.6
v 1.1 1.5 0.6
v 1.1 1.6 0.6
v 1.4 1.1 0.6
v 1.4 1.2 0.6
v 1.4 1.3 0.6
v 1.4 1.4 0.6
v 1.4 1.5 0.6
v 2 1.2 0.6
v 2 1.5 0.6
v -2.2 1.3 0.5
v -2.2 1.4 0.5
v -2.1 1.2 0.5
v -2.1 1.3 0.5
v -2.1 1.4 0.5
v -2.1 1.5 0.5
v -2 1.1 0.5
v -2 1.2 0.5
v -2 1.5 0.5
v -2 1.6 0.5
v -1.4 0.8 0.5
v -1.4 0.9 0.5
v -1.4 1.1 0.5
v -1.4 1.2 0.5
v -1.4 1.4 0.5
v -1.4 1.5 0.5
v -1.4 1.6 0.5
v -1.3 1.3 0.5
v -1.3 1.4 0.5
v -1.2 0.8 0.5
v -1.2 0.9 0.5
v -1.2 1.3 0.5
v -1.2 1.4 0.5
v -1.2 1.5 0.5
v -1.2 1.6 0.5
v -1.2 1.7 0.5
v -0.9 1.6 0.5
v -0.9 1.7 0.5
v -0.8 1.7 0.5
v -0.8 2.5 0.5
v -0.7 1.7 0.5
v -0.7 2.5 0.5
v -0.7 2.6 0.5
v -0.6 2.6 0.5
v -0.6 2.7 0.5
v -0.5 2.5 0.5
v -0.5 2.6 0.5
v -0.3 2.6 0.5
v -0.3 2.7 0.5
v -0.2 2.8 0.5
v -0.2 2.9 0.5
v 0.1 2.8 0.5
v 0.1 2.9 0.5
v 0.2 2.6 0.5
v 0.2 2.7 0.5
v 0.4 2.5 0.5
v 0.4 2.6 0.5
v 0.5 2.6 0.5
v 0.5 2.7 0.5
v 0.6 1.7 0.5
v 0.6 2.5 0.5
v 0.6 2.6 0.5
v 0.7 1.7 0.5
v 0.7 2.5 0.5
v 1 1.6 0.5
v 1 1.7 0.5
v 1.1 1.4 0.5
v 1.1 1.5 0.5
v 1.1 1.6 0.5
v 1.1 1.7 0.5
v 1.4 1.1 0.5
v 1.4 1.2 0.5
v 1.4 1.4 0.5
v 1.4 1.5 0.5
v 1.4 1.6 0.5
v 2 1.1 0.5
v 2 1.2 0.5
v 2 1.5 0.5
v 2 1.6 0.5
v 2.1 1.2 0.5
v 2.1 1.3 0.5
v 2.1 1.4 0.5
v 2.1 1.5 0.5
v 2.2 1.3 0.5
v 2.2 1.4 0.5
v -2.2 1.2 0.4
v -2.2 1.3 0.4
v -2.2 1.4 0.4
v -2.2 1.5 0.4
v -2.1 1.1 0.4
v -2.1 1.2 0.4
v -2.1 1.3 0.4
v -2.1 1.4 0.4
v -2.1 1.5 0.4
v -2.1 1.6 0.4
v -2 1 0.4
v -2 1.1 0.4
v -2 1.2 0.4
v -2 1.5 0.4
v -2 1.6 0.4
v -1.4 1 0.4
v -1.4 1.1 0.4
v -0.5 2.7 0.4
v -0.5 2.8 0.4
v -0.4 2.8 0.4
v -0.4 2.9 0.4
v -0.3 2.7 0.4
v -0.3 2.8 0.4
v -0.2 2.8 0.4
v -0.2 2.9 0.4
v 0.1 2.8 0.4
v 0.1 2.9 0.4
v 0.2 2.7 0.4
v 0.2 2.8 0.4
v 0.3 2.8 0.4
v 0.3 2.9 0.4
v 0.4 2.7 0.4
v 0.4 2.8 0.4
v 1.4 1 0.4
v 1.4 1.1 0.4
v 2 1 0.4
v 2 1.1 0.4
v 2 1.2 0.4
v 2 1.5 0.4
v 2 1.6 0.4
v 2.1 1.1 0.4
v 2.1 1.2 0.4
v 2.1 1.3 0.4
v 2.1 1.4 0.4
v 2.1 1.5 0.4
v 2.1 1.6 0.4
v 2.2 1.2 0.4
v 2.2 1.3 0.4
v 2.2 1.4 0.4
v 2.2 1.5 0.4
v -1.4 1 0.2
v -1.4 1.1 0.2
v -1.2 1 0.2
v -1.2 1.1 0.2
v 1.1 1.1 0.2
v 1.1 1.2 0.2
v 1.4 1.1 0.2
v 1.4 1.2 0.2
v -1.4 0.9 0.1
v -1.4 1 0.1
v -1.2 0.9 0.1
v -1.2 1 0.1
v 1.1 1 0.1
v 1.1 1.1 0.1
v 1.4 0.1 0.1
v 1.4 0.2 0.1
v 1.4 1 0.1
v 1.4 1.1 0.1
v 1.5 0 0.1
v 1.5 0.1 0.1
v 1.5 0.2 0.1
v 1.6 0 0.1
v 1.6 0.1 0.1
v -1.7 0 0
v -1.7 0.1 0
v -1.6 0 0
v -1.6 0.1 0
v -1.6 0.2 0
v -1.5 0.1 0
v -1.5 0.2 0
v 1.1 0.9 0
v 1.1 1 0
v 1.4 0.9 0
v 1.4 1 0
v -1.8 0 -0.1
v -1.8 0.1 -0.1
v -1.7 0 -0.1
v -1.7 0.1 -0.1
v -1.7 0.2 -0.1
v -1.6 0.1 -0.1
v -1.6 0.2 -0.1
v -1.9 0 -0.2
v -1.9 0.1 -0.2
v -1.8 0 -0.2
v -1.8 0.1 -0.2
v -1.8 0.2 -0.2
v -1.7 0.1 -0.2
v -1.7 0.2 -0.2
v 1.3 0.1 -0.5
v 1.3 0.2 -0.5
v 1.4 0 -0.5
v 1.4 0.1 -0.5
v 1.4 0.2 -0.5
v 1.5 0 -0.5
v 1.5 0.1 -0.5
v 1.4 0.1 -0.6
v 1.4 0.2 -0.6
v 1.5 0 -0.6
v 1.5 0.1 -0.6
v 1.5 0.2 -0.6
v 1.6 0 -0.6
v 1.6 0.1 -0.6
v 1 1 0.9
v 1 1.1 0.9
v 1.1 1 0.9
v 1.1 1.1 0.9
v 1.5 0.1 0.9
v 1.5 0.2 0.9
v 1.6 0 0.9
v 1.6 0.1 0.9
v 1.6 0.2 0.9
v 1.7 0 0.9
v 1.7 0.1 0.9
v -1.2 0.9 0.8
v -1.2 1 0.8
v -1.1 0.9 0.8
v -1.1 1 0.8
v 1 1.1 0.8
v 1 1.2 0.8
v 1.1 1.1 0.8
v 1.1 1.2 0.8
v 1.4 0.1 0.8
v 1.4 0.2 0.8
v 1.5 0 0.8
v 1.5 0.1 0.8
v 1.5 0.2 0.8
v 1.6 0 0.8
v 1.6 0.1 0.8
v -1.7 0 0.7
v -1.7 0.1 0.7
v -1.6 0 0.7
v -1.6 0.1 0.7
v -1.6 0.2 0.7
v -1.5 0.1 0.7
v -1.5 0.2 0.7
v 1.1 1.1 0.5
v 1.1 1.2 0.5
v 1.4 1.1 0.5
v 1.4 1.2 0.5
v -1.4 0.8 0.4
v -1.4 1 0.4
v -1.4 1.1 0.4
v -1.2 0.8 0.4
v -1.2 1.1 0.4
v -2.2 1.2 0.2
v -2.2 1.3 0.2
v -2.2 1.4 0.2
v -2.2 1.5 0.2
v -2.1 1.1 0.2
v -2.1 1.2 0.2
v -2.1 1.3 0.2
v -2.1 1.4 0.2
v -2.1 1.5 0.2
v -2.1 1.6 0.2
v -2 1 0.2
v -2 1.1 0.2
v -2 1.2 0.2
v -2 1.5 0.2
v -2 1.6 0.2
v -1.4 1 0.2
v -1.4 1.1 0.2
v 1.4 1 0.2
v 1.4 1.1 0.2
v 2 1 0.2
v 2 1.1 0.2
v 2 1.2 0.2
v 2 1.5 0.2
v 2 1.6 0.2
v 2.1 1.1 0.2
v 2.1 1.2 0.2
v 2.1 1.3 0.2
v 2.1 1.4 0.2
v 2.1 1.5 0.2
v 2.1 1.6 0.2
v 2.2 1.2 0.2
v 2.2 1.3 0.2
v 2.2 1.4 0.2
v 2.2 1.5 0.2
v -2.2 1.3 0.1
v -2.2 1.4 0.1
v -2.1 1.2 0.1
v -2.1 1.3 0.1
v -2.1 1.4 0.1
v -2.1 1.5 0.1
v -2 1.1 0.1
v -2 1.2 0.1
v -2 1.5 0.1
v -2 1.6 0.1
v -1.4 1.1 0.1
v -1.4 1.2 0.1
v -1.4 1.3 0.1
v -1.4 1.4 0.1
v -1.4 1.5 0.1
v -1.4 1.6 0.1
v -1.2 1.3 0.1
v -1.2 1.4 0.1
v -1.2 1.5 0.1
v -1.2 1.6 0.1
v -1.2 1.7 0.1
v -1.1 1.6 0.1
v -1.1 1.7 0.1
v -0.5 2.7 0.1
v -0.5 2.8 0.1
v -0.4 2.8 0.1
v -0.4 2.9 0.1
v -0.3 2.7 0.1
v -0.3 2.8 0.1
v -0.2 2.8 0.1
v -0.2 2.9 0.1
v 0.1 2.8 0.1
v 0.1 2.9 0.1
v 0.2 2.7 0.1
v 0.2 2.8 0.1
v 0.3 2.8 0.1
v 0.3 2.9 0.1
v 0.4 2.7 0.1
v 0.4 2.8 0.1
v 0.8 1.6 0.1
v 0.8 1.7 0.1
v 1 1.4 0.1
v 1 1.5 0.1
v 1 1.6 0.1
v 1.1 1.3 0.1
v 1.1 1.4 0.1
v 1.1 1.6 0.1
v 1.1 1.7 0.1
v 1.4 1.1 0.1
v 1.4 1.2 0.1
v 1.4 1.3 0.1
v 1.4 1.4 0.1
v 1.4 1.5 0.1
v 1.4 1.6 0.1
v 2 1.1 0.1
v 2 1.2 0.1
v 2 1.5 0.1
v 2 1.6 0.1
v 2.1 1.2 0.1
v 2.1 1.3 0.1
v 2.1 1.4 0.1
v 2.1 1.5 0.1
v 2.2 1.3 0.1
v 2.2 1.4 0.1
v -2 1.2 0
v -2 1.5 0
v -1.4 1.2 0
v -1.4 1.3 0
v -1.4 1.5 0
v -1.3 0.9 0
v -1.3 1 0
v -1.2 0.9 0
v -1.2 1 0
v -1.2 1.4 0
v -1.2 1.5 0
v -1.2 1.6 0
v -1.1 1.4 0
v -1.1 1.5 0
v -1.1 1.6 0
v -1.1 1.7 0
v -0.8 1.6 0
v -0.8 1.7 0
v -0.8 2.5 0
v -0.7 1.7 0
v -0.7 2.5 0
v -0.7 2.6 0
v -0.6 2.6 0
v -0.6 2.7 0
v -0.5 2.5 0
v -0.5 2.6 0
v -0.3 2.6 0
v -0.3 2.7 0
v -0.2 2.8 0
v -0.2 2.9 0
v 0.1 2.8 0
v 0.1 2.9 0
v 0.2 2.6 0
v 0.2 2.7 0
v 0.4 2.5 0
v 0.4 2.6 0
v 0.5 2.6 0
v 0.5 2.7 0
v 0.6 1.7 0
v 0.6 2.5 0
v 0.6 2.6 0
v 0.7 1.6 0
v 0.7 1.7 0
v 0.7 2.5 0
v 0.8 1.4 0
v 0.8 1.5 0
v 0.8 1.6 0
v 0.8 1.7 0
v 1 1.4 0
v 1 1.5 0
v 1 1.6 0
v 1.4 1.2 0
v 1.4 1.3 0
v 1.4 1.5 0
v 2 1.2 0
v 2 1.5 0
v -1.4 0.9 -0.1
v -1.4 1 -0.1
v -1.3 0.9 -0.1
v -1.3 1 -0.1
v -1.3 1.1 -0.1
v -1.2 1 -0.1
v -1.2 1.1 -0.1
v -1.1 1.4 -0.1
v -1.1 1.5 -0.1
v -1.1 1.6 -0.1
v -0.8 1.4 -0.1
v -0.8 1.5 -0.1
v -0.8 1.6 -0.1
v -0.8 1.7 -0.1
v -0.7 1.6 -0.1
v -0.7 1.7 -0.1
v -0.7 2.5 -0.1
v -0.6 1.7 -0.1
v -0.6 2.5 -0.1
v -0.5 2.5 -0.1
v -0.5 2.6 -0.1
v -0.4 2.5 -0.1
v -0.4 2.6 -0.1
v -0.3 2.7 -0.1
v -0.3 2.8 -0.1
v 0.2 2.7 -0.1
v 0.2 2.8 -0.1
v 0.3 2.5 -0.1
v 0.3 2.6 -0.1
v 0.4 2.5 -0.1
v 0.4 2.6 -0.1
v 0.5 1.7 -0.1
v 0.5 2.5 -0.1
v 0.6 1.6 -0.1
v 0.6 1.7 -0.1
v 0.6 2.5 -0.1
v 0.7 1.4 -0.1
v 0.7 1.5 -0.1
v 0.7 1.6 -0.1
v 0.7 1.7 -0.1
v 0.8 1.4 -0.1
v 0.8 1.5 -0.1
v 0.8 1.6 -0.1
v 1.1 0.9 -0.1
v 1.1 1 -0.1
v 1.4 0.9 -0.1
v 1.4 1 -0.1
v -1.4 1 -0.2
v -1.4 1.1 -0.2
v -1.3 1 -0.2
v -1.3 1.1 -0.2
v -1.3 1.2 -0.2
v -1.2 1.1 -0.2
v -1.2 1.2 -0.2
v -0.6 1.7 -0.2
v -0.6 2.5 -0.2
v -0.5 1.7 -0.2
v -0.5 2.5 -0.2
v -0.3 2.6 -0.2
v -0.3 2.7 -0.2
v 0.2 2.6 -0.2
v 0.2 2.7 -0.2
v 0.4 1.7 -0.2
v 0.4 2.5 -0.2
v 0.5 1.6 -0.2
v 0.5 1.7 -0.2
v 0.5 2.5 -0.2
v 0.6 1.4 -0.2
v 0.6 1.5 -0.2
v 0.6 1.6 -0.2
v 0.6 1.7 -0.2
v 0.7 1.4 -0.2
v 0.7 1.5 -0.2
v 0.7 1.6 -0.2
v 1.1 1 -0.2
v 1.1 1.1 -0.2
v 1.4 0.1 -0.2
v 1.4 0.2 -0.2
v 1.4 1 -0.2
v 1.4 1.1 -0.2
v 1.5 0 -0.2
v 1.5 0.1 -0.2
v 1.5 0.2 -0.2
v 1.6 0 -0.2
v 1.6 0.1 -0.2
v -1.4 0.2 -0.3
v -1.4 0.3 -0.3
v -1.4 1.1 -0.3
v -1.4 1.2 -0.3
v -1.3 0.2 -0.3
v -1.3 0.3 -0.3
v -1.3 0.4 -0.3
v -1.3 1.1 -0.3
v -1.3 1.2 -0.3
v -1.3 1.3 -0.3
v -1.2 0.3 -0.3
v -1.2 0.4 -0.3
v -1.2 1.1 -0.3
v -1.2 1.2 -0.3
v -1.2 1.3 -0.3
v -1.2 1.4 -0.3
v -1.1 0.4 -0.3
v -1.1 1.1 -0.3
v -1.1 1.3 -0.3
v -1.1 1.4 -0.3
v -0.5 1.7 -0.3
v -0.5 2.5 -0.3
v -0.4 1.7 -0.3
v -0.4 2.5 -0.3
v -0.4 2.6 -0.3
v 0.3 1.7 -0.3
v 0.3 2.5 -0.3
v 0.3 2.6 -0.3
v 0.4 1.6 -0.3
v 0.4 1.7 -0.3
v 0.4 2.5 -0.3
v 0.5 1.4 -0.3
v 0.5 1.5 -0.3
v 0.5 1.6 -0.3
v 0.5 1.7 -0.3
v 0.6 1.4 -0.3
v 0.6 1.5 -0.3
v 0.6 1.6 -0.3
v 1 0.4 -0.3
v 1 1.1 -0.3
v 1.1 0.3 -0.3
v 1.1 0.4 -0.3
v 1.1 1.1 -0.3
v 1.1 1.2 -0.3
v 1.2 0.2 -0.3
v 1.2 0.3 -0.3
v 1.2 0.4 -0.3
v 1.3 0.2 -0.3
v 1.3 0.3 -0.3
v 1.4 1.1 -0.3
v 1.4 1.2 -0.3
v -1.9 0 -0.4
v -1.9 0.1 -0.4
v -1.8 0 -0.4
v -1.8 0.1 -0.4
v -1.8 0.2 -0.4
v -1.7 0.1 -0.4
v -1.7 0.2 -0.4
v -1.4 1.2 -0.4
v -1.4 1.3 -0.4
v -1.3 0.2 -0.4
v -1.3 0.3 -0.4
v -1.3 1.2 -0.4
v -1.3 1.3 -0.4
v -1.2 0.2 -0.4
v -1.2 0.3 -0.4
v -1.2 0.4 -0.4
v -1.2 1.1 -0.4
v -1.2 1.3 -0.4
v -1.1 0.3 -0.4
v -1.1 0.4 -0.4
v -1.1 1 -0.4
v -1.1 1.1 -0.4
v -1.1 1.3 -0.4
v -1.1 1.4 -0.4
v -1 0.4 -0.4
v -1 1 -0.4
v -1 1.3 -0.4
v -1 1.4 -0.4
v -0.4 1.7 -0.4
v -0.4 2.5 -0.4
v 0.3 1.6 -0.4
v 0.3 1.7 -0.4
v 0.3 2.5 -0.4
v 0.4 1.4 -0.4
v 0.4 1.5 -0.4
v 0.4 1.6 -0.4
v 0.4 1.7 -0.4
v 0.5 1.4 -0.4
v 0.5 1.5 -0.4
v 0.5 1.6 -0.4
v 0.8 0.4 -0.4
v 0.8 0.7 -0.4
v 0.8 1.3 -0.4
v 0.8 1.4 -0.4
v 0.9 0.7 -0.4
v 0.9 0.8 -0.4
v 1 0.3 -0.4
v 1 0.4 -0.4
v 1 0.8 -0.4
v 1.1 0.2 -0.4
v 1.1 0.3 -0.4
v 1.1 0.4 -0.4
v 1.1 1.2 -0.4
v 1.1 1.3 -0.4
v 1.1 1.4 -0.4
v 1.2 0.2 -0.4
v 1.2 0.3 -0.4
v 1.3 0.1 -0.4
v 1.3 0.2 -0.4
v 1.4 0 -0.4
v 1.4 0.1 -0.4
v 1.4 0.2 -0.4
v 1.4 1.2 -0.4
v 1.4 1.3 -0.4
v 1.5 0 -0.4
v 1.5 0.1 -0.4
v -1.1 1 -0.5
v -1.1 1.1 -0.5
v -1 1 -0.5
v -1 1.1 -0.5
v -0.8 1.4 -0.5
v -0.8 1.5 -0.5
v -0.8 1.6 -0.5
v -0.7 1.4 -0.5
v -0.7 1.5 -0.5
v -0.7 1.6 -0.5
v -0.7 1.7 -0.5
v 0.3 1.4 -0.5
v 0.3 1.5 -0.5
v 0.3 1.6 -0.5
v 0.3 1.7 -0.5
v 0.4 1.4 -0.5
v 0.4 1.5 -0.5
v 0.4 1.6 -0.5
v 0.7 0.4 -0.5
v 0.7 1 -0.5
v 0.7 1.3 -0.5
v 0.7 1.4 -0.5
v 0.8 0.3 -0.5
v 0.8 0.4 -0.5
v 0.8 0.7 -0.5
v 0.8 1 -0.5
v 0.8 1.3 -0.5
v 0.8 1.4 -0.5
v 0.9 0.7 -0.5
v 0.9 0.8 -0.5
v 1 0.2 -0.5
v 1 0.3 -0.5
v 1 0.4 -0.5
v 1 0.8 -0.5
v 1 1.1 -0.5
v 1.1 0.2 -0.5
v 1.1 0.3 -0.5
v 1.1 1.1 -0.5
v 1.1 1.3 -0.5
v -1.8 0 -0.6
v -1.8 0.1 -0.6
v -1.7 0 -0.6
v -1.7 0.1 -0.6
v -1.7 0.2 -0.6
v -1.6 0.1 -0.6
v -1.6 0.2 -0.6
v -1.2 0.2 -0.6
v -1.2 0.3 -0.6
v -1.1 0.2 -0.6
v -1.1 0.3 -0.6
v -1.1 0.4 -0.6
v -1.1 1.1 -0.6
v -1.1 1.3 -0.6
v -1 0.3 -0.6
v -1 0.4 -0.6
v -1 1 -0.6
v -1 1.1 -0.6
v -1 1.3 -0.6
v -1 1.4 -0.6
v -0.9 0.4 -0.6
v -0.9 1 -0.6
v -0.9 1.3 -0.6
v -0.9 1.4 -0.6
v -0.7 1.4 -0.6
v -0.7 1.5 -0.6
v -0.7 1.6 -0.6
v 0.3 1.4 -0.6
v 0.3 1.5 -0.6
v 0.3 1.6 -0.6
v 0.6 0.4 -0.6
v 0.6 1.1 -0.6
v 0.6 1.3 -0.6
v 0.6 1.4 -0.6
v 0.7 0.3 -0.6
v 0.7 0.4 -0.6
v 0.7 1 -0.6
v 0.7 1.1 -0.6
v 0.7 1.3 -0.6
v 0.7 1.4 -0.6
v 0.8 0.2 -0.6
v 0.8 0.3 -0.6
v 0.8 0.4 -0.6
v 0.8 1 -0.6
v 0.8 1.3 -0.6
v 1 0.2 -0.6
v 1 0.3 -0.6
v -1.7 0 -0.7
v -1.7 0.1 -0.7
v -1.6 0 -0.7
v -1.6 0.1 -0.7
v -1.6 0.2 -0.7
v -1.3 0.1 -0.7
v -1.3 0.2 -0.7
v -1.1 0.2 -0.7
v -1.1 0.3 -0.7
v -1 0.2 -0.7
v -1 0.3 -0.7
v -1 0.4 -0.7
v -1 1 -0.7
v -1 1.3 -0.7
v -0.9 0.3 -0.7
v -0.9 0.4 -0.7
v -0.9 0.9 -0.7
v -0.9 1 -0.7
v -0.9 1.3 -0.7
v -0.9 1.4 -0.7
v -0.8 0.8 -0.7
v -0.8 0.9 -0.7
v -0.7 0.4 -0.7
v -0.7 0.8 -0.7
v -0.7 1.3 -0.7
v -0.7 1.4 -0.7
v 0.5 0.4 -0.7
v 0.5 1 -0.7
v 0.5 1.3 -0.7
v 0.5 1.4 -0.7
v 0.6 0.3 -0.7
v 0.6 0.4 -0.7
v 0.6 1 -0.7
v 0.6 1.1 -0.7
v 0.6 1.3 -0.7
v 0.6 1.4 -0.7
v 0.7 0.2 -0.7
v 0.7 0.3 -0.7
v 0.7 0.4 -0.7
v 0.7 1.1 -0.7
v 0.7 1.3 -0.7
v 0.8 0.2 -0.7
v 0.8 0.3 -0.7
v 1.4 0.1 -0.7
v 1.4 0.2 -0.7
v 1.5 0 -0.7
v 1.5 0.1 -0.7
v 1.5 0.2 -0.7
v 1.6 0 -0.7
v 1.6 0.1 -0.7
v -1.6 0 -0.8
v -1.6 0.1 -0.8
v -1.3 0 -0.8
v -1.3 0.1 -0.8
v -1.3 0.2 -0.8
v -1.2 0.1 -0.8
v -1.2 0.2 -0.8
v -1 0.2 -0.8
v -1 0.3 -0.8
v -0.9 0.2 -0.8
v -0.9 0.3 -0.8
v -0.9 0.4 -0.8
v -0.9 0.9 -0.8
v -0.9 1.3 -0.8
v -0.8 0.8 -0.8
v -0.8 0.9 -0.8
v -0.7 0.3 -0.8
v -0.7 0.4 -0.8
v -0.7 0.8 -0.8
v -0.7 0.9 -0.8
v -0.7 1.3 -0.8
v -0.7 1.4 -0.8
v -0.6 0.9 -0.8
v -0.6 1 -0.8
v -0.5 1 -0.8
v -0.5 1.1 -0.8
v -0.3 0.7 -0.8
v -0.3 1.1 -0.8
v -0.2 0.4 -0.8
v -0.2 0.7 -0.8
v -0.0999999 0.4 -0.8
v -0.0999999 0.5 -0.8
v 0 0.5 -0.8
v 0 0.7 -0.8
v 0.1 0.7 -0.8
v 0.1 0.9 -0.8
v 0.2 0.9 -0.8
v 0.2 1.2 -0.8
v 0.3 1.1 -0.8
v 0.3 1.2 -0.8
v 0.5 0.3 -0.8
v 0.5 0.4 -0.8
v 0.5 1 -0.8
v 0.5 1.1 -0.8
v 0.5 1.3 -0.8
v 0.5 1.4 -0.8
v 0.6 0.2 -0.8
v 0.6 0.3 -0.8
v 0.6 0.4 -0.8
v 0.6 1 -0.8
v 0.6 1.3 -0.8
v 0.7 0.2 -0.8
v 0.7 0.3 -0.8
v -0.9 0.2 -0.9
v -0.9 0.3 -0.9
v -0.7 0.2 -0.9
v -0.7 0.3 -0.9
v -0.7 0.4 -0.9
v -0.7 0.9 -0.9
v -0.7 1.3 -0.9
v -0.6 0.2 -0.9
v -0.6 0.3 -0.9
v -0.6 0.9 -0.9
v -0.6 1 -0.9
v -0.5 0.1 -0.9
v -0.5 0.2 -0.9
v -0.5 1 -0.9
v -0.5 1.1 -0.9
v -0.3 0.7 -0.9
v -0.3 1.1 -0.9
v -0.2 0.1 -0.9
v -0.2 0.2 -0.9
v -0.2 0.4 -0.9
v -0.2 0.7 -0.9
v -0.0999999 0.2 -0.9
v -0.0999999 0.3 -0.9
v -0.0999999 0.4 -0.9
v -0.0999999 0.5 -0.9
v 0 0.5 -0.9
v 0 0.7 -0.9
v 0.1 0.7 -0.9
v 0.1 0.9 -0.9
v 0.2 0.9 -0.9
v 0.2 1.2 -0.9
v 0.3 1.1 -0.9
v 0.3 1.2 -0.9
v 0.5 0.2 -0.9
v 0.5 0.3 -0.9
v 0.5 0.4 -0.9
v 0.5 1.1 -0.9
v 0.5 1.3 -0.9
v 0.6 0.2 -0.9
v 0.6 0.3 -0.9
v 1 0.1 -0.9
v 1 0.2 -0.9
v 1.4 0 -0.9
v 1.4 0.1 -0.9
v 1.4 0.2 -0.9
v 1.5 0 -0.9
v 1.5 0.1 -0.9
v -0.7 0.2 -1
v -0.7 0.3 -1
v -0.6 0.1 -1
v -0.6 0.2 -1
v -0.6 0.3 -1
v -0.5 0 -1
v -0.5 0.1 -1
v -0.5 0.2 -1
v -0.2 0 -1
v -0.2 0.1 -1
v -0.2 0.2 -1
v -0.0999999 0.1 -1
v -0.0999999 0.2 -1
v -0.0999999 0.3 -1
v 0.5 0.2 -1
v 0.5 0.3 -1
v 0.9 0.1 -1
v 0.9 0.2 -1
v 1 0 -1
v 1 0.1 -1
v 1 0.2 -1
v 1.4 0 -1
v 1.4 0.1 -1
v -0.7 0.1 -1.1
v -0.7 0.2 -1.1
v -0.6 0 -1.1
v -0.6 0.1 -1.1
v -0.6 0.2 -1.1
v -0.5 0 -1.1
v -0.5 0.1 -1.1
v -0.2 0 -1.1
v -0.2 0.1 -1.1
v -0.0999999 0 -1.1
v -0.0999999 0.1 -1.1
v -0.0999999 0.2 -1.1
v 0 0.1 -1.1
v 0 0.2 -1.1
v 0.7 0.1 -1.1
v 0.7 0.2 -1.1
v 0.9 0 -1.1
v 0.9 0.1 -1.1
v 0.9 0.2 -1.1
v 1 0 -1.1
v 1 0.1 -1.1
v -0.0999999 0 -1.2
v -0.0999999 0.1 -1.2
v 0 0 -1.2
v 0 0.1 -1.2
v 0 0.2 -1.2
v 0.1 0.1 -1.2
v 0.1 0.2 -1.2
v 0.6 0.1 -1.2
v 0.6 0.2 -1.2
v 0.7 0 -1.2
v 0.7 0.1 -1.2
v 0.7 0.2 -1.2
v 0.9 0 -1.2
v 0.9 0.1 -1.2
v -1.3 0 -1.3
v -1.3 0.1 -1.3
v -1.2 0 -1.3
v -1.2 0.1 -1.3
v -1.2 0.2 -1.3
v -1 0.1 -1.3
v -1 0.2 -1.3
v 0 0 -1.3
v 0 0.1 -1.3
v 0.1 0 -1.3
v 0.1 0.1 -1.3
v 0.1 0.2 -1.3
v 0.6 0 -1.3
v 0.6 0.1 -1.3
v 0.6 0.2 -1.3
v 0.7 0 -1.3
v 0.7 0.1 -1.3
v -1.2 0 -1.4
v -1.2 0.1 -1.4
v -1 0 -1.4
v -1 0.1 -1.4
v -1 0.2 -1.4
v -0.7 0 -1.4
v -0.7 0.1 -1.4
v -0.7 0.2 -1.4
v -0.6 0 -1.4
v -0.6 0.1 -1.4
v 0.1 0 -1.4
v 0.1 0.1 -1.4
v 0.6 0 -1.4
v 0.6 0.1 -1.4
v -1 0 -1.5
v -1 0.1 -1.5
v -0.7 0 -1.5
v -0.7 0.1 -1.5
v 0.1 0 1.9
v 0.2 0 1.9
v 0.4 0 1.9
v 1 0 1.9
v -0.7 0 1.8
v -0.5 0 1.8
v 0 0 1.8
v 0.1 0 1.8
v 0.2 0 1.8
v 0.4 0 1.8
v 1 0 1.8
v 1.1 0 1.8
v -1.3 0 1.7
v -1.1 0 1.7
v -0.9 0 1.7
v -0.7 0 1.7
v -0.5 0 1.7
v -0.4 0 1.7
v 1.1 0 1.7
v 1.2 0 1.7
v -1.4 0 1.6
v -1.3 0 1.6
v -1.1 0 1.6
v -0.9 0 1.6
v -0.2 0 1.6
v 0 0 1.6
v 1.2 0 1.6
v 1.3 0 1.6
v -1.5 0 1.5
v -1.4 0 1.5
v -0.4 0 1.5
v -0.2 0 1.5
v 1.3 0 1.5
v 1.4 0 1.5
v 1.4 0 1.4
v 1.5 0 1.4
v -1.6 0 1.3
v -1.5 0 1.3
v -1.7 0 1.1
v -1.6 0 1.1
v 1.5 0 1.1
v 1.6 0 1.1
v 1.6 0 1
v 1.7 0 1
v 1.6 0 0.9
v 1.7 0 0.9
v 1.5 0 0.8
v 1.6 0 0.8
v -1.7 0 0.7
v -1.6 0 0.7
v 1.5 0 0.1
v 1.6 0 0.1
v -1.7 0 0
v -1.6 0 0
v -1.8 0 -0.1
v -1.7 0 -0.1
v -1.9 0 -0.2
v -1.8 0 -0.2
v 1.5 0 -0.2
v 1.6 0 -0.2
v -1.9 0 -0.4
v -1.8 0 -0.4
v 1.4 0 -0.4
v 1.5 0 -0.4
v 1.4 0 -0.5
v 1.5 0 -0.5
v -1.8 0 -0.6
v -1.7 0 -0.6
v 1.5 0 -0.6
v 1.6 0 -0.6
v -1.7 0 -0.7
v -1.6 0 -0.7
v 1.5 0 -0.7
v 1.6 0 -0.7
v -1.6 0 -0.8
v -1.3 0 -0.8
v 1.4 0 -0.9
v 1.5 0 -0.9
v -0.5 0 -1
v -0.2 0 -1
v 1 0 -1
v 1.4 0 -1
v -0.6 0 -1.1
v -0.5 0 -1.1
v -0.2 0 -1.1
v -0.0999999 0 -1.1
v 0.9 0 -1.1
v 1 0 -1.1
v -0.0999999 0 -1.2
v 0 0 -1.2
v 0.7 0 -1.2
v 0.9 0 -1.2
v -1.3 0 -1.3
v -1.2 0 -1.3
v 0 0 -1.3
v 0.1 0 -1.3
v 0.6 0 -1.3
v 0.7 0 -1.3
v -1.2 0 -1.4
v -1 0 -1.4
v -0.7 0 -1.4
v -0.6 0 -1.4
v 0.1 0 -1.4
v 0.6 0 -1.4
v -1 0 -1.5
v -0.7 0 -1.5
v 0.5 0.5 1.3
v 0.6 0.5 1.3
v 0.5 0.5 1.2
v 0.6 0.5 1.2
v -0.0999999 0.5 -0.8
v 0 0.5 -0.8
v -0.0999999 0.5 -0.9
v 0 0.5 -0.9
v 0.4 0.6 1.4
v 0.5 0.6 1.4
v 0.4 0.6 1.3
v 0.5 0.6 1.3
v 0.8 0.7 -0.4
v 0.9 0.7 -0.4
v 0.8 0.7 -0.5
v 0.9 0.7 -0.5
v -0.3 0.7 -0.8
v -0.2 0.7 -0.8
v 0 0.7 -0.8
v 0.1 0.7 -0.8
v -0.3 0.7 -0.9
v -0.2 0.7 -0.9
v 0 0.7 -0.9
v 0.1 0.7 -0.9
v 0.6 0.8 1.3
v 0.7 0.8 1.3
v 0.6 0.8 1.2
v 0.7 0.8 1.2
v -1.4 0.8 0.5
v -1.2 0.8 0.5
v -1.4 0.8 0.4
v -1.2 0.8 0.4
v 0.9 0.8 -0.4
v 1 0.8 -0.4
v 0.9 0.8 -0.5
v 1 0.8 -0.5
v -0.8 0.8 -0.7
v -0.7 0.8 -0.7
v -0.8 0.8 -0.8
v -0.7 0.8 -0.8
v 0.3 0.9 1.4
v 0.4 0.9 1.4
v 0.3 0.9 1.3
v 0.4 0.9 1.3
v 0.7 0.9 1.3
v 0.8 0.9 1.3
v 0.7 0.9 1.2
v 0.8 0.9 1.2
v 0.9 0.9 1.1
v 1 0.9 1.1
v 0.9 0.9 1
v 1 0.9 1
v -1.2 0.9 0.9
v -1.1 0.9 0.9
v -1.2 0.9 0.8
v -1.1 0.9 0.8
v -1.4 0.9 0.6
v -1.2 0.9 0.6
v -1.4 0.9 0.5
v -1.2 0.9 0.5
v -1.4 0.9 0.1
v -1.2 0.9 0.1
v -1.3 0.9 0
v -1.2 0.9 0
v 1.1 0.9 0
v 1.4 0.9 0
v -1.4 0.9 -0.1
v -1.3 0.9 -0.1
v 1.1 0.9 -0.1
v 1.4 0.9 -0.1
v -0.9 0.9 -0.7
v -0.8 0.9 -0.7
v -0.9 0.9 -0.8
v -0.8 0.9 -0.8
v -0.7 0.9 -0.8
v -0.6 0.9 -0.8
v 0.1 0.9 -0.8
v 0.2 0.9 -0.8
v -0.7 0.9 -0.9
v -0.6 0.9 -0.9
v 0.1 0.9 -0.9
v 0.2 0.9 -0.9
v -0.5 1 1.4
v -0.4 1 1.4
v 0 1 1.4
v 0.1 1 1.4
v 0.2 1 1.4
v 0.3 1 1.4
v -0.5 1 1.3
v -0.4 1 1.3
v 0 1 1.3
v 0.1 1 1.3
v 0.2 1 1.3
v 0.3 1 1.3
v 1 1 1
v 1.1 1 1
v 1 1 0.9
v 1.1 1 0.9
v -1.2 1 0.8
v -1.1 1 0.8
v -1.2 1 0.7
v -1.1 1 0.7
v -2 1 0.4
v -1.4 1 0.4
v 1.4 1 0.4
v 2 1 0.4
v -2 1 0.2
v -1.4 1 0.2
v -1.2 1 0.2
v 1.4 1 0.2
v 2 1 0.2
v -1.4 1 0.1
v -1.2 1 0.1
v 1.1 1 0.1
v 1.4 1 0.1
v -1.3 1 0
v -1.2 1 0
v 1.1 1 0
v 1.4 1 0
v -1.4 1 -0.1
v -1.3 1 -0.1
v -1.2 1 -0.1
v 1.1 1 -0.1
v 1.4 1 -0.1
v -1.4 1 -0.2
v -1.3 1 -0.2
v 1.1 1 -0.2
v 1.4 1 -0.2
v -1.1 1 -0.4
v -1 1 -0.4
v -1.1 1 -0.5
v -1 1 -0.5
v 0.7 1 -0.5
v 0.8 1 -0.5
v -1 1 -0.6
v -0.9 1 -0.6
v 0.7 1 -0.6
v 0.8 1 -0.6
v -1 1 -0.7
v -0.9 1 -0.7
v 0.5 1 -0.7
v 0.6 1 -0.7
v -0.6 1 -0.8
v -0.5 1 -0.8
v 0.5 1 -0.8
v 0.6 1 -0.8
v -0.6 1 -0.9
v -0.5 1 -0.9
v -0.6 1.1 1.4
v -0.5 1.1 1.4
v -0.7 1.1 1.3
v -0.6 1.1 1.3
v -0.5 1.1 1.3
v -0.7 1.1 1.2
v -0.6 1.1 1.2
v 0.8 1.1 1.2
v 0.9 1.1 1.2
v 0.8 1.1 1.1
v 0.9 1.1 1.1
v -1.1 1.1 1
v -1 1.1 1
v -1.1 1.1 0.9
v -1 1.1 0.9
v 1 1.1 0.9
v 1.1 1.1 0.9
v 1 1.1 0.8
v 1.1 1.1 0.8
v -1.4 1.1 0.7
v -1.2 1.1 0.7
v -1.4 1.1 0.6
v -1.2 1.1 0.6
v 1.1 1.1 0.6
v 1.4 1.1 0.6
v -2 1.1 0.5
v -1.4 1.1 0.5
v 1.1 1.1 0.5
v 1.4 1.1 0.5
v 2 1.1 0.5
v -2.1 1.1 0.4
v -2 1.1 0.4
v -1.4 1.1 0.4
v -1.2 1.1 0.4
v 1.4 1.1 0.4
v 2 1.1 0.4
v 2.1 1.1 0.4
v -2.1 1.1 0.2
v -2 1.1 0.2
v -1.4 1.1 0.2
v -1.2 1.1 0.2
v 1.1 1.1 0.2
v 1.4 1.1 0.2
v 2 1.1 0.2
v 2.1 1.1 0.2
v -2 1.1 0.1
v -1.4 1.1 0.1
v 1.1 1.1 0.1
v 1.4 1.1 0.1
v 2 1.1 0.1
v -1.3 1.1 -0.1
v -1.2 1.1 -0.1
v -1.4 1.1 -0.2
v -1.3 1.1 -0.2
v -1.2 1.1 -0.2
v 1.1 1.1 -0.2
v 1.4 1.1 -0.2
v -1.4 1.1 -0.3
v -1.3 1.1 -0.3
v -1.2 1.1 -0.3
v -1.1 1.1 -0.3
v 1 1.1 -0.3
v 1.1 1.1 -0.3
v 1.4 1.1 -0.3
v -1.2 1.1 -0.4
v -1.1 1.1 -0.4
v 1 1.1 -0.4
v -1.1 1.1 -0.5
v -1 1.1 -0.5
v 1 1.1 -0.5
v 1.1 1.1 -0.5
v -1.1 1.1 -0.6
v -1 1.1 -0.6
v 0.6 1.1 -0.6
v 0.7 1.1 -0.6
v 0.6 1.1 -0.7
v 0.7 1.1 -0.7
v -0.5 1.1 -0.8
v -0.3 1.1 -0.8
v 0.3 1.1 -0.8
v 0.5 1.1 -0.8
v -0.5 1.1 -0.9
v -0.3 1.1 -0.9
v 0.3 1.1 -0.9
v 0.5 1.1 -0.9
v 0.1 1.2 1.4
v 0.2 1.2 1.4
v -0.8 1.2 1.3
v -0.7 1.2 1.3
v 0.1 1.2 1.3
v 0.2 1.2 1.3
v -0.9 1.2 1.2
v -0.8 1.2 1.2
v -0.7 1.2 1.2
v -1 1.2 1.1
v -0.9 1.2 1.1
v -0.8 1.2 1.1
v -1 1.2 1
v -0.9 1.2 1
v 1 1.2 0.8
v 1.1 1.2 0.8
v 1 1.2 0.7
v 1.1 1.2 0.7
v 1.4 1.2 0.7
v -2 1.2 0.6
v -1.4 1.2 0.6
v 1.1 1.2 0.6
v 1.4 1.2 0.6
v 2 1.2 0.6
v -2.1 1.2 0.5
v -2 1.2 0.5
v -1.4 1.2 0.5
v 1.1 1.2 0.5
v 1.4 1.2 0.5
v 2 1.2 0.5
v 2.1 1.2 0.5
v -2.2 1.2 0.4
v -2.1 1.2 0.4
v -2 1.2 0.4
v 2 1.2 0.4
v 2.1 1.2 0.4
v 2.2 1.2 0.4
v -2.2 1.2 0.2
v -2.1 1.2 0.2
v -2 1.2 0.2
v 1.1 1.2 0.2
v 1.4 1.2 0.2
v 2 1.2 0.2
v 2.1 1.2 0.2
v 2.2 1.2 0.2
v -2.1 1.2 0.1
v -2 1.2 0.1
v -1.4 1.2 0.1
v 1.4 1.2 0.1
v 2 1.2 0.1
v 2.1 1.2 0.1
v -2 1.2 0
v -1.4 1.2 0
v 1.4 1.2 0
v 2 1.2 0
v -1.3 1.2 -0.2
v -1.2 1.2 -0.2
v -1.4 1.2 -0.3
v -1.3 1.2 -0.3
v -1.2 1.2 -0.3
v 1.1 1.2 -0.3
v 1.4 1.2 -0.3
v -1.4 1.2 -0.4
v -1.3 1.2 -0.4
v 1.1 1.2 -0.4
v 1.4 1.2 -0.4
v 0.2 1.2 -0.8
v 0.3 1.2 -0.8
v 0.2 1.2 -0.9
v 0.3 1.2 -0.9
v -2.2 1.3 0.5
v -2.1 1.3 0.5
v 2.1 1.3 0.5
v 2.2 1.3 0.5
v -2.2 1.3 0.4
v -2.1 1.3 0.4
v 2.1 1.3 0.4
v 2.2 1.3 0.4
v -2.2 1.3 0.2
v -2.1 1.3 0.2
v 2.1 1.3 0.2
v 2.2 1.3 0.2
v -2.2 1.3 0.1
v -2.1 1.3 0.1
v 2.1 1.3 0.1
v 2.2 1.3 0.1
v 0.1 0.1 1.9
v 0.2 0.1 1.9
v 0.4 0.1 1.9
v 1 0.1 1.9
v -0.7 0.1 1.8
v -0.5 0.1 1.8
v 0 0.1 1.8
v 0.1 0.1 1.8
v 0.2 0.1 1.8
v 0.4 0.1 1.8
v 1 0.1 1.8
v 1.1 0.1 1.8
v -1.3 0.1 1.7
v -1.1 0.1 1.7
v -0.9 0.1 1.7
v -0.7 0.1 1.7
v -0.5 0.1 1.7
v -0.4 0.1 1.7
v 0.2 0.1 1.7
v 0.4 0.1 1.7
v 1 0.1 1.7
v 1.1 0.1 1.7
v 1.2 0.1 1.7
v -1.4 0.1 1.6
v -1.3 0.1 1.6
v -1.1 0.1 1.6
v -0.9 0.1 1.6
v -0.7 0.1 1.6
v -0.2 0.1 1.6
v 0 0.1 1.6
v 0.1 0.1 1.6
v 1.1 0.1 1.6
v 1.2 0.1 1.6
v 1.3 0.1 1.6
v -1.5 0.1 1.5
v -1.4 0.1 1.5
v -1.3 0.1 1.5
v -1.1 0.1 1.5
v -0.9 0.1 1.5
v -0.5 0.1 1.5
v -0.4 0.1 1.5
v -0.2 0.1 1.5
v 0 0.1 1.5
v 1.2 0.1 1.5
v 1.3 0.1 1.5
v 1.4 0.1 1.5
v -0.4 0.1 1.4
v -0.2 0.1 1.4
v 1.3 0.1 1.4
v 1.4 0.1 1.4
v 1.5 0.1 1.4
v -1.6 0.1 1.3
v -1.5 0.1 1.3
v -1.4 0.1 1.3
v -1.7 0.1 1.1
v -1.6 0.1 1.1
v -1.5 0.1 1.1
v 1.4 0.1 1.1
v 1.5 0.1 1.1
v 1.6 0.1 1.1
v 1.5 0.1 1
v 1.6 0.1 1
v 1.7 0.1 1
v 1.5 0.1 0.9
v 1.6 0.1 0.9
v 1.7 0.1 0.9
v 1.4 0.1 0.8
v 1.5 0.1 0.8
v 1.6 0.1 0.8
v -1.7 0.1 0.7
v -1.6 0.1 0.7
v -1.5 0.1 0.7
v 1.4 0.1 0.1
v 1.5 0.1 0.1
v 1.6 0.1 0.1
v -1.7 0.1 0
v -1.6 0.1 0
v -1.5 0.1 0
v -1.8 0.1 -0.1
v -1.7 0.1 -0.1
v -1.6 0.1 -0.1
v -1.9 0.1 -0.2
v -1.8 0.1 -0.2
v -1.7 0.1 -0.2
v 1.4 0.1 -0.2
v 1.5 0.1 -0.2
v 1.6 0.1 -0.2
v -1.9 0.1 -0.4
v -1.8 0.1 -0.4
v -1.7 0.1 -0.4
v 1.3 0.1 -0.4
v 1.4 0.1 -0.4
v 1.5 0.1 -0.4
v 1.3 0.1 -0.5
v 1.4 0.1 -0.5
v 1.5 0.1 -0.5
v -1.8 0.1 -0.6
v -1.7 0.1 -0.6
v -1.6 0.1 -0.6
v 1.4 0.1 -0.6
v 1.5 0.1 -0.6
v 1.6 0.1 -0.6
v -1.7 0.1 -0.7
v -1.6 0.1 -0.7
v -1.3 0.1 -0.7
v 1.4 0.1 -0.7
v 1.5 0.1 -0.7
v 1.6 0.1 -0.7
v -1.6 0.1 -0.8
v -1.3 0.1 -0.8
v -1.2 0.1 -0.8
v -0.5 0.1 -0.9
v -0.2 0.1 -0.9
v 1 0.1 -0.9
v 1.4 0.1 -0.9
v 1.5 0.1 -0.9
v -0.6 0.1 -1
v -0.5 0.1 -1
v -0.2 0.1 -1
v -0.0999999 0.1 -1
v 0.9 0.1 -1
v 1 0.1 -1
v 1.4 0.1 -1
v -0.7 0.1 -1.1
v -0.6 0.1 -1.1
v -0.5 0.1 -1.1
v -0.2 0.1 -1.1
v -0.0999999 0.1 -1.1
v 0 0.1 -1.1
v 0.7 0.1 -1.1
v 0.9 0.1 -1.1
v 1 0.1 -1.1
v -0.0999999 0.1 -1.2
v 0 0.1 -1.2
v 0.1 0.1 -1.2
v 0.6 0.1 -1.2
v 0.7 0.1 -1.2
v 0.9 0.1 -1.2
v -1.3 0.1 -1.3
v -1.2 0.1 -1.3
v -1 0.1 -1.3
v 0 0.1 -1.3
v 0.1 0.1 -1.3
v 0.6 0.1 -1.3
v 0.7 0.1 -1.3
v -1.2 0.1 -1.4
v -1 0.1 -1.4
v -0.7 0.1 -1.4
v -0.6 0.1 -1.4
v 0.1 0.1 -1.4
v 0.6 0.1 -1.4
v -1 0.1 -1.5
v -0.7 0.1 -1.5
v 0.1 0.2 1.8
v 0.2 0.2 1.8
v 0.4 0.2 1.8
v 1 0.2 1.8
v -0.7 0.2 1.7
v -0.5 0.2 1.7
v 0.2 0.2 1.7
v 0.4 0.2 1.7
v 1 0.2 1.7
v 1.1 0.2 1.7
v -1.3 0.2 1.6
v -1.1 0.2 1.6
v -0.9 0.2 1.6
v -0.7 0.2 1.6
v 0 0.2 1.6
v 0.1 0.2 1.6
v 1.1 0.2 1.6
v 1.2 0.2 1.6
v -1.4 0.2 1.5
v -1.3 0.2 1.5
v -1.1 0.2 1.5
v -0.9 0.2 1.5
v -0.6 0.2 1.5
v -0.5 0.2 1.5
v -0.4 0.2 1.5
v -0.2 0.2 1.5
v 0 0.2 1.5
v 0.5 0.2 1.5
v 1.2 0.2 1.5
v 1.3 0.2 1.5
v -0.8 0.2 1.4
v -0.6 0.2 1.4
v -0.5 0.2 1.4
v -0.4 0.2 1.4
v -0.2 0.2 1.4
v -0.0999999 0.2 1.4
v 0 0.2 1.4
v 0.5 0.2 1.4
v 0.8 0.2 1.4
v 1.3 0.2 1.4
v 1.4 0.2 1.4
v -1.5 0.2 1.3
v -1.4 0.2 1.3
v -0.9 0.2 1.3
v -0.8 0.2 1.3
v 0.8 0.2 1.3
v 0.9 0.2 1.3
v -1 0.2 1.2
v -0.9 0.2 1.2
v 0.9 0.2 1.2
v 1 0.2 1.2
v -1.6 0.2 1.1
v -1.5 0.2 1.1
v -1.1 0.2 1.1
v -1 0.2 1.1
v 1 0.2 1.1
v 1.1 0.2 1.1
v 1.4 0.2 1.1
v 1.5 0.2 1.1
v -1.2 0.2 1
v -1.1 0.2 1
v 1.1 0.2 1
v 1.2 0.2 1
v 1.5 0.2 1
v 1.6 0.2 1
v -1.3 0.2 0.9
v -1.2 0.2 0.9
v 1.5 0.2 0.9
v 1.6 0.2 0.9
v 1.4 0.2 0.8
v 1.5 0.2 0.8
v -1.6 0.2 0.7
v -1.5 0.2 0.7
v -1.4 0.2 0.7
v -1.3 0.2 0.7
v 1.2 0.2 0.7
v 1.3 0.2 0.7
v 1.4 0.2 0.1
v 1.5 0.2 0.1
v -1.6 0.2 0
v -1.5 0.2 0
v -1.7 0.2 -0.1
v -1.6 0.2 -0.1
v -1.8 0.2 -0.2
v -1.7 0.2 -0.2
v 1.4 0.2 -0.2
v 1.5 0.2 -0.2
v -1.4 0.2 -0.3
v -1.3 0.2 -0.3
v 1.2 0.2 -0.3
v 1.3 0.2 -0.3
v -1.8 0.2 -0.4
v -1.7 0.2 -0.4
v -1.3 0.2 -0.4
v -1.2 0.2 -0.4
v 1.1 0.2 -0.4
v 1.2 0.2 -0.4
v 1.3 0.2 -0.4
v 1.4 0.2 -0.4
v 1 0.2 -0.5
v 1.1 0.2 -0.5
v 1.3 0.2 -0.5
v 1.4 0.2 -0.5
v -1.7 0.2 -0.6
v -1.6 0.2 -0.6
v -1.2 0.2 -0.6
v -1.1 0.2 -0.6
v 0.8 0.2 -0.6
v 1 0.2 -0.6
v 1.4 0.2 -0.6
v 1.5 0.2 -0.6
v -1.6 0.2 -0.7
v -1.3 0.2 -0.7
v -1.1 0.2 -0.7
v -1 0.2 -0.7
v 0.7 0.2 -0.7
v 0.8 0.2 -0.7
v 1.4 0.2 -0.7
v 1.5 0.2 -0.7
v -1.3 0.2 -0.8
v -1.2 0.2 -0.8
v -1 0.2 -0.8
v -0.9 0.2 -0.8
v 0.6 0.2 -0.8
v 0.7 0.2 -0.8
v -0.9 0.2 -0.9
v -0.7 0.2 -0.9
v -0.6 0.2 -0.9
v -0.5 0.2 -0.9
v -0.2 0.2 -0.9
v -0.0999999 0.2 -0.9
v 0.5 0.2 -0.9
v 0.6 0.2 -0.9
v 1 0.2 -0.9
v 1.4 0.2 -0.9
v -0.7 0.2 -1
v -0.6 0.2 -1
v -0.5 0.2 -1
v -0.2 0.2 -1
v -0.0999999 0.2 -1
v 0.5 0.2 -1
v 0.9 0.2 -1
v 1 0.2 -1
v -0.7 0.2 -1.1
v -0.6 0.2 -1.1
v -0.0999999 0.2 -1.1
v 0 0.2 -1.1
v 0.7 0.2 -1.1
v 0.9 0.2 -1.1
v 0 0.2 -1.2
v 0.1 0.2 -1.2
v 0.6 0.2 -1.2
v 0.7 0.2 -1.2
v -1.2 0.2 -1.3
v -1 0.2 -1.3
v 0.1 0.2 -1.3
v 0.6 0.2 -1.3
v -1 0.2 -1.4
v -0.7 0.2 -1.4
v -0.6 0.3 1.5
v -0.5 0.3 1.5
v 0 0.3 1.5
v 0.5 0.3 1.5
v -0.8 0.3 1.4
v -0.6 0.3 1.4
v -0.5 0.3 1.4
v 0 0.3 1.4
v 0.5 0.3 1.4
v 0.8 0.3 1.4
v -0.9 0.3 1.3
v -0.8 0.3 1.3
v -0.6 0.3 1.3
v 0.5 0.3 1.3
v 0.8 0.3 1.3
v 0.9 0.3 1.3
v -1 0.3 1.2
v -0.9 0.3 1.2
v -0.8 0.3 1.2
v 0.8 0.3 1.2
v 0.9 0.3 1.2
v 1 0.3 1.2
v -1.1 0.3 1.1
v -1 0.3 1.1
v -0.9 0.3 1.1
v 0.9 0.3 1.1
v 1 0.3 1.1
v 1.1 0.3 1.1
v -1.2 0.3 1
v -1.1 0.3 1
v -1 0.3 1
v 1 0.3 1
v 1.1 0.3 1
v 1.2 0.3 1
v -1.3 0.3 0.9
v -1.2 0.3 0.9
v -1.1 0.3 0.9
v -1.4 0.3 0.7
v -1.3 0.3 0.7
v -1.2 0.3 0.7
v 1.1 0.3 0.7
v 1.2 0.3 0.7
v 1.3 0.3 0.7
v -1.4 0.3 -0.3
v -1.3 0.3 -0.3
v -1.2 0.3 -0.3
v 1.1 0.3 -0.3
v 1.2 0.3 -0.3
v 1.3 0.3 -0.3
v -1.3 0.3 -0.4
v -1.2 0.3 -0.4
v -1.1 0.3 -0.4
v 1 0.3 -0.4
v 1.1 0.3 -0.4
v 1.2 0.3 -0.4
v 0.8 0.3 -0.5
v 1 0.3 -0.5
v 1.1 0.3 -0.5
v -1.2 0.3 -0.6
v -1.1 0.3 -0.6
v -1 0.3 -0.6
v 0.7 0.3 -0.6
v 0.8 0.3 -0.6
v 1 0.3 -0.6
v -1.1 0.3 -0.7
v -1 0.3 -0.7
v -0.9 0.3 -0.7
v 0.6 0.3 -0.7
v 0.7 0.3 -0.7
v 0.8 0.3 -0.7
v -1 0.3 -0.8
v -0.9 0.3 -0.8
v -0.7 0.3 -0.8
v 0.5 0.3 -0.8
v 0.6 0.3 -0.8
v 0.7 0.3 -0.8
v -0.9 0.3 -0.9
v -0.7 0.3 -0.9
v -0.6 0.3 -0.9
v -0.0999999 0.3 -0.9
v 0.5 0.3 -0.9
v 0.6 0.3 -0.9
v -0.7 0.3 -1
v -0.6 0.3 -1
v -0.0999999 0.3 -1
v 0.5 0.3 -1
v -0.6 0.4 1.4
v -0.4 0.4 1.4
v 0 0.4 1.4
v 0.5 0.4 1.4
v -0.8 0.4 1.3
v -0.6 0.4 1.3
v -0.4 0.4 1.3
v 0 0.4 1.3
v 0.5 0.4 1.3
v 0.8 0.4 1.3
v -0.9 0.4 1.2
v -0.8 0.4 1.2
v -0.6 0.4 1.2
v 0.5 0.4 1.2
v 0.8 0.4 1.2
v 0.9 0.4 1.2
v -1 0.4 1.1
v -0.9 0.4 1.1
v -0.8 0.4 1.1
v 0.8 0.4 1.1
v 0.9 0.4 1.1
v 1 0.4 1.1
v -1.1 0.4 1
v -1 0.4 1
v -0.9 0.4 1
v 0.9 0.4 1
v 1 0.4 1
v 1.1 0.4 1
v -1.2 0.4 0.9
v -1.1 0.4 0.9
v -1 0.4 0.9
v -1.3 0.4 0.7
v -1.2 0.4 0.7
v -1.1 0.4 0.7
v 1 0.4 0.7
v 1.1 0.4 0.7
v 1.2 0.4 0.7
v -1.3 0.4 -0.3
v -1.2 0.4 -0.3
v -1.1 0.4 -0.3
v 1 0.4 -0.3
v 1.1 0.4 -0.3
v 1.2 0.4 -0.3
v -1.2 0.4 -0.4
v -1.1 0.4 -0.4
v -1 0.4 -0.4
v 0.8 0.4 -0.4
v 1 0.4 -0.4
v 1.1 0.4 -0.4
v 0.7 0.4 -0.5
v 0.8 0.4 -0.5
v 1 0.4 -0.5
v -1.1 0.4 -0.6
v -1 0.4 -0.6
v -0.9 0.4 -0.6
v 0.6 0.4 -0.6
v 0.7 0.4 -0.6
v 0.8 0.4 -0.6
v -1 0.4 -0.7
v -0.9 0.4 -0.7
v -0.7 0.4 -0.7
v 0.5 0.4 -0.7
v 0.6 0.4 -0.7
v 0.7 0.4 -0.7
v -0.9 0.4 -0.8
v -0.7 0.4 -0.8
v -0.2 0.4 -0.8
v -0.0999999 0.4 -0.8
v 0.5 0.4 -0.8
v 0.6 0.4 -0.8
v -0.7 0.4 -0.9
v -0.2 0.4 -0.9
v -0.0999999 0.4 -0.9
v 0.5 0.4 -0.9
v -0.6 1.3 1.4
v 0.1 1.3 1.4
v 0.2 1.3 1.4
v 0.5 1.3 1.4
v -0.8 1.3 1.3
v -0.6 1.3 1.3
v 0.1 1.3 1.3
v 0.2 1.3 1.3
v 0.5 1.3 1.3
v 0.8 1.3 1.3
v -0.9 1.3 1.2
v -0.8 1.3 1.2
v -0.6 1.3 1.2
v 0.5 1.3 1.2
v 0.8 1.3 1.2
v 0.9 1.3 1.2
v -1 1.3 1.1
v -0.9 1.3 1.1
v -0.8 1.3 1.1
v 0.8 1.3 1.1
v 0.9 1.3 1.1
v 1 1.3 1.1
v -1.1 1.3 1
v -1 1.3 1
v -0.9 1.3 1
v 0.9 1.3 1
v 1 1.3 1
v 1.1 1.3 1
v -1.2 1.3 0.9
v -1.1 1.3 0.9
v -1 1.3 0.9
v -1.2 1.3 0.8
v -1.1 1.3 0.8
v -1.4 1.3 0.7
v -1.2 1.3 0.7
v 1 1.3 0.7
v 1.1 1.3 0.7
v 1.4 1.3 0.7
v -1.4 1.3 0.6
v -1.3 1.3 0.6
v 1.1 1.3 0.6
v 1.4 1.3 0.6
v -1.3 1.3 0.5
v -1.2 1.3 0.5
v -1.4 1.3 0.1
v -1.2 1.3 0.1
v 1.1 1.3 0.1
v 1.4 1.3 0.1
v -1.4 1.3 0
v 1.4 1.3 0
v -1.3 1.3 -0.3
v -1.2 1.3 -0.3
v -1.1 1.3 -0.3
v -1.4 1.3 -0.4
v -1.3 1.3 -0.4
v -1.2 1.3 -0.4
v -1.1 1.3 -0.4
v -1 1.3 -0.4
v 0.8 1.3 -0.4
v 1.1 1.3 -0.4
v 1.4 1.3 -0.4
v 0.7 1.3 -0.5
v 0.8 1.3 -0.5
v 1.1 1.3 -0.5
v -1.1 1.3 -0.6
v -1 1.3 -0.6
v -0.9 1.3 -0.6
v 0.6 1.3 -0.6
v 0.7 1.3 -0.6
v 0.8 1.3 -0.6
v -1 1.3 -0.7
v -0.9 1.3 -0.7
v -0.7 1.3 -0.7
v 0.5 1.3 -0.7
v 0.6 1.3 -0.7
v 0.7 1.3 -0.7
v -0.9 1.3 -0.8
v -0.7 1.3 -0.8
v 0.5 1.3 -0.8
v 0.6 1.3 -0.8
v -0.7 1.3 -0.9
v 0.5 1.3 -0.9
v -0.6 1.4 1.3
v 0.5 1.4 1.3
v -0.8 1.4 1.2
v -0.6 1.4 1.2
v 0.1 1.4 1.2
v 0.3 1.4 1.2
v 0.5 1.4 1.2
v 0.8 1.4 1.2
v -0.9 1.4 1.1
v -0.8 1.4 1.1
v -0.5 1.4 1.1
v 0.1 1.4 1.1
v 0.3 1.4 1.1
v 0.4 1.4 1.1
v 0.8 1.4 1.1
v 0.9 1.4 1.1
v -1 1.4 1
v -0.9 1.4 1
v -0.6 1.4 1
v -0.5 1.4 1
v 0.4 1.4 1
v 0.5 1.4 1
v 0.9 1.4 1
v 1 1.4 1
v -1.1 1.4 0.9
v -1 1.4 0.9
v -0.7 1.4 0.9
v -0.6 1.4 0.9
v 0.5 1.4 0.9
v 0.6 1.4 0.9
v -1.2 1.4 0.8
v -1.1 1.4 0.8
v -0.8 1.4 0.8
v -0.7 1.4 0.8
v 0.6 1.4 0.8
v 0.7 1.4 0.8
v -0.9 1.4 0.7
v -0.8 1.4 0.7
v 0.7 1.4 0.7
v 1 1.4 0.7
v 1.1 1.4 0.7
v -1.4 1.4 0.6
v -1.3 1.4 0.6
v -1.2 1.4 0.6
v -0.9 1.4 0.6
v 1 1.4 0.6
v 1.1 1.4 0.6
v 1.4 1.4 0.6
v -2.2 1.4 0.5
v -2.1 1.4 0.5
v -1.4 1.4 0.5
v -1.3 1.4 0.5
v 1.1 1.4 0.5
v 1.4 1.4 0.5
v 2.1 1.4 0.5
v 2.2 1.4 0.5
v -2.2 1.4 0.4
v -2.1 1.4 0.4
v 2.1 1.4 0.4
v 2.2 1.4 0.4
v -2.2 1.4 0.2
v -2.1 1.4 0.2
v 2.1 1.4 0.2
v 2.2 1.4 0.2
v -2.2 1.4 0.1
v -2.1 1.4 0.1
v 1 1.4 0.1
v 1.1 1.4 0.1
v 2.1 1.4 0.1
v 2.2 1.4 0.1
v -1.2 1.4 0
v -1.1 1.4 0
v 0.8 1.4 0
v 1 1.4 0
v -1.1 1.4 -0.1
v -0.8 1.4 -0.1
v 0.7 1.4 -0.1
v 0.8 1.4 -0.1
v 0.6 1.4 -0.2
v 0.7 1.4 -0.2
v -1.2 1.4 -0.3
v -1.1 1.4 -0.3
v 0.5 1.4 -0.3
v 0.6 1.4 -0.3
v -1.1 1.4 -0.4
v -1 1.4 -0.4
v 0.4 1.4 -0.4
v 0.5 1.4 -0.4
v 0.8 1.4 -0.4
v 1.1 1.4 -0.4
v -0.8 1.4 -0.5
v -0.7 1.4 -0.5
v 0.3 1.4 -0.5
v 0.4 1.4 -0.5
v 0.7 1.4 -0.5
v 0.8 1.4 -0.5
v -1 1.4 -0.6
v -0.9 1.4 -0.6
v -0.7 1.4 -0.6
v 0.3 1.4 -0.6
v 0.6 1.4 -0.6
v 0.7 1.4 -0.6
v -0.9 1.4 -0.7
v -0.7 1.4 -0.7
v 0.5 1.4 -0.7
v 0.6 1.4 -0.7
v -0.7 1.4 -0.8
v 0.5 1.4 -0.8
v -2 1.5 0.6
v -1.4 1.5 0.6
v 1.4 1.5 0.6
v 2 1.5 0.6
v -2.1 1.5 0.5
v -2 1.5 0.5
v -1.4 1.5 0.5
v 1.4 1.5 0.5
v 2 1.5 0.5
v 2.1 1.5 0.5
v -2.2 1.5 0.4
v -2.1 1.5 0.4
v -2 1.5 0.4
v 2 1.5 0.4
v 2.1 1.5 0.4
v 2.2 1.5 0.4
v -2.2 1.5 0.2
v -2.1 1.5 0.2
v -2 1.5 0.2
v 2 1.5 0.2
v 2.1 1.5 0.2
v 2.2 1.5 0.2
v -2.1 1.5 0.1
v -2 1.5 0.1
v -1.4 1.5 0.1
v 1.4 1.5 0.1
v 2 1.5 0.1
v 2.1 1.5 0.1
v -2 1.5 0
v -1.4 1.5 0
v 1.4 1.5 0
v 2 1.5 0
v 0.1 1.6 1.2
v 0.3 1.6 1.2
v -0.5 1.6 1.1
v 0.1 1.6 1.1
v 0.3 1.6 1.1
v 0.4 1.6 1.1
v -0.6 1.6 1
v -0.5 1.6 1
v 0.1 1.6 1
v 0.3 1.6 1
v 0.4 1.6 1
v 0.5 1.6 1
v -0.7 1.6 0.9
v -0.6 1.6 0.9
v -0.5 1.6 0.9
v 0.4 1.6 0.9
v 0.5 1.6 0.9
v 0.6 1.6 0.9
v -0.8 1.6 0.8
v -0.7 1.6 0.8
v -0.6 1.6 0.8
v 0.5 1.6 0.8
v 0.6 1.6 0.8
v 0.7 1.6 0.8
v -0.9 1.6 0.7
v -0.8 1.6 0.7
v -0.7 1.6 0.7
v 0.6 1.6 0.7
v 0.7 1.6 0.7
v 1 1.6 0.7
v -1.2 1.6 0.6
v -0.9 1.6 0.6
v -0.8 1.6 0.6
v 0.7 1.6 0.6
v 1 1.6 0.6
v 1.1 1.6 0.6
v -2 1.6 0.5
v -1.4 1.6 0.5
v -1.2 1.6 0.5
v -0.9 1.6 0.5
v 1 1.6 0.5
v 1.1 1.6 0.5
v 1.4 1.6 0.5
v 2 1.6 0.5
v -2.1 1.6 0.4
v -2 1.6 0.4
v 2 1.6 0.4
v 2.1 1.6 0.4
v -2.1 1.6 0.2
v -2 1.6 0.2
v 2 1.6 0.2
v 2.1 1.6 0.2
v -2 1.6 0.1
v -1.4 1.6 0.1
v -1.2 1.6 0.1
v -1.1 1.6 0.1
v 0.8 1.6 0.1
v 1 1.6 0.1
v 1.1 1.6 0.1
v 1.4 1.6 0.1
v 2 1.6 0.1
v -1.2 1.6 0
v -1.1 1.6 0
v -0.8 1.6 0
v 0.7 1.6 0
v 0.8 1.6 0
v 1 1.6 0
v -1.1 1.6 -0.1
v -0.8 1.6 -0.1
v -0.7 1.6 -0.1
v 0.6 1.6 -0.1
v 0.7 1.6 -0.1
v 0.8 1.6 -0.1
v 0.5 1.6 -0.2
v 0.6 1.6 -0.2
v 0.7 1.6 -0.2
v 0.4 1.6 -0.3
v 0.5 1.6 -0.3
v 0.6 1.6 -0.3
v 0.3 1.6 -0.4
v 0.4 1.6 -0.4
v 0.5 1.6 -0.4
v -0.8 1.6 -0.5
v -0.7 1.6 -0.5
v 0.3 1.6 -0.5
v 0.4 1.6 -0.5
v -0.7 1.6 -0.6
v 0.3 1.6 -0.6
v 0.1 1.7 1.1
v 0.3 1.7 1.1
v -0.5 1.7 1
v 0.1 1.7 1
v 0.3 1.7 1
v 0.4 1.7 1
v -0.6 1.7 0.9
v -0.5 1.7 0.9
v -0.4 1.7 0.9
v 0.3 1.7 0.9
v 0.4 1.7 0.9
v 0.5 1.7 0.9
v -0.7 1.7 0.8
v -0.6 1.7 0.8
v -0.5 1.7 0.8
v -0.4 1.7 0.8
v 0.3 1.7 0.8
v 0.4 1.7 0.8
v 0.5 1.7 0.8
v 0.6 1.7 0.8
v -0.8 1.7 0.7
v -0.7 1.7 0.7
v -0.6 1.7 0.7
v -0.5 1.7 0.7
v 0.4 1.7 0.7
v 0.5 1.7 0.7
v 0.6 1.7 0.7
v 0.7 1.7 0.7
v -0.9 1.7 0.6
v -0.8 1.7 0.6
v -0.7 1.7 0.6
v -0.6 1.7 0.6
v 0.5 1.7 0.6
v 0.6 1.7 0.6
v 0.7 1.7 0.6
v 1 1.7 0.6
v -1.2 1.7 0.5
v -0.9 1.7 0.5
v -0.8 1.7 0.5
v -0.7 1.7 0.5
v 0.6 1.7 0.5
v 0.7 1.7 0.5
v 1 1.7 0.5
v 1.1 1.7 0.5
v -1.2 1.7 0.1
v -1.1 1.7 0.1
v 0.8 1.7 0.1
v 1.1 1.7 0.1
v -1.1 1.7 0
v -0.8 1.7 0
v -0.7 1.7 0
v 0.6 1.7 0
v 0.7 1.7 0
v 0.8 1.7 0
v -0.8 1.7 -0.1
v -0.7 1.7 -0.1
v -0.6 1.7 -0.1
v 0.5 1.7 -0.1
v 0.6 1.7 -0.1
v 0.7 1.7 -0.1
v -0.6 1.7 -0.2
v -0.5 1.7 -0.2
v 0.4 1.7 -0.2
v 0.5 1.7 -0.2
v 0.6 1.7 -0.2
v -0.5 1.7 -0.3
v -0.4 1.7 -0.3
v 0.3 1.7 -0.3
v 0.4 1.7 -0.3
v 0.5 1.7 -0.3
v -0.4 1.7 -0.4
v 0.3 1.7 -0.4
v 0.4 1.7 -0.4
v -0.7 1.7 -0.5
v 0.3 1.7 -0.5
v -0.4 2.5 0.9
v 0.3 2.5 0.9
v -0.5 2.5 0.8
v -0.4 2.5 0.8
v 0.3 2.5 0.8
v 0.4 2.5 0.8
v -0.6 2.5 0.7
v -0.5 2.5 0.7
v 0.4 2.5 0.7
v 0.5 2.5 0.7
v -0.7 2.5 0.6
v -0.6 2.5 0.6
v -0.5 2.5 0.6
v -0.4 2.5 0.6
v 0.3 2.5 0.6
v 0.4 2.5 0.6
v 0.5 2.5 0.6
v 0.6 2.5 0.6
v -0.8 2.5 0.5
v -0.7 2.5 0.5
v -0.5 2.5 0.5
v 0.4 2.5 0.5
v 0.6 2.5 0.5
v 0.7 2.5 0.5
v -0.8 2.5 0
v -0.7 2.5 0
v -0.5 2.5 0
v 0.4 2.5 0
v 0.6 2.5 0
v 0.7 2.5 0
v -0.7 2.5 -0.1
v -0.6 2.5 -0.1
v -0.5 2.5 -0.1
v -0.4 2.5 -0.1
v 0.3 2.5 -0.1
v 0.4 2.5 -0.1
v 0.5 2.5 -0.1
v 0.6 2.5 -0.1
v -0.6 2.5 -0.2
v -0.5 2.5 -0.2
v 0.4 2.5 -0.2
v 0.5 2.5 -0.2
v -0.5 2.5 -0.3
v -0.4 2.5 -0.3
v 0.3 2.5 -0.3
v 0.4 2.5 -0.3
v -0.4 2.5 -0.4
v 0.3 2.5 -0.4
v -0.4 2.6 0.8
v 0.3 2.6 0.8
v -0.3 2.6 0.7
v 0.2 2.6 0.7
v -0.5 2.6 0.6
v -0.4 2.6 0.6
v 0.3 2.6 0.6
v 0.4 2.6 0.6
v -0.7 2.6 0.5
v -0.6 2.6 0.5
v -0.5 2.6 0.5
v -0.3 2.6 0.5
v 0.2 2.6 0.5
v 0.4 2.6 0.5
v 0.5 2.6 0.5
v 0.6 2.6 0.5
v -0.7 2.6 0
v -0.6 2.6 0
v -0.5 2.6 0
v -0.3 2.6 0
v 0.2 2.6 0
v 0.4 2.6 0
v 0.5 2.6 0
v 0.6 2.6 0
v -0.5 2.6 -0.1
v -0.4 2.6 -0.1
v 0.3 2.6 -0.1
v 0.4 2.6 -0.1
v -0.3 2.6 -0.2
v 0.2 2.6 -0.2
v -0.4 2.6 -0.3
v 0.3 2.6 -0.3
v -0.3 2.7 0.7
v 0.2 2.7 0.7
v -0.3 2.7 0.6
v 0.2 2.7 0.6
v -0.6 2.7 0.5
v -0.3 2.7 0.5
v 0.2 2.7 0.5
v 0.5 2.7 0.5
v -0.5 2.7 0.4
v -0.3 2.7 0.4
v 0.2 2.7 0.4
v 0.4 2.7 0.4
v -0.5 2.7 0.1
v -0.3 2.7 0.1
v 0.2 2.7 0.1
v 0.4 2.7 0.1
v -0.6 2.7 0
v -0.3 2.7 0
v 0.2 2.7 0
v 0.5 2.7 0
v -0.3 2.7 -0.1
v 0.2 2.7 -0.1
v -0.3 2.7 -0.2
v 0.2 2.7 -0.2
v -0.3 2.8 0.6
v 0.2 2.8 0.6
v -0.2 2.8 0.5
v 0.1 2.8 0.5
v -0.5 2.8 0.4
v -0.4 2.8 0.4
v -0.3 2.8 0.4
v -0.2 2.8 0.4
v 0.1 2.8 0.4
v 0.2 2.8 0.4
v 0.3 2.8 0.4
v 0.4 2.8 0.4
v -0.5 2.8 0.1
v -0.4 2.8 0.1
v -0.3 2.8 0.1
v -0.2 2.8 0.1
v 0.1 2.8 0.1
v 0.2 2.8 0.1
v 0.3 2.8 0.1
v 0.4 2.8 0.1
v -0.2 2.8 0
v 0.1 2.8 0
v -0.3 2.8 -0.1
v 0.2 2.8 -0.1
v -0.2 2.9 0.5
v 0.1 2.9 0.5
v -0.4 2.9 0.4
v -0.2 2.9 0.4
v 0.1 2.9 0.4
v 0.3 2.9 0.4
v -0.4 2.9 0.1
v -0.2 2.9 0.1
v 0.1 2.9 0.1
v 0.3 2.9 0.1
v -0.2 2.9 0
v 0.1 2.9 0

# faces
f 4/2/1 2/2/1 1/2/1
f 5/2/1 2/2/1 4/2/1
f 7/2/1 4/2/1 3/2/1
f 7/2/1 6/2/1 5/2/1
f 7/2/1 5/2/1 4/2/1
f 8/2/1 6/2/1 7/2/1
f 9/2/1 6/2/1 8/2/1
f 10/2/1 6/2/1 9/2/1
f 11/2/1 9/2/1 8/2/1
f 12/2/1 9/2/1 11/2/1
f 16/2/1 14/2/1 13/2/1
f 17/2/1 14/2/1 16/2/1
f 19/2/1 16/2/1 15/2/1
f 20/2/1 16/2/1 19/2/1
f 21/2/1 18/2/1 17/2/1
f 22/2/1 18/2/1 21/2/1
f 27/2/1 24/2/1 23/2/1
f 28/2/1 24/2/1 27/2/1
f 29/2/1 26/2/1 25/2/1
f 30/2/1 26/2/1 29/2/1
f 31/2/1 29/2/1 28/2/1
f 32/2/1 29/2/1 31/2/1
f 36/2/1 34/2/1 33/2/1
f 37/2/1 34/2/1 36/2/1
f 40/2/1 36/2/1 35/2/1
f 41/2/1 36/2/1 40/2/1
f 42/2/1 38/2/1 37/2/1
f 43/2/1 38/2/1 42/2/1
f 45/2/1 40/2/1 39/2/1
f 46/2/1 40/2/1 45/2/1
f 49/2/1 44/2/1 43/2/1
f 50/2/1 44/2/1 49/2/1
f 51/2/1 47/2/1 46/2/1
f 52/2/1 47/2/1 51/2/1
f 53/2/1 49/2/1 48/2/1
f 54/2/1 49/2/1 53/2/1
f 57/4/1 56/4/1 55/4/1
f 58/4/1 56/4/1 57/4/1
f 63/4/1 60/4/1 59/4/1
f 64/4/1 60/4/1 63/4/1
f 65/4/1 62/4/1 61/4/1
f 66/4/1 62/4/1 65/4/1
f 67/5/1 65/5/1 64/5/1
f 68/5/1 65/5/1 67/5/1
f 75/4/1 70/4/1 69/4/1
f 76/4/1 70/4/1 75/4/1
f 77/4/1 72/4/1 71/4/1
f 78/4/1 72/4/1 77/4/1
f 81/4/1 74/4/1 73/4/1
f 82/4/1 74/4/1 81/4/1
f 83/5/1 79/5/1 78/5/1
f 84/5/1 79/5/1 83/5/1
f 85/5/1 81/5/1 80/5/1
f 86/5/1 81/5/1 85/5/1
f 93/4/1 88/4/1 87/4/1
f 94/4/1 88/4/1 93/4/1
f 95/4/1 90/4/1 89/4/1
f 96/4/1 90/4/1 95/4/1
f 99/4/1 92/4/1 91/4/1
f 100/4/1 92/4/1 99/4/1
f 101/5/1 95/5/1 94/5/1
f 102/5/1 95/5/1 101/5/1
f 103/5/1 97/5/1 96/5/1
f 104/5/1 97/5/1 103/5/1
f 105/5/1 99/5/1 98/5/1
f 106/5/1 99/5/1 105/5/1
f 109/4/1 108/4/1 107/4/1
f 110/4/1 108/4/1 109/4/1
f 114/5/1 111/5/1 110/5/1
f 115/5/1 111/5/1 114/5/1
f 116/5/1 113/5/1 112/5/1
f 117/5/1 113/5/1 116/5/1
f 120/4/1 119/4/1 118/4/1
f 121/4/1 119/4/1 120/4/1
f 123/5/1 122/5/1 121/5/1
f 124/5/1 122/5/1 123/5/1
f 127/2/1 126/2/1 125/2/1
f 128/2/1 126/2/1 127/2/1
f 132/5/1 130/5/1 129/5/1
f 135/5/1 130/5/1 132/5/1
f 135/5/1 132/5/1 131/5/1
f 137/5/1 134/5/1 133/5/1
f 138/5/1 134/5/1 137/5/1
f 141/5/1 135/5/1 131/5/1
f 142/5/1 135/5/1 141/5/1
f 143/5/1 135/5/1 142/5/1
f 144/5/1 139/5/1 138/5/1
f 144/5/1 137/5/1 136/5/1
f 144/5/1 138/5/1 137/5/1
f 145/5/1 139/5/1 144/5/1
f 146/5/1 139/5/1 145/5/1
f 148/5/1 142/5/1 141/5/1
f 148/5/1 141/5/1 140/5/1
f 149/5/1 142/5/1 148/5/1
f 150/5/1 147/5/1 146/5/1
f 150/5/1 146/5/1 145/5/1
f 151/5/1 147/5/1 150/5/1
f 152/5/1 147/5/1 151/5/1
f 154/5/1 148/5/1 140/5/1
f 155/5/1 148/5/1 154/5/1
f 156/5/1 152/5/1 151/5/1
f 156/5/1 153/5/1 152/5/1
f 157/5/1 153/5/1 156/5/1
f 162/4/1 159/4/1 158/4/1
f 163/4/1 159/4/1 162/4/1
f 166/4/1 161/4/1 160/4/1
f 167/4/1 161/4/1 166/4/1
f 168/5/1 164/5/1 163/5/1
f 169/5/1 164/5/1 168/5/1
f 174/5/1 166/5/1 165/5/1
f 175/5/1 166/5/1 174/5/1
f 176/2/1 171/2/1 170/2/1
f 177/2/1 171/2/1 176/2/1
f 178/2/1 173/2/1 172/2/1
f 179/2/1 173/2/1 178/2/1
f 180/2/1 178/2/1 177/2/1
f 181/2/1 178/2/1 180/2/1
f 185/4/1 183/4/1 182/4/1
f 186/4/1 183/4/1 185/4/1
f 191/5/1 185/5/1 184/5/1
f 192/5/1 185/5/1 191/5/1
f 193/2/1 188/2/1 187/2/1
f 194/2/1 188/2/1 193/2/1
f 197/2/1 190/2/1 189/2/1
f 198/2/1 190/2/1 197/2/1
f 199/2/1 195/2/1 194/2/1
f 200/2/1 195/2/1 199/2/1
f 201/2/1 197/2/1 196/2/1
f 202/2/1 197/2/1 201/2/1
f 203/2/1 201/2/1 200/2/1
f 204/2/1 201/2/1 203/2/1
f 207/2/1 203/2/1 200/2/1
f 208/2/1 203/2/1 207/2/1
f 209/2/1 201/2/1 204/2/1
f 210/2/1 201/2/1 209/2/1
f 211/5/1 206/5/1 205/5/1
f 212/2/1 207/2/1 200/2/1
f 213/2/1 209/2/1 204/2/1
f 214/2/1 209/2/1 213/2/1
f 215/2/1 201/2/1 210/2/1
f 216/2/1 201/2/1 215/2/1
f 217/5/1 212/5/1 211/5/1
f 217/2/1 207/2/1 212/2/1
f 218/2/1 207/2/1 217/2/1
f 219/2/1 213/2/1 204/2/1
f 220/2/1 213/2/1 219/2/1
f 221/2/1 201/2/1 216/2/1
f 222/2/1 201/2/1 221/2/1
f 223/2/1 201/2/1 222/2/1
f 225/2/1 223/2/1 222/2/1
f 226/5/1 224/5/1 223/5/1
f 226/2/1 223/2/1 225/2/1
f 227/5/1 211/5/1 205/5/1
f 227/5/1 217/5/1 211/5/1
f 228/5/1 217/5/1 227/5/1
f 229/5/1 217/5/1 228/5/1
f 232/5/1 224/5/1 226/5/1
f 233/5/1 224/5/1 232/5/1
f 234/5/1 230/5/1 229/5/1
f 234/5/1 229/5/1 228/5/1
f 235/5/1 230/5/1 234/5/1
f 236/5/1 230/5/1 235/5/1
f 237/5/1 232/5/1 231/5/1
f 238/5/1 232/5/1 237/5/1
f 239/5/1 232/5/1 238/5/1
f 240/2/1 236/2/1 235/2/1
f 241/2/1 236/2/1 240/2/1
f 242/2/1 238/2/1 237/2/1
f 243/2/1 238/2/1 242/2/1
f 244/5/1 241/5/1 240/5/1
f 245/5/1 241/5/1 244/5/1
f 246/5/1 243/5/1 242/5/1
f 247/5/1 243/5/1 246/5/1
f 248/5/1 246/5/1 245/5/1
f 249/5/1 246/5/1 248/5/1
f 254/2/1 251/2/1 250/2/1
f 255/2/1 251/2/1 254/2/1
f 258/2/1 253/2/1 252/2/1
f 259/2/1 253/2/1 258/2/1
f 260/2/1 256/2/1 255/2/1
f 261/2/1 256/2/1 260/2/1
f 264/2/1 258/2/1 257/2/1
f 265/2/1 258/2/1 264/2/1
f 266/2/1 262/2/1 261/2/1
f 267/2/1 262/2/1 266/2/1
f 268/2/1 262/2/1 267/2/1
f 269/2/1 262/2/1 268/2/1
f 270/2/1 264/2/1 263/2/1
f 274/2/1 270/2/1 263/2/1
f 275/5/1 271/5/1 270/5/1
f 275/2/1 270/2/1 274/2/1
f 276/5/1 271/5/1 275/5/1
f 278/5/1 273/5/1 272/5/1
f 279/5/1 273/5/1 278/5/1
f 282/5/1 277/5/1 276/5/1
f 282/5/1 276/5/1 275/5/1
f 283/5/1 277/5/1 282/5/1
f 284/5/1 280/5/1 279/5/1
f 285/5/1 280/5/1 284/5/1
f 288/5/1 282/5/1 281/5/1
f 289/5/1 282/5/1 288/5/1
f 290/2/1 287/2/1 286/2/1
f 291/2/1 287/2/1 290/2/1
f 293/5/1 291/5/1 290/5/1
f 294/5/1 291/5/1 293/5/1
f 295/5/1 293/5/1 292/5/1
f 296/5/1 293/5/1 295/5/1
f 300/4/1 298/4/1 297/4/1
f 301/4/1 298/4/1 300/4/1
f 306/5/1 300/5/1 299/5/1
f 307/5/1 300/5/1 306/5/1
f 308/2/1 303/2/1 302/2/1
f 309/2/1 303/2/1 308/2/1
f 312/2/1 305/2/1 304/2/1
f 313/2/1 305/2/1 312/2/1
f 314/2/1 310/2/1 309/2/1
f 315/2/1 310/2/1 314/2/1
f 318/2/1 312/2/1 311/2/1
f 319/2/1 312/2/1 318/2/1
f 320/2/1 318/2/1 317/2/1
f 321/2/1 318/2/1 320/2/1
f 322/2/1 318/2/1 321/2/1
f 324/2/1 316/2/1 315/2/1
f 325/2/1 316/2/1 324/2/1
f 326/2/1 322/2/1 321/2/1
f 327/5/1 323/5/1 322/5/1
f 327/2/1 322/2/1 326/2/1
f 330/5/1 329/5/1 328/5/1
f 331/5/1 329/5/1 330/5/1
f 334/5/1 323/5/1 327/5/1
f 335/5/1 323/5/1 334/5/1
f 336/5/1 332/5/1 331/5/1
f 337/5/1 332/5/1 336/5/1
f 338/5/1 334/5/1 333/5/1
f 339/5/1 334/5/1 338/5/1
f 342/4/1 341/4/1 340/4/1
f 343/4/1 341/4/1 342/4/1
f 345/5/1 344/5/1 343/5/1
f 346/5/1 344/5/1 345/5/1
f 351/2/1 348/2/1 347/2/1
f 352/2/1 348/2/1 351/2/1
f 355/2/1 350/2/1 349/2/1
f 356/2/1 350/2/1 355/2/1
f 357/2/1 353/2/1 352/2/1
f 358/2/1 353/2/1 357/2/1
f 361/2/1 355/2/1 354/2/1
f 362/2/1 355/2/1 361/2/1
f 363/2/1 361/2/1 360/2/1
f 365/2/1 363/2/1 360/2/1
f 366/5/1 364/5/1 363/5/1
f 366/2/1 363/2/1 365/2/1
f 368/2/1 359/2/1 358/2/1
f 369/2/1 359/2/1 368/2/1
f 370/5/1 368/5/1 367/5/1
f 371/5/1 368/5/1 370/5/1
f 374/5/1 364/5/1 366/5/1
f 375/5/1 364/5/1 374/5/1
f 376/5/1 372/5/1 371/5/1
f 377/5/1 372/5/1 376/5/1
f 380/5/1 374/5/1 373/5/1
f 381/5/1 374/5/1 380/5/1
f 382/2/1 379/2/1 378/2/1
f 383/2/1 379/2/1 382/2/1
f 384/5/1 383/5/1 382/5/1
f 385/5/1 383/5/1 384/5/1
f 387/5/1 386/5/1 385/5/1
f 388/5/1 386/5/1 387/5/1
f 391/2/1 390/2/1 389/2/1
f 392/2/1 390/2/1 391/2/1
f 394/2/1 393/2/1 392/2/1
f 395/2/1 393/2/1 394/2/1
f 399/5/1 398/5/1 397/5/1
f 400/5/1 398/5/1 399/5/1
f 402/2/1 396/2/1 395/2/1
f 403/2/1 396/2/1 402/2/1
f 404/5/1 402/5/1 401/5/1
f 405/5/1 402/5/1 404/5/1
f 407/5/1 406/5/1 405/5/1
f 408/5/1 406/5/1 407/5/1
f 413/2/1 410/2/1 409/2/1
f 414/2/1 410/2/1 413/2/1
f 415/2/1 412/2/1 411/2/1
f 416/2/1 412/2/1 415/2/1
f 417/5/1 414/5/1 413/5/1
f 418/5/1 414/5/1 417/5/1
f 421/5/1 416/5/1 415/5/1
f 422/5/1 416/5/1 421/5/1
f 423/5/1 419/5/1 418/5/1
f 424/5/1 419/5/1 423/5/1
f 426/5/1 421/5/1 420/5/1
f 427/5/1 421/5/1 426/5/1
f 428/2/1 426/2/1 425/2/1
f 429/2/1 426/2/1 428/2/1
f 432/4/1 431/4/1 430/4/1
f 433/4/1 431/4/1 432/4/1
f 435/5/1 434/5/1 433/5/1
f 436/5/1 434/5/1 435/5/1
f 440/2/1 438/2/1 437/2/1
f 441/2/1 438/2/1 440/2/1
f 443/2/1 440/2/1 439/2/1
f 444/2/1 440/2/1 443/2/1
f 445/2/1 443/2/1 442/2/1
f 446/2/1 443/2/1 445/2/1
f 451/5/1 450/5/1 449/5/1
f 452/5/1 450/5/1 451/5/1
f 454/5/1 448/5/1 447/5/1
f 455/5/1 448/5/1 454/5/1
f 460/5/1 454/5/1 453/5/1
f 461/5/1 454/5/1 460/5/1
f 462/2/1 457/2/1 456/2/1
f 463/2/1 457/2/1 462/2/1
f 464/2/1 459/2/1 458/2/1
f 465/2/1 459/2/1 464/2/1
f 466/5/1 463/5/1 462/5/1
f 467/5/1 463/5/1 466/5/1
f 470/5/1 465/5/1 464/5/1
f 471/5/1 465/5/1 470/5/1
f 472/5/1 468/5/1 467/5/1
f 473/5/1 468/5/1 472/5/1
f 477/5/1 470/5/1 469/5/1
f 478/5/1 470/5/1 477/5/1
f 479/2/1 475/2/1 474/2/1
f 480/2/1 475/2/1 479/2/1
f 481/2/1 477/2/1 476/2/1
f 482/2/1 477/2/1 481/2/1
f 483/2/1 481/2/1 480/2/1
f 484/2/1 481/2/1 483/2/1
f 487/2/1 486/2/1 485/2/1
f 488/2/1 486/2/1 487/2/1
f 490/2/1 489/2/1 488/2/1
f 491/2/1 489/2/1 490/2/1
f 494/2/1 492/2/1 491/2/1
f 495/2/1 492/2/1 494/2/1
f 496/5/1 494/5/1 493/5/1
f 497/5/1 494/5/1 496/5/1
f 499/5/1 498/5/1 497/5/1
f 500/5/1 498/5/1 499/5/1
f 503/2/1 502/2/1 501/2/1
f 504/2/1 502/2/1 503/2/1
f 505/5/1 504/5/1 503/5/1
f 506/5/1 504/5/1 505/5/1
f 508/5/1 507/5/1 506/5/1
f 509/5/1 507/5/1 508/5/1
f 514/2/1 511/2/1 510/2/1
f 515/2/1 511/2/1 514/2/1
f 516/2/1 513/2/1 512/2/1
f 517/2/1 513/2/1 516/2/1
f 520/2/1 519/2/1 518/2/1
f 521/2/1 519/2/1 520/2/1
f 524/5/1 523/5/1 522/5/1
f 525/5/1 523/5/1 524/5/1
f 528/2/1 527/2/1 526/2/1
f 529/2/1 527/2/1 528/2/1
f 530/5/1 529/5/1 528/5/1
f 531/5/1 529/5/1 530/5/1
f 533/5/1 532/5/1 531/5/1
f 534/5/1 532/5/1 533/5/1
f 539/2/1 536/2/1 535/2/1
f 540/2/1 536/2/1 539/2/1
f 545/2/1 538/2/1 537/2/1
f 546/2/1 538/2/1 545/2/1
f 547/2/1 542/2/1 541/2/1
f 548/2/1 542/2/1 547/2/1
f 549/2/1 544/2/1 543/2/1
f 550/2/1 544/2/1 549/2/1
f 553/2/1 552/2/1 551/2/1
f 554/2/1 552/2/1 553/2/1
f 557/3/1 556/3/1 555/3/1
f 558/3/1 556/3/1 557/3/1
f 559/6/1 558/6/1 557/6/1
f 560/6/1 558/6/1 559/6/1
f 561/5/1 560/5/1 559/5/1
f 562/5/1 560/5/1 561/5/1
f 567/2/1 564/2/1 563/2/1
f 568/2/1 564/2/1 567/2/1
f 569/7/1 568/7/1 567/7/1
f 570/7/1 568/7/1 569/7/1
f 571/1/1 570/1/1 569/1/1
f 572/1/1 570/1/1 571/1/1
f 573/7/1 572/7/1 571/7/1
f 574/7/1 572/7/1 573/7/1
f 575/2/1 574/2/1 573/2/1
f 576/2/1 574/2/1 575/2/1
f 579/2/1 566/2/1 565/2/1
f 580/2/1 566/2/1 579/2/1
f 581/2/1 577/2/1 576/2/1
f 582/2/1 577/2/1 581/2/1
f 583/2/1 579/2/1 578/2/1
f 584/2/1 579/2/1 583/2/1
f 587/2/1 586/2/1 585/2/1
f 588/2/1 586/2/1 587/2/1
f 591/5/1 590/5/1 589/5/1
f 592/5/1 590/5/1 591/5/1
f 597/2/1 594/2/1 593/2/1
f 598/2/1 594/2/1 597/2/1
f 599/2/1 594/2/1 598/2/1
f 602/2/1 596/2/1 595/2/1
f 603/2/1 596/2/1 602/2/1
f 604/2/1 596/2/1 603/2/1
f 605/2/1 600/2/1 599/2/1
f 605/2/1 599/2/1 598/2/1
f 606/2/1 600/2/1 605/2/1
f 607/2/1 603/2/1 602/2/1
f 607/2/1 602/2/1 601/2/1
f 608/2/1 603/2/1 607/2/1
f 613/4/1 610/4/1 609/4/1
f 614/4/1 610/4/1 613/4/1
f 617/4/1 612/4/1 611/4/1
f 618/4/1 612/4/1 617/4/1
f 619/5/1 615/5/1 614/5/1
f 620/5/1 615/5/1 619/5/1
f 621/5/1 617/5/1 616/5/1
f 622/5/1 617/5/1 621/5/1
f 625/5/1 624/5/1 623/5/1
f 626/5/1 624/5/1 625/5/1
f 631/2/1 628/2/1 627/2/1
f 632/2/1 628/2/1 631/2/1
f 633/2/1 630/2/1 629/2/1
f 634/2/1 630/2/1 633/2/1
f 638/4/1 636/4/1 635/4/1
f 639/4/1 636/4/1 638/4/1
f 641/5/1 638/5/1 637/5/1
f 642/5/1 638/5/1 641/5/1
f 643/2/1 641/2/1 640/2/1
f 644/2/1 641/2/1 643/2/1
f 649/4/1 646/4/1 645/4/1
f 650/4/1 646/4/1 649/4/1
f 653/4/1 648/4/1 647/4/1
f 654/4/1 648/4/1 653/4/1
f 655/5/1 651/5/1 650/5/1
f 656/5/1 651/5/1 655/5/1
f 658/5/1 653/5/1 652/5/1
f 659/5/1 653/5/1 658/5/1
f 660/2/1 657/2/1 656/2/1
f 661/2/1 657/2/1 660/2/1
f 666/4/1 663/4/1 662/4/1
f 667/4/1 663/4/1 666/4/1
f 670/4/1 665/4/1 664/4/1
f 671/4/1 665/4/1 670/4/1
f 672/5/1 668/5/1 667/5/1
f 673/5/1 668/5/1 672/5/1
f 674/5/1 670/5/1 669/5/1
f 675/5/1 670/5/1 674/5/1
f 678/2/1 677/2/1 676/2/1
f 679/2/1 677/2/1 678/2/1
f 680/5/1 679/5/1 678/5/1
f 681/5/1 679/5/1 680/5/1
f 683/5/1 682/5/1 681/5/1
f 684/5/1 682/5/1 683/5/1
f 687/4/1 686/4/1 685/4/1
f 688/4/1 686/4/1 687/4/1
f 691/4/1 690/4/1 689/4/1
f 692/4/1 690/4/1 691/4/1
f 695/5/1 694/5/1 693/5/1
f 696/5/1 694/5/1 695/5/1
f 699/4/1 698/4/1 697/4/1
f 700/4/1 698/4/1 699/4/1
f 702/5/1 701/5/1 700/5/1
f 703/5/1 701/5/1 702/5/1
f 706/3/1 705/3/1 704/3/1
f 707/3/1 705/3/1 706/3/1
f 708/4/1 707/4/1 706/4/1
f 709/4/1 707/4/1 708/4/1
f 713/2/1 711/2/1 710/2/1
f 714/2/1 711/2/1 713/2/1
f 715/2/1 713/2/1 712/2/1
f 715/2/1 714/2/1 713/2/1
f 716/2/1 714/2/1 715/2/1
f 721/2/1 718/2/1 717/2/1
f 722/2/1 720/2/1 719/2/1
f 723/2/1 720/2/1 722/2/1
f 724/2/1 718/2/1 721/2/1
f 725/2/1 718/2/1 724/2/1
f 726/2/2 727/2/2 728/2/2
f 728/2/2 727/2/2 729/2/2
f 730/2/2 731/2/2 734/2/2
f 732/2/2 733/2/2 735/2/2
f 735/2/2 733/2/2 736/2/2
f 734/2/2 731/2/2 737/2/2
f 737/2/2 731/2/2 738/2/2
f 739/5/2 740/5/2 741/5/2
f 741/5/2 740/5/2 742/5/2
f 742/5/2 743/5/2 744/5/2
f 744/5/2 743/5/2 745/5/2
f 745/5/2 746/5/2 747/5/2
f 747/5/2 746/5/2 748/5/2
f 748/5/2 749/5/2 752/5/2
f 752/5/2 749/5/2 753/5/2
f 750/5/2 751/5/2 754/5/2
f 754/5/2 751/5/2 755/5/2
f 756/4/2 757/4/2 758/4/2
f 758/4/2 757/4/2 759/4/2
f 759/5/2 760/5/2 761/5/2
f 761/5/2 760/5/2 762/5/2
f 763/4/2 764/4/2 766/4/2
f 766/4/2 764/4/2 767/4/2
f 765/5/2 766/5/2 768/5/2
f 768/5/2 766/5/2 769/5/2
f 770/4/2 771/4/2 773/4/2
f 773/4/2 771/4/2 774/4/2
f 772/5/2 773/5/2 776/5/2
f 776/5/2 773/5/2 777/5/2
f 775/2/2 776/2/2 778/2/2
f 778/2/2 776/2/2 779/2/2
f 780/5/2 781/5/2 782/5/2
f 782/5/2 781/5/2 783/5/2
f 784/4/2 785/4/2 788/4/2
f 788/4/2 785/4/2 789/4/2
f 786/4/2 787/4/2 792/4/2
f 792/4/2 787/4/2 793/4/2
f 789/5/2 790/5/2 794/5/2
f 794/5/2 790/5/2 795/5/2
f 791/5/2 792/5/2 797/5/2
f 797/5/2 792/5/2 798/5/2
f 795/2/2 796/2/2 799/2/2
f 799/2/2 796/2/2 800/2/2
f 801/5/2 802/5/2 803/5/2
f 803/5/2 802/5/2 804/5/2
f 805/4/2 806/4/2 807/4/2
f 807/4/2 806/4/2 808/4/2
f 808/5/2 809/5/2 810/5/2
f 810/5/2 809/5/2 811/5/2
f 812/5/2 813/5/2 814/5/2
f 814/5/2 813/5/2 815/5/2
f 818/5/2 819/5/2 820/5/2
f 820/5/2 819/5/2 821/5/2
f 816/3/2 817/3/2 822/3/2
f 822/3/2 817/3/2 823/3/2
f 822/4/2 823/4/2 824/4/2
f 824/4/2 823/4/2 825/4/2
f 826/5/2 827/5/2 828/5/2
f 828/5/2 827/5/2 829/5/2
f 830/4/2 831/4/2 832/4/2
f 832/4/2 831/4/2 833/4/2
f 834/2/2 835/2/2 838/2/2
f 838/2/2 835/2/2 839/2/2
f 836/2/2 837/2/2 840/2/2
f 840/2/2 837/2/2 841/2/2
f 842/4/2 843/4/2 844/4/2
f 844/4/2 843/4/2 845/4/2
f 845/5/2 846/5/2 847/5/2
f 847/5/2 846/5/2 848/5/2
f 849/5/2 850/5/2 851/5/2
f 851/5/2 850/5/2 852/5/2
f 853/2/2 854/2/2 857/2/2
f 857/2/2 854/2/2 858/2/2
f 858/2/2 854/2/2 859/2/2
f 855/2/2 856/2/2 862/2/2
f 862/2/2 856/2/2 863/2/2
f 863/2/2 856/2/2 864/2/2
f 859/2/2 860/2/2 865/2/2
f 858/2/2 859/2/2 865/2/2
f 865/2/2 860/2/2 866/2/2
f 862/2/2 863/2/2 867/2/2
f 861/2/2 862/2/2 867/2/2
f 867/2/2 863/2/2 868/2/2
f 869/2/2 870/2/2 873/2/2
f 873/2/2 870/2/2 874/2/2
f 871/2/2 872/2/2 875/2/2
f 875/2/2 872/2/2 876/2/2
f 873/5/2 874/5/2 877/5/2
f 877/5/2 874/5/2 878/5/2
f 875/5/2 876/5/2 881/5/2
f 881/5/2 876/5/2 882/5/2
f 878/5/2 879/5/2 883/5/2
f 883/5/2 879/5/2 884/5/2
f 880/5/2 881/5/2 888/5/2
f 888/5/2 881/5/2 889/5/2
f 885/2/2 886/2/2 890/2/2
f 890/2/2 886/2/2 891/2/2
f 890/7/2 891/7/2 892/7/2
f 892/7/2 891/7/2 893/7/2
f 892/2/2 893/2/2 894/2/2
f 894/2/2 893/2/2 895/2/2
f 887/2/2 888/2/2 898/2/2
f 898/2/2 888/2/2 899/2/2
f 895/2/2 896/2/2 900/2/2
f 900/2/2 896/2/2 901/2/2
f 897/2/2 898/2/2 902/2/2
f 902/2/2 898/2/2 903/2/2
f 904/2/2 905/2/2 906/2/2
f 906/2/2 905/2/2 907/2/2
f 908/2/2 909/2/2 912/2/2
f 912/2/2 909/2/2 913/2/2
f 910/2/2 911/2/2 914/2/2
f 914/2/2 911/2/2 915/2/2
f 912/5/2 913/5/2 916/5/2
f 916/5/2 913/5/2 917/5/2
f 914/5/2 915/5/2 920/5/2
f 920/5/2 915/5/2 921/5/2
f 917/5/2 918/5/2 922/5/2
f 922/5/2 918/5/2 923/5/2
f 919/5/2 920/5/2 927/5/2
f 927/5/2 920/5/2 928/5/2
f 924/2/2 925/2/2 929/2/2
f 929/2/2 925/2/2 930/2/2
f 926/2/2 927/2/2 935/2/2
f 935/2/2 927/2/2 936/2/2
f 931/2/2 932/2/2 937/2/2
f 937/2/2 932/2/2 938/2/2
f 933/2/2 934/2/2 939/2/2
f 939/2/2 934/2/2 940/2/2
f 941/2/2 942/2/2 943/2/2
f 943/2/2 942/2/2 944/2/2
f 945/2/2 946/2/2 949/2/2
f 949/2/2 946/2/2 950/2/2
f 947/2/2 948/2/2 953/2/2
f 953/2/2 948/2/2 954/2/2
f 950/2/2 951/2/2 955/2/2
f 955/2/2 951/2/2 956/2/2
f 952/2/2 953/2/2 959/2/2
f 959/2/2 953/2/2 960/2/2
f 956/2/2 957/2/2 961/2/2
f 961/2/2 957/2/2 962/2/2
f 963/3/2 964/3/2 965/3/2
f 965/3/2 964/3/2 966/3/2
f 965/4/2 966/4/2 967/4/2
f 967/4/2 966/4/2 968/4/2
f 958/2/2 959/2/2 969/2/2
f 969/2/2 959/2/2 970/2/2
f 967/5/2 968/5/2 973/5/2
f 973/5/2 968/5/2 974/5/2
f 971/5/2 972/5/2 977/5/2
f 977/5/2 972/5/2 978/5/2
f 974/5/2 975/5/2 979/5/2
f 979/5/2 975/5/2 980/5/2
f 976/5/2 977/5/2 985/5/2
f 985/5/2 977/5/2 986/5/2
f 981/2/2 982/2/2 987/2/2
f 987/2/2 982/2/2 988/2/2
f 983/2/2 984/2/2 989/2/2
f 989/2/2 984/2/2 990/2/2
f 987/5/2 988/5/2 991/5/2
f 991/5/2 988/5/2 992/5/2
f 989/5/2 990/5/2 995/5/2
f 995/5/2 990/5/2 996/5/2
f 992/5/2 993/5/2 997/5/2
f 997/5/2 993/5/2 998/5/2
f 994/5/2 995/5/2 1002/5/2
f 1002/5/2 995/5/2 1003/5/2
f 999/2/2 1000/2/2 1004/2/2
f 1004/2/2 1000/2/2 1005/2/2
f 1001/2/2 1002/2/2 1006/2/2
f 1006/2/2 1002/2/2 1007/2/2
f 1008/2/2 1009/2/2 1010/2/2
f 1010/2/2 1009/2/2 1011/2/2
f 1012/4/2 1013/4/2 1015/4/2
f 1015/4/2 1013/4/2 1016/4/2
f 1014/5/2 1015/5/2 1019/5/2
f 1019/5/2 1015/5/2 1020/5/2
f 1017/2/2 1018/2/2 1022/2/2
f 1022/2/2 1018/2/2 1023/2/2
f 1021/2/2 1022/2/2 1025/2/2
f 1025/2/2 1022/2/2 1026/2/2
f 1027/3/2 1028/3/2 1029/3/2
f 1029/3/2 1028/3/2 1030/3/2
f 1024/2/2 1025/2/2 1031/2/2
f 1024/2/2 1031/2/2 1033/2/2
f 1031/5/2 1032/5/2 1034/5/2
f 1033/2/2 1031/2/2 1034/2/2
f 1034/5/2 1032/5/2 1036/5/2
f 1036/5/2 1032/5/2 1037/5/2
f 1035/5/2 1036/5/2 1042/5/2
f 1042/5/2 1036/5/2 1043/5/2
f 1038/2/2 1039/2/2 1044/2/2
f 1044/2/2 1039/2/2 1045/2/2
f 1040/2/2 1041/2/2 1046/2/2
f 1046/2/2 1041/2/2 1047/2/2
f 1044/5/2 1045/5/2 1048/5/2
f 1048/5/2 1045/5/2 1049/5/2
f 1046/5/2 1047/5/2 1052/5/2
f 1052/5/2 1047/5/2 1053/5/2
f 1049/5/2 1050/5/2 1054/5/2
f 1054/5/2 1050/5/2 1055/5/2
f 1051/5/2 1052/5/2 1059/5/2
f 1059/5/2 1052/5/2 1060/5/2
f 1056/2/2 1057/2/2 1061/2/2
f 1061/2/2 1057/2/2 1062/2/2
f 1058/2/2 1059/2/2 1063/2/2
f 1063/2/2 1059/2/2 1064/2/2
f 1062/2/2 1063/2/2 1065/2/2
f 1065/2/2 1063/2/2 1066/2/2
f 1067/4/2 1068/4/2 1070/4/2
f 1070/4/2 1068/4/2 1071/4/2
f 1069/5/2 1070/5/2 1074/5/2
f 1074/5/2 1070/5/2 1075/5/2
f 1072/2/2 1073/2/2 1077/2/2
f 1077/2/2 1073/2/2 1078/2/2
f 1076/2/2 1077/2/2 1080/2/2
f 1080/2/2 1077/2/2 1081/2/2
f 1082/4/2 1083/4/2 1084/4/2
f 1084/4/2 1083/4/2 1085/4/2
f 1079/2/2 1080/2/2 1086/2/2
f 1086/2/2 1080/2/2 1087/2/2
f 1088/5/2 1089/5/2 1091/5/2
f 1091/5/2 1089/5/2 1092/5/2
f 1090/5/2 1091/5/2 1097/5/2
f 1097/5/2 1091/5/2 1098/5/2
f 1093/2/2 1094/2/2 1099/2/2
f 1099/2/2 1094/2/2 1100/2/2
f 1095/2/2 1096/2/2 1101/2/2
f 1101/2/2 1096/2/2 1102/2/2
f 1099/5/2 1100/5/2 1103/5/2
f 1103/5/2 1100/5/2 1104/5/2
f 1101/5/2 1102/5/2 1107/5/2
f 1107/5/2 1102/5/2 1108/5/2
f 1104/5/2 1105/5/2 1109/5/2
f 1109/5/2 1105/5/2 1110/5/2
f 1106/5/2 1107/5/2 1112/5/2
f 1112/5/2 1107/5/2 1113/5/2
f 1111/2/2 1112/2/2 1114/2/2
f 1114/2/2 1112/2/2 1115/2/2
f 1116/2/2 1117/2/2 1120/2/2
f 1120/2/2 1117/2/2 1121/2/2
f 1118/2/2 1119/2/2 1124/2/2
f 1124/2/2 1119/2/2 1125/2/2
f 1121/2/2 1122/2/2 1126/2/2
f 1126/2/2 1122/2/2 1127/2/2
f 1123/2/2 1124/2/2 1130/2/2
f 1130/2/2 1124/2/2 1131/2/2
f 1129/2/2 1130/2/2 1132/2/2
f 1132/2/2 1130/2/2 1133/2/2
f 1127/2/2 1128/2/2 1135/2/2
f 1134/4/2 1135/4/2 1138/4/2
f 1135/2/2 1128/2/2 1138/2/2
f 1138/2/2 1128/2/2 1139/2/2
f 1134/4/2 1138/4/2 1140/4/2
f 1140/4/2 1138/4/2 1141/4/2
f 1140/5/2 1141/5/2 1142/5/2
f 1142/5/2 1141/5/2 1143/5/2
f 1136/5/2 1137/5/2 1146/5/2
f 1146/5/2 1137/5/2 1147/5/2
f 1143/5/2 1144/5/2 1148/5/2
f 1148/5/2 1144/5/2 1149/5/2
f 1145/5/2 1146/5/2 1152/5/2
f 1152/5/2 1146/5/2 1153/5/2
f 1150/2/2 1151/2/2 1154/2/2
f 1154/2/2 1151/2/2 1155/2/2
f 1154/5/2 1155/5/2 1157/5/2
f 1157/5/2 1155/5/2 1158/5/2
f 1156/5/2 1157/5/2 1159/5/2
f 1159/5/2 1157/5/2 1160/5/2
f 1161/4/2 1162/4/2 1164/4/2
f 1164/4/2 1162/4/2 1165/4/2
f 1163/5/2 1164/5/2 1168/5/2
f 1168/5/2 1164/5/2 1169/5/2
f 1166/2/2 1167/2/2 1170/2/2
f 1170/2/2 1167/2/2 1171/2/2
f 1171/2/2 1172/2/2 1173/2/2
f 1173/2/2 1172/2/2 1174/2/2
f 1176/5/2 1177/5/2 1178/5/2
f 1178/5/2 1177/5/2 1179/5/2
f 1174/2/2 1175/2/2 1180/2/2
f 1180/2/2 1175/2/2 1181/2/2
f 1182/5/2 1183/5/2 1184/5/2
f 1184/5/2 1183/5/2 1185/5/2
f 1184/4/2 1185/4/2 1186/4/2
f 1186/4/2 1185/4/2 1187/4/2
f 1187/5/2 1188/5/2 1189/5/2
f 1189/5/2 1188/5/2 1190/5/2
f 1191/4/2 1192/4/2 1195/4/2
f 1195/4/2 1192/4/2 1196/4/2
f 1193/4/2 1194/4/2 1199/4/2
f 1199/4/2 1194/4/2 1200/4/2
f 1196/5/2 1197/5/2 1201/5/2
f 1201/5/2 1197/5/2 1202/5/2
f 1198/5/2 1199/5/2 1207/5/2
f 1207/5/2 1199/5/2 1208/5/2
f 1203/2/2 1204/2/2 1209/2/2
f 1209/2/2 1204/2/2 1210/2/2
f 1205/2/2 1206/2/2 1213/2/2
f 1213/2/2 1206/2/2 1214/2/2
f 1210/2/2 1211/2/2 1215/2/2
f 1215/2/2 1211/2/2 1216/2/2
f 1212/2/2 1213/2/2 1219/2/2
f 1219/2/2 1213/2/2 1220/2/2
f 1218/2/2 1219/2/2 1221/2/2
f 1216/2/2 1217/2/2 1224/2/2
f 1224/2/2 1217/2/2 1225/2/2
f 1223/5/2 1224/5/2 1225/5/2
f 1225/2/2 1217/2/2 1226/2/2
f 1226/2/2 1217/2/2 1227/2/2
f 1227/2/2 1217/2/2 1228/2/2
f 1218/2/2 1221/2/2 1229/2/2
f 1221/5/2 1222/5/2 1230/5/2
f 1229/2/2 1221/2/2 1230/2/2
f 1230/5/2 1222/5/2 1231/5/2
f 1223/5/2 1225/5/2 1232/5/2
f 1232/5/2 1225/5/2 1233/5/2
f 1228/2/2 1217/2/2 1234/2/2
f 1234/2/2 1217/2/2 1235/2/2
f 1232/4/2 1233/4/2 1236/4/2
f 1236/4/2 1233/4/2 1237/4/2
f 1237/5/2 1238/5/2 1239/5/2
f 1239/5/2 1238/5/2 1240/5/2
f 1240/2/2 1241/2/2 1244/2/2
f 1244/2/2 1241/2/2 1245/2/2
f 1242/2/2 1243/2/2 1246/2/2
f 1246/2/2 1243/2/2 1247/2/2
f 1244/5/2 1245/5/2 1248/5/2
f 1248/5/2 1245/5/2 1249/5/2
f 1246/5/2 1247/5/2 1251/5/2
f 1251/5/2 1247/5/2 1252/5/2
f 1249/5/2 1250/5/2 1253/5/2
f 1253/5/2 1250/5/2 1254/5/2
f 1255/4/2 1256/4/2 1257/4/2
f 1257/4/2 1256/4/2 1258/4/2
f 1258/5/2 1259/5/2 1260/5/2
f 1260/5/2 1259/5/2 1261/5/2
f 1262/2/2 1263/2/2 1266/2/2
f 1266/2/2 1263/2/2 1267/2/2
f 1264/2/2 1265/2/2 1270/2/2
f 1270/2/2 1265/2/2 1271/2/2
f 1267/2/2 1268/2/2 1272/2/2
f 1272/2/2 1268/2/2 1273/2/2
f 1269/2/2 1270/2/2 1274/2/2
f 1274/2/2 1270/2/2 1275/2/2
f 1273/2/2 1274/2/2 1276/2/2
f 1276/2/2 1274/2/2 1277/2/2
f 1273/2/2 1276/2/2 1280/2/2
f 1280/2/2 1276/2/2 1281/2/2
f 1277/2/2 1274/2/2 1282/2/2
f 1282/2/2 1274/2/2 1283/2/2
f 1278/5/2 1279/5/2 1284/5/2
f 1273/2/2 1280/2/2 1286/2/2
f 1286/2/2 1280/2/2 1287/2/2
f 1287/2/2 1280/2/2 1288/2/2
f 1288/2/2 1280/2/2 1289/2/2
f 1283/2/2 1274/2/2 1290/2/2
f 1290/2/2 1274/2/2 1291/2/2
f 1284/5/2 1285/5/2 1293/5/2
f 1273/2/2 1286/2/2 1294/2/2
f 1294/2/2 1286/2/2 1295/2/2
f 1287/2/2 1288/2/2 1296/2/2
f 1296/2/2 1288/2/2 1297/2/2
f 1291/5/2 1292/5/2 1298/5/2
f 1298/5/2 1292/5/2 1299/5/2
f 1278/5/2 1284/5/2 1300/5/2
f 1284/5/2 1293/5/2 1300/5/2
f 1293/5/2 1294/5/2 1300/5/2
f 1300/5/2 1294/5/2 1301/5/2
f 1299/5/2 1292/5/2 1304/5/2
f 1304/5/2 1292/5/2 1305/5/2
f 1301/5/2 1302/5/2 1306/5/2
f 1306/5/2 1302/5/2 1307/5/2
f 1303/5/2 1304/5/2 1309/5/2
f 1309/5/2 1304/5/2 1310/5/2
f 1307/2/2 1308/2/2 1311/2/2
f 1311/2/2 1308/2/2 1312/2/2
f 1311/5/2 1312/5/2 1313/5/2
f 1313/5/2 1312/5/2 1314/5/2
f 1314/5/2 1315/5/2 1316/5/2
f 1316/5/2 1315/5/2 1317/5/2
f 1318/4/2 1319/4/2 1320/4/2
f 1320/4/2 1319/4/2 1321/4/2
f 1321/5/2 1322/5/2 1323/5/2
f 1323/5/2 1322/5/2 1324/5/2
f 1325/2/2 1326/2/2 1329/2/2
f 1329/2/2 1326/2/2 1330/2/2
f 1327/2/2 1328/2/2 1331/2/2
f 1331/2/2 1328/2/2 1332/2/2
f 1330/2/2 1331/2/2 1333/2/2
f 1333/2/2 1331/2/2 1334/2/2
f 1335/4/2 1336/4/2 1337/4/2
f 1337/4/2 1336/4/2 1338/4/2
f 1338/5/2 1339/5/2 1342/5/2
f 1342/5/2 1339/5/2 1343/5/2
f 1340/5/2 1341/5/2 1346/5/2
f 1346/5/2 1341/5/2 1347/5/2
f 1344/2/2 1345/2/2 1348/2/2
f 1348/2/2 1345/2/2 1349/2/2
f 1350/4/2 1351/4/2 1356/4/2
f 1356/4/2 1351/4/2 1357/4/2
f 1352/4/2 1353/4/2 1362/4/2
f 1362/4/2 1353/4/2 1363/4/2
f 1354/4/2 1355/4/2 1366/4/2
f 1366/4/2 1355/4/2 1367/4/2
f 1357/5/2 1358/5/2 1368/5/2
f 1368/5/2 1358/5/2 1369/5/2
f 1359/5/2 1360/5/2 1370/5/2
f 1370/5/2 1360/5/2 1371/5/2
f 1361/5/2 1362/5/2 1372/5/2
f 1372/5/2 1362/5/2 1373/5/2
f 1363/5/2 1364/5/2 1374/5/2
f 1374/5/2 1364/5/2 1375/5/2
f 1365/5/2 1366/5/2 1376/5/2
f 1376/5/2 1366/5/2 1377/5/2
f 1378/5/2 1379/5/2 1381/5/2
f 1381/5/2 1379/5/2 1382/5/2
f 1380/5/2 1381/5/2 1386/5/2
f 1381/5/2 1382/5/2 1386/5/2
f 1382/5/2 1383/5/2 1386/5/2
f 1386/5/2 1383/5/2 1387/5/2
f 1384/5/2 1385/5/2 1390/5/2
f 1390/5/2 1385/5/2 1391/5/2
f 1387/5/2 1388/5/2 1392/5/2
f 1386/5/2 1387/5/2 1392/5/2
f 1392/5/2 1388/5/2 1393/5/2
f 1393/5/2 1388/5/2 1394/5/2
f 1389/5/2 1390/5/2 1396/5/2
f 1396/5/2 1390/5/2 1397/5/2
f 1394/5/2 1395/5/2 1398/5/2
f 1393/5/2 1394/5/2 1398/5/2
f 1398/5/2 1395/5/2 1399/5/2
f 1400/4/2 1401/4/2 1410/4/2
f 1410/4/2 1401/4/2 1411/4/2
f 1402/4/2 1403/4/2 1414/4/2
f 1414/4/2 1403/4/2 1415/4/2
f 1404/4/2 1405/4/2 1416/4/2
f 1416/4/2 1405/4/2 1417/4/2
f 1406/4/2 1407/4/2 1418/4/2
f 1418/4/2 1407/4/2 1419/4/2
f 1408/4/2 1409/4/2 1420/4/2
f 1420/4/2 1409/4/2 1421/4/2
f 1411/5/2 1412/5/2 1422/5/2
f 1422/5/2 1412/5/2 1423/5/2
f 1413/5/2 1414/5/2 1424/5/2
f 1424/5/2 1414/5/2 1425/5/2
f 1415/5/2 1416/5/2 1426/5/2
f 1426/5/2 1416/5/2 1427/5/2
f 1419/5/2 1420/5/2 1428/5/2
f 1428/5/2 1420/5/2 1429/5/2
f 1430/4/2 1431/4/2 1438/4/2
f 1438/4/2 1431/4/2 1439/4/2
f 1432/4/2 1433/4/2 1440/4/2
f 1440/4/2 1433/4/2 1441/4/2
f 1434/4/2 1435/4/2 1442/4/2
f 1442/4/2 1435/4/2 1443/4/2
f 1436/4/2 1437/4/2 1444/4/2
f 1444/4/2 1437/4/2 1445/4/2
f 1439/5/2 1440/5/2 1446/5/2
f 1446/5/2 1440/5/2 1447/5/2
f 1448/4/2 1449/4/2 1450/4/2
f 1450/4/2 1449/4/2 1451/4/2
f 1452/2/2 1453/2/2 1455/2/2
f 1455/2/2 1453/2/2 1456/2/2
f 1454/2/2 1455/2/2 1459/2/2
f 1459/2/2 1455/2/2 1460/2/2
f 1456/2/2 1457/2/2 1461/2/2
f 1461/2/2 1457/2/2 1462/2/2
f 1458/2/2 1459/2/2 1464/2/2
f 1464/2/2 1459/2/2 1465/2/2
f 1462/2/2 1463/2/2 1468/2/2
f 1468/2/2 1463/2/2 1469/2/2
f 1465/2/2 1466/2/2 1470/2/2
f 1470/2/2 1466/2/2 1471/2/2
f 1467/2/2 1468/2/2 1472/2/2
f 1472/2/2 1468/2/2 1473/2/2
f 1474/2/2 1475/2/2 1477/2/2
f 1477/2/2 1475/2/2 1478/2/2
f 1476/2/2 1477/2/2 1480/2/2
f 1480/2/2 1477/2/2 1481/2/2
f 1478/2/2 1479/2/2 1482/2/2
f 1482/2/2 1479/2/2 1483/2/2
f 1484/2/2 1485/2/2 1488/2/2
f 1488/2/2 1485/2/2 1489/2/2
f 1486/2/2 1487/2/2 1490/2/2
f 1490/2/2 1487/2/2 1491/2/2
f 1489/2/2 1490/2/2 1492/2/2
f 1492/2/2 1490/2/2 1493/2/2
f 1494/2/2 1495/2/2 1497/2/2
f 1497/2/2 1495/2/2 1498/2/2
f 1496/2/2 1497/2/2 1500/2/2
f 1498/2/2 1499/2/2 1500/2/2
f 1497/2/2 1498/2/2 1500/2/2
f 1500/2/2 1499/2/2 1501/2/2
f 1501/2/2 1499/2/2 1502/2/2
f 1502/2/2 1499/2/2 1503/2/2
f 1501/2/2 1502/2/2 1504/2/2
f 1504/2/2 1502/2/2 1505/2/2
f 1508/4/3 1507/4/3 1506/4/3
f 1509/4/3 1507/4/3 1508/4/3
f 1512/4/3 1511/4/3 1510/4/3
f 1513/4/3 1511/4/3 1512/4/3
f 1516/4/3 1515/4/3 1514/4/3
f 1517/4/3 1515/4/3 1516/4/3
f 1520/4/3 1519/4/3 1518/4/3
f 1521/4/3 1519/4/3 1520/4/3
f 1524/5/3 1522/5/3 1521/5/3
f 1525/5/3 1522/5/3 1524/5/3
f 1526/4/3 1524/4/3 1523/4/3
f 1527/4/3 1524/4/3 1526/4/3
f 1530/5/3 1528/5/3 1527/5/3
f 1531/5/3 1528/5/3 1530/5/3
f 1532/4/3 1530/4/3 1529/4/3
f 1533/4/3 1530/4/3 1532/4/3
f 1536/4/3 1535/4/3 1534/4/3
f 1537/4/3 1535/4/3 1536/4/3
f 1540/4/3 1539/4/3 1538/4/3
f 1541/4/3 1539/4/3 1540/4/3
f 1544/5/3 1542/5/3 1541/5/3
f 1545/5/3 1542/5/3 1544/5/3
f 1546/4/3 1544/4/3 1543/4/3
f 1547/4/3 1544/4/3 1546/4/3
f 1550/5/3 1549/5/3 1548/5/3
f 1551/5/3 1549/5/3 1550/5/3
f 1555/5/3 1553/5/3 1552/5/3
f 1556/5/3 1553/5/3 1555/5/3
f 1557/4/3 1555/4/3 1554/4/3
f 1558/4/3 1555/4/3 1557/4/3
f 1561/4/3 1560/4/3 1559/4/3
f 1562/4/3 1560/4/3 1561/4/3
f 1565/5/3 1563/5/3 1562/5/3
f 1566/5/3 1563/5/3 1565/5/3
f 1567/4/3 1565/4/3 1564/4/3
f 1568/4/3 1565/4/3 1567/4/3
f 1570/5/3 1569/5/3 1568/5/3
f 1571/5/3 1569/5/3 1570/5/3
f 1574/4/3 1573/4/3 1572/4/3
f 1575/4/3 1573/4/3 1574/4/3
f 1577/5/3 1576/5/3 1575/5/3
f 1578/5/3 1576/5/3 1577/5/3
f 1582/5/3 1580/5/3 1579/5/3
f 1583/5/3 1580/5/3 1582/5/3
f 1584/4/3 1582/4/3 1581/4/3
f 1585/4/3 1582/4/3 1584/4/3
f 1588/4/3 1587/4/3 1586/4/3
f 1589/4/3 1587/4/3 1588/4/3
f 1591/5/3 1590/5/3 1589/5/3
f 1592/5/3 1590/5/3 1591/5/3
f 1595/5/3 1594/5/3 1593/5/3
f 1596/5/3 1594/5/3 1595/5/3
f 1600/2/3 1598/2/3 1597/2/3
f 1601/2/3 1598/2/3 1600/2/3
f 1603/5/3 1600/5/3 1599/5/3
f 1604/5/3 1600/5/3 1603/5/3
f 1605/4/3 1603/4/3 1602/4/3
f 1606/4/3 1603/4/3 1605/4/3
f 1608/5/3 1607/5/3 1606/5/3
f 1609/5/3 1607/5/3 1608/5/3
f 1611/2/3 1610/2/3 1609/2/3
f 1612/2/3 1610/2/3 1611/2/3
f 1616/5/3 1614/5/3 1613/5/3
f 1617/5/3 1614/5/3 1616/5/3
f 1618/4/3 1616/4/3 1615/4/3
f 1619/4/3 1616/4/3 1618/4/3
f 1622/2/3 1621/2/3 1620/2/3
f 1623/2/3 1621/2/3 1622/2/3
f 1628/2/3 1624/2/3 1623/2/3
f 1630/5/3 1626/5/3 1625/5/3
f 1632/2/3 1628/2/3 1627/2/3
f 1633/2/3 1624/2/3 1628/2/3
f 1633/2/3 1628/2/3 1632/2/3
f 1636/5/3 1630/5/3 1629/5/3
f 1637/5/3 1632/5/3 1631/5/3
f 1637/2/3 1633/2/3 1632/2/3
f 1638/3/3 1634/3/3 1633/3/3
f 1638/2/3 1633/2/3 1637/2/3
f 1639/3/3 1634/3/3 1638/3/3
f 1640/6/3 1635/6/3 1634/6/3
f 1640/3/3 1634/3/3 1639/3/3
f 1641/5/3 1636/5/3 1635/5/3
f 1641/6/3 1635/6/3 1640/6/3
f 1642/5/3 1637/5/3 1631/5/3
f 1643/3/3 1638/3/3 1637/3/3
f 1643/5/3 1637/5/3 1642/5/3
f 1644/4/3 1639/4/3 1638/4/3
f 1644/5/3 1640/5/3 1639/5/3
f 1644/5/3 1641/5/3 1640/5/3
f 1645/5/3 1641/5/3 1644/5/3
f 1646/3/3 1638/3/3 1643/3/3
f 1647/4/3 1645/4/3 1644/4/3
f 1647/3/3 1638/3/3 1646/3/3
f 1647/4/3 1644/4/3 1638/4/3
f 1648/5/3 1641/5/3 1645/5/3
f 1648/4/3 1645/4/3 1647/4/3
f 1649/5/3 1630/5/3 1636/5/3
f 1649/5/3 1641/5/3 1648/5/3
f 1649/5/3 1636/5/3 1641/5/3
f 1650/2/3 1647/2/3 1646/2/3
f 1651/2/3 1647/2/3 1650/2/3
f 1652/3/3 1648/3/3 1647/3/3
f 1652/2/3 1647/2/3 1651/2/3
f 1653/4/3 1649/4/3 1648/4/3
f 1653/3/3 1648/3/3 1652/3/3
f 1654/5/3 1630/5/3 1649/5/3
f 1654/4/3 1649/4/3 1653/4/3
f 1655/5/3 1626/5/3 1630/5/3
f 1655/5/3 1630/5/3 1654/5/3
f 1656/4/3 1655/4/3 1654/4/3
f 1657/5/3 1626/5/3 1655/5/3
f 1657/4/3 1655/4/3 1656/4/3
f 1658/5/3 1626/5/3 1657/5/3
f 1660/4/3 1658/4/3 1657/4/3
f 1661/4/3 1658/4/3 1660/4/3
f 1663/4/3 1660/4/3 1659/4/3
f 1664/5/3 1661/5/3 1660/5/3
f 1664/4/3 1660/4/3 1663/4/3
f 1667/4/3 1663/4/3 1662/4/3
f 1668/5/3 1664/5/3 1663/5/3
f 1668/4/3 1663/4/3 1667/4/3
f 1670/2/3 1652/2/3 1651/2/3
f 1671/2/3 1652/2/3 1670/2/3
f 1672/3/3 1666/3/3 1665/3/3
f 1673/4/3 1667/4/3 1666/4/3
f 1673/3/3 1666/3/3 1672/3/3
f 1674/5/3 1668/5/3 1667/5/3
f 1674/4/3 1667/4/3 1673/4/3
f 1675/5/3 1664/5/3 1668/5/3
f 1675/5/3 1668/5/3 1674/5/3
f 1675/5/3 1661/5/3 1664/5/3
f 1676/2/3 1670/2/3 1669/2/3
f 1677/2/3 1670/2/3 1676/2/3
f 1681/5/3 1679/5/3 1678/5/3
f 1682/5/3 1679/5/3 1681/5/3
f 1683/4/3 1681/4/3 1680/4/3
f 1684/4/3 1681/4/3 1683/4/3
f 1687/4/3 1686/4/3 1685/4/3
f 1688/4/3 1686/4/3 1687/4/3
f 1690/5/3 1689/5/3 1688/5/3
f 1691/5/3 1689/5/3 1690/5/3
f 1694/2/3 1693/2/3 1692/2/3
f 1695/2/3 1693/2/3 1694/2/3
f 1700/5/3 1698/5/3 1697/5/3
f 1701/2/3 1696/2/3 1695/2/3
f 1702/2/3 1696/2/3 1701/2/3
f 1703/5/3 1700/5/3 1699/5/3
f 1704/5/3 1698/5/3 1700/5/3
f 1704/5/3 1700/5/3 1703/5/3
f 1706/2/3 1703/2/3 1702/2/3
f 1707/2/3 1703/2/3 1706/2/3
f 1708/2/3 1706/2/3 1702/2/3
f 1709/2/3 1706/2/3 1708/2/3
f 1710/2/3 1706/2/3 1709/2/3
f 1711/2/3 1706/2/3 1710/2/3
f 1715/2/3 1713/2/3 1712/2/3
f 1715/2/3 1714/2/3 1713/2/3
f 1717/5/3 1705/5/3 1704/5/3
f 1718/2/3 1716/2/3 1715/2/3
f 1718/2/3 1715/2/3 1712/2/3
f 1719/2/3 1716/2/3 1718/2/3
f 1720/5/3 1705/5/3 1717/5/3
f 1721/2/3 1718/2/3 1712/2/3
f 1722/2/3 1718/2/3 1721/2/3
f 1723/2/3 1721/2/3 1712/2/3
f 1724/2/3 1721/2/3 1723/2/3
f 1725/2/3 1721/2/3 1724/2/3
f 1727/2/3 1723/2/3 1712/2/3
f 1728/2/3 1723/2/3 1727/2/3
f 1729/2/3 1723/2/3 1728/2/3
f 1732/5/3 1705/5/3 1720/5/3
f 1733/5/3 1705/5/3 1732/5/3
f 1734/3/3 1730/3/3 1729/3/3
f 1734/3/3 1729/3/3 1728/3/3
f 1735/4/3 1731/4/3 1730/4/3
f 1735/3/3 1730/3/3 1734/3/3
f 1736/4/3 1731/4/3 1735/4/3
f 1737/5/3 1732/5/3 1731/5/3
f 1737/4/3 1731/4/3 1736/4/3
f 1738/5/3 1732/5/3 1737/5/3
f 1740/2/3 1727/2/3 1726/2/3
f 1741/2/3 1727/2/3 1740/2/3
f 1742/4/3 1738/4/3 1737/4/3
f 1743/5/3 1732/5/3 1738/5/3
f 1743/4/3 1738/4/3 1742/4/3
f 1744/5/3 1732/5/3 1743/5/3
f 1745/2/3 1740/2/3 1739/2/3
f 1746/2/3 1740/2/3 1745/2/3
f 1749/2/3 1748/2/3 1747/2/3
f 1750/2/3 1748/2/3 1749/2/3
f 1754/2/3 1751/2/3 1750/2/3
f 1755/2/3 1751/2/3 1754/2/3
f 1756/5/3 1753/5/3 1752/5/3
f 1757/5/3 1753/5/3 1756/5/3
f 1759/2/3 1756/2/3 1755/2/3
f 1760/2/3 1756/2/3 1759/2/3
f 1761/2/3 1759/2/3 1755/2/3
f 1762/2/3 1759/2/3 1761/2/3
f 1763/5/3 1758/5/3 1757/5/3
f 1764/5/3 1758/5/3 1763/5/3
f 1768/2/3 1766/2/3 1765/2/3
f 1769/5/3 1767/5/3 1766/5/3
f 1769/2/3 1766/2/3 1768/2/3
f 1770/5/3 1767/5/3 1769/5/3
f 1775/2/3 1772/2/3 1771/2/3
f 1777/2/3 1776/2/3 1775/2/3
f 1780/2/3 1775/2/3 1771/2/3
f 1780/2/3 1778/2/3 1777/2/3
f 1780/2/3 1777/2/3 1775/2/3
f 1781/2/3 1778/2/3 1780/2/3
f 1784/5/3 1774/5/3 1773/5/3
f 1785/5/3 1774/5/3 1784/5/3
f 1787/2/3 1780/2/3 1779/2/3
f 1788/2/3 1780/2/3 1787/2/3
f 1789/5/3 1783/5/3 1782/5/3
f 1790/4/3 1784/4/3 1783/4/3
f 1790/5/3 1783/5/3 1789/5/3
f 1791/4/3 1784/4/3 1790/4/3
f 1792/2/3 1787/2/3 1786/2/3
f 1793/2/3 1787/2/3 1792/2/3
f 1796/4/3 1795/4/3 1794/4/3
f 1797/4/3 1795/4/3 1796/4/3
f 1799/5/3 1798/5/3 1797/5/3
f 1800/5/3 1798/5/3 1799/5/3
f 1803/2/3 1802/2/3 1801/2/3
f 1804/2/3 1802/2/3 1803/2/3
f 1808/2/3 1805/2/3 1804/2/3
f 1809/2/3 1805/2/3 1808/2/3
f 1810/5/3 1807/5/3 1806/5/3
f 1811/5/3 1807/5/3 1810/5/3
f 1813/2/3 1810/2/3 1809/2/3
f 1814/2/3 1810/2/3 1813/2/3
f 1815/5/3 1812/5/3 1811/5/3
f 1816/5/3 1812/5/3 1815/5/3
f 1820/2/3 1818/2/3 1817/2/3
f 1821/5/3 1819/5/3 1818/5/3
f 1821/2/3 1818/2/3 1820/2/3
f 1822/5/3 1819/5/3 1821/5/3
f 1826/5/3 1823/5/3 1822/5/3
f 1827/5/3 1823/5/3 1826/5/3
f 1828/2/3 1825/2/3 1824/2/3
f 1829/5/3 1826/5/3 1825/5/3
f 1829/2/3 1825/2/3 1828/2/3
f 1830/5/3 1826/5/3 1829/5/3
f 1836/2/3 1832/2/3 1831/2/3
f 1837/2/3 1832/2/3 1836/2/3
f 1838/2/3 1832/2/3 1837/2/3
f 1840/5/3 1834/5/3 1833/5/3
f 1841/5/3 1834/5/3 1840/5/3
f 1843/2/3 1836/2/3 1835/2/3
f 1844/2/3 1836/2/3 1843/2/3
f 1845/5/3 1839/5/3 1838/5/3
f 1845/5/3 1838/5/3 1837/5/3
f 1846/4/3 1840/4/3 1839/4/3
f 1846/5/3 1839/5/3 1845/5/3
f 1847/4/3 1840/4/3 1846/4/3
f 1848/2/3 1843/2/3 1842/2/3
f 1849/2/3 1843/2/3 1848/2/3
f 1853/5/3 1851/5/3 1850/5/3
f 1854/5/3 1851/5/3 1853/5/3
f 1855/4/3 1853/4/3 1852/4/3
f 1856/4/3 1853/4/3 1855/4/3
f 1859/2/3 1858/2/3 1857/2/3
f 1860/2/3 1858/2/3 1859/2/3
f 1864/2/3 1861/2/3 1860/2/3
f 1865/2/3 1861/2/3 1864/2/3
f 1866/5/3 1863/5/3 1862/5/3
f 1867/5/3 1863/5/3 1866/5/3
f 1868/5/3 1863/5/3 1867/5/3
f 1870/2/3 1866/2/3 1865/2/3
f 1870/2/3 1867/2/3 1866/2/3
f 1871/2/3 1867/2/3 1870/2/3
f 1872/5/3 1869/5/3 1868/5/3
f 1873/5/3 1869/5/3 1872/5/3
f 1877/2/3 1875/2/3 1874/2/3
f 1878/5/3 1876/5/3 1875/5/3
f 1878/2/3 1875/2/3 1877/2/3
f 1879/5/3 1876/5/3 1878/5/3
f 1881/5/3 1880/5/3 1879/5/3
f 1882/5/3 1880/5/3 1881/5/3
f 1887/5/3 1884/5/3 1883/5/3
f 1888/5/3 1884/5/3 1887/5/3
f 1889/2/3 1886/2/3 1885/2/3
f 1890/5/3 1887/5/3 1886/5/3
f 1890/2/3 1886/2/3 1889/2/3
f 1891/5/3 1887/5/3 1890/5/3
f 1897/2/3 1893/2/3 1892/2/3
f 1898/2/3 1893/2/3 1897/2/3
f 1901/5/3 1895/5/3 1894/5/3
f 1902/5/3 1895/5/3 1901/5/3
f 1904/2/3 1897/2/3 1896/2/3
f 1905/2/3 1897/2/3 1904/2/3
f 1906/5/3 1900/5/3 1899/5/3
f 1906/5/3 1901/5/3 1900/5/3
f 1907/5/3 1901/5/3 1906/5/3
f 1908/2/3 1904/2/3 1903/2/3
f 1909/2/3 1904/2/3 1908/2/3
f 1913/5/3 1911/5/3 1910/5/3
f 1914/5/3 1911/5/3 1913/5/3
f 1915/4/3 1913/4/3 1912/4/3
f 1916/4/3 1913/4/3 1915/4/3
f 1919/2/3 1918/2/3 1917/2/3
f 1920/2/3 1918/2/3 1919/2/3
f 1924/2/3 1921/2/3 1920/2/3
f 1925/2/3 1921/2/3 1924/2/3
f 1926/5/3 1923/5/3 1922/5/3
f 1927/5/3 1923/5/3 1926/5/3
f 1928/5/3 1923/5/3 1927/5/3
f 1930/2/3 1926/2/3 1925/2/3
f 1930/2/3 1927/2/3 1926/2/3
f 1931/2/3 1927/2/3 1930/2/3
f 1932/5/3 1929/5/3 1928/5/3
f 1933/5/3 1929/5/3 1932/5/3
f 1937/2/3 1935/2/3 1934/2/3
f 1938/5/3 1936/5/3 1935/5/3
f 1938/2/3 1935/2/3 1937/2/3
f 1939/5/3 1936/5/3 1938/5/3
f 1941/5/3 1940/5/3 1939/5/3
f 1942/5/3 1940/5/3 1941/5/3
f 1949/7/3 1945/7/3 1944/7/3
f 1949/1/3 1946/1/3 1945/1/3
f 1950/7/3 1947/7/3 1946/7/3
f 1950/1/3 1946/1/3 1949/1/3
f 1951/2/3 1948/2/3 1947/2/3
f 1951/7/3 1947/7/3 1950/7/3
f 1952/7/3 1950/7/3 1949/7/3
f 1952/1/3 1951/1/3 1950/1/3
f 1953/2/3 1948/2/3 1951/2/3
f 1953/1/3 1951/1/3 1952/1/3
f 1954/2/3 1944/2/3 1943/2/3
f 1954/7/3 1952/7/3 1949/7/3
f 1954/7/3 1953/7/3 1952/7/3
f 1954/7/3 1949/7/3 1944/7/3
f 1955/2/3 1948/2/3 1953/2/3
f 1955/7/3 1953/7/3 1954/7/3
f 1956/2/3 1954/2/3 1943/2/3
f 1956/2/3 1955/2/3 1954/2/3
f 1957/2/3 1955/2/3 1956/2/3
f 1958/2/3 1955/2/3 1957/2/3
f 1959/2/3 1948/2/3 1955/2/3
f 1959/2/3 1955/2/3 1958/2/3
f 1960/1/3 1958/1/3 1957/1/3
f 1960/7/3 1957/7/3 1956/7/3
f 1961/7/3 1959/7/3 1958/7/3
f 1961/1/3 1958/1/3 1960/1/3
f 1962/2/3 1948/2/3 1959/2/3
f 1962/7/3 1959/7/3 1961/7/3
f 1963/7/3 1961/7/3 1960/7/3
f 1963/1/3 1962/1/3 1961/1/3
f 1964/2/3 1948/2/3 1962/2/3
f 1964/1/3 1962/1/3 1963/1/3
f 1965/2/3 1956/2/3 1943/2/3
f 1966/7/3 1963/7/3 1960/7/3
f 1966/2/3 1956/2/3 1965/2/3
f 1966/7/3 1960/7/3 1956/7/3
f 1966/7/3 1964/7/3 1963/7/3
f 1967/2/3 1948/2/3 1964/2/3
f 1967/7/3 1964/7/3 1966/7/3
f 1968/2/3 1948/2/3 1967/2/3
f 1973/5/3 1970/5/3 1969/5/3
f 1974/5/3 1970/5/3 1973/5/3
f 1975/2/3 1972/2/3 1971/2/3
f 1976/5/3 1973/5/3 1972/5/3
f 1976/2/3 1972/2/3 1975/2/3
f 1977/5/3 1973/5/3 1976/5/3
f 1980/5/3 1979/5/3 1978/5/3
f 1981/5/3 1979/5/3 1980/5/3
f 1985/2/3 1983/2/3 1982/2/3
f 1986/5/3 1984/5/3 1983/5/3
f 1986/2/3 1983/2/3 1985/2/3
f 1987/5/3 1984/5/3 1986/5/3
f 1989/5/3 1988/5/3 1987/5/3
f 1990/5/3 1988/5/3 1989/5/3
f 1993/2/3 1992/2/3 1991/2/3
f 1994/2/3 1992/2/3 1993/2/3
f 1995/2/3 1992/2/3 1994/2/3
f 1996/2/3 1992/2/3 1995/2/3
f 1997/2/3 1992/2/3 1996/2/3
f 1998/2/3 1992/2/3 1997/2/3
f 2003/2/3 1999/2/3 1998/2/3
f 2004/2/3 1999/2/3 2003/2/3
f 2005/2/3 2002/2/3 2001/2/3
f 2005/2/3 2001/2/3 2000/2/3
f 2005/2/3 2003/2/3 2002/2/3
f 2006/2/3 2003/2/3 2005/2/3
f 2011/5/3 2008/5/3 2007/5/3
f 2012/5/3 2008/5/3 2011/5/3
f 2013/2/3 2010/2/3 2009/2/3
f 2014/5/3 2011/5/3 2010/5/3
f 2014/2/3 2010/2/3 2013/2/3
f 2015/5/3 2011/5/3 2014/5/3
f 2020/2/3 2017/2/3 2016/2/3
f 2021/2/3 2017/2/3 2020/2/3
f 2023/2/3 2022/2/3 2021/2/3
f 2024/2/3 2022/2/3 2023/2/3
f 2026/5/3 2019/5/3 2018/5/3
f 2027/5/3 2019/5/3 2026/5/3
f 2028/2/3 2025/2/3 2024/2/3
f 2029/2/3 2025/2/3 2028/2/3
f 2033/2/3 2031/2/3 2030/2/3
f 2034/5/3 2032/5/3 2031/5/3
f 2034/2/3 2031/2/3 2033/2/3
f 2035/5/3 2032/5/3 2034/5/3
f 2037/5/3 2036/5/3 2035/5/3
f 2038/5/3 2036/5/3 2037/5/3
f 2041/2/3 2040/2/3 2039/2/3
f 2042/2/3 2040/2/3 2041/2/3
f 2045/2/3 2044/2/3 2043/2/3
f 2046/2/3 2044/2/3 2045/2/3
f 2049/2/3 2048/2/3 2047/2/3
f 2050/2/3 2048/2/3 2049/2/3
f 2055/5/3 2052/5/3 2051/5/3
f 2056/5/3 2052/5/3 2055/5/3
f 2060/2/3 2054/2/3 2053/2/3
f 2061/5/3 2055/5/3 2054/5/3
f 2061/2/3 2054/2/3 2060/2/3
f 2062/5/3 2055/5/3 2061/5/3
f 2064/2/3 2058/2/3 2057/2/3
f 2065/2/3 2058/2/3 2064/2/3
f 2066/5/3 2060/5/3 2059/5/3
f 2067/5/3 2060/5/3 2066/5/3
f 2069/2/3 2064/2/3 2063/2/3
f 2070/2/3 2064/2/3 2069/2/3
f 2071/2/3 2069/2/3 2068/2/3
f 2072/2/3 2069/2/3 2071/2/3
f 2073/5/3 2066/5/3 2065/5/3
f 2074/5/3 2066/5/3 2073/5/3
f 2079/2/3 2076/2/3 2075/2/3
f 2080/2/3 2076/2/3 2079/2/3
f 2081/2/3 2076/2/3 2080/2/3
f 2082/2/3 2076/2/3 2081/2/3
f 2083/5/3 2081/5/3 2080/5/3
f 2084/5/3 2081/5/3 2083/5/3
f 2085/5/3 2078/5/3 2077/5/3
f 2086/5/3 2078/5/3 2085/5/3
f 2090/2/3 2088/2/3 2087/2/3
f 2091/5/3 2089/5/3 2088/5/3
f 2091/2/3 2088/2/3 2090/2/3
f 2092/5/3 2089/5/3 2091/5/3
f 2094/5/3 2093/5/3 2092/5/3
f 2095/5/3 2093/5/3 2094/5/3
f 2098/2/3 2097/2/3 2096/2/3
f 2099/2/3 2097/2/3 2098/2/3
f 2102/2/3 2101/2/3 2100/2/3
f 2103/2/3 2101/2/3 2102/2/3
f 2106/2/3 2105/2/3 2104/2/3
f 2107/2/3 2105/2/3 2106/2/3
f 2110/2/3 2109/2/3 2108/2/3
f 2111/2/3 2109/2/3 2110/2/3
f 2114/2/3 2113/2/3 2112/2/3
f 2115/2/3 2113/2/3 2114/2/3
f 2120/5/3 2117/5/3 2116/5/3
f 2121/5/3 2117/5/3 2120/5/3
f 2125/2/3 2119/2/3 2118/2/3
f 2126/5/3 2120/5/3 2119/5/3
f 2126/2/3 2119/2/3 2125/2/3
f 2127/5/3 2120/5/3 2126/5/3
f 2128/5/3 2123/5/3 2122/5/3
f 2129/5/3 2123/5/3 2128/5/3
f 2130/5/3 2125/5/3 2124/5/3
f 2131/5/3 2125/5/3 2130/5/3
f 2133/2/3 2132/2/3 2131/2/3
f 2133/2/3 2131/2/3 2130/2/3
f 2133/2/3 2130/2/3 2129/2/3
f 2134/2/3 2132/2/3 2133/2/3
f 2138/2/3 2136/2/3 2135/2/3
f 2139/2/3 2136/2/3 2138/2/3
f 2142/2/3 2138/2/3 2137/2/3
f 2142/2/3 2140/2/3 2139/2/3
f 2142/2/3 2139/2/3 2138/2/3
f 2143/2/3 2140/2/3 2142/2/3
f 2147/2/3 2142/2/3 2141/2/3
f 2148/2/3 2142/2/3 2147/2/3
f 2150/2/3 2144/2/3 2143/2/3
f 2151/2/3 2144/2/3 2150/2/3
f 2153/2/3 2150/2/3 2149/2/3
f 2154/5/3 2146/5/3 2145/5/3
f 2155/5/3 2146/5/3 2154/5/3
f 2156/5/3 2153/5/3 2152/5/3
f 2157/2/3 2150/2/3 2153/2/3
f 2157/5/3 2153/5/3 2156/5/3
f 2158/5/3 2151/5/3 2150/5/3
f 2158/2/3 2150/2/3 2157/2/3
f 2159/5/3 2151/5/3 2158/5/3
f 2161/5/3 2160/5/3 2159/5/3
f 2162/5/3 2160/5/3 2161/5/3
f 2165/2/3 2164/2/3 2163/2/3
f 2166/2/3 2164/2/3 2165/2/3
f 2168/2/3 2167/2/3 2166/2/3
f 2170/2/3 2168/2/3 2166/2/3
f 2170/2/3 2169/2/3 2168/2/3
f 2171/2/3 2169/2/3 2170/2/3
f 2172/2/3 2169/2/3 2171/2/3
f 2173/2/3 2169/2/3 2172/2/3
f 2176/2/3 2175/2/3 2174/2/3
f 2177/2/3 2175/2/3 2176/2/3
f 2181/2/3 2179/2/3 2178/2/3
f 2182/2/3 2179/2/3 2181/2/3
f 2182/2/3 2181/2/3 2180/2/3
f 2183/2/3 2179/2/3 2182/2/3
f 2185/2/3 2182/2/3 2180/2/3
f 2186/2/3 2182/2/3 2185/2/3
f 2187/2/3 2185/2/3 2184/2/3
f 2188/2/3 2185/2/3 2187/2/3
f 2193/5/3 2190/5/3 2189/5/3
f 2194/5/3 2190/5/3 2193/5/3
f 2197/2/3 2192/2/3 2191/2/3
f 2198/5/3 2193/5/3 2192/5/3
f 2198/2/3 2192/2/3 2197/2/3
f 2199/5/3 2193/5/3 2198/5/3
f 2200/2/3 2196/2/3 2195/2/3
f 2201/2/3 2196/2/3 2200/2/3
f 2202/2/3 2199/2/3 2198/2/3
f 2203/2/3 2199/2/3 2202/2/3
f 2204/2/3 2202/2/3 2201/2/3
f 2205/2/3 2202/2/3 2204/2/3
f 2206/2/3 2202/2/3 2205/2/3
f 2207/2/3 2202/2/3 2206/2/3
f 2208/2/3 2206/2/3 2205/2/3
f 2209/2/3 2206/2/3 2208/2/3
f 2215/2/3 2211/2/3 2210/2/3
f 2216/2/3 2211/2/3 2215/2/3
f 2217/2/3 2213/2/3 2212/2/3
f 2218/2/3 2213/2/3 2217/2/3
f 2221/2/3 2215/2/3 2214/2/3
f 2222/2/3 2215/2/3 2221/2/3
f 2223/2/3 2219/2/3 2218/2/3
f 2224/2/3 2219/2/3 2223/2/3
f 2225/2/3 2221/2/3 2220/2/3
f 2226/2/3 2221/2/3 2225/2/3
f 2229/2/3 2228/2/3 2227/2/3
f 2231/2/3 2229/2/3 2227/2/3
f 2231/2/3 2230/2/3 2229/2/3
f 2232/2/3 2230/2/3 2231/2/3
f 2233/2/3 2230/2/3 2232/2/3
f 2234/2/3 2230/2/3 2233/2/3
f 2238/2/3 2236/2/3 2235/2/3
f 2239/2/3 2236/2/3 2238/2/3
f 2239/2/3 2238/2/3 2237/2/3
f 2240/2/3 2236/2/3 2239/2/3
f 2241/2/3 2239/2/3 2237/2/3
f 2242/2/3 2239/2/3 2241/2/3
f 2245/2/3 2244/2/3 2243/2/3
f 2246/2/3 2244/2/3 2245/2/3
f 2250/2/3 2247/2/3 2246/2/3
f 2251/2/3 2247/2/3 2250/2/3
f 2254/2/3 2249/2/3 2248/2/3
f 2255/2/3 2249/2/3 2254/2/3
f 2256/2/3 2252/2/3 2251/2/3
f 2257/2/3 2252/2/3 2256/2/3
f 2258/2/3 2254/2/3 2253/2/3
f 2259/2/3 2254/2/3 2258/2/3
f 2262/5/3 2261/5/3 2260/5/3
f 2263/5/3 2261/5/3 2262/5/3
f 2266/5/3 2265/5/3 2264/5/3
f 2267/5/3 2265/5/3 2266/5/3
f 2270/5/3 2269/5/3 2268/5/3
f 2271/5/3 2269/5/3 2270/5/3
f 2276/5/3 2273/5/3 2272/5/3
f 2277/5/3 2273/5/3 2276/5/3
f 2279/5/3 2275/5/3 2274/5/3
f 2280/5/3 2275/5/3 2279/5/3
f 2281/4/3 2279/4/3 2278/4/3
f 2282/4/3 2279/4/3 2281/4/3
f 2285/4/3 2284/4/3 2283/4/3
f 2286/4/3 2284/4/3 2285/4/3
f 2288/5/3 2287/5/3 2286/5/3
f 2289/5/3 2287/5/3 2288/5/3
f 2292/5/3 2291/5/3 2290/5/3
f 2293/5/3 2291/5/3 2292/5/3
f 2296/4/3 2295/4/3 2294/4/3
f 2297/4/3 2295/4/3 2296/4/3
f 2299/5/3 2298/5/3 2297/5/3
f 2300/5/3 2298/5/3 2299/5/3
f 2303/4/3 2302/4/3 2301/4/3
f 2304/4/3 2302/4/3 2303/4/3
f 2306/5/3 2305/5/3 2304/5/3
f 2307/5/3 2305/5/3 2306/5/3
f 2311/5/3 2309/5/3 2308/5/3
f 2312/5/3 2309/5/3 2311/5/3
f 2313/4/3 2311/4/3 2310/4/3
f 2314/4/3 2311/4/3 2313/4/3
f 2318/5/3 2316/5/3 2315/5/3
f 2319/5/3 2316/5/3 2318/5/3
f 2320/4/3 2318/4/3 2317/4/3
f 2321/4/3 2318/4/3 2320/4/3
f 2322/5/4 2323/5/4 2324/5/4
f 2324/5/4 2323/5/4 2325/5/4
f 2326/5/4 2327/5/4 2329/5/4
f 2329/5/4 2327/5/4 2330/5/4
f 2328/4/4 2329/4/4 2331/4/4
f 2331/4/4 2329/4/4 2332/4/4
f 2333/5/4 2334/5/4 2335/5/4
f 2335/5/4 2334/5/4 2336/5/4
f 2337/5/4 2338/5/4 2339/5/4
f 2339/5/4 2338/5/4 2340/5/4
f 2341/5/4 2342/5/4 2344/5/4
f 2344/5/4 2342/5/4 2345/5/4
f 2343/4/4 2344/4/4 2346/4/4
f 2346/4/4 2344/4/4 2347/4/4
f 2348/4/4 2349/4/4 2350/4/4
f 2350/4/4 2349/4/4 2351/4/4
f 2351/5/4 2352/5/4 2353/5/4
f 2353/5/4 2352/5/4 2354/5/4
f 2355/5/4 2356/5/4 2357/5/4
f 2357/5/4 2356/5/4 2358/5/4
f 2359/5/4 2360/5/4 2362/5/4
f 2360/5/4 2361/5/4 2362/5/4
f 2362/5/4 2361/5/4 2363/5/4
f 2364/2/4 2365/2/4 2369/2/4
f 2369/2/4 2365/2/4 2370/2/4
f 2366/2/4 2367/2/4 2371/2/4
f 2371/2/4 2367/2/4 2372/2/4
f 2368/2/4 2369/2/4 2375/2/4
f 2375/2/4 2369/2/4 2376/2/4
f 2372/2/4 2373/2/4 2377/2/4
f 2377/2/4 2373/2/4 2378/2/4
f 2374/2/4 2375/2/4 2379/2/4
f 2379/2/4 2375/2/4 2380/2/4
f 2381/2/4 2382/2/4 2383/2/4
f 2383/2/4 2382/2/4 2384/2/4
f 2384/2/4 2385/2/4 2388/2/4
f 2388/2/4 2385/2/4 2389/2/4
f 2386/2/4 2387/2/4 2392/2/4
f 2392/2/4 2387/2/4 2393/2/4
f 2389/2/4 2390/2/4 2394/2/4
f 2394/2/4 2390/2/4 2395/2/4
f 2391/2/4 2392/2/4 2396/2/4
f 2396/2/4 2392/2/4 2397/2/4
f 2398/2/4 2399/2/4 2401/2/4
f 2401/2/4 2399/2/4 2402/2/4
f 2400/2/4 2401/2/4 2405/2/4
f 2402/2/4 2403/2/4 2405/2/4
f 2401/2/4 2402/2/4 2405/2/4
f 2405/2/4 2403/2/4 2406/2/4
f 2404/2/4 2405/2/4 2408/2/4
f 2408/2/4 2405/2/4 2409/2/4
f 2406/2/4 2407/2/4 2412/2/4
f 2412/2/4 2407/2/4 2413/2/4
f 2410/5/4 2411/5/4 2414/5/4
f 2411/2/4 2412/2/4 2415/2/4
f 2414/5/4 2411/5/4 2415/5/4
f 2412/5/4 2413/5/4 2416/5/4
f 2415/2/4 2412/2/4 2416/2/4
f 2416/5/4 2413/5/4 2417/5/4
f 2417/5/4 2418/5/4 2419/5/4
f 2419/5/4 2418/5/4 2420/5/4
f 2421/2/4 2422/2/4 2423/2/4
f 2421/2/4 2423/2/4 2425/2/4
f 2423/2/4 2424/2/4 2425/2/4
f 2425/2/4 2424/2/4 2426/2/4
f 2426/2/4 2424/2/4 2427/2/4
f 2427/2/4 2424/2/4 2428/2/4
f 2429/2/4 2430/2/4 2432/2/4
f 2432/2/4 2430/2/4 2433/2/4
f 2431/2/4 2432/2/4 2433/2/4
f 2433/2/4 2430/2/4 2434/2/4
f 2431/2/4 2433/2/4 2435/2/4
f 2435/2/4 2433/2/4 2436/2/4
f 2437/5/4 2438/5/4 2441/5/4
f 2439/2/4 2440/2/4 2443/2/4
f 2440/5/4 2441/5/4 2444/5/4
f 2441/5/4 2438/5/4 2444/5/4
f 2444/5/4 2438/5/4 2445/5/4
f 2442/5/4 2443/5/4 2448/5/4
f 2443/2/4 2440/2/4 2449/2/4
f 2448/5/4 2443/5/4 2449/5/4
f 2440/5/4 2444/5/4 2450/5/4
f 2449/2/4 2440/2/4 2450/2/4
f 2450/5/4 2444/5/4 2451/5/4
f 2446/2/4 2447/2/4 2452/2/4
f 2452/2/4 2447/2/4 2453/2/4
f 2450/2/4 2451/2/4 2454/2/4
f 2454/2/4 2451/2/4 2455/2/4
f 2453/2/4 2454/2/4 2456/2/4
f 2456/2/4 2454/2/4 2457/2/4
f 2457/2/4 2454/2/4 2458/2/4
f 2458/2/4 2454/2/4 2459/2/4
f 2457/2/4 2458/2/4 2460/2/4
f 2460/2/4 2458/2/4 2461/2/4
f 2462/2/4 2463/2/4 2464/2/4
f 2464/2/4 2463/2/4 2465/2/4
f 2465/2/4 2463/2/4 2466/2/4
f 2467/5/4 2468/5/4 2469/5/4
f 2469/5/4 2468/5/4 2470/5/4
f 2471/2/4 2472/2/4 2474/2/4
f 2472/5/4 2473/5/4 2475/5/4
f 2474/2/4 2472/2/4 2475/2/4
f 2475/5/4 2473/5/4 2476/5/4
f 2476/5/4 2477/5/4 2478/5/4
f 2478/5/4 2477/5/4 2479/5/4
f 2479/2/4 2480/2/4 2481/2/4
f 2481/2/4 2480/2/4 2482/2/4
f 2482/2/4 2483/2/4 2484/2/4
f 2482/2/4 2484/2/4 2486/2/4
f 2484/2/4 2485/2/4 2486/2/4
f 2486/2/4 2485/2/4 2487/2/4
f 2487/2/4 2485/2/4 2488/2/4
f 2488/2/4 2485/2/4 2489/2/4
f 2490/2/4 2491/2/4 2492/2/4
f 2492/2/4 2491/2/4 2493/2/4
f 2494/2/4 2495/2/4 2497/2/4
f 2497/2/4 2495/2/4 2498/2/4
f 2496/2/4 2497/2/4 2498/2/4
f 2498/2/4 2495/2/4 2499/2/4
f 2496/2/4 2498/2/4 2501/2/4
f 2501/2/4 2498/2/4 2502/2/4
f 2500/2/4 2501/2/4 2504/2/4
f 2504/2/4 2501/2/4 2505/2/4
f 2503/5/4 2504/5/4 2508/5/4
f 2508/5/4 2504/5/4 2509/5/4
f 2506/2/4 2507/2/4 2510/2/4
f 2507/5/4 2508/5/4 2511/5/4
f 2510/2/4 2507/2/4 2511/2/4
f 2511/5/4 2508/5/4 2512/5/4
f 2513/2/4 2514/2/4 2516/2/4
f 2514/2/4 2515/2/4 2516/2/4
f 2516/2/4 2515/2/4 2517/2/4
f 2518/5/4 2519/5/4 2520/5/4
f 2520/5/4 2519/5/4 2521/5/4
f 2521/5/4 2522/5/4 2523/5/4
f 2523/5/4 2522/5/4 2524/5/4
f 2525/2/4 2526/2/4 2528/2/4
f 2526/5/4 2527/5/4 2529/5/4
f 2528/2/4 2526/2/4 2529/2/4
f 2529/5/4 2527/5/4 2530/5/4
f 2530/5/4 2531/5/4 2532/5/4
f 2532/5/4 2531/5/4 2533/5/4
f 2533/2/4 2534/2/4 2535/2/4
f 2535/2/4 2534/2/4 2536/2/4
f 2537/2/4 2538/2/4 2539/2/4
f 2539/2/4 2538/2/4 2540/2/4
f 2541/2/4 2542/2/4 2543/2/4
f 2543/2/4 2542/2/4 2544/2/4
f 2545/2/4 2546/2/4 2547/2/4
f 2547/2/4 2546/2/4 2548/2/4
f 2549/2/4 2550/2/4 2552/2/4
f 2552/2/4 2550/2/4 2553/2/4
f 2551/5/4 2552/5/4 2556/5/4
f 2556/5/4 2552/5/4 2557/5/4
f 2554/2/4 2555/2/4 2558/2/4
f 2555/5/4 2556/5/4 2559/5/4
f 2558/2/4 2555/2/4 2559/2/4
f 2559/5/4 2556/5/4 2560/5/4
f 2561/5/4 2562/5/4 2563/5/4
f 2563/5/4 2562/5/4 2564/5/4
f 2565/5/4 2566/5/4 2567/5/4
f 2567/5/4 2566/5/4 2568/5/4
f 2568/5/4 2569/5/4 2570/5/4
f 2570/5/4 2569/5/4 2571/5/4
f 2572/2/4 2573/2/4 2574/2/4
f 2574/2/4 2573/2/4 2575/2/4
f 2576/2/4 2577/2/4 2578/2/4
f 2578/2/4 2577/2/4 2579/2/4
f 2580/2/4 2581/2/4 2583/2/4
f 2583/2/4 2581/2/4 2584/2/4
f 2582/5/4 2583/5/4 2587/5/4
f 2587/5/4 2583/5/4 2588/5/4
f 2585/2/4 2586/2/4 2589/2/4
f 2586/5/4 2587/5/4 2590/5/4
f 2589/2/4 2586/2/4 2590/2/4
f 2590/5/4 2587/5/4 2591/5/4
f 2592/5/4 2593/5/4 2596/5/4
f 2596/5/4 2593/5/4 2597/5/4
f 2594/5/4 2595/5/4 2599/5/4
f 2599/5/4 2595/5/4 2600/5/4
f 2598/4/4 2599/4/4 2601/4/4
f 2601/4/4 2599/4/4 2602/4/4
f 2603/2/4 2604/2/4 2607/2/4
f 2607/2/4 2604/2/4 2608/2/4
f 2605/5/4 2606/5/4 2610/5/4
f 2610/5/4 2606/5/4 2611/5/4
f 2608/2/4 2609/2/4 2613/2/4
f 2613/2/4 2609/2/4 2614/2/4
f 2611/5/4 2612/5/4 2616/5/4
f 2616/5/4 2612/5/4 2617/5/4
f 2614/2/4 2615/2/4 2619/2/4
f 2619/2/4 2615/2/4 2620/2/4
f 2617/5/4 2618/5/4 2621/5/4
f 2621/5/4 2618/5/4 2622/5/4
f 2623/2/4 2624/2/4 2625/2/4
f 2625/2/4 2624/2/4 2626/2/4
f 2626/2/4 2627/2/4 2629/2/4
f 2629/2/4 2627/2/4 2630/2/4
f 2628/2/4 2629/2/4 2632/2/4
f 2632/2/4 2629/2/4 2633/2/4
f 2631/5/4 2632/5/4 2636/5/4
f 2636/5/4 2632/5/4 2637/5/4
f 2634/2/4 2635/2/4 2638/2/4
f 2635/5/4 2636/5/4 2639/5/4
f 2638/2/4 2635/2/4 2639/2/4
f 2639/5/4 2636/5/4 2640/5/4
f 2641/2/4 2642/2/4 2644/2/4
f 2644/2/4 2642/2/4 2645/2/4
f 2643/2/4 2644/2/4 2648/2/4
f 2648/2/4 2644/2/4 2649/2/4
f 2647/2/4 2648/2/4 2650/2/4
f 2650/2/4 2648/2/4 2651/2/4
f 2645/5/4 2646/5/4 2652/5/4
f 2652/5/4 2646/5/4 2653/5/4
f 2654/4/4 2655/4/4 2656/4/4
f 2656/4/4 2655/4/4 2657/4/4
f 2657/5/4 2658/5/4 2659/5/4
f 2659/5/4 2658/5/4 2660/5/4
f 2661/5/4 2662/5/4 2665/5/4
f 2665/5/4 2662/5/4 2666/5/4
f 2663/2/4 2664/2/4 2667/2/4
f 2667/2/4 2664/2/4 2668/2/4
f 2668/2/4 2669/2/4 2672/2/4
f 2672/2/4 2669/2/4 2673/2/4
f 2670/5/4 2671/5/4 2675/5/4
f 2675/5/4 2671/5/4 2676/5/4
f 2673/2/4 2674/2/4 2678/2/4
f 2678/2/4 2674/2/4 2679/2/4
f 2676/5/4 2677/5/4 2680/5/4
f 2680/5/4 2677/5/4 2681/5/4
f 2682/2/4 2683/2/4 2685/2/4
f 2685/2/4 2683/2/4 2686/2/4
f 2684/5/4 2685/5/4 2689/5/4
f 2689/5/4 2685/5/4 2690/5/4
f 2687/2/4 2688/2/4 2691/2/4
f 2688/5/4 2689/5/4 2692/5/4
f 2691/2/4 2688/2/4 2692/2/4
f 2692/5/4 2689/5/4 2693/5/4
f 2694/2/4 2695/2/4 2698/2/4
f 2694/2/4 2698/2/4 2701/2/4
f 2698/2/4 2699/2/4 2701/2/4
f 2701/2/4 2699/2/4 2702/2/4
f 2700/2/4 2701/2/4 2704/2/4
f 2704/2/4 2701/2/4 2705/2/4
f 2696/5/4 2697/5/4 2707/5/4
f 2707/5/4 2697/5/4 2708/5/4
f 2703/2/4 2704/2/4 2709/2/4
f 2709/2/4 2704/2/4 2710/2/4
f 2711/5/4 2712/5/4 2714/5/4
f 2714/5/4 2712/5/4 2715/5/4
f 2706/5/4 2707/5/4 2716/5/4
f 2716/5/4 2707/5/4 2717/5/4
f 2713/4/4 2714/4/4 2718/4/4
f 2718/4/4 2714/4/4 2719/4/4
f 2720/5/4 2721/5/4 2722/5/4
f 2722/5/4 2721/5/4 2723/5/4
f 2724/2/4 2725/2/4 2727/2/4
f 2725/5/4 2726/5/4 2728/5/4
f 2727/2/4 2725/2/4 2728/2/4
f 2728/5/4 2726/5/4 2729/5/4
f 2729/5/4 2730/5/4 2733/5/4
f 2733/5/4 2730/5/4 2734/5/4
f 2731/2/4 2732/2/4 2735/2/4
f 2732/5/4 2733/5/4 2736/5/4
f 2735/2/4 2732/2/4 2736/2/4
f 2736/5/4 2733/5/4 2737/5/4
f 2738/2/4 2739/2/4 2743/2/4
f 2743/2/4 2739/2/4 2744/2/4
f 2744/2/4 2739/2/4 2745/2/4
f 2740/5/4 2741/5/4 2746/5/4
f 2746/5/4 2741/5/4 2747/5/4
f 2744/5/4 2745/5/4 2748/5/4
f 2745/5/4 2746/5/4 2748/5/4
f 2748/5/4 2746/5/4 2749/5/4
f 2742/2/4 2743/2/4 2751/2/4
f 2751/2/4 2743/2/4 2752/2/4
f 2749/5/4 2746/5/4 2753/5/4
f 2753/5/4 2746/5/4 2754/5/4
f 2750/2/4 2751/2/4 2755/2/4
f 2755/2/4 2751/2/4 2756/2/4
f 2754/5/4 2746/5/4 2757/5/4
f 2757/5/4 2746/5/4 2758/5/4
f 2759/4/4 2760/4/4 2761/4/4
f 2761/4/4 2760/4/4 2762/4/4
f 2762/5/4 2763/5/4 2764/5/4
f 2764/5/4 2763/5/4 2765/5/4
f 2766/2/4 2767/2/4 2768/2/4
f 2768/2/4 2767/2/4 2769/2/4
f 2769/2/4 2770/2/4 2773/2/4
f 2773/2/4 2770/2/4 2774/2/4
f 2771/5/4 2772/5/4 2776/5/4
f 2776/5/4 2772/5/4 2777/5/4
f 2774/2/4 2775/2/4 2779/2/4
f 2779/2/4 2775/2/4 2780/2/4
f 2777/5/4 2778/5/4 2781/5/4
f 2781/5/4 2778/5/4 2782/5/4
f 2783/2/4 2784/2/4 2786/2/4
f 2784/5/4 2785/5/4 2787/5/4
f 2786/2/4 2784/2/4 2787/2/4
f 2787/5/4 2785/5/4 2788/5/4
f 2789/2/4 2790/2/4 2794/2/4
f 2794/2/4 2790/2/4 2795/2/4
f 2795/2/4 2790/2/4 2796/2/4
f 2791/5/4 2792/5/4 2797/5/4
f 2797/5/4 2792/5/4 2798/5/4
f 2793/2/4 2794/2/4 2800/2/4
f 2800/2/4 2794/2/4 2801/2/4
f 2795/5/4 2796/5/4 2802/5/4
f 2796/5/4 2797/5/4 2802/5/4
f 2802/5/4 2797/5/4 2803/5/4
f 2799/2/4 2800/2/4 2804/2/4
f 2804/2/4 2800/2/4 2805/2/4
f 2806/4/4 2807/4/4 2808/4/4
f 2808/4/4 2807/4/4 2809/4/4
f 2809/5/4 2810/5/4 2811/5/4
f 2811/5/4 2810/5/4 2812/5/4
f 2813/2/4 2814/2/4 2815/2/4
f 2815/2/4 2814/2/4 2816/2/4
f 2816/2/4 2817/2/4 2820/2/4
f 2820/2/4 2817/2/4 2821/2/4
f 2818/5/4 2819/5/4 2823/5/4
f 2823/5/4 2819/5/4 2824/5/4
f 2821/2/4 2822/2/4 2826/2/4
f 2826/2/4 2822/2/4 2827/2/4
f 2821/2/4 2826/2/4 2828/2/4
f 2828/2/4 2826/2/4 2829/2/4
f 2824/5/4 2825/5/4 2830/5/4
f 2830/5/4 2825/5/4 2831/5/4
f 2832/2/4 2833/2/4 2837/2/4
f 2837/2/4 2833/2/4 2838/2/4
f 2834/5/4 2835/5/4 2840/5/4
f 2840/5/4 2835/5/4 2841/5/4
f 2836/2/4 2837/2/4 2843/2/4
f 2843/2/4 2837/2/4 2844/2/4
f 2839/5/4 2840/5/4 2845/5/4
f 2845/5/4 2840/5/4 2846/5/4
f 2842/2/4 2843/2/4 2847/2/4
f 2847/2/4 2843/2/4 2848/2/4
f 2849/5/4 2850/5/4 2852/5/4
f 2852/5/4 2850/5/4 2853/5/4
f 2851/4/4 2852/4/4 2854/4/4
f 2854/4/4 2852/4/4 2855/4/4
f 2856/4/4 2857/4/4 2858/4/4
f 2858/4/4 2857/4/4 2859/4/4
f 2859/5/4 2860/5/4 2861/5/4
f 2861/5/4 2860/5/4 2862/5/4
f 2863/2/4 2864/2/4 2865/2/4
f 2865/2/4 2864/2/4 2866/2/4
f 2868/5/4 2869/5/4 2871/5/4
f 2866/2/4 2867/2/4 2872/2/4
f 2872/2/4 2867/2/4 2873/2/4
f 2870/5/4 2871/5/4 2874/5/4
f 2871/5/4 2869/5/4 2875/5/4
f 2874/5/4 2871/5/4 2875/5/4
f 2875/5/4 2869/5/4 2876/5/4
f 2873/2/4 2874/2/4 2878/2/4
f 2874/2/4 2875/2/4 2878/2/4
f 2878/2/4 2879/2/4 2880/2/4
f 2873/2/4 2878/2/4 2882/2/4
f 2880/2/4 2881/2/4 2882/2/4
f 2878/2/4 2880/2/4 2882/2/4
f 2882/2/4 2881/2/4 2883/2/4
f 2873/2/4 2882/2/4 2884/2/4
f 2884/2/4 2882/2/4 2885/2/4
f 2886/2/4 2887/2/4 2888/2/4
f 2888/2/4 2889/2/4 2890/2/4
f 2890/2/4 2891/2/4 2892/2/4
f 2892/2/4 2893/2/4 2894/2/4
f 2894/2/4 2893/2/4 2895/2/4
f 2890/2/4 2892/2/4 2897/2/4
f 2888/2/4 2890/2/4 2897/2/4
f 2892/2/4 2894/2/4 2897/2/4
f 2886/2/4 2888/2/4 2897/2/4
f 2897/2/4 2894/2/4 2898/2/4
f 2898/2/4 2894/2/4 2899/2/4
f 2876/5/4 2877/5/4 2900/5/4
f 2900/5/4 2877/5/4 2901/5/4
f 2896/2/4 2897/2/4 2903/2/4
f 2903/2/4 2897/2/4 2904/2/4
f 2898/5/4 2899/5/4 2905/5/4
f 2899/5/4 2900/5/4 2905/5/4
f 2905/5/4 2900/5/4 2906/5/4
f 2902/2/4 2903/2/4 2907/2/4
f 2907/2/4 2903/2/4 2908/2/4
f 2909/2/4 2910/2/4 2911/2/4
f 2911/2/4 2910/2/4 2912/2/4
f 2912/2/4 2913/2/4 2917/2/4
f 2914/5/4 2915/5/4 2918/5/4
f 2918/5/4 2915/5/4 2919/5/4
f 2916/2/4 2917/2/4 2921/2/4
f 2919/5/4 2915/5/4 2922/5/4
f 2922/5/4 2915/5/4 2923/5/4
f 2923/5/4 2915/5/4 2925/5/4
f 2920/5/4 2921/5/4 2926/5/4
f 2921/2/4 2917/2/4 2927/2/4
f 2926/5/4 2921/5/4 2927/5/4
f 2917/2/4 2913/2/4 2928/2/4
f 2927/2/4 2917/2/4 2928/2/4
f 2924/5/4 2925/5/4 2929/5/4
f 2927/2/4 2928/2/4 2930/2/4
f 2930/2/4 2928/2/4 2931/2/4
f 2928/5/4 2929/5/4 2932/5/4
f 2931/2/4 2928/2/4 2932/2/4
f 2932/5/4 2929/5/4 2933/5/4
f 2933/5/4 2929/5/4 2934/5/4
f 2929/5/4 2925/5/4 2935/5/4
f 2934/5/4 2929/5/4 2935/5/4
f 2935/5/4 2925/5/4 2936/5/4
f 2936/5/4 2925/5/4 2937/5/4
f 2937/5/4 2925/5/4 2938/5/4
f 2925/5/4 2915/5/4 2939/5/4
f 2938/5/4 2925/5/4 2939/5/4
f 2939/5/4 2915/5/4 2941/5/4
f 2931/2/4 2932/2/4 2943/2/4
f 2943/2/4 2932/2/4 2944/2/4
f 2940/5/4 2941/5/4 2945/5/4
f 2941/5/4 2915/5/4 2946/5/4
f 2945/5/4 2941/5/4 2946/5/4
f 2942/2/4 2943/2/4 2947/2/4
f 2947/2/4 2943/2/4 2948/2/4
f 2949/5/4 2950/5/4 2952/5/4
f 2952/5/4 2950/5/4 2953/5/4
f 2951/4/4 2952/4/4 2954/4/4
f 2954/4/4 2952/4/4 2955/4/4
f 2956/2/4 2957/2/4 2959/2/4
f 2959/2/4 2957/2/4 2960/2/4
f 2958/5/4 2959/5/4 2962/5/4
f 2962/5/4 2959/5/4 2963/5/4
f 2961/4/4 2962/4/4 2964/4/4
f 2964/4/4 2962/4/4 2965/4/4
f 2965/5/4 2966/5/4 2967/5/4
f 2967/5/4 2966/5/4 2968/5/4
f 2968/2/4 2969/2/4 2970/2/4
f 2970/2/4 2969/2/4 2971/2/4
f 2972/5/4 2973/5/4 2975/5/4
f 2975/5/4 2973/5/4 2976/5/4
f 2974/4/4 2975/4/4 2977/4/4
f 2977/4/4 2975/4/4 2978/4/4
f 2979/5/4 2980/5/4 2982/5/4
f 2982/5/4 2980/5/4 2983/5/4
f 2981/4/4 2982/4/4 2984/4/4
f 2984/4/4 2982/4/4 2985/4/4
f 2986/4/4 2987/4/4 2988/4/4
f 2988/4/4 2987/4/4 2989/4/4
f 2989/5/4 2990/5/4 2991/5/4
f 2991/5/4 2990/5/4 2992/5/4
f 2993/5/4 2994/5/4 2996/5/4
f 2996/5/4 2994/5/4 2997/5/4
f 2995/4/4 2996/4/4 2998/4/4
f 2998/4/4 2996/4/4 2999/4/4
f 3000/4/4 3001/4/4 3002/4/4
f 3002/4/4 3001/4/4 3003/4/4
f 3003/5/4 3004/5/4 3005/5/4
f 3005/5/4 3004/5/4 3006/5/4
f 3007/5/4 3008/5/4 3010/5/4
f 3010/5/4 3008/5/4 3011/5/4
f 3009/4/4 3010/4/4 3012/4/4
f 3012/4/4 3010/4/4 3013/4/4
f 3014/4/4 3015/4/4 3016/4/4
f 3016/4/4 3015/4/4 3017/4/4
f 3017/5/4 3018/5/4 3019/5/4
f 3019/5/4 3018/5/4 3020/5/4
f 3021/4/4 3022/4/4 3023/4/4
f 3023/4/4 3022/4/4 3024/4/4
f 3024/5/4 3025/5/4 3027/5/4
f 3027/5/4 3025/5/4 3028/5/4
f 3026/4/4 3027/4/4 3029/4/4
f 3029/4/4 3027/4/4 3030/4/4
f 3031/4/4 3032/4/4 3033/4/4
f 3033/4/4 3032/4/4 3034/4/4
f 3034/5/4 3035/5/4 3037/5/4
f 3037/5/4 3035/5/4 3038/5/4
f 3036/4/4 3037/4/4 3039/4/4
f 3039/4/4 3037/4/4 3040/4/4
f 3041/4/4 3042/4/4 3043/4/4
f 3043/4/4 3042/4/4 3044/4/4
f 3045/4/4 3046/4/4 3047/4/4
f 3047/4/4 3046/4/4 3048/4/4
f 3056/4/5 3050/4/5 3049/4/5
f 3057/4/5 3050/4/5 3056/4/5
f 3058/4/5 3052/4/5 3051/4/5
f 3059/4/5 3052/4/5 3058/4/5
f 3064/4/5 3054/4/5 3053/4/5
f 3065/4/5 3054/4/5 3064/4/5
f 3067/4/5 3057/4/5 3056/4/5
f 3067/4/5 3056/4/5 3055/4/5
f 3067/4/5 3058/4/5 3057/4/5
f 3067/4/5 3059/4/5 3058/4/5
f 3067/4/5 3060/4/5 3059/4/5
f 3070/4/5 3062/4/5 3061/4/5
f 3071/4/5 3062/4/5 3070/4/5
f 3072/4/5 3066/4/5 3065/4/5
f 3072/4/5 3065/4/5 3064/4/5
f 3072/4/5 3064/4/5 3063/4/5
f 3074/4/5 3068/4/5 3067/4/5
f 3074/4/5 3067/4/5 3055/4/5
f 3075/4/5 3068/4/5 3074/4/5
f 3078/4/5 3072/4/5 3071/4/5
f 3078/4/5 3071/4/5 3070/4/5
f 3078/4/5 3070/4/5 3069/4/5
f 3079/4/5 3066/4/5 3072/4/5
f 3079/4/5 3072/4/5 3078/4/5
f 3080/4/5 3076/4/5 3075/4/5
f 3080/4/5 3075/4/5 3074/4/5
f 3080/4/5 3074/4/5 3073/4/5
f 3081/4/5 3076/4/5 3080/4/5
f 3083/4/5 3079/4/5 3078/4/5
f 3083/4/5 3082/4/5 3081/4/5
f 3083/4/5 3081/4/5 3080/4/5
f 3083/4/5 3080/4/5 3079/4/5
f 3083/4/5 3078/4/5 3077/4/5
f 3086/4/5 3083/4/5 3077/4/5
f 3086/4/5 3084/4/5 3083/4/5
f 3088/4/5 3086/4/5 3085/4/5
f 3089/4/5 3084/4/5 3086/4/5
f 3089/4/5 3086/4/5 3088/4/5
f 3091/4/5 3088/4/5 3087/4/5
f 3091/4/5 3090/4/5 3089/4/5
f 3091/4/5 3089/4/5 3088/4/5
f 3093/4/5 3091/4/5 3087/4/5
f 3093/4/5 3092/4/5 3091/4/5
f 3094/4/5 3092/4/5 3093/4/5
f 3095/4/5 3093/4/5 3087/4/5
f 3096/4/5 3093/4/5 3095/4/5
f 3097/4/5 3095/4/5 3087/4/5
f 3098/4/5 3095/4/5 3097/4/5
f 3099/4/5 3095/4/5 3098/4/5
f 3102/4/5 3099/4/5 3098/4/5
f 3102/4/5 3100/4/5 3099/4/5
f 3104/4/5 3102/4/5 3101/4/5
f 3106/4/5 3104/4/5 3103/4/5
f 3107/4/5 3100/4/5 3102/4/5
f 3107/4/5 3102/4/5 3104/4/5
f 3107/4/5 3104/4/5 3106/4/5
f 3108/4/5 3100/4/5 3107/4/5
f 3109/4/5 3106/4/5 3105/4/5
f 3109/4/5 3107/4/5 3106/4/5
f 3110/4/5 3107/4/5 3109/4/5
f 3111/4/5 3107/4/5 3110/4/5
f 3112/4/5 3107/4/5 3111/4/5
f 3113/4/5 3111/4/5 3110/4/5
f 3115/4/5 3113/4/5 3110/4/5
f 3115/4/5 3114/4/5 3113/4/5
f 3116/4/5 3114/4/5 3115/4/5
f 3117/4/5 3114/4/5 3116/4/5
f 3119/4/5 3117/4/5 3116/4/5
f 3119/4/5 3118/4/5 3117/4/5
f 3120/4/5 3118/4/5 3119/4/5
f 3121/4/5 3118/4/5 3120/4/5
f 3122/4/5 3118/4/5 3121/4/5
f 3123/4/5 3121/4/5 3120/4/5
f 3124/4/5 3121/4/5 3123/4/5
f 3125/4/5 3121/4/5 3124/4/5
f 3126/4/5 3121/4/5 3125/4/5
f 3127/4/5 3125/4/5 3124/4/5
f 3128/4/5 3125/4/5 3127/4/5
f 3129/4/5 3125/4/5 3128/4/5
f 3130/4/5 3125/4/5 3129/4/5
f 3131/4/5 3127/4/5 3124/4/5
f 3132/4/5 3127/4/5 3131/4/5
f 3133/4/5 3129/4/5 3128/4/5
f 3134/4/5 3129/4/5 3133/4/5
f 3135/4/5 3129/4/5 3134/4/5
f 3136/4/5 3129/4/5 3135/4/5
f 3137/4/5 3135/4/5 3134/4/5
f 3138/4/5 3135/4/5 3137/4/5
f 3139/4/5 3135/4/5 3138/4/5
f 3140/4/5 3135/4/5 3139/4/5
f 3141/4/5 3131/4/5 3124/4/5
f 3142/4/5 3131/4/5 3141/4/5
f 3143/4/5 3139/4/5 3138/4/5
f 3144/4/5 3139/4/5 3143/4/5
f 3145/4/5 3139/4/5 3144/4/5
f 3146/4/5 3139/4/5 3145/4/5
f 3147/4/5 3131/4/5 3142/4/5
f 3148/4/5 3131/4/5 3147/4/5
f 3149/4/5 3131/4/5 3148/4/5
f 3150/4/5 3131/4/5 3149/4/5
f 3151/4/5 3145/4/5 3144/4/5
f 3152/4/5 3145/4/5 3151/4/5
f 3153/4/5 3149/4/5 3148/4/5
f 3154/4/5 3149/4/5 3153/4/5
f 3157/3/5 3156/3/5 3155/3/5
f 3158/3/5 3156/3/5 3157/3/5
f 3161/5/5 3160/5/5 3159/5/5
f 3162/5/5 3160/5/5 3161/5/5
f 3165/3/5 3164/3/5 3163/3/5
f 3166/3/5 3164/3/5 3165/3/5
f 3169/5/5 3168/5/5 3167/5/5
f 3170/5/5 3168/5/5 3169/5/5
f 3175/5/5 3172/5/5 3171/5/5
f 3176/5/5 3172/5/5 3175/5/5
f 3177/5/5 3174/5/5 3173/5/5
f 3178/5/5 3174/5/5 3177/5/5
f 3181/4/5 3180/4/5 3179/4/5
f 3182/4/5 3180/4/5 3181/4/5
f 3185/5/5 3184/5/5 3183/5/5
f 3186/5/5 3184/5/5 3185/5/5
f 3189/5/5 3188/5/5 3187/5/5
f 3190/5/5 3188/5/5 3189/5/5
f 3193/5/5 3192/5/5 3191/5/5
f 3194/5/5 3192/5/5 3193/5/5
f 3197/4/5 3196/4/5 3195/4/5
f 3198/4/5 3196/4/5 3197/4/5
f 3201/4/5 3200/4/5 3199/4/5
f 3202/4/5 3200/4/5 3201/4/5
f 3205/5/5 3204/5/5 3203/5/5
f 3206/5/5 3204/5/5 3205/5/5
f 3209/5/5 3208/5/5 3207/5/5
f 3210/5/5 3208/5/5 3209/5/5
f 3213/5/5 3212/5/5 3211/5/5
f 3214/5/5 3212/5/5 3213/5/5
f 3217/5/5 3216/5/5 3215/5/5
f 3218/5/5 3216/5/5 3217/5/5
f 3221/5/5 3217/5/5 3215/5/5
f 3222/5/5 3217/5/5 3221/5/5
f 3223/5/5 3220/5/5 3219/5/5
f 3224/5/5 3220/5/5 3223/5/5
f 3227/5/5 3226/5/5 3225/5/5
f 3228/5/5 3226/5/5 3227/5/5
f 3233/5/5 3230/5/5 3229/5/5
f 3234/5/5 3230/5/5 3233/5/5
f 3235/5/5 3232/5/5 3231/5/5
f 3236/5/5 3232/5/5 3235/5/5
f 3243/5/5 3238/5/5 3237/5/5
f 3244/5/5 3238/5/5 3243/5/5
f 3245/4/5 3240/4/5 3239/4/5
f 3246/4/5 3240/4/5 3245/4/5
f 3247/4/5 3242/4/5 3241/4/5
f 3248/4/5 3242/4/5 3247/4/5
f 3251/5/5 3250/5/5 3249/5/5
f 3252/5/5 3250/5/5 3251/5/5
f 3255/5/5 3254/5/5 3253/5/5
f 3256/5/5 3254/5/5 3255/5/5
f 3261/2/5 3258/2/5 3257/2/5
f 3262/2/5 3258/2/5 3261/2/5
f 3264/2/5 3260/2/5 3259/2/5
f 3265/2/5 3260/2/5 3264/2/5
f 3266/5/5 3263/5/5 3262/5/5
f 3267/5/5 3263/5/5 3266/5/5
f 3272/5/5 3269/5/5 3268/5/5
f 3273/5/5 3269/5/5 3272/5/5
f 3275/5/5 3271/5/5 3270/5/5
f 3276/5/5 3271/5/5 3275/5/5
f 3279/5/5 3275/5/5 3274/5/5
f 3280/5/5 3275/5/5 3279/5/5
f 3281/5/5 3278/5/5 3277/5/5
f 3282/5/5 3278/5/5 3281/5/5
f 3285/5/5 3284/5/5 3283/5/5
f 3286/5/5 3284/5/5 3285/5/5
f 3291/5/5 3288/5/5 3287/5/5
f 3292/5/5 3288/5/5 3291/5/5
f 3293/5/5 3290/5/5 3289/5/5
f 3294/5/5 3290/5/5 3293/5/5
f 3299/5/5 3296/5/5 3295/5/5
f 3300/5/5 3296/5/5 3299/5/5
f 3301/5/5 3298/5/5 3297/5/5
f 3302/5/5 3298/5/5 3301/5/5
f 3306/5/5 3304/5/5 3303/5/5
f 3307/5/5 3304/5/5 3306/5/5
f 3308/5/5 3306/5/5 3305/5/5
f 3309/5/5 3306/5/5 3308/5/5
f 3312/5/5 3311/5/5 3310/5/5
f 3313/5/5 3311/5/5 3312/5/5
f 3316/5/5 3315/5/5 3314/5/5
f 3317/5/5 3315/5/5 3316/5/5
f 3320/5/5 3319/5/5 3318/5/5
f 3321/5/5 3319/5/5 3320/5/5
f 3324/5/5 3323/5/5 3322/5/5
f 3325/5/5 3323/5/5 3324/5/5
f 3330/5/5 3327/5/5 3326/5/5
f 3331/5/5 3327/5/5 3330/5/5
f 3334/2/5 3329/2/5 3328/2/5
f 3335/2/5 3329/2/5 3334/2/5
f 3337/2/5 3332/2/5 3331/2/5
f 3338/2/5 3332/2/5 3337/2/5
f 3340/2/5 3334/2/5 3333/2/5
f 3341/2/5 3334/2/5 3340/2/5
f 3342/5/5 3336/5/5 3335/5/5
f 3343/5/5 3336/5/5 3342/5/5
f 3346/2/5 3339/2/5 3338/2/5
f 3347/2/5 3339/2/5 3346/2/5
f 3348/2/5 3342/2/5 3341/2/5
f 3349/2/5 3342/2/5 3348/2/5
f 3350/5/5 3345/5/5 3344/5/5
f 3351/2/5 3346/2/5 3345/2/5
f 3351/5/5 3345/5/5 3350/5/5
f 3352/2/5 3346/2/5 3351/2/5
f 3356/5/5 3354/5/5 3353/5/5
f 3357/5/5 3354/5/5 3356/5/5
f 3360/5/5 3356/5/5 3355/5/5
f 3361/5/5 3356/5/5 3360/5/5
f 3365/5/5 3359/5/5 3358/5/5
f 3366/5/5 3359/5/5 3365/5/5
f 3367/5/5 3363/5/5 3362/5/5
f 3368/5/5 3363/5/5 3367/5/5
f 3369/5/5 3365/5/5 3364/5/5
f 3372/5/5 3365/5/5 3369/5/5
f 3373/5/5 3365/5/5 3372/5/5
f 3374/5/5 3371/5/5 3370/5/5
f 3375/5/5 3371/5/5 3374/5/5
f 3378/5/5 3377/5/5 3376/5/5
f 3379/5/5 3377/5/5 3378/5/5
f 3384/5/5 3381/5/5 3380/5/5
f 3385/5/5 3381/5/5 3384/5/5
f 3386/5/5 3383/5/5 3382/5/5
f 3387/5/5 3383/5/5 3386/5/5
f 3392/4/5 3389/4/5 3388/4/5
f 3393/4/5 3389/4/5 3392/4/5
f 3395/5/5 3391/5/5 3390/5/5
f 3396/5/5 3391/5/5 3395/5/5
f 3398/5/5 3395/5/5 3394/5/5
f 3399/5/5 3395/5/5 3398/5/5
f 3400/5/5 3398/5/5 3397/5/5
f 3401/5/5 3398/5/5 3400/5/5
f 3404/5/5 3403/5/5 3402/5/5
f 3405/5/5 3403/5/5 3404/5/5
f 3409/5/5 3406/5/5 3405/5/5
f 3410/5/5 3406/5/5 3409/5/5
f 3413/2/5 3408/2/5 3407/2/5
f 3414/2/5 3408/2/5 3413/2/5
f 3416/2/5 3411/2/5 3410/2/5
f 3417/2/5 3411/2/5 3416/2/5
f 3420/2/5 3413/2/5 3412/2/5
f 3421/2/5 3413/2/5 3420/2/5
f 3422/2/5 3418/2/5 3417/2/5
f 3423/2/5 3418/2/5 3422/2/5
f 3425/2/5 3420/2/5 3419/2/5
f 3426/2/5 3420/2/5 3425/2/5
f 3428/5/5 3416/5/5 3415/5/5
f 3429/5/5 3416/5/5 3428/5/5
f 3431/2/5 3424/2/5 3423/2/5
f 3432/2/5 3424/2/5 3431/2/5
f 3433/2/5 3427/2/5 3426/2/5
f 3434/2/5 3427/2/5 3433/2/5
f 3437/2/5 3431/2/5 3430/2/5
f 3438/2/5 3431/2/5 3437/2/5
f 3439/2/5 3435/2/5 3434/2/5
f 3440/2/5 3435/2/5 3439/2/5
f 3441/2/5 3437/2/5 3436/2/5
f 3442/2/5 3437/2/5 3441/2/5
f 3446/5/5 3444/5/5 3443/5/5
f 3447/5/5 3444/5/5 3446/5/5
f 3450/5/5 3446/5/5 3445/5/5
f 3451/5/5 3446/5/5 3450/5/5
f 3452/5/5 3449/5/5 3448/5/5
f 3453/5/5 3449/5/5 3452/5/5
f 3456/5/5 3455/5/5 3454/5/5
f 3457/5/5 3455/5/5 3456/5/5
f 3462/2/5 3459/2/5 3458/2/5
f 3463/2/5 3459/2/5 3462/2/5
f 3464/2/5 3461/2/5 3460/2/5
f 3465/2/5 3461/2/5 3464/2/5
f 3470/2/5 3467/2/5 3466/2/5
f 3471/2/5 3467/2/5 3470/2/5
f 3472/2/5 3469/2/5 3468/2/5
f 3473/2/5 3469/2/5 3472/2/5
f 3474/4/6 3475/4/6 3481/4/6
f 3481/4/6 3475/4/6 3482/4/6
f 3476/4/6 3477/4/6 3483/4/6
f 3483/4/6 3477/4/6 3484/4/6
f 3478/4/6 3479/4/6 3489/4/6
f 3489/4/6 3479/4/6 3490/4/6
f 3482/4/6 3483/4/6 3492/4/6
f 3492/4/6 3483/4/6 3493/4/6
f 3484/4/6 3485/4/6 3494/4/6
f 3494/4/6 3485/4/6 3495/4/6
f 3486/4/6 3487/4/6 3498/4/6
f 3498/4/6 3487/4/6 3499/4/6
f 3488/4/6 3489/4/6 3500/4/6
f 3500/4/6 3489/4/6 3501/4/6
f 3480/4/6 3481/4/6 3503/4/6
f 3503/4/6 3481/4/6 3504/4/6
f 3495/4/6 3496/4/6 3505/4/6
f 3505/4/6 3496/4/6 3506/4/6
f 3497/4/6 3498/4/6 3509/4/6
f 3509/4/6 3498/4/6 3510/4/6
f 3499/4/6 3500/4/6 3511/4/6
f 3511/4/6 3500/4/6 3512/4/6
f 3490/4/6 3491/4/6 3513/4/6
f 3513/4/6 3491/4/6 3514/4/6
f 3502/4/6 3503/4/6 3515/4/6
f 3515/4/6 3503/4/6 3516/4/6
f 3506/4/6 3507/4/6 3517/4/6
f 3517/4/6 3507/4/6 3518/4/6
f 3514/4/6 3515/4/6 3520/4/6
f 3520/4/6 3515/4/6 3521/4/6
f 3518/4/6 3519/4/6 3522/4/6
f 3522/4/6 3519/4/6 3523/4/6
f 3508/4/6 3509/4/6 3526/4/6
f 3526/4/6 3509/4/6 3527/4/6
f 3525/4/6 3526/4/6 3529/4/6
f 3529/4/6 3526/4/6 3530/4/6
f 3523/4/6 3524/4/6 3531/4/6
f 3531/4/6 3524/4/6 3532/4/6
f 3532/4/6 3533/4/6 3534/4/6
f 3534/4/6 3533/4/6 3535/4/6
f 3535/4/6 3536/4/6 3538/4/6
f 3538/4/6 3536/4/6 3539/4/6
f 3537/4/6 3538/4/6 3541/4/6
f 3541/4/6 3538/4/6 3542/4/6
f 3528/4/6 3529/4/6 3543/4/6
f 3543/4/6 3529/4/6 3544/4/6
f 3540/4/6 3541/4/6 3546/4/6
f 3546/4/6 3541/4/6 3547/4/6
f 3544/4/6 3545/4/6 3550/4/6
f 3550/4/6 3545/4/6 3551/4/6
f 3549/4/6 3550/4/6 3553/4/6
f 3553/4/6 3550/4/6 3554/4/6
f 3552/4/6 3553/4/6 3556/4/6
f 3556/4/6 3553/4/6 3557/4/6
f 3547/4/6 3548/4/6 3559/4/6
f 3559/4/6 3548/4/6 3560/4/6
f 3555/4/6 3556/4/6 3561/4/6
f 3561/4/6 3556/4/6 3562/4/6
f 3558/4/6 3559/4/6 3565/4/6
f 3565/4/6 3559/4/6 3566/4/6
f 3564/4/6 3565/4/6 3567/4/6
f 3567/4/6 3565/4/6 3568/4/6
f 3562/4/6 3563/4/6 3570/4/6
f 3570/4/6 3563/4/6 3571/4/6
f 3568/4/6 3569/4/6 3573/4/6
f 3573/4/6 3569/4/6 3574/4/6
f 3571/4/6 3572/4/6 3576/4/6
f 3576/4/6 3572/4/6 3577/4/6
f 3574/4/6 3575/4/6 3580/4/6
f 3580/4/6 3575/4/6 3581/4/6
f 3577/4/6 3578/4/6 3582/4/6
f 3582/4/6 3578/4/6 3583/4/6
f 3579/4/6 3580/4/6 3588/4/6
f 3588/4/6 3580/4/6 3589/4/6
f 3585/4/6 3586/4/6 3591/4/6
f 3591/4/6 3586/4/6 3592/4/6
f 3587/4/6 3588/4/6 3595/4/6
f 3595/4/6 3588/4/6 3596/4/6
f 3590/4/6 3591/4/6 3598/4/6
f 3598/4/6 3591/4/6 3599/4/6
f 3592/4/6 3593/4/6 3600/4/6
f 3600/4/6 3593/4/6 3601/4/6
f 3594/4/6 3595/4/6 3604/4/6
f 3604/4/6 3595/4/6 3605/4/6
f 3601/4/6 3602/4/6 3606/4/6
f 3606/4/6 3602/4/6 3607/4/6
f 3603/4/6 3604/4/6 3610/4/6
f 3610/4/6 3604/4/6 3611/4/6
f 3583/4/6 3584/4/6 3612/4/6
f 3612/4/6 3584/4/6 3613/4/6
f 3607/4/6 3608/4/6 3615/4/6
f 3615/4/6 3608/4/6 3616/4/6
f 3609/4/6 3610/4/6 3617/4/6
f 3617/4/6 3610/4/6 3618/4/6
f 3613/4/6 3614/4/6 3619/4/6
f 3619/4/6 3614/4/6 3620/4/6
f 3597/4/6 3598/4/6 3621/4/6
f 3621/4/6 3598/4/6 3622/4/6
f 3616/4/6 3617/4/6 3623/4/6
f 3623/4/6 3617/4/6 3624/4/6
f 3620/4/6 3621/4/6 3625/4/6
f 3625/4/6 3621/4/6 3626/4/6
f 3627/5/6 3628/5/6 3633/5/6
f 3629/5/6 3630/5/6 3634/5/6
f 3634/5/6 3630/5/6 3635/5/6
f 3631/5/6 3632/5/6 3640/5/6
f 3627/5/6 3633/5/6 3642/5/6
f 3633/5/6 3634/5/6 3642/5/6
f 3634/5/6 3635/5/6 3642/5/6
f 3635/5/6 3636/5/6 3642/5/6
f 3642/5/6 3636/5/6 3643/5/6
f 3637/5/6 3638/5/6 3646/5/6
f 3646/5/6 3638/5/6 3647/5/6
f 3639/5/6 3640/5/6 3648/5/6
f 3640/5/6 3632/5/6 3649/5/6
f 3648/5/6 3640/5/6 3649/5/6
f 3649/5/6 3632/5/6 3650/5/6
f 3643/5/6 3644/5/6 3653/5/6
f 3641/5/6 3642/5/6 3653/5/6
f 3642/5/6 3643/5/6 3653/5/6
f 3653/5/6 3644/5/6 3654/5/6
f 3654/5/6 3644/5/6 3655/5/6
f 3646/5/6 3647/5/6 3657/5/6
f 3647/5/6 3648/5/6 3657/5/6
f 3648/5/6 3649/5/6 3657/5/6
f 3645/5/6 3646/5/6 3657/5/6
f 3657/5/6 3649/5/6 3658/5/6
f 3650/5/6 3651/5/6 3659/5/6
f 3659/5/6 3651/5/6 3660/5/6
f 3652/5/6 3653/5/6 3661/5/6
f 3661/5/6 3653/5/6 3662/5/6
f 3662/5/6 3653/5/6 3663/5/6
f 3655/5/6 3656/5/6 3664/5/6
f 3654/5/6 3655/5/6 3664/5/6
f 3664/5/6 3656/5/6 3665/5/6
f 3665/5/6 3656/5/6 3666/5/6
f 3645/5/6 3657/5/6 3669/5/6
f 3669/5/6 3657/5/6 3670/5/6
f 3670/5/6 3657/5/6 3671/5/6
f 3666/5/6 3667/5/6 3672/5/6
f 3665/5/6 3666/5/6 3672/5/6
f 3672/5/6 3667/5/6 3673/5/6
f 3669/5/6 3670/5/6 3674/5/6
f 3668/5/6 3669/5/6 3674/5/6
f 3674/5/6 3670/5/6 3675/5/6
f 3673/5/6 3667/5/6 3676/5/6
f 3676/5/6 3667/5/6 3677/5/6
f 3668/5/6 3674/5/6 3679/5/6
f 3679/5/6 3674/5/6 3680/5/6
f 3680/5/6 3674/5/6 3681/5/6
f 3677/5/6 3667/5/6 3682/5/6
f 3682/5/6 3667/5/6 3683/5/6
f 3683/5/6 3667/5/6 3684/5/6
f 3678/5/6 3679/5/6 3686/5/6
f 3679/5/6 3680/5/6 3686/5/6
f 3686/5/6 3680/5/6 3687/5/6
f 3684/5/6 3685/5/6 3688/5/6
f 3683/5/6 3684/5/6 3688/5/6
f 3688/5/6 3685/5/6 3689/5/6
f 3689/5/6 3685/5/6 3690/5/6
f 3678/5/6 3686/5/6 3692/5/6
f 3692/5/6 3686/5/6 3693/5/6
f 3690/5/6 3691/5/6 3694/5/6
f 3689/5/6 3690/5/6 3694/5/6
f 3694/5/6 3691/5/6 3695/5/6
f 3689/5/6 3694/5/6 3696/5/6
f 3696/5/6 3694/5/6 3697/5/6
f 3678/5/6 3692/5/6 3698/5/6
f 3698/5/6 3692/5/6 3699/5/6
f 3699/5/6 3692/5/6 3700/5/6
f 3700/5/6 3692/5/6 3701/5/6
f 3689/5/6 3696/5/6 3702/5/6
f 3702/5/6 3696/5/6 3703/5/6
f 3703/5/6 3696/5/6 3704/5/6
f 3699/5/6 3700/5/6 3707/5/6
f 3706/5/6 3707/5/6 3709/5/6
f 3708/5/6 3709/5/6 3711/5/6
f 3704/5/6 3705/5/6 3712/5/6
f 3703/5/6 3704/5/6 3712/5/6
f 3712/5/6 3705/5/6 3713/5/6
f 3710/5/6 3711/5/6 3714/5/6
f 3711/5/6 3709/5/6 3714/5/6
f 3707/5/6 3700/5/6 3714/5/6
f 3709/5/6 3707/5/6 3714/5/6
f 3703/5/6 3712/5/6 3717/5/6
f 3714/5/6 3715/5/6 3718/5/6
f 3710/5/6 3714/5/6 3718/5/6
f 3718/5/6 3715/5/6 3719/5/6
f 3719/5/6 3715/5/6 3720/5/6
f 3716/5/6 3717/5/6 3723/5/6
f 3717/5/6 3712/5/6 3724/5/6
f 3723/5/6 3717/5/6 3724/5/6
f 3724/5/6 3712/5/6 3725/5/6
f 3722/5/6 3723/5/6 3727/5/6
f 3723/5/6 3724/5/6 3727/5/6
f 3727/5/6 3724/5/6 3728/5/6
f 3720/5/6 3721/5/6 3730/5/6
f 3719/5/6 3720/5/6 3730/5/6
f 3730/5/6 3721/5/6 3731/5/6
f 3731/5/6 3721/5/6 3732/5/6
f 3728/5/6 3729/5/6 3735/5/6
f 3727/5/6 3728/5/6 3735/5/6
f 3726/5/6 3727/5/6 3735/5/6
f 3735/5/6 3729/5/6 3736/5/6
f 3732/5/6 3733/5/6 3738/5/6
f 3731/5/6 3732/5/6 3738/5/6
f 3738/5/6 3733/5/6 3739/5/6
f 3739/5/6 3733/5/6 3740/5/6
f 3736/5/6 3737/5/6 3743/5/6
f 3735/5/6 3736/5/6 3743/5/6
f 3734/5/6 3735/5/6 3743/5/6
f 3743/5/6 3737/5/6 3744/5/6
f 3744/5/6 3737/5/6 3745/5/6
f 3740/5/6 3741/5/6 3746/5/6
f 3739/5/6 3740/5/6 3746/5/6
f 3746/5/6 3741/5/6 3747/5/6
f 3747/5/6 3741/5/6 3748/5/6
f 3743/5/6 3744/5/6 3751/5/6
f 3742/5/6 3743/5/6 3751/5/6
f 3748/5/6 3749/5/6 3752/5/6
f 3747/5/6 3748/5/6 3752/5/6
f 3750/5/6 3751/5/6 3759/5/6
f 3751/5/6 3744/5/6 3760/5/6
f 3759/5/6 3751/5/6 3760/5/6
f 3760/5/6 3744/5/6 3761/5/6
f 3752/5/6 3753/5/6 3762/5/6
f 3754/5/6 3755/5/6 3763/5/6
f 3763/5/6 3755/5/6 3764/5/6
f 3756/5/6 3757/5/6 3765/5/6
f 3765/5/6 3757/5/6 3766/5/6
f 3758/5/6 3759/5/6 3767/5/6
f 3759/5/6 3760/5/6 3767/5/6
f 3767/5/6 3760/5/6 3768/5/6
f 3768/5/6 3760/5/6 3769/5/6
f 3752/5/6 3762/5/6 3770/5/6
f 3762/5/6 3763/5/6 3770/5/6
f 3770/5/6 3763/5/6 3771/5/6
f 3767/5/6 3768/5/6 3772/5/6
f 3766/5/6 3767/5/6 3772/5/6
f 3772/5/6 3768/5/6 3773/5/6
f 3773/5/6 3768/5/6 3774/5/6
f 3774/5/6 3768/5/6 3775/5/6
f 3773/5/6 3774/5/6 3776/5/6
f 3776/5/6 3774/5/6 3777/5/6
f 3777/5/6 3774/5/6 3778/5/6
f 3778/5/6 3774/5/6 3779/5/6
f 3747/5/6 3752/5/6 3780/5/6
f 3752/5/6 3770/5/6 3780/5/6
f 3780/5/6 3770/5/6 3781/5/6
f 3777/5/6 3778/5/6 3782/5/6
f 3782/5/6 3778/5/6 3783/5/6
f 3781/5/6 3770/5/6 3784/5/6
f 3784/5/6 3770/5/6 3785/5/6
f 3786/2/6 3787/2/6 3791/2/6
f 3791/2/6 3787/2/6 3792/2/6
f 3788/2/6 3789/2/6 3793/2/6
f 3793/2/6 3789/2/6 3794/2/6
f 3790/2/6 3791/2/6 3797/2/6
f 3797/2/6 3791/2/6 3798/2/6
f 3794/2/6 3795/2/6 3799/2/6
f 3799/2/6 3795/2/6 3800/2/6
f 3796/2/6 3797/2/6 3803/2/6
f 3803/2/6 3797/2/6 3804/2/6
f 3800/2/6 3801/2/6 3805/2/6
f 3805/2/6 3801/2/6 3806/2/6
f 3802/2/6 3803/2/6 3809/2/6
f 3809/2/6 3803/2/6 3810/2/6
f 3806/2/6 3807/2/6 3811/2/6
f 3811/2/6 3807/2/6 3812/2/6
f 3808/2/6 3809/2/6 3815/2/6
f 3815/2/6 3809/2/6 3816/2/6
f 3812/2/6 3813/2/6 3817/2/6
f 3817/2/6 3813/2/6 3818/2/6
f 3814/2/6 3815/2/6 3821/2/6
f 3821/2/6 3815/2/6 3822/2/6
f 3820/2/6 3821/2/6 3824/2/6
f 3824/2/6 3821/2/6 3825/2/6
f 3818/2/6 3819/2/6 3826/2/6
f 3826/2/6 3819/2/6 3827/2/6
f 3823/2/6 3824/2/6 3829/2/6
f 3829/2/6 3824/2/6 3830/2/6
f 3827/2/6 3828/2/6 3833/2/6
f 3833/2/6 3828/2/6 3834/2/6
f 3830/2/6 3831/2/6 3835/2/6
f 3835/2/6 3831/2/6 3836/2/6
f 3832/2/6 3833/2/6 3839/2/6
f 3839/2/6 3833/2/6 3840/2/6
f 3838/2/6 3839/2/6 3842/2/6
f 3842/2/6 3839/2/6 3843/2/6
f 3836/2/6 3837/2/6 3844/2/6
f 3844/2/6 3837/2/6 3845/2/6
f 3841/2/6 3842/2/6 3848/2/6
f 3848/2/6 3842/2/6 3849/2/6
f 3845/2/6 3846/2/6 3850/2/6
f 3850/2/6 3846/2/6 3851/2/6
f 3847/2/6 3848/2/6 3854/2/6
f 3854/2/6 3848/2/6 3855/2/6
f 3851/2/6 3852/2/6 3856/2/6
f 3856/2/6 3852/2/6 3857/2/6
f 3853/2/6 3854/2/6 3860/2/6
f 3860/2/6 3854/2/6 3861/2/6
f 3857/2/6 3858/2/6 3862/2/6
f 3862/2/6 3858/2/6 3863/2/6
f 3859/2/6 3860/2/6 3866/2/6
f 3866/2/6 3860/2/6 3867/2/6
f 3863/2/6 3864/2/6 3868/2/6
f 3868/2/6 3864/2/6 3869/2/6
f 3865/2/6 3866/2/6 3870/2/6
f 3870/2/6 3866/2/6 3871/2/6
f 3872/2/6 3873/2/6 3877/2/6
f 3877/2/6 3873/2/6 3878/2/6
f 3874/2/6 3875/2/6 3879/2/6
f 3879/2/6 3875/2/6 3880/2/6
f 3876/2/6 3877/2/6 3883/2/6
f 3883/2/6 3877/2/6 3884/2/6
f 3880/2/6 3881/2/6 3885/2/6
f 3885/2/6 3881/2/6 3886/2/6
f 3882/2/6 3883/2/6 3889/2/6
f 3889/2/6 3883/2/6 3890/2/6
f 3886/2/6 3887/2/6 3891/2/6
f 3891/2/6 3887/2/6 3892/2/6
f 3888/2/6 3889/2/6 3895/2/6
f 3895/2/6 3889/2/6 3896/2/6
f 3892/2/6 3893/2/6 3897/2/6
f 3897/2/6 3893/2/6 3898/2/6
f 3894/2/6 3895/2/6 3901/2/6
f 3901/2/6 3895/2/6 3902/2/6
f 3900/2/6 3901/2/6 3904/2/6
f 3904/2/6 3901/2/6 3905/2/6
f 3898/2/6 3899/2/6 3906/2/6
f 3906/2/6 3899/2/6 3907/2/6
f 3903/2/6 3904/2/6 3909/2/6
f 3909/2/6 3904/2/6 3910/2/6
f 3907/2/6 3908/2/6 3913/2/6
f 3913/2/6 3908/2/6 3914/2/6
f 3910/2/6 3911/2/6 3915/2/6
f 3915/2/6 3911/2/6 3916/2/6
f 3912/2/6 3913/2/6 3919/2/6
f 3919/2/6 3913/2/6 3920/2/6
f 3918/2/6 3919/2/6 3922/2/6
f 3922/2/6 3919/2/6 3923/2/6
f 3916/2/6 3917/2/6 3924/2/6
f 3924/2/6 3917/2/6 3925/2/6
f 3921/2/6 3922/2/6 3928/2/6
f 3928/2/6 3922/2/6 3929/2/6
f 3925/2/6 3926/2/6 3930/2/6
f 3930/2/6 3926/2/6 3931/2/6
f 3927/2/6 3928/2/6 3934/2/6
f 3934/2/6 3928/2/6 3935/2/6
f 3931/2/6 3932/2/6 3936/2/6
f 3936/2/6 3932/2/6 3937/2/6
f 3933/2/6 3934/2/6 3940/2/6
f 3940/2/6 3934/2/6 3941/2/6
f 3937/2/6 3938/2/6 3942/2/6
f 3942/2/6 3938/2/6 3943/2/6
f 3939/2/6 3940/2/6 3944/2/6
f 3944/2/6 3940/2/6 3945/2/6
f 3946/5/6 3947/5/6 3951/5/6
f 3947/4/6 3948/4/6 3952/4/6
f 3951/5/6 3947/5/6 3952/5/6
f 3948/5/6 3949/5/6 3953/5/6
f 3952/4/6 3948/4/6 3953/4/6
f 3953/5/6 3949/5/6 3954/5/6
f 3950/5/6 3951/5/6 3957/5/6
f 3957/5/6 3951/5/6 3958/5/6
f 3954/5/6 3955/5/6 3959/5/6
f 3959/5/6 3955/5/6 3960/5/6
f 3956/5/6 3957/5/6 3963/5/6
f 3963/5/6 3957/5/6 3964/5/6
f 3960/4/6 3961/4/6 3965/4/6
f 3965/4/6 3961/4/6 3966/4/6
f 3962/5/6 3963/5/6 3969/5/6
f 3969/5/6 3963/5/6 3970/5/6
f 3966/4/6 3967/4/6 3971/4/6
f 3971/4/6 3967/4/6 3972/4/6
f 3968/5/6 3969/5/6 3975/5/6
f 3975/5/6 3969/5/6 3976/5/6
f 3974/5/6 3975/5/6 3977/5/6
f 3977/5/6 3975/5/6 3978/5/6
f 3972/5/6 3973/5/6 3981/5/6
f 3981/5/6 3973/5/6 3982/5/6
f 3979/5/6 3980/5/6 3984/5/6
f 3984/5/6 3980/5/6 3985/5/6
f 3982/5/6 3983/5/6 3986/5/6
f 3986/5/6 3983/5/6 3987/5/6
f 3985/5/6 3980/5/6 3988/5/6
f 3988/5/6 3980/5/6 3989/5/6
f 3990/5/6 3991/5/6 3994/5/6
f 3992/5/6 3993/5/6 3995/5/6
f 3994/5/6 3991/5/6 3996/5/6
f 3996/5/6 3991/5/6 3997/5/6
f 3994/5/6 3996/5/6 3999/5/6
f 3999/5/6 3996/5/6 4000/5/6
f 3997/5/6 3998/5/6 4001/5/6
f 4001/5/6 3998/5/6 4002/5/6
f 3992/5/6 3995/5/6 4005/5/6
f 4005/5/6 3995/5/6 4006/5/6
f 4004/5/6 4005/5/6 4008/5/6
f 4008/5/6 4005/5/6 4009/5/6
f 4002/5/6 4003/5/6 4010/5/6
f 4010/5/6 4003/5/6 4011/5/6
f 4007/5/6 4008/5/6 4014/5/6
f 4014/5/6 4008/5/6 4015/5/6
f 4011/5/6 4012/5/6 4016/5/6
f 4016/5/6 4012/5/6 4017/5/6
f 4013/5/6 4014/5/6 4020/5/6
f 4020/5/6 4014/5/6 4021/5/6
f 4017/5/6 4018/5/6 4022/5/6
f 4022/5/6 4018/5/6 4023/5/6
f 4019/5/6 4020/5/6 4024/5/6
f 4024/5/6 4020/5/6 4025/5/6
f 4023/5/6 4024/5/6 4026/5/6
f 4026/5/6 4024/5/6 4027/5/6
f 4028/5/6 4029/5/6 4031/5/6
f 4031/5/6 4029/5/6 4032/5/6
f 4032/5/6 4029/5/6 4033/5/6
f 4033/5/6 4029/5/6 4034/5/6
f 4030/5/6 4031/5/6 4037/5/6
f 4031/5/6 4032/5/6 4037/5/6
f 4037/5/6 4032/5/6 4038/5/6
f 4038/5/6 4032/5/6 4039/5/6
f 4033/5/6 4034/5/6 4040/5/6
f 4034/5/6 4035/5/6 4040/5/6
f 4040/5/6 4035/5/6 4041/5/6
f 4041/5/6 4035/5/6 4042/5/6
f 4037/5/6 4038/5/6 4045/5/6
f 4036/5/6 4037/5/6 4045/5/6
f 4045/5/6 4038/5/6 4046/5/6
f 4046/5/6 4038/5/6 4047/5/6
f 4042/5/6 4043/5/6 4048/5/6
f 4041/5/6 4042/5/6 4048/5/6
f 4048/5/6 4043/5/6 4049/5/6
f 4049/5/6 4043/5/6 4050/5/6
f 4045/5/6 4046/5/6 4053/5/6
f 4044/5/6 4045/5/6 4053/5/6
f 4053/5/6 4046/5/6 4054/5/6
f 4054/5/6 4046/5/6 4055/5/6
f 4050/5/6 4051/5/6 4056/5/6
f 4049/5/6 4050/5/6 4056/5/6
f 4056/5/6 4051/5/6 4057/5/6
f 4053/5/6 4054/5/6 4059/5/6
f 4052/5/6 4053/5/6 4059/5/6
f 4059/5/6 4054/5/6 4060/5/6
f 4060/5/6 4054/5/6 4061/5/6
f 4057/5/6 4051/5/6 4062/5/6
f 4062/5/6 4051/5/6 4063/5/6
f 4058/5/6 4059/5/6 4064/5/6
f 4059/5/6 4060/5/6 4064/5/6
f 4064/5/6 4060/5/6 4065/5/6
f 4063/5/6 4051/5/6 4066/5/6
f 4066/5/6 4051/5/6 4067/5/6
f 4058/5/6 4064/5/6 4071/5/6
f 4071/5/6 4064/5/6 4072/5/6
f 4067/5/6 4068/5/6 4073/5/6
f 4073/5/6 4068/5/6 4074/5/6
f 4069/5/6 4070/5/6 4078/5/6
f 4078/5/6 4070/5/6 4079/5/6
f 4074/5/6 4075/5/6 4080/5/6
f 4080/5/6 4075/5/6 4081/5/6
f 4076/2/6 4077/2/6 4084/2/6
f 4084/2/6 4077/2/6 4085/2/6
f 4082/2/6 4083/2/6 4086/2/6
f 4086/2/6 4083/2/6 4087/2/6
f 4088/2/6 4089/2/6 4092/2/6
f 4092/2/6 4089/2/6 4093/2/6
f 4090/2/6 4091/2/6 4096/2/6
f 4096/2/6 4091/2/6 4097/2/6
f 4094/5/6 4095/5/6 4101/5/6
f 4098/5/6 4099/5/6 4102/5/6
f 4100/5/6 4101/5/6 4105/5/6
f 4104/5/6 4105/5/6 4107/5/6
f 4102/5/6 4103/5/6 4108/5/6
f 4098/5/6 4102/5/6 4108/5/6
f 4108/5/6 4103/5/6 4109/5/6
f 4106/5/6 4107/5/6 4111/5/6
f 4109/5/6 4103/5/6 4112/5/6
f 4112/5/6 4103/5/6 4113/5/6
f 4110/5/6 4111/5/6 4115/5/6
f 4107/5/6 4105/5/6 4116/5/6
f 4105/5/6 4101/5/6 4116/5/6
f 4115/5/6 4111/5/6 4116/5/6
f 4111/5/6 4107/5/6 4116/5/6
f 4101/5/6 4095/5/6 4117/5/6
f 4116/5/6 4101/5/6 4117/5/6
f 4113/5/6 4103/5/6 4118/5/6
f 4115/5/6 4116/5/6 4121/5/6
f 4114/5/6 4115/5/6 4121/5/6
f 4121/5/6 4116/5/6 4122/5/6
f 4122/5/6 4116/5/6 4123/5/6
f 4118/5/6 4119/5/6 4124/5/6
f 4113/5/6 4118/5/6 4124/5/6
f 4124/5/6 4119/5/6 4125/5/6
f 4125/5/6 4119/5/6 4126/5/6
f 4121/5/6 4122/5/6 4127/5/6
f 4120/5/6 4121/5/6 4127/5/6
f 4127/5/6 4122/5/6 4128/5/6
f 4128/5/6 4122/5/6 4129/5/6
f 4125/5/6 4126/5/6 4130/5/6
f 4127/5/6 4128/5/6 4130/5/6
f 4126/5/6 4127/5/6 4130/5/6
f 4130/5/6 4128/5/6 4131/5/6
f 4131/5/6 4128/5/6 4132/5/6
f 4132/5/6 4128/5/6 4133/5/6
f 4131/5/6 4132/5/6 4134/5/6
f 4134/5/6 4132/5/6 4135/5/6
f 4136/2/6 4137/2/6 4141/2/6
f 4141/2/6 4137/2/6 4142/2/6
f 4138/2/6 4139/2/6 4143/2/6
f 4143/2/6 4139/2/6 4144/2/6
f 4140/2/6 4141/2/6 4147/2/6
f 4147/2/6 4141/2/6 4148/2/6
f 4144/2/6 4145/2/6 4149/2/6
f 4149/2/6 4145/2/6 4150/2/6
f 4146/2/6 4147/2/6 4152/2/6
f 4152/2/6 4147/2/6 4153/2/6
f 4150/2/6 4151/2/6 4156/2/6
f 4156/2/6 4151/2/6 4157/2/6
f 4153/2/6 4154/2/6 4158/2/6
f 4158/2/6 4154/2/6 4159/2/6
f 4155/2/6 4156/2/6 4162/2/6
f 4162/2/6 4156/2/6 4163/2/6
f 4159/2/6 4160/2/6 4164/2/6
f 4164/2/6 4160/2/6 4165/2/6
f 4161/2/6 4162/2/6 4166/2/6
f 4166/2/6 4162/2/6 4167/2/6
f 4168/5/6 4169/5/6 4171/5/6
f 4171/5/6 4169/5/6 4172/5/6
f 4170/5/6 4171/5/6 4175/5/6
f 4175/5/6 4171/5/6 4176/5/6
f 4172/5/6 4173/5/6 4177/5/6
f 4177/5/6 4173/5/6 4178/5/6
f 4174/5/6 4175/5/6 4181/5/6
f 4181/5/6 4175/5/6 4182/5/6
f 4178/5/6 4179/5/6 4183/5/6
f 4183/5/6 4179/5/6 4184/5/6
f 4180/5/6 4181/5/6 4187/5/6
f 4187/5/6 4181/5/6 4188/5/6
f 4184/5/6 4185/5/6 4189/5/6
f 4189/5/6 4185/5/6 4190/5/6
f 4186/5/6 4187/5/6 4193/5/6
f 4193/5/6 4187/5/6 4194/5/6
f 4190/5/6 4191/5/6 4195/5/6
f 4195/5/6 4191/5/6 4196/5/6
f 4192/5/6 4193/5/6 4199/5/6
f 4199/5/6 4193/5/6 4200/5/6
f 4196/5/6 4197/5/6 4201/5/6
f 4201/5/6 4197/5/6 4202/5/6
f 4198/5/6 4199/5/6 4206/5/6
f 4206/5/6 4199/5/6 4207/5/6
f 4202/5/6 4203/5/6 4208/5/6
f 4208/5/6 4203/5/6 4209/5/6
f 4204/2/6 4205/2/6 4213/2/6
f 4210/2/6 4211/2/6 4214/2/6
f 4212/2/6 4213/2/6 4216/2/6
f 4213/2/6 4205/2/6 4217/2/6
f 4216/2/6 4213/2/6 4217/2/6
f 4214/2/6 4215/2/6 4218/2/6
f 4210/2/6 4214/2/6 4218/2/6
f 4218/2/6 4215/2/6 4219/2/6
f 4217/2/6 4205/2/6 4220/2/6
f 4205/5/6 4206/5/6 4221/5/6
f 4220/2/6 4205/2/6 4221/2/6
f 4221/5/6 4206/5/6 4222/5/6
f 4209/5/6 4210/5/6 4226/5/6
f 4210/2/6 4218/2/6 4227/2/6
f 4226/5/6 4210/5/6 4227/5/6
f 4227/2/6 4218/2/6 4228/2/6
f 4222/5/6 4223/5/6 4229/5/6
f 4229/5/6 4223/5/6 4230/5/6
f 4224/5/6 4225/5/6 4233/5/6
f 4233/5/6 4225/5/6 4234/5/6
f 4230/5/6 4231/5/6 4235/5/6
f 4235/5/6 4231/5/6 4236/5/6
f 4232/5/6 4233/5/6 4239/5/6
f 4239/5/6 4233/5/6 4240/5/6
f 4238/5/6 4239/5/6 4242/5/6
f 4242/5/6 4239/5/6 4243/5/6
f 4241/5/6 4242/5/6 4245/5/6
f 4245/5/6 4242/5/6 4246/5/6
f 4244/5/6 4245/5/6 4248/5/6
f 4248/5/6 4245/5/6 4249/5/6
f 4236/5/6 4237/5/6 4250/5/6
f 4250/5/6 4237/5/6 4251/5/6
f 4247/5/6 4248/5/6 4252/5/6
f 4252/5/6 4248/5/6 4253/5/6
f 4251/5/6 4252/5/6 4254/5/6
f 4254/5/6 4252/5/6 4255/5/6
f 4256/5/6 4257/5/6 4259/5/6
f 4259/5/6 4257/5/6 4260/5/6
f 4258/5/6 4259/5/6 4263/5/6
f 4260/5/6 4261/5/6 4263/5/6
f 4259/5/6 4260/5/6 4263/5/6
f 4263/5/6 4261/5/6 4264/5/6
f 4264/5/6 4261/5/6 4265/5/6
f 4265/5/6 4261/5/6 4266/5/6
f 4262/5/6 4263/5/6 4269/5/6
f 4263/5/6 4264/5/6 4269/5/6
f 4269/5/6 4264/5/6 4270/5/6
f 4270/5/6 4264/5/6 4271/5/6
f 4265/5/6 4266/5/6 4272/5/6
f 4266/5/6 4267/5/6 4272/5/6
f 4272/5/6 4267/5/6 4273/5/6
f 4273/5/6 4267/5/6 4274/5/6
f 4269/5/6 4270/5/6 4277/5/6
f 4268/5/6 4269/5/6 4277/5/6
f 4277/5/6 4270/5/6 4278/5/6
f 4278/5/6 4270/5/6 4279/5/6
f 4274/5/6 4275/5/6 4280/5/6
f 4273/5/6 4274/5/6 4280/5/6
f 4280/5/6 4275/5/6 4281/5/6
f 4281/5/6 4275/5/6 4282/5/6
f 4277/5/6 4278/5/6 4285/5/6
f 4276/5/6 4277/5/6 4285/5/6
f 4285/5/6 4278/5/6 4286/5/6
f 4286/5/6 4278/5/6 4287/5/6
f 4282/5/6 4283/5/6 4288/5/6
f 4281/5/6 4282/5/6 4288/5/6
f 4288/5/6 4283/5/6 4289/5/6
f 4289/5/6 4283/5/6 4290/5/6
f 4285/5/6 4286/5/6 4293/5/6
f 4284/5/6 4285/5/6 4293/5/6
f 4293/5/6 4286/5/6 4294/5/6
f 4294/5/6 4286/5/6 4295/5/6
f 4290/5/6 4291/5/6 4296/5/6
f 4289/5/6 4290/5/6 4296/5/6
f 4296/5/6 4291/5/6 4297/5/6
f 4297/5/6 4291/5/6 4298/5/6
f 4293/5/6 4294/5/6 4300/5/6
f 4292/5/6 4293/5/6 4300/5/6
f 4300/5/6 4294/5/6 4301/5/6
f 4298/5/6 4299/5/6 4302/5/6
f 4297/5/6 4298/5/6 4302/5/6
f 4302/5/6 4299/5/6 4303/5/6
f 4301/5/6 4294/5/6 4304/5/6
f 4304/5/6 4294/5/6 4305/5/6
f 4297/5/6 4302/5/6 4308/5/6
f 4308/5/6 4302/5/6 4309/5/6
f 4305/5/6 4306/5/6 4310/5/6
f 4310/5/6 4306/5/6 4311/5/6
f 4307/5/6 4308/5/6 4314/5/6
f 4314/5/6 4308/5/6 4315/5/6
f 4311/5/6 4312/5/6 4316/5/6
f 4313/5/6 4314/5/6 4319/5/6
f 4319/5/6 4314/5/6 4320/5/6
f 4316/5/6 4317/5/6 4321/5/6
f 4318/5/6 4319/5/6 4324/5/6
f 4324/5/6 4319/5/6 4325/5/6
f 4321/5/6 4322/5/6 4326/5/6
f 4323/5/6 4324/5/6 4327/5/6
f 4327/5/6 4324/5/6 4328/5/6
f 4311/5/6 4316/5/6 4329/5/6
f 4316/5/6 4321/5/6 4329/5/6
f 4326/5/6 4327/5/6 4329/5/6
f 4321/5/6 4326/5/6 4329/5/6
f 4329/5/6 4327/5/6 4330/5/6
f 4331/2/6 4332/2/6 4334/2/6
f 4334/2/6 4332/2/6 4335/2/6
f 4333/2/6 4334/2/6 4338/2/6
f 4335/2/6 4336/2/6 4339/2/6
f 4337/2/6 4338/2/6 4342/2/6
f 4338/2/6 4334/2/6 4343/2/6
f 4342/2/6 4338/2/6 4343/2/6
f 4343/2/6 4334/2/6 4344/2/6
f 4339/2/6 4340/2/6 4345/2/6
f 4335/2/6 4339/2/6 4345/2/6
f 4345/2/6 4340/2/6 4346/2/6
f 4346/2/6 4340/2/6 4347/2/6
f 4341/2/6 4342/2/6 4350/2/6
f 4342/2/6 4343/2/6 4350/2/6
f 4350/2/6 4343/2/6 4351/2/6
f 4347/2/6 4348/2/6 4352/2/6
f 4346/2/6 4347/2/6 4352/2/6
f 4352/2/6 4348/2/6 4353/2/6
f 4349/2/6 4350/2/6 4355/2/6
f 4355/2/6 4350/2/6 4356/2/6
f 4353/2/6 4354/2/6 4359/2/6
f 4359/2/6 4354/2/6 4360/2/6
f 4356/2/6 4357/2/6 4361/2/6
f 4361/2/6 4357/2/6 4362/2/6
f 4362/2/6 4357/2/6 4363/2/6
f 4358/2/6 4359/2/6 4366/2/6
f 4366/2/6 4359/2/6 4367/2/6
f 4367/2/6 4359/2/6 4368/2/6
f 4363/2/6 4364/2/6 4369/2/6
f 4362/2/6 4363/2/6 4369/2/6
f 4369/2/6 4364/2/6 4370/2/6
f 4366/2/6 4367/2/6 4371/2/6
f 4365/2/6 4366/2/6 4371/2/6
f 4371/2/6 4367/2/6 4372/2/6
f 4370/2/6 4364/2/6 4373/2/6
f 4373/2/6 4364/2/6 4374/2/6
f 4365/2/6 4371/2/6 4375/2/6
f 4375/2/6 4371/2/6 4376/2/6
f 4374/2/6 4375/2/6 4377/2/6
f 4377/2/6 4375/2/6 4378/2/6
f 4379/2/6 4380/2/6 4381/2/6
f 4381/2/6 4380/2/6 4382/2/6
f 4379/2/6 4381/2/6 4384/2/6
f 4382/2/6 4380/2/6 4385/2/6
f 4383/2/6 4384/2/6 4389/2/6
f 4384/2/6 4381/2/6 4390/2/6
f 4389/2/6 4384/2/6 4390/2/6
f 4382/2/6 4385/2/6 4391/2/6
f 4385/2/6 4386/2/6 4391/2/6
f 4391/2/6 4386/2/6 4392/2/6
f 4387/2/6 4388/2/6 4395/2/6
f 4395/2/6 4388/2/6 4396/2/6
f 4393/2/6 4394/2/6 4401/2/6
f 4401/2/6 4394/2/6 4402/2/6
f 4397/2/6 4398/2/6 4403/2/6
f 4403/2/6 4398/2/6 4404/2/6
f 4399/2/6 4400/2/6 4405/2/6
f 4405/2/6 4400/2/6 4406/2/6
f 4404/2/6 4398/2/6 4407/2/6
f 4399/2/6 4405/2/6 4408/2/6
f 4404/2/6 4407/2/6 4409/2/6
f 4407/2/6 4408/2/6 4409/2/6
f 4408/2/6 4405/2/6 4410/2/6
f 4409/2/6 4408/2/6 4410/2/6
f 4411/2/6 4412/2/6 4413/2/6
f 4413/2/6 4412/2/6 4414/2/6
f 4415/2/6 4416/2/6 4419/2/6
f 4419/2/6 4416/2/6 4420/2/6
f 4417/2/6 4418/2/6 4421/2/6
f 4421/2/6 4418/2/6 4422/2/6
f 4415/2/6 4419/2/6 4423/2/6
f 4422/2/6 4418/2/6 4426/2/6
f 4423/2/6 4424/2/6 4427/2/6
f 4415/2/6 4423/2/6 4427/2/6
f 4427/2/6 4424/2/6 4428/2/6
f 4425/2/6 4426/2/6 4429/2/6
f 4426/2/6 4418/2/6 4430/2/6
f 4429/2/6 4426/2/6 4430/2/6
f 4431/2/6 4432/2/6 4433/2/6
f 4433/2/6 4432/2/6 4434/2/6
f 4435/2/6 4436/2/6 4437/2/6
f 4437/2/6 4436/2/6 4438/2/6
f 4435/2/6 4437/2/6 4441/2/6
f 4441/2/6 4437/2/6 4442/2/6
f 4438/2/6 4436/2/6 4443/2/6
f 4443/2/6 4436/2/6 4444/2/6
f 4439/2/6 4440/2/6 4447/2/6
f 4447/2/6 4440/2/6 4448/2/6
f 4445/2/6 4446/2/6 4453/2/6
f 4453/2/6 4446/2/6 4454/2/6
f 4449/2/6 4450/2/6 4455/2/6
f 4451/2/6 4452/2/6 4456/2/6
f 4449/2/6 4455/2/6 4457/2/6
f 4455/2/6 4456/2/6 4457/2/6
f 4456/2/6 4452/2/6 4458/2/6
f 4457/2/6 4456/2/6 4458/2/6
f 4459/2/6 4460/2/6 4462/2/6
f 4462/2/6 4460/2/6 4463/2/6
f 4461/2/6 4462/2/6 4465/2/6
f 4463/2/6 4464/2/6 4465/2/6
f 4462/2/6 4463/2/6 4465/2/6
f 4465/2/6 4464/2/6 4466/2/6
f 4466/2/6 4464/2/6 4467/2/6
f 4467/2/6 4464/2/6 4468/2/6
f 4466/2/6 4467/2/6 4469/2/6
f 4469/2/6 4467/2/6 4470/2/6
