# MagicaVoxel @ Ephtracy

# group
o 

# material
mtllib Linfocito T.mtl
usemtl palette

# normals
vn -1 0 0
vn 1 0 0
vn 0 0 1
vn 0 0 -1
vn 0 -1 0
vn 0 1 0

# texcoords
vt 0.314453 0.5
vt 0.337891 0.5
vt 0.501953 0.5
vt 0.529297 0.5
vt 0.783203 0.5
vt 0.818359 0.5

# verts
v -2.6 3 0.3
v -2.6 3 -0.1
v -2.6 3.2 0.3
v -2.6 3.2 -0.1
v -2.4 2.9 0.3
v -2.4 2.9 -0.1
v -2.4 3 0.3
v -2.4 3 -0.1
v -2.3 2.8 0.4
v -2.3 2.8 0.2
v -2.3 2.9 0.3
v -2.3 2.9 0.2
v -2.3 3 0.4
v -2.3 3 0.3
v -2.1 2.7 0.4
v -2.1 2.7 -0.2
v -2.1 2.8 0.4
v -2.1 2.8 0.2
v -2.1 2.9 0.2
v -2.1 2.9 -0.1
v -2.1 3 0.4
v -2.1 3 0.3
v -2.1 3.2 0.3
v -2.1 3.2 -0.1
v -2.1 3.3 0.4
v -2.1 3.3 -0.2
v -1.6 2.7 0.3
v -1.6 2.7 -0.1
v -1.6 2.8 0.4
v -1.6 2.8 0.3
v -1.6 2.8 -0.1
v -1.6 2.8 -0.2
v -1.6 3.2 0.4
v -1.6 3.2 0.3
v -1.6 3.2 -0.1
v -1.6 3.2 -0.2
v -1.6 3.3 0.3
v -1.6 3.3 -0.1
v -1.1 2.7 0.3
v -1.1 2.7 -0.1
v -1.1 2.8 0.4
v -1.1 2.8 0.3
v -1.1 2.8 -0.1
v -1.1 2.8 -0.2
v -1.1 3.2 0.4
v -1.1 3.2 0.3
v -1.1 3.2 -0.1
v -1.1 3.2 -0.2
v -1.1 3.3 0.3
v -1.1 3.3 -0.1
v -1 2.7 0.4
v -1 2.7 0.3
v -1 2.7 -0.1
v -1 2.7 -0.2
v -1 2.8 0.4
v -1 2.8 0.3
v -1 2.8 -0.1
v -1 2.8 -0.2
v -1 3.2 0.4
v -1 3.2 0.3
v -1 3.2 -0.1
v -1 3.2 -0.2
v -1 3.3 0.4
v -1 3.3 0.3
v -1 3.3 -0.1
v -1 3.3 -0.2
v -0.8 0.7 0.2
v -0.8 0.7 0
v -0.8 0.8 0.3
v -0.8 0.8 0.2
v -0.8 0.8 0.1
v -0.8 0.8 0
v -0.8 0.8 -0.1
v -0.8 0.9 0.2
v -0.8 0.9 0.1
v -0.8 0.9 0
v -0.8 1 0.3
v -0.8 1 0.2
v -0.8 1 0.1
v -0.8 1 0
v -0.8 1 -0.1
v -0.8 1.1 0.2
v -0.8 1.1 0
v -0.8 1.5 0.2
v -0.8 1.5 0
v -0.8 1.6 0.3
v -0.8 1.6 0.2
v -0.8 1.6 0.1
v -0.8 1.6 0
v -0.8 1.6 -0.1
v -0.8 1.7 0.2
v -0.8 1.7 0.1
v -0.8 1.7 0
v -0.8 1.8 0.3
v -0.8 1.8 0.2
v -0.8 1.8 0.1
v -0.8 1.8 0
v -0.8 1.8 -0.1
v -0.8 1.9 0.2
v -0.8 1.9 0
v -0.7 0 0.5
v -0.7 0 -0.2
v -0.7 0.1 0.5
v -0.7 0.1 0.4
v -0.7 0.1 0.3
v -0.7 0.1 -0.1
v -0.7 0.1 -0.2
v -0.7 0.2 0.4
v -0.7 0.2 0.3
v -0.7 0.7 0.2
v -0.7 0.7 0
v -0.7 0.8 0.5
v -0.7 0.8 0.4
v -0.7 0.8 0.3
v -0.7 0.8 0.2
v -0.7 0.8 0
v -0.7 0.8 -0.1
v -0.7 1 0.3
v -0.7 1 0.2
v -0.7 1 0
v -0.7 1 -0.1
v -0.7 1.1 0.5
v -0.7 1.1 0.4
v -0.7 1.1 0.2
v -0.7 1.1 0
v -0.7 1.5 0.2
v -0.7 1.5 0
v -0.7 1.6 0.3
v -0.7 1.6 0.2
v -0.7 1.6 0
v -0.7 1.6 -0.1
v -0.7 1.8 0.3
v -0.7 1.8 0.2
v -0.7 1.8 0
v -0.7 1.8 -0.1
v -0.7 1.9 0.3
v -0.7 1.9 0.2
v -0.7 1.9 0
v -0.7 1.9 -0.1
v -0.7 2 0.2
v -0.7 2 0
v -0.6 0 0.6
v -0.6 0 0.5
v -0.6 0.1 0.6
v -0.6 0.1 0.5
v -0.6 0.1 0.4
v -0.6 0.1 -0.1
v -0.6 0.1 -0.2
v -0.6 0.2 0.5
v -0.6 0.2 0.4
v -0.6 0.2 0.3
v -0.6 0.7 0.5
v -0.6 0.7 0.4
v -0.6 0.8 0.5
v -0.6 0.8 0.4
v -0.6 1.1 0.5
v -0.6 1.1 0.4
v -0.6 1.2 0.5
v -0.6 1.2 0.4
v -0.6 1.7 0.4
v -0.6 1.7 0.3
v -0.6 1.7 -0.1
v -0.6 1.7 -0.2
v -0.6 1.8 0.4
v -0.6 1.8 0.3
v -0.6 1.8 -0.1
v -0.6 1.8 -0.2
v -0.6 2.2 0.3
v -0.6 2.2 -0.1
v -0.6 2.3 0.4
v -0.6 2.3 0.3
v -0.6 2.3 -0.1
v -0.6 2.3 -0.2
v -0.6 2.4 0.5
v -0.6 2.4 0.4
v -0.6 2.4 -0.2
v -0.6 2.4 -0.3
v -0.6 2.7 0.3
v -0.6 2.7 -0.1
v -0.6 2.8 0.4
v -0.6 2.8 0.3
v -0.6 2.8 -0.1
v -0.6 2.8 -0.2
v -0.6 3 0.5
v -0.6 3 0.4
v -0.6 3 -0.2
v -0.6 3 -0.3
v -0.6 3.5 0.4
v -0.6 3.5 -0.1
v -0.6 3.6 0.5
v -0.6 3.6 0.4
v -0.6 3.6 -0.1
v -0.6 3.6 -0.2
v -0.6 3.7 -0.2
v -0.6 3.7 -0.3
v -0.6 4.3 -0.2
v -0.6 4.3 -0.3
v -0.6 4.4 0.5
v -0.6 4.4 0.4
v -0.6 4.4 -0.1
v -0.6 4.4 -0.2
v -0.6 4.5 0.4
v -0.6 4.5 -0.1
v -0.5 1.7 0.5
v -0.5 1.7 0.4
v -0.5 1.7 -0.2
v -0.5 1.7 -0.3
v -0.5 1.8 0.5
v -0.5 1.8 0.4
v -0.5 1.8 0.3
v -0.5 1.8 -0.1
v -0.5 1.8 -0.2
v -0.5 1.8 -0.3
v -0.5 1.9 0.4
v -0.5 1.9 0.3
v -0.5 1.9 0.2
v -0.5 1.9 0
v -0.5 1.9 -0.1
v -0.5 1.9 -0.2
v -0.5 2 0.3
v -0.5 2 0.2
v -0.5 2 0
v -0.5 2 -0.1
v -0.5 2.1 0.3
v -0.5 2.1 -0.1
v -0.5 2.2 0.4
v -0.5 2.2 0.3
v -0.5 2.2 -0.1
v -0.5 2.2 -0.2
v -0.5 2.3 0.5
v -0.5 2.3 0.4
v -0.5 2.3 0.3
v -0.5 2.3 -0.1
v -0.5 2.3 -0.2
v -0.5 2.3 -0.3
v -0.5 2.3 -0.4
v -0.5 2.4 0.6
v -0.5 2.4 0.5
v -0.5 2.4 0.4
v -0.5 2.4 -0.2
v -0.5 2.4 -0.3
v -0.5 3 0.6
v -0.5 3 0.5
v -0.5 3 0.4
v -0.5 3 -0.2
v -0.5 3 -0.3
v -0.5 3 -0.4
v -0.5 3.1 0.5
v -0.5 3.1 0.4
v -0.5 3.1 0.3
v -0.5 3.1 -0.1
v -0.5 3.1 -0.2
v -0.5 3.1 -0.3
v -0.5 3.2 0.4
v -0.5 3.2 0.3
v -0.5 3.2 -0.1
v -0.5 3.2 -0.2
v -0.5 3.3 0.3
v -0.5 3.3 -0.1
v -0.5 3.4 0.4
v -0.5 3.4 -0.1
v -0.5 3.5 0.5
v -0.5 3.5 0.4
v -0.5 3.5 -0.1
v -0.5 3.5 -0.2
v -0.5 3.6 0.6
v -0.5 3.6 0.5
v -0.5 3.6 0.4
v -0.5 3.6 -0.1
v -0.5 3.6 -0.2
v -0.5 3.6 -0.3
v -0.5 3.7 -0.2
v -0.5 3.7 -0.3
v -0.5 3.7 -0.4
v -0.5 4.3 -0.2
v -0.5 4.3 -0.3
v -0.5 4.3 -0.4
v -0.5 4.4 0.6
v -0.5 4.4 0.5
v -0.5 4.4 0.4
v -0.5 4.4 -0.1
v -0.5 4.4 -0.2
v -0.5 4.4 -0.3
v -0.5 4.5 0.5
v -0.5 4.5 0.4
v -0.5 4.5 -0.1
v -0.5 4.5 -0.2
v -0.5 4.6 0.4
v -0.5 4.6 -0.1
v -0.4 1.6 0.5
v -0.4 1.6 0.4
v -0.4 1.6 -0.2
v -0.4 1.6 -0.3
v -0.4 1.7 0.5
v -0.4 1.7 0.4
v -0.4 1.7 -0.2
v -0.4 1.7 -0.3
v -0.4 2 0.3
v -0.4 2 -0.1
v -0.4 2 -0.2
v -0.4 2.1 0.4
v -0.4 2.1 0.3
v -0.4 2.1 -0.1
v -0.4 2.1 -0.2
v -0.4 2.1 -0.3
v -0.4 2.2 0.5
v -0.4 2.2 0.4
v -0.4 2.2 0.3
v -0.4 2.2 -0.1
v -0.4 2.2 -0.2
v -0.4 2.2 -0.3
v -0.4 2.2 -0.4
v -0.4 2.3 0.6
v -0.4 2.3 0.5
v -0.4 2.3 0.4
v -0.4 2.3 -0.2
v -0.4 2.3 -0.3
v -0.4 2.3 -0.4
v -0.4 2.4 0.6
v -0.4 2.4 0.5
v -0.4 3 0.6
v -0.4 3 0.5
v -0.4 3 -0.3
v -0.4 3 -0.4
v -0.4 3.1 0.6
v -0.4 3.1 0.5
v -0.4 3.1 0.4
v -0.4 3.1 -0.2
v -0.4 3.1 -0.3
v -0.4 3.1 -0.4
v -0.4 3.2 0.5
v -0.4 3.2 0.4
v -0.4 3.2 0.3
v -0.4 3.2 -0.1
v -0.4 3.2 -0.2
v -0.4 3.2 -0.3
v -0.4 3.3 0.4
v -0.4 3.3 0.3
v -0.4 3.3 0.1
v -0.4 3.3 -0.1
v -0.4 3.3 -0.2
v -0.4 3.4 0.5
v -0.4 3.4 0.4
v -0.4 3.4 0.1
v -0.4 3.4 -0.1
v -0.4 3.4 -0.2
v -0.4 3.5 0.6
v -0.4 3.5 0.5
v -0.4 3.5 0.4
v -0.4 3.5 -0.1
v -0.4 3.5 -0.2
v -0.4 3.5 -0.3
v -0.4 3.6 0.6
v -0.4 3.6 0.5
v -0.4 3.6 -0.2
v -0.4 3.6 -0.3
v -0.4 3.6 -0.4
v -0.4 3.7 -0.3
v -0.4 3.7 -0.4
v -0.4 3.7 -0.5
v -0.4 4.3 -0.3
v -0.4 4.3 -0.4
v -0.4 4.3 -0.5
v -0.4 4.4 0.6
v -0.4 4.4 0.5
v -0.4 4.4 -0.2
v -0.4 4.4 -0.3
v -0.4 4.4 -0.4
v -0.4 4.5 0.6
v -0.4 4.5 0.5
v -0.4 4.5 0.4
v -0.4 4.5 -0.1
v -0.4 4.5 -0.2
v -0.4 4.5 -0.3
v -0.4 4.6 0.5
v -0.4 4.6 0.4
v -0.4 4.6 -0.1
v -0.4 4.6 -0.2
v -0.3 1.5 0.5
v -0.3 1.5 0.4
v -0.3 1.5 -0.2
v -0.3 1.5 -0.3
v -0.3 1.6 0.6
v -0.3 1.6 0.5
v -0.3 1.6 0.4
v -0.3 1.6 -0.2
v -0.3 1.6 -0.3
v -0.3 1.6 -0.4
v -0.3 1.7 0.6
v -0.3 1.7 0.5
v -0.3 1.7 -0.3
v -0.3 1.7 -0.4
v -0.3 1.8 0.5
v -0.3 1.8 0.4
v -0.3 1.8 -0.2
v -0.3 1.8 -0.3
v -0.3 1.9 0.5
v -0.3 1.9 0.4
v -0.3 1.9 0.3
v -0.3 1.9 -0.1
v -0.3 1.9 -0.2
v -0.3 1.9 -0.3
v -0.3 2 0.3
v -0.3 2 -0.1
v -0.3 2 -0.2
v -0.3 2 -0.3
v -0.3 2.1 0.5
v -0.3 2.1 0.4
v -0.3 2.1 0.3
v -0.3 2.1 -0.2
v -0.3 2.1 -0.3
v -0.3 2.1 -0.4
v -0.3 2.2 0.6
v -0.3 2.2 0.5
v -0.3 2.2 0.4
v -0.3 2.2 -0.3
v -0.3 2.2 -0.4
v -0.3 2.3 0.6
v -0.3 2.3 0.5
v -0.3 2.5 0.7
v -0.3 2.5 0.6
v -0.3 2.9 0.7
v -0.3 2.9 0.6
v -0.3 3.1 0.6
v -0.3 3.1 0.5
v -0.3 3.1 -0.3
v -0.3 3.1 -0.4
v -0.3 3.2 0.6
v -0.3 3.2 0.5
v -0.3 3.2 0.4
v -0.3 3.2 -0.2
v -0.3 3.2 -0.3
v -0.3 3.2 -0.4
v -0.3 3.3 0.5
v -0.3 3.3 0.4
v -0.3 3.3 0.2
v -0.3 3.3 0.1
v -0.3 3.3 -0.1
v -0.3 3.3 -0.2
v -0.3 3.3 -0.3
v -0.3 3.4 0.2
v -0.3 3.4 0.1
v -0.3 3.4 -0.1
v -0.3 3.4 -0.2
v -0.3 3.4 -0.3
v -0.3 3.5 -0.2
v -0.3 3.5 -0.3
v -0.3 3.5 -0.4
v -0.3 3.6 -0.3
v -0.3 3.6 -0.4
v -0.3 3.6 -0.5
v -0.3 3.7 -0.4
v -0.3 3.7 -0.5
v -0.3 4.3 -0.4
v -0.3 4.3 -0.5
v -0.3 4.4 -0.3
v -0.3 4.4 -0.4
v -0.3 4.4 -0.5
v -0.3 4.5 -0.2
v -0.3 4.5 -0.3
v -0.3 4.5 -0.4
v -0.3 4.6 -0.2
v -0.3 4.6 -0.3
v -0.2 1.4 0.5
v -0.2 1.4 0.3
v -0.2 1.4 -0.1
v -0.2 1.4 -0.3
v -0.2 1.5 0.6
v -0.2 1.5 0.5
v -0.2 1.5 0.4
v -0.2 1.5 0.3
v -0.2 1.5 -0.1
v -0.2 1.5 -0.2
v -0.2 1.5 -0.3
v -0.2 1.5 -0.4
v -0.2 1.6 0.6
v -0.2 1.6 0.5
v -0.2 1.6 -0.3
v -0.2 1.6 -0.4
v -0.2 1.7 0.6
v -0.2 1.7 0.5
v -0.2 1.7 -0.3
v -0.2 1.7 -0.4
v -0.2 1.9 0.5
v -0.2 1.9 0.4
v -0.2 1.9 -0.2
v -0.2 1.9 -0.3
v -0.2 2 -0.2
v -0.2 2 -0.3
v -0.2 2.1 0.5
v -0.2 2.1 0.4
v -0.2 2.1 -0.3
v -0.2 2.1 -0.4
v -0.2 2.2 0.6
v -0.2 2.2 0.5
v -0.2 2.4 0.7
v -0.2 2.4 0.6
v -0.2 2.5 0.7
v -0.2 2.5 0.6
v -0.2 2.9 0.7
v -0.2 2.9 0.6
v -0.2 3 0.7
v -0.2 3 0.6
v -0.2 3.2 0.6
v -0.2 3.2 0.5
v -0.2 3.2 -0.3
v -0.2 3.2 -0.4
v -0.2 3.3 0.6
v -0.2 3.3 0.5
v -0.2 3.3 0.4
v -0.2 3.3 0.2
v -0.2 3.3 -0.2
v -0.2 3.3 -0.3
v -0.2 3.3 -0.4
v -0.2 3.4 0.4
v -0.2 3.4 0.2
v -0.2 3.4 -0.2
v -0.2 3.4 -0.3
v -0.0999999 2.3 0.7
v -0.0999999 2.3 0.6
v -0.0999999 2.4 0.7
v -0.0999999 2.4 0.6
v -0.0999999 3 0.7
v -0.0999999 3 0.6
v -0.0999999 3.1 0.7
v -0.0999999 3.1 0.6
v 0.0999999 0.7 0.2
v 0.0999999 0.7 0
v 0.0999999 0.8 0.3
v 0.0999999 0.8 0.2
v 0.0999999 0.8 0.1
v 0.0999999 0.8 0
v 0.0999999 0.8 -0.1
v 0.0999999 0.9 0.2
v 0.0999999 0.9 0.1
v 0.0999999 0.9 0
v 0.0999999 1 0.3
v 0.0999999 1 0.2
v 0.0999999 1 0.1
v 0.0999999 1 0
v 0.0999999 1 -0.1
v 0.0999999 1.1 0.2
v 0.0999999 1.1 0
v 0.0999999 3.3 0.1
v 0.0999999 3.3 0
v 0.0999999 3.4 0.1
v 0.0999999 3.4 0
v 0.2 0 0.5
v 0.2 0 -0.2
v 0.2 0.1 0.5
v 0.2 0.1 0.4
v 0.2 0.1 0.3
v 0.2 0.1 -0.1
v 0.2 0.1 -0.2
v 0.2 0.2 0.4
v 0.2 0.2 0.3
v 0.2 0.7 0.2
v 0.2 0.7 0
v 0.2 0.8 0.5
v 0.2 0.8 0.4
v 0.2 0.8 0.3
v 0.2 0.8 0.2
v 0.2 0.8 0
v 0.2 0.8 -0.1
v 0.2 1 0.3
v 0.2 1 0.2
v 0.2 1 0
v 0.2 1 -0.1
v 0.2 1.1 0.5
v 0.2 1.1 0.4
v 0.2 1.1 0.2
v 0.2 1.1 0
v 0.2 1.4 0.3
v 0.2 1.4 -0.1
v 0.3 0 0.6
v 0.3 0 0.5
v 0.3 0.1 0.6
v 0.3 0.1 0.5
v 0.3 0.1 0.4
v 0.3 0.1 -0.1
v 0.3 0.1 -0.2
v 0.3 0.2 0.5
v 0.3 0.2 0.4
v 0.3 0.2 0.3
v 0.3 0.7 0.5
v 0.3 0.7 0.4
v 0.3 0.8 0.5
v 0.3 0.8 0.4
v 0.3 1.1 0.5
v 0.3 1.1 0.4
v 0.3 1.2 0.5
v 0.3 1.2 0.4
v 0.3 1.5 0.4
v 0.3 1.5 0.3
v 0.3 1.5 -0.1
v 0.3 1.5 -0.2
v 0.6 3.1 0.4
v 0.6 3.1 0.3
v 0.6 3.1 -0.1
v 0.6 3.1 -0.2
v 0.6 3.2 0.4
v 0.6 3.2 0.3
v 0.6 3.2 -0.1
v 0.6 3.2 -0.2
v 0.6 3.3 0.3
v 0.6 3.3 -0.1
v 0.7 2.7 0.4
v 0.7 2.7 0.3
v 0.7 2.7 -0.1
v 0.7 2.7 -0.2
v 0.7 2.8 0.4
v 0.7 2.8 0.3
v 0.7 2.8 -0.1
v 0.7 2.8 -0.2
v 0.7 3.2 0.4
v 0.7 3.2 0.3
v 0.7 3.2 -0.1
v 0.7 3.2 -0.2
v 0.7 3.3 0.4
v 0.7 3.3 0.3
v 0.7 3.3 -0.1
v 0.7 3.3 -0.2
v 1.5 2.7 0.3
v 1.5 2.7 -0.1
v 1.5 2.8 0.4
v 1.5 2.8 0.3
v 1.5 2.8 -0.1
v 1.5 2.8 -0.2
v 1.5 3.2 0.4
v 1.5 3.2 0.3
v 1.5 3.2 -0.1
v 1.5 3.2 -0.2
v 1.5 3.3 0.3
v 1.5 3.3 -0.1
v 2 2.7 0.4
v 2 2.7 -0.2
v 2 2.8 0.3
v 2 2.8 -0.1
v 2 3.2 0.3
v 2 3.2 -0.1
v 2 3.3 0.4
v 2 3.3 -0.2
v -2 2.7 0.4
v -2 2.7 -0.2
v -2 2.8 0.3
v -2 2.8 -0.1
v -2 3.2 0.3
v -2 3.2 -0.1
v -2 3.3 0.4
v -2 3.3 -0.2
v -1.5 2.7 0.3
v -1.5 2.7 -0.1
v -1.5 2.8 0.4
v -1.5 2.8 0.3
v -1.5 2.8 -0.1
v -1.5 2.8 -0.2
v -1.5 3.2 0.4
v -1.5 3.2 0.3
v -1.5 3.2 -0.1
v -1.5 3.2 -0.2
v -1.5 3.3 0.3
v -1.5 3.3 -0.1
v -0.7 2.7 0.4
v -0.7 2.7 0.3
v -0.7 2.7 -0.1
v -0.7 2.7 -0.2
v -0.7 2.8 0.4
v -0.7 2.8 0.3
v -0.7 2.8 -0.1
v -0.7 2.8 -0.2
v -0.7 3.2 0.4
v -0.7 3.2 0.3
v -0.7 3.2 -0.1
v -0.7 3.2 -0.2
v -0.7 3.3 0.4
v -0.7 3.3 0.3
v -0.7 3.3 -0.1
v -0.7 3.3 -0.2
v -0.6 3.1 0.4
v -0.6 3.1 0.3
v -0.6 3.1 -0.1
v -0.6 3.1 -0.2
v -0.6 3.2 0.4
v -0.6 3.2 0.3
v -0.6 3.2 -0.1
v -0.6 3.2 -0.2
v -0.6 3.3 0.3
v -0.6 3.3 -0.1
v -0.3 0 0.6
v -0.3 0 0.5
v -0.3 0.1 0.6
v -0.3 0.1 0.5
v -0.3 0.1 0.4
v -0.3 0.1 -0.1
v -0.3 0.1 -0.2
v -0.3 0.2 0.5
v -0.3 0.2 0.4
v -0.3 0.2 0.3
v -0.3 0.7 0.5
v -0.3 0.7 0.4
v -0.3 0.8 0.5
v -0.3 0.8 0.4
v -0.3 1.1 0.5
v -0.3 1.1 0.4
v -0.3 1.2 0.5
v -0.3 1.2 0.4
v -0.3 1.5 0.4
v -0.3 1.5 0.3
v -0.3 1.5 -0.1
v -0.3 1.5 -0.2
v -0.2 0 0.5
v -0.2 0 -0.2
v -0.2 0.1 0.5
v -0.2 0.1 0.4
v -0.2 0.1 0.3
v -0.2 0.1 -0.1
v -0.2 0.1 -0.2
v -0.2 0.2 0.4
v -0.2 0.2 0.3
v -0.2 0.7 0.2
v -0.2 0.7 0
v -0.2 0.8 0.5
v -0.2 0.8 0.4
v -0.2 0.8 0.3
v -0.2 0.8 0.2
v -0.2 0.8 0
v -0.2 0.8 -0.1
v -0.2 1 0.3
v -0.2 1 0.2
v -0.2 1 0
v -0.2 1 -0.1
v -0.2 1.1 0.5
v -0.2 1.1 0.4
v -0.2 1.1 0.2
v -0.2 1.1 0
v -0.2 1.4 0.3
v -0.2 1.4 -0.1
v -0.0999999 0.7 0.2
v -0.0999999 0.7 0
v -0.0999999 0.8 0.3
v -0.0999999 0.8 0.2
v -0.0999999 0.8 0.1
v -0.0999999 0.8 0
v -0.0999999 0.8 -0.1
v -0.0999999 0.9 0.2
v -0.0999999 0.9 0.1
v -0.0999999 0.9 0
v -0.0999999 1 0.3
v -0.0999999 1 0.2
v -0.0999999 1 0.1
v -0.0999999 1 0
v -0.0999999 1 -0.1
v -0.0999999 1.1 0.2
v -0.0999999 1.1 0
v 0 3.3 0.1
v 0 3.3 0
v 0 3.4 0.1
v 0 3.4 0
v 0.0999999 2.3 0.7
v 0.0999999 2.3 0.6
v 0.0999999 2.4 0.7
v 0.0999999 2.4 0.6
v 0.0999999 3 0.7
v 0.0999999 3 0.6
v 0.0999999 3.1 0.7
v 0.0999999 3.1 0.6
v 0.0999999 3.3 -0.2
v 0.0999999 3.3 -0.3
v 0.0999999 3.4 -0.2
v 0.0999999 3.4 -0.3
v 0.2 1.4 0.5
v 0.2 1.4 0.3
v 0.2 1.4 -0.1
v 0.2 1.4 -0.3
v 0.2 1.5 0.6
v 0.2 1.5 0.5
v 0.2 1.5 0.4
v 0.2 1.5 0.3
v 0.2 1.5 -0.1
v 0.2 1.5 -0.2
v 0.2 1.5 -0.3
v 0.2 1.5 -0.4
v 0.2 1.6 0.6
v 0.2 1.6 0.5
v 0.2 1.6 -0.3
v 0.2 1.6 -0.4
v 0.2 1.7 0.6
v 0.2 1.7 0.5
v 0.2 1.7 -0.3
v 0.2 1.7 -0.4
v 0.2 1.9 0.5
v 0.2 1.9 0.4
v 0.2 1.9 -0.2
v 0.2 1.9 -0.3
v 0.2 2 -0.2
v 0.2 2 -0.3
v 0.2 2.1 0.5
v 0.2 2.1 0.4
v 0.2 2.1 -0.3
v 0.2 2.1 -0.4
v 0.2 2.2 0.6
v 0.2 2.2 0.5
v 0.2 2.4 0.7
v 0.2 2.4 0.6
v 0.2 2.5 0.7
v 0.2 2.5 0.6
v 0.2 2.9 0.7
v 0.2 2.9 0.6
v 0.2 3 0.7
v 0.2 3 0.6
v 0.2 3.2 0.6
v 0.2 3.2 0.5
v 0.2 3.2 -0.3
v 0.2 3.2 -0.4
v 0.2 3.3 0.6
v 0.2 3.3 0.5
v 0.2 3.3 0.4
v 0.2 3.3 0.3
v 0.2 3.3 -0.1
v 0.2 3.3 -0.2
v 0.2 3.3 -0.3
v 0.2 3.3 -0.4
v 0.2 3.4 0.4
v 0.2 3.4 0.3
v 0.2 3.4 -0.1
v 0.2 3.4 -0.2
v 0.3 1.5 0.5
v 0.3 1.5 0.4
v 0.3 1.5 -0.2
v 0.3 1.5 -0.3
v 0.3 1.6 0.6
v 0.3 1.6 0.5
v 0.3 1.6 0.4
v 0.3 1.6 -0.2
v 0.3 1.6 -0.3
v 0.3 1.6 -0.4
v 0.3 1.7 0.6
v 0.3 1.7 0.5
v 0.3 1.7 -0.3
v 0.3 1.7 -0.4
v 0.3 1.8 0.5
v 0.3 1.8 0.4
v 0.3 1.8 -0.2
v 0.3 1.8 -0.3
v 0.3 1.9 0.5
v 0.3 1.9 0.4
v 0.3 1.9 0.3
v 0.3 1.9 -0.1
v 0.3 1.9 -0.2
v 0.3 1.9 -0.3
v 0.3 2 0.3
v 0.3 2 -0.1
v 0.3 2 -0.2
v 0.3 2 -0.3
v 0.3 2.1 0.5
v 0.3 2.1 0.4
v 0.3 2.1 0.3
v 0.3 2.1 -0.2
v 0.3 2.1 -0.3
v 0.3 2.1 -0.4
v 0.3 2.2 0.6
v 0.3 2.2 0.5
v 0.3 2.2 0.4
v 0.3 2.2 -0.3
v 0.3 2.2 -0.4
v 0.3 2.3 0.6
v 0.3 2.3 0.5
v 0.3 2.5 0.7
v 0.3 2.5 0.6
v 0.3 2.9 0.7
v 0.3 2.9 0.6
v 0.3 3.1 0.6
v 0.3 3.1 0.5
v 0.3 3.1 -0.3
v 0.3 3.1 -0.4
v 0.3 3.2 0.6
v 0.3 3.2 0.5
v 0.3 3.2 0.4
v 0.3 3.2 -0.2
v 0.3 3.2 -0.3
v 0.3 3.2 -0.4
v 0.3 3.3 0.5
v 0.3 3.3 0.4
v 0.3 3.3 0.3
v 0.3 3.3 0.2
v 0.3 3.3 0
v 0.3 3.3 -0.1
v 0.3 3.3 -0.2
v 0.3 3.3 -0.3
v 0.3 3.4 0.3
v 0.3 3.4 0.2
v 0.3 3.4 0
v 0.3 3.4 -0.1
v 0.3 3.4 -0.2
v 0.3 3.4 -0.3
v 0.3 3.5 -0.2
v 0.3 3.5 -0.3
v 0.3 3.5 -0.4
v 0.3 3.6 -0.3
v 0.3 3.6 -0.4
v 0.3 3.6 -0.5
v 0.3 3.7 -0.4
v 0.3 3.7 -0.5
v 0.3 4.3 -0.4
v 0.3 4.3 -0.5
v 0.3 4.4 -0.3
v 0.3 4.4 -0.4
v 0.3 4.4 -0.5
v 0.3 4.5 -0.2
v 0.3 4.5 -0.3
v 0.3 4.5 -0.4
v 0.3 4.6 -0.2
v 0.3 4.6 -0.3
v 0.4 1.6 0.5
v 0.4 1.6 0.4
v 0.4 1.6 -0.2
v 0.4 1.6 -0.3
v 0.4 1.7 0.5
v 0.4 1.7 0.4
v 0.4 1.7 -0.2
v 0.4 1.7 -0.3
v 0.4 2 0.3
v 0.4 2 -0.1
v 0.4 2 -0.2
v 0.4 2.1 0.4
v 0.4 2.1 0.3
v 0.4 2.1 -0.1
v 0.4 2.1 -0.2
v 0.4 2.1 -0.3
v 0.4 2.2 0.5
v 0.4 2.2 0.4
v 0.4 2.2 0.3
v 0.4 2.2 -0.1
v 0.4 2.2 -0.2
v 0.4 2.2 -0.3
v 0.4 2.2 -0.4
v 0.4 2.3 0.6
v 0.4 2.3 0.5
v 0.4 2.3 0.4
v 0.4 2.3 -0.2
v 0.4 2.3 -0.3
v 0.4 2.3 -0.4
v 0.4 2.4 0.6
v 0.4 2.4 0.5
v 0.4 3 0.6
v 0.4 3 0.5
v 0.4 3 -0.3
v 0.4 3 -0.4
v 0.4 3.1 0.6
v 0.4 3.1 0.5
v 0.4 3.1 0.4
v 0.4 3.1 -0.2
v 0.4 3.1 -0.3
v 0.4 3.1 -0.4
v 0.4 3.2 0.5
v 0.4 3.2 0.4
v 0.4 3.2 0.3
v 0.4 3.2 -0.1
v 0.4 3.2 -0.2
v 0.4 3.2 -0.3
v 0.4 3.3 0.4
v 0.4 3.3 0.3
v 0.4 3.3 0.2
v 0.4 3.3 0
v 0.4 3.3 -0.1
v 0.4 3.3 -0.2
v 0.4 3.4 0.5
v 0.4 3.4 0.4
v 0.4 3.4 0.2
v 0.4 3.4 0
v 0.4 3.4 -0.1
v 0.4 3.4 -0.2
v 0.4 3.5 0.6
v 0.4 3.5 0.5
v 0.4 3.5 0.4
v 0.4 3.5 -0.1
v 0.4 3.5 -0.2
v 0.4 3.5 -0.3
v 0.4 3.6 0.6
v 0.4 3.6 0.5
v 0.4 3.6 -0.2
v 0.4 3.6 -0.3
v 0.4 3.6 -0.4
v 0.4 3.7 -0.3
v 0.4 3.7 -0.4
v 0.4 3.7 -0.5
v 0.4 4.3 -0.3
v 0.4 4.3 -0.4
v 0.4 4.3 -0.5
v 0.4 4.4 0.6
v 0.4 4.4 0.5
v 0.4 4.4 -0.2
v 0.4 4.4 -0.3
v 0.4 4.4 -0.4
v 0.4 4.5 0.6
v 0.4 4.5 0.5
v 0.4 4.5 0.4
v 0.4 4.5 -0.1
v 0.4 4.5 -0.2
v 0.4 4.5 -0.3
v 0.4 4.6 0.5
v 0.4 4.6 0.4
v 0.4 4.6 -0.1
v 0.4 4.6 -0.2
v 0.5 1.7 0.5
v 0.5 1.7 0.4
v 0.5 1.7 -0.2
v 0.5 1.7 -0.3
v 0.5 1.8 0.5
v 0.5 1.8 0.4
v 0.5 1.8 0.3
v 0.5 1.8 -0.1
v 0.5 1.8 -0.2
v 0.5 1.8 -0.3
v 0.5 1.9 0.4
v 0.5 1.9 0.3
v 0.5 1.9 0.2
v 0.5 1.9 0
v 0.5 1.9 -0.1
v 0.5 1.9 -0.2
v 0.5 2 0.3
v 0.5 2 0.2
v 0.5 2 0
v 0.5 2 -0.1
v 0.5 2.1 0.3
v 0.5 2.1 -0.1
v 0.5 2.2 0.4
v 0.5 2.2 0.3
v 0.5 2.2 -0.1
v 0.5 2.2 -0.2
v 0.5 2.3 0.5
v 0.5 2.3 0.4
v 0.5 2.3 0.3
v 0.5 2.3 -0.1
v 0.5 2.3 -0.2
v 0.5 2.3 -0.3
v 0.5 2.3 -0.4
v 0.5 2.4 0.6
v 0.5 2.4 0.5
v 0.5 2.4 0.4
v 0.5 2.4 -0.2
v 0.5 2.4 -0.3
v 0.5 3 0.6
v 0.5 3 0.5
v 0.5 3 0.4
v 0.5 3 -0.2
v 0.5 3 -0.3
v 0.5 3 -0.4
v 0.5 3.1 0.5
v 0.5 3.1 0.4
v 0.5 3.1 0.3
v 0.5 3.1 -0.1
v 0.5 3.1 -0.2
v 0.5 3.1 -0.3
v 0.5 3.2 0.4
v 0.5 3.2 0.3
v 0.5 3.2 -0.1
v 0.5 3.2 -0.2
v 0.5 3.3 0.3
v 0.5 3.3 -0.1
v 0.5 3.4 0.4
v 0.5 3.4 -0.1
v 0.5 3.5 0.5
v 0.5 3.5 0.4
v 0.5 3.5 -0.1
v 0.5 3.5 -0.2
v 0.5 3.6 0.6
v 0.5 3.6 0.5
v 0.5 3.6 0.4
v 0.5 3.6 -0.1
v 0.5 3.6 -0.2
v 0.5 3.6 -0.3
v 0.5 3.7 -0.2
v 0.5 3.7 -0.3
v 0.5 3.7 -0.4
v 0.5 4.3 -0.2
v 0.5 4.3 -0.3
v 0.5 4.3 -0.4
v 0.5 4.4 0.6
v 0.5 4.4 0.5
v 0.5 4.4 0.4
v 0.5 4.4 -0.1
v 0.5 4.4 -0.2
v 0.5 4.4 -0.3
v 0.5 4.5 0.5
v 0.5 4.5 0.4
v 0.5 4.5 -0.1
v 0.5 4.5 -0.2
v 0.5 4.6 0.4
v 0.5 4.6 -0.1
v 0.6 0 0.6
v 0.6 0 0.5
v 0.6 0.1 0.6
v 0.6 0.1 0.5
v 0.6 0.1 0.4
v 0.6 0.1 -0.1
v 0.6 0.1 -0.2
v 0.6 0.2 0.5
v 0.6 0.2 0.4
v 0.6 0.2 0.3
v 0.6 0.7 0.5
v 0.6 0.7 0.4
v 0.6 0.8 0.5
v 0.6 0.8 0.4
v 0.6 1.1 0.5
v 0.6 1.1 0.4
v 0.6 1.2 0.5
v 0.6 1.2 0.4
v 0.6 1.7 0.4
v 0.6 1.7 0.3
v 0.6 1.7 -0.1
v 0.6 1.7 -0.2
v 0.6 1.8 0.4
v 0.6 1.8 0.3
v 0.6 1.8 -0.1
v 0.6 1.8 -0.2
v 0.6 2.2 0.3
v 0.6 2.2 -0.1
v 0.6 2.3 0.4
v 0.6 2.3 0.3
v 0.6 2.3 -0.1
v 0.6 2.3 -0.2
v 0.6 2.4 0.5
v 0.6 2.4 0.4
v 0.6 2.4 -0.2
v 0.6 2.4 -0.3
v 0.6 2.7 0.3
v 0.6 2.7 -0.1
v 0.6 2.8 0.4
v 0.6 2.8 0.3
v 0.6 2.8 -0.1
v 0.6 2.8 -0.2
v 0.6 3 0.5
v 0.6 3 0.4
v 0.6 3 -0.2
v 0.6 3 -0.3
v 0.6 3.5 0.4
v 0.6 3.5 -0.1
v 0.6 3.6 0.5
v 0.6 3.6 0.4
v 0.6 3.6 -0.1
v 0.6 3.6 -0.2
v 0.6 3.7 -0.2
v 0.6 3.7 -0.3
v 0.6 4.3 -0.2
v 0.6 4.3 -0.3
v 0.6 4.4 0.5
v 0.6 4.4 0.4
v 0.6 4.4 -0.1
v 0.6 4.4 -0.2
v 0.6 4.5 0.4
v 0.6 4.5 -0.1
v 0.7 0 0.5
v 0.7 0 -0.2
v 0.7 0.1 0.5
v 0.7 0.1 0.4
v 0.7 0.1 0.3
v 0.7 0.1 -0.1
v 0.7 0.1 -0.2
v 0.7 0.2 0.4
v 0.7 0.2 0.3
v 0.7 0.7 0.2
v 0.7 0.7 0
v 0.7 0.8 0.5
v 0.7 0.8 0.4
v 0.7 0.8 0.3
v 0.7 0.8 0.2
v 0.7 0.8 0
v 0.7 0.8 -0.1
v 0.7 1 0.3
v 0.7 1 0.2
v 0.7 1 0
v 0.7 1 -0.1
v 0.7 1.1 0.5
v 0.7 1.1 0.4
v 0.7 1.1 0.2
v 0.7 1.1 0
v 0.7 1.5 0.2
v 0.7 1.5 0
v 0.7 1.6 0.3
v 0.7 1.6 0.2
v 0.7 1.6 0
v 0.7 1.6 -0.1
v 0.7 1.8 0.3
v 0.7 1.8 0.2
v 0.7 1.8 0
v 0.7 1.8 -0.1
v 0.7 1.9 0.3
v 0.7 1.9 0.2
v 0.7 1.9 0
v 0.7 1.9 -0.1
v 0.7 2 0.2
v 0.7 2 0
v 0.8 0.7 0.2
v 0.8 0.7 0
v 0.8 0.8 0.3
v 0.8 0.8 0.2
v 0.8 0.8 0.1
v 0.8 0.8 0
v 0.8 0.8 -0.1
v 0.8 0.9 0.2
v 0.8 0.9 0.1
v 0.8 0.9 0
v 0.8 1 0.3
v 0.8 1 0.2
v 0.8 1 0.1
v 0.8 1 0
v 0.8 1 -0.1
v 0.8 1.1 0.2
v 0.8 1.1 0
v 0.8 1.5 0.2
v 0.8 1.5 0
v 0.8 1.6 0.3
v 0.8 1.6 0.2
v 0.8 1.6 0.1
v 0.8 1.6 0
v 0.8 1.6 -0.1
v 0.8 1.7 0.2
v 0.8 1.7 0.1
v 0.8 1.7 0
v 0.8 1.8 0.3
v 0.8 1.8 0.2
v 0.8 1.8 0.1
v 0.8 1.8 0
v 0.8 1.8 -0.1
v 0.8 1.9 0.2
v 0.8 1.9 0
v 1 2.7 0.4
v 1 2.7 0.3
v 1 2.7 -0.1
v 1 2.7 -0.2
v 1 2.8 0.4
v 1 2.8 0.3
v 1 2.8 -0.1
v 1 2.8 -0.2
v 1 3.2 0.4
v 1 3.2 0.3
v 1 3.2 -0.1
v 1 3.2 -0.2
v 1 3.3 0.4
v 1 3.3 0.3
v 1 3.3 -0.1
v 1 3.3 -0.2
v 1.1 2.7 0.3
v 1.1 2.7 -0.1
v 1.1 2.8 0.4
v 1.1 2.8 0.3
v 1.1 2.8 -0.1
v 1.1 2.8 -0.2
v 1.1 3.2 0.4
v 1.1 3.2 0.3
v 1.1 3.2 -0.1
v 1.1 3.2 -0.2
v 1.1 3.3 0.3
v 1.1 3.3 -0.1
v 1.6 2.7 0.3
v 1.6 2.7 -0.1
v 1.6 2.8 0.4
v 1.6 2.8 0.3
v 1.6 2.8 -0.1
v 1.6 2.8 -0.2
v 1.6 3.2 0.4
v 1.6 3.2 0.3
v 1.6 3.2 -0.1
v 1.6 3.2 -0.2
v 1.6 3.3 0.3
v 1.6 3.3 -0.1
v 2.1 2.7 0.4
v 2.1 2.7 -0.2
v 2.1 2.8 0.4
v 2.1 2.8 0.2
v 2.1 2.9 0.2
v 2.1 2.9 -0.1
v 2.1 3 0.4
v 2.1 3 0.3
v 2.1 3.2 0.3
v 2.1 3.2 -0.1
v 2.1 3.3 0.4
v 2.1 3.3 -0.2
v 2.3 2.8 0.4
v 2.3 2.8 0.2
v 2.3 2.9 0.3
v 2.3 2.9 0.2
v 2.3 3 0.4
v 2.3 3 0.3
v 2.4 2.9 0.3
v 2.4 2.9 -0.1
v 2.4 3 0.3
v 2.4 3 -0.1
v 2.7 3 0.3
v 2.7 3 -0.1
v 2.7 3.2 0.3
v 2.7 3.2 -0.1
v -0.3 2.5 0.7
v -0.3 2.9 0.7
v -0.2 2.4 0.7
v -0.2 2.5 0.7
v -0.2 2.6 0.7
v -0.2 2.7 0.7
v -0.2 2.8 0.7
v -0.2 2.9 0.7
v -0.2 3 0.7
v -0.0999999 2.3 0.7
v -0.0999999 2.4 0.7
v -0.0999999 2.5 0.7
v -0.0999999 2.6 0.7
v -0.0999999 2.7 0.7
v -0.0999999 2.8 0.7
v -0.0999999 2.9 0.7
v -0.0999999 3 0.7
v -0.0999999 3.1 0.7
v 0.0999999 2.3 0.7
v 0.0999999 2.4 0.7
v 0.0999999 2.5 0.7
v 0.0999999 2.6 0.7
v 0.0999999 2.7 0.7
v 0.0999999 2.8 0.7
v 0.0999999 2.9 0.7
v 0.0999999 3 0.7
v 0.0999999 3.1 0.7
v 0.2 2.4 0.7
v 0.2 2.5 0.7
v 0.2 2.6 0.7
v 0.2 2.7 0.7
v 0.2 2.8 0.7
v 0.2 2.9 0.7
v 0.2 3 0.7
v 0.3 2.5 0.7
v 0.3 2.9 0.7
v -0.6 0 0.6
v -0.6 0.1 0.6
v -0.5 2.4 0.6
v -0.5 3 0.6
v -0.5 3.6 0.6
v -0.5 4.4 0.6
v -0.4 2.3 0.6
v -0.4 2.4 0.6
v -0.4 3 0.6
v -0.4 3.1 0.6
v -0.4 3.5 0.6
v -0.4 3.6 0.6
v -0.4 4.4 0.6
v -0.4 4.5 0.6
v -0.3 0 0.6
v -0.3 0.1 0.6
v -0.3 1.6 0.6
v -0.3 1.7 0.6
v -0.3 2.2 0.6
v -0.3 2.3 0.6
v -0.3 2.5 0.6
v -0.3 2.9 0.6
v -0.3 3.1 0.6
v -0.3 3.2 0.6
v -0.3 3.9 0.6
v -0.3 4.1 0.6
v -0.3 4.2 0.6
v -0.2 1.5 0.6
v -0.2 1.6 0.6
v -0.2 1.7 0.6
v -0.2 2.2 0.6
v -0.2 2.4 0.6
v -0.2 2.5 0.6
v -0.2 2.9 0.6
v -0.2 3 0.6
v -0.2 3.2 0.6
v -0.2 3.3 0.6
v -0.2 4.1 0.6
v -0.2 4.2 0.6
v -0.0999999 1.5 0.6
v -0.0999999 1.6 0.6
v -0.0999999 2.3 0.6
v -0.0999999 2.4 0.6
v -0.0999999 3 0.6
v -0.0999999 3.1 0.6
v -0.0999999 3.9 0.6
v -0.0999999 4.2 0.6
v 0.0999999 1.5 0.6
v 0.0999999 1.6 0.6
v 0.0999999 2.3 0.6
v 0.0999999 2.4 0.6
v 0.0999999 3 0.6
v 0.0999999 3.1 0.6
v 0.0999999 3.9 0.6
v 0.0999999 4.1 0.6
v 0.0999999 4.2 0.6
v 0.2 1.5 0.6
v 0.2 1.6 0.6
v 0.2 1.7 0.6
v 0.2 2.2 0.6
v 0.2 2.4 0.6
v 0.2 2.5 0.6
v 0.2 2.9 0.6
v 0.2 3 0.6
v 0.2 3.2 0.6
v 0.2 3.3 0.6
v 0.2 4.1 0.6
v 0.2 4.2 0.6
v 0.3 0 0.6
v 0.3 0.1 0.6
v 0.3 1.6 0.6
v 0.3 1.7 0.6
v 0.3 2.2 0.6
v 0.3 2.3 0.6
v 0.3 2.5 0.6
v 0.3 2.9 0.6
v 0.3 3.1 0.6
v 0.3 3.2 0.6
v 0.3 3.9 0.6
v 0.3 4.2 0.6
v 0.4 2.3 0.6
v 0.4 2.4 0.6
v 0.4 3 0.6
v 0.4 3.1 0.6
v 0.4 3.5 0.6
v 0.4 3.6 0.6
v 0.4 4.4 0.6
v 0.4 4.5 0.6
v 0.5 2.4 0.6
v 0.5 3 0.6
v 0.5 3.6 0.6
v 0.5 4.4 0.6
v 0.6 0 0.6
v 0.6 0.1 0.6
v -0.7 0 0.5
v -0.7 0.1 0.5
v -0.7 0.8 0.5
v -0.7 1.1 0.5
v -0.6 0 0.5
v -0.6 0.1 0.5
v -0.6 0.2 0.5
v -0.6 0.7 0.5
v -0.6 0.8 0.5
v -0.6 0.9 0.5
v -0.6 1 0.5
v -0.6 1.1 0.5
v -0.6 1.2 0.5
v -0.6 2.4 0.5
v -0.6 3 0.5
v -0.6 3.6 0.5
v -0.6 4.4 0.5
v -0.5 0.8 0.5
v -0.5 0.9 0.5
v -0.5 1 0.5
v -0.5 1.1 0.5
v -0.5 1.7 0.5
v -0.5 1.8 0.5
v -0.5 2.3 0.5
v -0.5 2.4 0.5
v -0.5 3 0.5
v -0.5 3.1 0.5
v -0.5 3.5 0.5
v -0.5 3.6 0.5
v -0.5 4.4 0.5
v -0.5 4.5 0.5
v -0.4 0.8 0.5
v -0.4 0.9 0.5
v -0.4 1 0.5
v -0.4 1.1 0.5
v -0.4 1.6 0.5
v -0.4 1.7 0.5
v -0.4 1.8 0.5
v -0.4 2.2 0.5
v -0.4 2.3 0.5
v -0.4 2.4 0.5
v -0.4 3 0.5
v -0.4 3.1 0.5
v -0.4 3.2 0.5
v -0.4 3.4 0.5
v -0.4 3.5 0.5
v -0.4 3.6 0.5
v -0.4 4.4 0.5
v -0.4 4.5 0.5
v -0.4 4.6 0.5
v -0.3 0 0.5
v -0.3 0.1 0.5
v -0.3 0.2 0.5
v -0.3 0.7 0.5
v -0.3 0.8 0.5
v -0.3 0.9 0.5
v -0.3 1 0.5
v -0.3 1.1 0.5
v -0.3 1.2 0.5
v -0.3 1.5 0.5
v -0.3 1.6 0.5
v -0.3 1.7 0.5
v -0.3 1.8 0.5
v -0.3 1.9 0.5
v -0.3 2.1 0.5
v -0.3 2.2 0.5
v -0.3 2.3 0.5
v -0.3 3.1 0.5
v -0.3 3.2 0.5
v -0.3 3.3 0.5
v -0.2 0 0.5
v -0.2 0.1 0.5
v -0.2 0.8 0.5
v -0.2 1.1 0.5
v -0.2 1.4 0.5
v -0.2 1.5 0.5
v -0.2 1.6 0.5
v -0.2 1.7 0.5
v -0.2 1.9 0.5
v -0.2 2.1 0.5
v -0.2 2.2 0.5
v -0.2 3.2 0.5
v -0.2 3.3 0.5
v -0.0999999 1.4 0.5
v -0.0999999 1.5 0.5
v 0.0999999 1.4 0.5
v 0.0999999 1.5 0.5
v 0.2 0 0.5
v 0.2 0.1 0.5
v 0.2 0.8 0.5
v 0.2 1.1 0.5
v 0.2 1.4 0.5
v 0.2 1.5 0.5
v 0.2 1.6 0.5
v 0.2 1.7 0.5
v 0.2 1.9 0.5
v 0.2 2.1 0.5
v 0.2 2.2 0.5
v 0.2 3.2 0.5
v 0.2 3.3 0.5
v 0.3 0 0.5
v 0.3 0.1 0.5
v 0.3 0.2 0.5
v 0.3 0.7 0.5
v 0.3 0.8 0.5
v 0.3 0.9 0.5
v 0.3 1 0.5
v 0.3 1.1 0.5
v 0.3 1.2 0.5
v 0.3 1.5 0.5
v 0.3 1.6 0.5
v 0.3 1.7 0.5
v 0.3 1.8 0.5
v 0.3 1.9 0.5
v 0.3 2.1 0.5
v 0.3 2.2 0.5
v 0.3 2.3 0.5
v 0.3 3.1 0.5
v 0.3 3.2 0.5
v 0.3 3.3 0.5
v 0.4 0.8 0.5
v 0.4 0.9 0.5
v 0.4 1 0.5
v 0.4 1.1 0.5
v 0.4 1.6 0.5
v 0.4 1.7 0.5
v 0.4 1.8 0.5
v 0.4 2.2 0.5
v 0.4 2.3 0.5
v 0.4 2.4 0.5
v 0.4 3 0.5
v 0.4 3.1 0.5
v 0.4 3.2 0.5
v 0.4 3.4 0.5
v 0.4 3.5 0.5
v 0.4 3.6 0.5
v 0.4 4.4 0.5
v 0.4 4.5 0.5
v 0.4 4.6 0.5
v 0.5 0.8 0.5
v 0.5 0.9 0.5
v 0.5 1 0.5
v 0.5 1.1 0.5
v 0.5 1.7 0.5
v 0.5 1.8 0.5
v 0.5 2.3 0.5
v 0.5 2.4 0.5
v 0.5 3 0.5
v 0.5 3.1 0.5
v 0.5 3.5 0.5
v 0.5 3.6 0.5
v 0.5 4.4 0.5
v 0.5 4.5 0.5
v 0.6 0 0.5
v 0.6 0.1 0.5
v 0.6 0.2 0.5
v 0.6 0.7 0.5
v 0.6 0.8 0.5
v 0.6 0.9 0.5
v 0.6 1 0.5
v 0.6 1.1 0.5
v 0.6 1.2 0.5
v 0.6 2.4 0.5
v 0.6 3 0.5
v 0.6 3.6 0.5
v 0.6 4.4 0.5
v 0.7 0 0.5
v 0.7 0.1 0.5
v 0.7 0.8 0.5
v 0.7 1.1 0.5
v -2.3 2.8 0.4
v -2.3 3 0.4
v -2.1 2.7 0.4
v -2.1 2.8 0.4
v -2.1 3 0.4
v -2.1 3.3 0.4
v -2 2.7 0.4
v -2 3.3 0.4
v -1.6 2.8 0.4
v -1.6 3.2 0.4
v -1.5 2.8 0.4
v -1.5 3.2 0.4
v -1.1 2.8 0.4
v -1.1 3.2 0.4
v -1 2.7 0.4
v -1 2.8 0.4
v -1 2.9 0.4
v -1 3.1 0.4
v -1 3.2 0.4
v -1 3.3 0.4
v -0.9 2.8 0.4
v -0.9 2.9 0.4
v -0.9 3.1 0.4
v -0.9 3.2 0.4
v -0.8 2.8 0.4
v -0.8 2.9 0.4
v -0.8 3.1 0.4
v -0.8 3.2 0.4
v -0.7 0.1 0.4
v -0.7 0.2 0.4
v -0.7 2.7 0.4
v -0.7 2.8 0.4
v -0.7 2.9 0.4
v -0.7 3.1 0.4
v -0.7 3.2 0.4
v -0.7 3.3 0.4
v -0.6 0.1 0.4
v -0.6 0.2 0.4
v -0.6 0.7 0.4
v -0.6 1.2 0.4
v -0.6 1.7 0.4
v -0.6 1.8 0.4
v -0.6 2.3 0.4
v -0.6 2.4 0.4
v -0.6 2.8 0.4
v -0.6 3 0.4
v -0.6 3.1 0.4
v -0.6 3.2 0.4
v -0.6 3.5 0.4
v -0.6 3.6 0.4
v -0.6 4.4 0.4
v -0.6 4.5 0.4
v -0.5 1.7 0.4
v -0.5 1.8 0.4
v -0.5 1.9 0.4
v -0.5 2.2 0.4
v -0.5 2.3 0.4
v -0.5 2.4 0.4
v -0.5 3 0.4
v -0.5 3.1 0.4
v -0.5 3.2 0.4
v -0.5 3.4 0.4
v -0.5 3.5 0.4
v -0.5 3.6 0.4
v -0.5 4.4 0.4
v -0.5 4.5 0.4
v -0.5 4.6 0.4
v -0.4 1.6 0.4
v -0.4 1.7 0.4
v -0.4 1.8 0.4
v -0.4 2.1 0.4
v -0.4 2.2 0.4
v -0.4 2.3 0.4
v -0.4 3.1 0.4
v -0.4 3.2 0.4
v -0.4 3.3 0.4
v -0.4 3.4 0.4
v -0.4 3.5 0.4
v -0.4 4.5 0.4
v -0.4 4.6 0.4
v -0.3 0.1 0.4
v -0.3 0.2 0.4
v -0.3 0.7 0.4
v -0.3 1.2 0.4
v -0.3 1.5 0.4
v -0.3 1.6 0.4
v -0.3 1.8 0.4
v -0.3 1.9 0.4
v -0.3 2.1 0.4
v -0.3 2.2 0.4
v -0.3 3.2 0.4
v -0.3 3.3 0.4
v -0.2 0.1 0.4
v -0.2 0.2 0.4
v -0.2 1.9 0.4
v -0.2 2.1 0.4
v -0.2 3.3 0.4
v -0.2 3.4 0.4
v 0.2 0.1 0.4
v 0.2 0.2 0.4
v 0.2 1.9 0.4
v 0.2 2.1 0.4
v 0.2 3.3 0.4
v 0.2 3.4 0.4
v 0.3 0.1 0.4
v 0.3 0.2 0.4
v 0.3 0.7 0.4
v 0.3 1.2 0.4
v 0.3 1.5 0.4
v 0.3 1.6 0.4
v 0.3 1.8 0.4
v 0.3 1.9 0.4
v 0.3 2.1 0.4
v 0.3 2.2 0.4
v 0.3 3.2 0.4
v 0.3 3.3 0.4
v 0.4 1.6 0.4
v 0.4 1.7 0.4
v 0.4 1.8 0.4
v 0.4 2.1 0.4
v 0.4 2.2 0.4
v 0.4 2.3 0.4
v 0.4 3.1 0.4
v 0.4 3.2 0.4
v 0.4 3.3 0.4
v 0.4 3.4 0.4
v 0.4 3.5 0.4
v 0.4 4.5 0.4
v 0.4 4.6 0.4
v 0.5 1.7 0.4
v 0.5 1.8 0.4
v 0.5 1.9 0.4
v 0.5 2.2 0.4
v 0.5 2.3 0.4
v 0.5 2.4 0.4
v 0.5 3 0.4
v 0.5 3.1 0.4
v 0.5 3.2 0.4
v 0.5 3.4 0.4
v 0.5 3.5 0.4
v 0.5 3.6 0.4
v 0.5 4.4 0.4
v 0.5 4.5 0.4
v 0.5 4.6 0.4
v 0.6 0.1 0.4
v 0.6 0.2 0.4
v 0.6 0.7 0.4
v 0.6 1.2 0.4
v 0.6 1.7 0.4
v 0.6 1.8 0.4
v 0.6 2.3 0.4
v 0.6 2.4 0.4
v 0.6 2.8 0.4
v 0.6 3 0.4
v 0.6 3.1 0.4
v 0.6 3.2 0.4
v 0.6 3.5 0.4
v 0.6 3.6 0.4
v 0.6 4.4 0.4
v 0.6 4.5 0.4
v 0.7 0.1 0.4
v 0.7 0.2 0.4
v 0.7 2.7 0.4
v 0.7 2.8 0.4
v 0.7 2.9 0.4
v 0.7 3.1 0.4
v 0.7 3.2 0.4
v 0.7 3.3 0.4
v 0.8 2.8 0.4
v 0.8 2.9 0.4
v 0.8 3.1 0.4
v 0.8 3.2 0.4
v 0.9 2.8 0.4
v 0.9 2.9 0.4
v 0.9 3.1 0.4
v 0.9 3.2 0.4
v 1 2.7 0.4
v 1 2.8 0.4
v 1 2.9 0.4
v 1 3.1 0.4
v 1 3.2 0.4
v 1 3.3 0.4
v 1.1 2.8 0.4
v 1.1 3.2 0.4
v 1.5 2.8 0.4
v 1.5 3.2 0.4
v 1.6 2.8 0.4
v 1.6 3.2 0.4
v 2 2.7 0.4
v 2 3.3 0.4
v 2.1 2.7 0.4
v 2.1 2.8 0.4
v 2.1 3 0.4
v 2.1 3.3 0.4
v 2.3 2.8 0.4
v 2.3 3 0.4
v -2.6 3 0.3
v -2.6 3.2 0.3
v -2.5 3 0.3
v -2.5 3.2 0.3
v -2.4 2.9 0.3
v -2.4 3 0.3
v -2.3 2.9 0.3
v -2.3 3 0.3
v -2.3 3.1 0.3
v -2.3 3.2 0.3
v -2.2 3 0.3
v -2.2 3.1 0.3
v -2.1 3 0.3
v -2.1 3.2 0.3
v -2 2.8 0.3
v -2 3.2 0.3
v -1.6 2.7 0.3
v -1.6 2.8 0.3
v -1.6 3.2 0.3
v -1.6 3.3 0.3
v -1.5 2.7 0.3
v -1.5 2.8 0.3
v -1.5 3.2 0.3
v -1.5 3.3 0.3
v -1.1 2.7 0.3
v -1.1 2.8 0.3
v -1.1 3.2 0.3
v -1.1 3.3 0.3
v -1 2.7 0.3
v -1 2.8 0.3
v -1 3.2 0.3
v -1 3.3 0.3
v -0.8 0.8 0.3
v -0.8 1 0.3
v -0.8 1.6 0.3
v -0.8 1.8 0.3
v -0.7 0.2 0.3
v -0.7 0.8 0.3
v -0.7 1 0.3
v -0.7 1.6 0.3
v -0.7 1.8 0.3
v -0.7 1.9 0.3
v -0.7 2.7 0.3
v -0.7 2.8 0.3
v -0.7 3.2 0.3
v -0.7 3.3 0.3
v -0.6 0.2 0.3
v -0.6 1.7 0.3
v -0.6 1.8 0.3
v -0.6 1.9 0.3
v -0.6 2.2 0.3
v -0.6 2.3 0.3
v -0.6 2.7 0.3
v -0.6 2.8 0.3
v -0.6 3.1 0.3
v -0.6 3.2 0.3
v -0.6 3.3 0.3
v -0.5 1.8 0.3
v -0.5 1.9 0.3
v -0.5 2 0.3
v -0.5 2.1 0.3
v -0.5 2.2 0.3
v -0.5 2.3 0.3
v -0.5 3.1 0.3
v -0.5 3.2 0.3
v -0.5 3.3 0.3
v -0.4 2 0.3
v -0.4 2.1 0.3
v -0.4 2.2 0.3
v -0.4 3.2 0.3
v -0.4 3.3 0.3
v -0.3 0.2 0.3
v -0.3 1.5 0.3
v -0.3 1.9 0.3
v -0.3 2 0.3
v -0.3 2.1 0.3
v -0.2 0.2 0.3
v -0.2 0.8 0.3
v -0.2 1 0.3
v -0.2 1.4 0.3
v -0.2 1.5 0.3
v -0.0999999 0.8 0.3
v -0.0999999 1 0.3
v 0.0999999 0.8 0.3
v 0.0999999 1 0.3
v 0.2 0.2 0.3
v 0.2 0.8 0.3
v 0.2 1 0.3
v 0.2 1.4 0.3
v 0.2 1.5 0.3
v 0.2 3.3 0.3
v 0.2 3.4 0.3
v 0.3 0.2 0.3
v 0.3 1.5 0.3
v 0.3 1.9 0.3
v 0.3 2 0.3
v 0.3 2.1 0.3
v 0.3 3.3 0.3
v 0.3 3.4 0.3
v 0.4 2 0.3
v 0.4 2.1 0.3
v 0.4 2.2 0.3
v 0.4 3.2 0.3
v 0.4 3.3 0.3
v 0.5 1.8 0.3
v 0.5 1.9 0.3
v 0.5 2 0.3
v 0.5 2.1 0.3
v 0.5 2.2 0.3
v 0.5 2.3 0.3
v 0.5 3.1 0.3
v 0.5 3.2 0.3
v 0.5 3.3 0.3
v 0.6 0.2 0.3
v 0.6 1.7 0.3
v 0.6 1.8 0.3
v 0.6 1.9 0.3
v 0.6 2.2 0.3
v 0.6 2.3 0.3
v 0.6 2.7 0.3
v 0.6 2.8 0.3
v 0.6 3.1 0.3
v 0.6 3.2 0.3
v 0.6 3.3 0.3
v 0.7 0.2 0.3
v 0.7 0.8 0.3
v 0.7 1 0.3
v 0.7 1.6 0.3
v 0.7 1.8 0.3
v 0.7 1.9 0.3
v 0.7 2.7 0.3
v 0.7 2.8 0.3
v 0.7 3.2 0.3
v 0.7 3.3 0.3
v 0.8 0.8 0.3
v 0.8 1 0.3
v 0.8 1.6 0.3
v 0.8 1.8 0.3
v 1 2.7 0.3
v 1 2.8 0.3
v 1 3.2 0.3
v 1 3.3 0.3
v 1.1 2.7 0.3
v 1.1 2.8 0.3
v 1.1 3.2 0.3
v 1.1 3.3 0.3
v 1.5 2.7 0.3
v 1.5 2.8 0.3
v 1.5 3.2 0.3
v 1.5 3.3 0.3
v 1.6 2.7 0.3
v 1.6 2.8 0.3
v 1.6 3.2 0.3
v 1.6 3.3 0.3
v 2 2.8 0.3
v 2 3.2 0.3
v 2.1 3 0.3
v 2.1 3.2 0.3
v 2.2 3 0.3
v 2.2 3.1 0.3
v 2.3 2.9 0.3
v 2.3 3 0.3
v 2.4 2.9 0.3
v 2.4 3 0.3
v 2.4 3.1 0.3
v 2.4 3.2 0.3
v 2.6 3 0.3
v 2.6 3.2 0.3
v 2.7 3 0.3
v 2.7 3.2 0.3
v -0.8 0.7 0.2
v -0.8 0.8 0.2
v -0.8 1 0.2
v -0.8 1.1 0.2
v -0.8 1.5 0.2
v -0.8 1.6 0.2
v -0.8 1.8 0.2
v -0.8 1.9 0.2
v -0.7 0.7 0.2
v -0.7 0.8 0.2
v -0.7 1 0.2
v -0.7 1.1 0.2
v -0.7 1.5 0.2
v -0.7 1.6 0.2
v -0.7 1.8 0.2
v -0.7 1.9 0.2
v -0.7 2 0.2
v -0.6 1.9 0.2
v -0.5 1.9 0.2
v -0.5 2 0.2
v -0.3 3.3 0.2
v -0.3 3.4 0.2
v -0.2 0.7 0.2
v -0.2 0.8 0.2
v -0.2 1 0.2
v -0.2 1.1 0.2
v -0.2 3.3 0.2
v -0.2 3.4 0.2
v -0.0999999 0.7 0.2
v -0.0999999 0.8 0.2
v -0.0999999 1 0.2
v -0.0999999 1.1 0.2
v 0.0999999 0.7 0.2
v 0.0999999 0.8 0.2
v 0.0999999 1 0.2
v 0.0999999 1.1 0.2
v 0.2 0.7 0.2
v 0.2 0.8 0.2
v 0.2 1 0.2
v 0.2 1.1 0.2
v 0.3 3.3 0.2
v 0.3 3.4 0.2
v 0.4 3.3 0.2
v 0.4 3.4 0.2
v 0.5 1.9 0.2
v 0.5 2 0.2
v 0.6 1.9 0.2
v 0.7 0.7 0.2
v 0.7 0.8 0.2
v 0.7 1 0.2
v 0.7 1.1 0.2
v 0.7 1.5 0.2
v 0.7 1.6 0.2
v 0.7 1.8 0.2
v 0.7 1.9 0.2
v 0.7 2 0.2
v 0.8 0.7 0.2
v 0.8 0.8 0.2
v 0.8 1 0.2
v 0.8 1.1 0.2
v 0.8 1.5 0.2
v 0.8 1.6 0.2
v 0.8 1.8 0.2
v 0.8 1.9 0.2
v -0.4 3.3 0.1
v -0.4 3.4 0.1
v -0.3 3.3 0.1
v -0.3 3.4 0.1
v 0 3.3 0
v 0 3.4 0
v 0.0999999 3.3 0
v 0.0999999 3.4 0
v -0.7 0.8 0.4
v -0.7 1.1 0.4
v -0.6 0.8 0.4
v -0.6 1.1 0.4
v -0.3 0.8 0.4
v -0.3 1.1 0.4
v -0.2 0.8 0.4
v -0.2 1.1 0.4
v 0.2 0.8 0.4
v 0.2 1.1 0.4
v 0.3 0.8 0.4
v 0.3 1.1 0.4
v 0.6 0.8 0.4
v 0.6 1.1 0.4
v 0.7 0.8 0.4
v 0.7 1.1 0.4
v -2.3 2.8 0.2
v -2.3 2.9 0.2
v -2.2 2.9 0.2
v -2.1 2.8 0.2
v -2.1 2.9 0.2
v 2.1 2.8 0.2
v 2.1 2.9 0.2
v 2.2 2.9 0.2
v 2.3 2.8 0.2
v 2.3 2.9 0.2
v 0 3.3 0.1
v 0 3.4 0.1
v 0.0999999 3.3 0.1
v 0.0999999 3.4 0.1
v -0.8 0.7 0
v -0.8 0.8 0
v -0.8 1 0
v -0.8 1.1 0
v -0.8 1.5 0
v -0.8 1.6 0
v -0.8 1.8 0
v -0.8 1.9 0
v -0.7 0.7 0
v -0.7 0.8 0
v -0.7 1 0
v -0.7 1.1 0
v -0.7 1.5 0
v -0.7 1.6 0
v -0.7 1.8 0
v -0.7 1.9 0
v -0.7 2 0
v -0.6 1.9 0
v -0.5 1.9 0
v -0.5 2 0
v -0.2 0.7 0
v -0.2 0.8 0
v -0.2 1 0
v -0.2 1.1 0
v -0.0999999 0.7 0
v -0.0999999 0.8 0
v -0.0999999 1 0
v -0.0999999 1.1 0
v 0.0999999 0.7 0
v 0.0999999 0.8 0
v 0.0999999 1 0
v 0.0999999 1.1 0
v 0.2 0.7 0
v 0.2 0.8 0
v 0.2 1 0
v 0.2 1.1 0
v 0.3 3.3 0
v 0.3 3.4 0
v 0.4 3.3 0
v 0.4 3.4 0
v 0.5 1.9 0
v 0.5 2 0
v 0.6 1.9 0
v 0.7 0.7 0
v 0.7 0.8 0
v 0.7 1 0
v 0.7 1.1 0
v 0.7 1.5 0
v 0.7 1.6 0
v 0.7 1.8 0
v 0.7 1.9 0
v 0.7 2 0
v 0.8 0.7 0
v 0.8 0.8 0
v 0.8 1 0
v 0.8 1.1 0
v 0.8 1.5 0
v 0.8 1.6 0
v 0.8 1.8 0
v 0.8 1.9 0
v -2.6 3 -0.1
v -2.6 3.2 -0.1
v -2.5 3 -0.1
v -2.5 3.2 -0.1
v -2.4 2.9 -0.1
v -2.4 3 -0.1
v -2.3 3 -0.1
v -2.3 3.1 -0.1
v -2.3 3.2 -0.1
v -2.2 2.9 -0.1
v -2.2 3.1 -0.1
v -2.1 2.9 -0.1
v -2.1 3.2 -0.1
v -2 2.8 -0.1
v -2 3.2 -0.1
v -1.6 2.7 -0.1
v -1.6 2.8 -0.1
v -1.6 3.2 -0.1
v -1.6 3.3 -0.1
v -1.5 2.7 -0.1
v -1.5 2.8 -0.1
v -1.5 3.2 -0.1
v -1.5 3.3 -0.1
v -1.1 2.7 -0.1
v -1.1 2.8 -0.1
v -1.1 3.2 -0.1
v -1.1 3.3 -0.1
v -1 2.7 -0.1
v -1 2.8 -0.1
v -1 3.2 -0.1
v -1 3.3 -0.1
v -0.8 0.8 -0.1
v -0.8 1 -0.1
v -0.8 1.6 -0.1
v -0.8 1.8 -0.1
v -0.7 0.1 -0.1
v -0.7 0.8 -0.1
v -0.7 1 -0.1
v -0.7 1.6 -0.1
v -0.7 1.8 -0.1
v -0.7 1.9 -0.1
v -0.7 2.7 -0.1
v -0.7 2.8 -0.1
v -0.7 3.2 -0.1
v -0.7 3.3 -0.1
v -0.6 0.1 -0.1
v -0.6 1.7 -0.1
v -0.6 1.8 -0.1
v -0.6 1.9 -0.1
v -0.6 2.2 -0.1
v -0.6 2.3 -0.1
v -0.6 2.7 -0.1
v -0.6 2.8 -0.1
v -0.6 3.1 -0.1
v -0.6 3.2 -0.1
v -0.6 3.3 -0.1
v -0.6 3.5 -0.1
v -0.6 3.6 -0.1
v -0.6 4.4 -0.1
v -0.6 4.5 -0.1
v -0.5 1.8 -0.1
v -0.5 1.9 -0.1
v -0.5 2 -0.1
v -0.5 2.1 -0.1
v -0.5 2.2 -0.1
v -0.5 2.3 -0.1
v -0.5 3.1 -0.1
v -0.5 3.2 -0.1
v -0.5 3.3 -0.1
v -0.5 3.4 -0.1
v -0.5 3.5 -0.1
v -0.5 3.6 -0.1
v -0.5 4.4 -0.1
v -0.5 4.5 -0.1
v -0.5 4.6 -0.1
v -0.4 2 -0.1
v -0.4 2.1 -0.1
v -0.4 2.2 -0.1
v -0.4 3.2 -0.1
v -0.4 3.3 -0.1
v -0.4 3.4 -0.1
v -0.4 3.5 -0.1
v -0.4 4.5 -0.1
v -0.4 4.6 -0.1
v -0.3 0.1 -0.1
v -0.3 1.5 -0.1
v -0.3 1.9 -0.1
v -0.3 2 -0.1
v -0.3 3.3 -0.1
v -0.3 3.4 -0.1
v -0.2 0.1 -0.1
v -0.2 0.8 -0.1
v -0.2 1 -0.1
v -0.2 1.4 -0.1
v -0.2 1.5 -0.1
v -0.0999999 0.8 -0.1
v -0.0999999 1 -0.1
v 0.0999999 0.8 -0.1
v 0.0999999 1 -0.1
v 0.2 0.1 -0.1
v 0.2 0.8 -0.1
v 0.2 1 -0.1
v 0.2 1.4 -0.1
v 0.2 1.5 -0.1
v 0.2 3.3 -0.1
v 0.2 3.4 -0.1
v 0.3 0.1 -0.1
v 0.3 1.5 -0.1
v 0.3 1.9 -0.1
v 0.3 2 -0.1
v 0.3 3.3 -0.1
v 0.3 3.4 -0.1
v 0.4 2 -0.1
v 0.4 2.1 -0.1
v 0.4 2.2 -0.1
v 0.4 3.2 -0.1
v 0.4 3.3 -0.1
v 0.4 3.4 -0.1
v 0.4 3.5 -0.1
v 0.4 4.5 -0.1
v 0.4 4.6 -0.1
v 0.5 1.8 -0.1
v 0.5 1.9 -0.1
v 0.5 2 -0.1
v 0.5 2.1 -0.1
v 0.5 2.2 -0.1
v 0.5 2.3 -0.1
v 0.5 3.1 -0.1
v 0.5 3.2 -0.1
v 0.5 3.3 -0.1
v 0.5 3.4 -0.1
v 0.5 3.5 -0.1
v 0.5 3.6 -0.1
v 0.5 4.4 -0.1
v 0.5 4.5 -0.1
v 0.5 4.6 -0.1
v 0.6 0.1 -0.1
v 0.6 1.7 -0.1
v 0.6 1.8 -0.1
v 0.6 1.9 -0.1
v 0.6 2.2 -0.1
v 0.6 2.3 -0.1
v 0.6 2.7 -0.1
v 0.6 2.8 -0.1
v 0.6 3.1 -0.1
v 0.6 3.2 -0.1
v 0.6 3.3 -0.1
v 0.6 3.5 -0.1
v 0.6 3.6 -0.1
v 0.6 4.4 -0.1
v 0.6 4.5 -0.1
v 0.7 0.1 -0.1
v 0.7 0.8 -0.1
v 0.7 1 -0.1
v 0.7 1.6 -0.1
v 0.7 1.8 -0.1
v 0.7 1.9 -0.1
v 0.7 2.7 -0.1
v 0.7 2.8 -0.1
v 0.7 3.2 -0.1
v 0.7 3.3 -0.1
v 0.8 0.8 -0.1
v 0.8 1 -0.1
v 0.8 1.6 -0.1
v 0.8 1.8 -0.1
v 1 2.7 -0.1
v 1 2.8 -0.1
v 1 3.2 -0.1
v 1 3.3 -0.1
v 1.1 2.7 -0.1
v 1.1 2.8 -0.1
v 1.1 3.2 -0.1
v 1.1 3.3 -0.1
v 1.5 2.7 -0.1
v 1.5 2.8 -0.1
v 1.5 3.2 -0.1
v 1.5 3.3 -0.1
v 1.6 2.7 -0.1
v 1.6 2.8 -0.1
v 1.6 3.2 -0.1
v 1.6 3.3 -0.1
v 2 2.8 -0.1
v 2 3.2 -0.1
v 2.1 2.9 -0.1
v 2.1 3.2 -0.1
v 2.2 2.9 -0.1
v 2.2 3.1 -0.1
v 2.4 2.9 -0.1
v 2.4 3 -0.1
v 2.4 3.1 -0.1
v 2.4 3.2 -0.1
v 2.6 3 -0.1
v 2.6 3.2 -0.1
v 2.7 3 -0.1
v 2.7 3.2 -0.1
v -2.1 2.7 -0.2
v -2.1 3.3 -0.2
v -2 2.7 -0.2
v -2 3.3 -0.2
v -1.6 2.8 -0.2
v -1.6 3.2 -0.2
v -1.5 2.8 -0.2
v -1.5 3.2 -0.2
v -1.1 2.8 -0.2
v -1.1 3.2 -0.2
v -1 2.7 -0.2
v -1 2.8 -0.2
v -1 2.9 -0.2
v -1 3.1 -0.2
v -1 3.2 -0.2
v -1 3.3 -0.2
v -0.9 2.8 -0.2
v -0.9 2.9 -0.2
v -0.9 3.1 -0.2
v -0.9 3.2 -0.2
v -0.8 2.8 -0.2
v -0.8 2.9 -0.2
v -0.8 3.1 -0.2
v -0.8 3.2 -0.2
v -0.7 0 -0.2
v -0.7 0.1 -0.2
v -0.7 2.7 -0.2
v -0.7 2.8 -0.2
v -0.7 2.9 -0.2
v -0.7 3.1 -0.2
v -0.7 3.2 -0.2
v -0.7 3.3 -0.2
v -0.6 0.1 -0.2
v -0.6 1.7 -0.2
v -0.6 1.8 -0.2
v -0.6 2.3 -0.2
v -0.6 2.4 -0.2
v -0.6 2.8 -0.2
v -0.6 3 -0.2
v -0.6 3.1 -0.2
v -0.6 3.2 -0.2
v -0.6 3.6 -0.2
v -0.6 3.7 -0.2
v -0.6 4.3 -0.2
v -0.6 4.4 -0.2
v -0.5 1.7 -0.2
v -0.5 1.8 -0.2
v -0.5 1.9 -0.2
v -0.5 2.2 -0.2
v -0.5 2.3 -0.2
v -0.5 2.4 -0.2
v -0.5 3 -0.2
v -0.5 3.1 -0.2
v -0.5 3.2 -0.2
v -0.5 3.5 -0.2
v -0.5 3.6 -0.2
v -0.5 3.7 -0.2
v -0.5 4.3 -0.2
v -0.5 4.4 -0.2
v -0.5 4.5 -0.2
v -0.4 1.6 -0.2
v -0.4 1.7 -0.2
v -0.4 1.8 -0.2
v -0.4 2 -0.2
v -0.4 2.1 -0.2
v -0.4 2.2 -0.2
v -0.4 2.3 -0.2
v -0.4 3.1 -0.2
v -0.4 3.2 -0.2
v -0.4 3.3 -0.2
v -0.4 3.4 -0.2
v -0.4 3.5 -0.2
v -0.4 3.6 -0.2
v -0.4 4.4 -0.2
v -0.4 4.5 -0.2
v -0.4 4.6 -0.2
v -0.3 0.1 -0.2
v -0.3 1.5 -0.2
v -0.3 1.6 -0.2
v -0.3 1.8 -0.2
v -0.3 1.9 -0.2
v -0.3 2 -0.2
v -0.3 2.1 -0.2
v -0.3 3.2 -0.2
v -0.3 3.3 -0.2
v -0.3 3.4 -0.2
v -0.3 3.5 -0.2
v -0.3 4.5 -0.2
v -0.3 4.6 -0.2
v -0.2 0 -0.2
v -0.2 0.1 -0.2
v -0.2 1.9 -0.2
v -0.2 2 -0.2
v -0.2 3.3 -0.2
v -0.2 3.4 -0.2
v 0.0999999 3.3 -0.2
v 0.0999999 3.4 -0.2
v 0.2 0 -0.2
v 0.2 0.1 -0.2
v 0.2 1.9 -0.2
v 0.2 2 -0.2
v 0.2 3.3 -0.2
v 0.2 3.4 -0.2
v 0.3 0.1 -0.2
v 0.3 1.5 -0.2
v 0.3 1.6 -0.2
v 0.3 1.8 -0.2
v 0.3 1.9 -0.2
v 0.3 2 -0.2
v 0.3 2.1 -0.2
v 0.3 3.2 -0.2
v 0.3 3.3 -0.2
v 0.3 3.4 -0.2
v 0.3 3.5 -0.2
v 0.3 4.5 -0.2
v 0.3 4.6 -0.2
v 0.4 1.6 -0.2
v 0.4 1.7 -0.2
v 0.4 1.8 -0.2
v 0.4 2 -0.2
v 0.4 2.1 -0.2
v 0.4 2.2 -0.2
v 0.4 2.3 -0.2
v 0.4 3.1 -0.2
v 0.4 3.2 -0.2
v 0.4 3.3 -0.2
v 0.4 3.4 -0.2
v 0.4 3.5 -0.2
v 0.4 3.6 -0.2
v 0.4 4.4 -0.2
v 0.4 4.5 -0.2
v 0.4 4.6 -0.2
v 0.5 1.7 -0.2
v 0.5 1.8 -0.2
v 0.5 1.9 -0.2
v 0.5 2.2 -0.2
v 0.5 2.3 -0.2
v 0.5 2.4 -0.2
v 0.5 3 -0.2
v 0.5 3.1 -0.2
v 0.5 3.2 -0.2
v 0.5 3.5 -0.2
v 0.5 3.6 -0.2
v 0.5 3.7 -0.2
v 0.5 4.3 -0.2
v 0.5 4.4 -0.2
v 0.5 4.5 -0.2
v 0.6 0.1 -0.2
v 0.6 1.7 -0.2
v 0.6 1.8 -0.2
v 0.6 2.3 -0.2
v 0.6 2.4 -0.2
v 0.6 2.8 -0.2
v 0.6 3 -0.2
v 0.6 3.1 -0.2
v 0.6 3.2 -0.2
v 0.6 3.6 -0.2
v 0.6 3.7 -0.2
v 0.6 4.3 -0.2
v 0.6 4.4 -0.2
v 0.7 0 -0.2
v 0.7 0.1 -0.2
v 0.7 2.7 -0.2
v 0.7 2.8 -0.2
v 0.7 2.9 -0.2
v 0.7 3.1 -0.2
v 0.7 3.2 -0.2
v 0.7 3.3 -0.2
v 0.8 2.8 -0.2
v 0.8 2.9 -0.2
v 0.8 3.1 -0.2
v 0.8 3.2 -0.2
v 0.9 2.8 -0.2
v 0.9 2.9 -0.2
v 0.9 3.1 -0.2
v 0.9 3.2 -0.2
v 1 2.7 -0.2
v 1 2.8 -0.2
v 1 2.9 -0.2
v 1 3.1 -0.2
v 1 3.2 -0.2
v 1 3.3 -0.2
v 1.1 2.8 -0.2
v 1.1 3.2 -0.2
v 1.5 2.8 -0.2
v 1.5 3.2 -0.2
v 1.6 2.8 -0.2
v 1.6 3.2 -0.2
v 2 2.7 -0.2
v 2 3.3 -0.2
v 2.1 2.7 -0.2
v 2.1 3.3 -0.2
v -0.6 2.4 -0.3
v -0.6 3 -0.3
v -0.6 3.7 -0.3
v -0.6 4.3 -0.3
v -0.5 1.7 -0.3
v -0.5 1.8 -0.3
v -0.5 2.4 -0.3
v -0.5 3 -0.3
v -0.5 3.1 -0.3
v -0.5 3.6 -0.3
v -0.5 3.7 -0.3
v -0.5 4.3 -0.3
v -0.5 4.4 -0.3
v -0.4 1.6 -0.3
v -0.4 1.7 -0.3
v -0.4 1.8 -0.3
v -0.4 2.1 -0.3
v -0.4 2.2 -0.3
v -0.4 3 -0.3
v -0.4 3.1 -0.3
v -0.4 3.2 -0.3
v -0.4 3.5 -0.3
v -0.4 3.6 -0.3
v -0.4 3.7 -0.3
v -0.4 4.3 -0.3
v -0.4 4.4 -0.3
v -0.4 4.5 -0.3
v -0.3 1.5 -0.3
v -0.3 1.6 -0.3
v -0.3 1.7 -0.3
v -0.3 1.8 -0.3
v -0.3 1.9 -0.3
v -0.3 2 -0.3
v -0.3 2.1 -0.3
v -0.3 2.2 -0.3
v -0.3 3.1 -0.3
v -0.3 3.2 -0.3
v -0.3 3.3 -0.3
v -0.3 3.4 -0.3
v -0.3 3.5 -0.3
v -0.3 3.6 -0.3
v -0.3 4.4 -0.3
v -0.3 4.5 -0.3
v -0.3 4.6 -0.3
v -0.2 1.4 -0.3
v -0.2 1.5 -0.3
v -0.2 1.6 -0.3
v -0.2 1.7 -0.3
v -0.2 1.9 -0.3
v -0.2 2 -0.3
v -0.2 2.1 -0.3
v -0.2 3.2 -0.3
v -0.2 3.3 -0.3
v -0.2 3.4 -0.3
v -0.0999999 1.4 -0.3
v -0.0999999 1.5 -0.3
v 0.0999999 1.4 -0.3
v 0.0999999 1.5 -0.3
v 0.0999999 3.3 -0.3
v 0.0999999 3.4 -0.3
v 0.2 1.4 -0.3
v 0.2 1.5 -0.3
v 0.2 1.6 -0.3
v 0.2 1.7 -0.3
v 0.2 1.9 -0.3
v 0.2 2 -0.3
v 0.2 2.1 -0.3
v 0.2 3.2 -0.3
v 0.2 3.3 -0.3
v 0.3 1.5 -0.3
v 0.3 1.6 -0.3
v 0.3 1.7 -0.3
v 0.3 1.8 -0.3
v 0.3 1.9 -0.3
v 0.3 2 -0.3
v 0.3 2.1 -0.3
v 0.3 2.2 -0.3
v 0.3 3.1 -0.3
v 0.3 3.2 -0.3
v 0.3 3.3 -0.3
v 0.3 3.4 -0.3
v 0.3 3.5 -0.3
v 0.3 3.6 -0.3
v 0.3 4.4 -0.3
v 0.3 4.5 -0.3
v 0.3 4.6 -0.3
v 0.4 1.6 -0.3
v 0.4 1.7 -0.3
v 0.4 1.8 -0.3
v 0.4 2.1 -0.3
v 0.4 2.2 -0.3
v 0.4 3 -0.3
v 0.4 3.1 -0.3
v 0.4 3.2 -0.3
v 0.4 3.5 -0.3
v 0.4 3.6 -0.3
v 0.4 3.7 -0.3
v 0.4 4.3 -0.3
v 0.4 4.4 -0.3
v 0.4 4.5 -0.3
v 0.5 1.7 -0.3
v 0.5 1.8 -0.3
v 0.5 2.4 -0.3
v 0.5 3 -0.3
v 0.5 3.1 -0.3
v 0.5 3.6 -0.3
v 0.5 3.7 -0.3
v 0.5 4.3 -0.3
v 0.5 4.4 -0.3
v 0.6 2.4 -0.3
v 0.6 3 -0.3
v 0.6 3.7 -0.3
v 0.6 4.3 -0.3
v -0.5 2.3 -0.4
v -0.5 3 -0.4
v -0.5 3.7 -0.4
v -0.5 4.3 -0.4
v -0.4 2.2 -0.4
v -0.4 2.3 -0.4
v -0.4 3 -0.4
v -0.4 3.1 -0.4
v -0.4 3.6 -0.4
v -0.4 3.7 -0.4
v -0.4 4.3 -0.4
v -0.4 4.4 -0.4
v -0.3 1.6 -0.4
v -0.3 1.7 -0.4
v -0.3 2.1 -0.4
v -0.3 2.2 -0.4
v -0.3 3.1 -0.4
v -0.3 3.2 -0.4
v -0.3 3.5 -0.4
v -0.3 3.6 -0.4
v -0.3 3.7 -0.4
v -0.3 4.3 -0.4
v -0.3 4.4 -0.4
v -0.3 4.5 -0.4
v -0.2 1.5 -0.4
v -0.2 1.6 -0.4
v -0.2 1.7 -0.4
v -0.2 2.1 -0.4
v -0.2 3.2 -0.4
v -0.2 3.3 -0.4
v -0.0999999 1.5 -0.4
v -0.0999999 1.6 -0.4
v 0.0999999 1.5 -0.4
v 0.0999999 1.6 -0.4
v 0.2 1.5 -0.4
v 0.2 1.6 -0.4
v 0.2 1.7 -0.4
v 0.2 2.1 -0.4
v 0.2 3.2 -0.4
v 0.2 3.3 -0.4
v 0.3 1.6 -0.4
v 0.3 1.7 -0.4
v 0.3 2.1 -0.4
v 0.3 2.2 -0.4
v 0.3 3.1 -0.4
v 0.3 3.2 -0.4
v 0.3 3.5 -0.4
v 0.3 3.6 -0.4
v 0.3 3.7 -0.4
v 0.3 4.3 -0.4
v 0.3 4.4 -0.4
v 0.3 4.5 -0.4
v 0.4 2.2 -0.4
v 0.4 2.3 -0.4
v 0.4 3 -0.4
v 0.4 3.1 -0.4
v 0.4 3.6 -0.4
v 0.4 3.7 -0.4
v 0.4 4.3 -0.4
v 0.4 4.4 -0.4
v 0.5 2.3 -0.4
v 0.5 3 -0.4
v 0.5 3.7 -0.4
v 0.5 4.3 -0.4
v -0.4 3.7 -0.5
v -0.4 4.3 -0.5
v -0.3 3.6 -0.5
v -0.3 3.7 -0.5
v -0.3 4.3 -0.5
v -0.3 4.4 -0.5
v 0.3 3.6 -0.5
v 0.3 3.7 -0.5
v 0.3 4.3 -0.5
v 0.3 4.4 -0.5
v 0.4 3.7 -0.5
v 0.4 4.3 -0.5
v -0.6 0 0.6
v -0.3 0 0.6
v 0.3 0 0.6
v 0.6 0 0.6
v -0.7 0 0.5
v -0.6 0 0.5
v -0.3 0 0.5
v -0.2 0 0.5
v 0.2 0 0.5
v 0.3 0 0.5
v 0.6 0 0.5
v 0.7 0 0.5
v -0.7 0 -0.2
v -0.2 0 -0.2
v 0.2 0 -0.2
v 0.7 0 -0.2
v -0.6 0.7 0.5
v -0.3 0.7 0.5
v 0.3 0.7 0.5
v 0.6 0.7 0.5
v -0.6 0.7 0.4
v -0.3 0.7 0.4
v 0.3 0.7 0.4
v 0.6 0.7 0.4
v -0.8 0.7 0.2
v -0.7 0.7 0.2
v -0.2 0.7 0.2
v -0.0999999 0.7 0.2
v 0.0999999 0.7 0.2
v 0.2 0.7 0.2
v 0.7 0.7 0.2
v 0.8 0.7 0.2
v -0.8 0.7 0
v -0.7 0.7 0
v -0.2 0.7 0
v -0.0999999 0.7 0
v 0.0999999 0.7 0
v 0.2 0.7 0
v 0.7 0.7 0
v 0.8 0.7 0
v -0.7 0.8 0.5
v -0.6 0.8 0.5
v -0.3 0.8 0.5
v -0.2 0.8 0.5
v 0.2 0.8 0.5
v 0.3 0.8 0.5
v 0.6 0.8 0.5
v 0.7 0.8 0.5
v -0.7 0.8 0.4
v -0.6 0.8 0.4
v -0.3 0.8 0.4
v -0.2 0.8 0.4
v 0.2 0.8 0.4
v 0.3 0.8 0.4
v 0.6 0.8 0.4
v 0.7 0.8 0.4
v -0.8 0.8 0.3
v -0.7 0.8 0.3
v -0.2 0.8 0.3
v -0.0999999 0.8 0.3
v 0.0999999 0.8 0.3
v 0.2 0.8 0.3
v 0.7 0.8 0.3
v 0.8 0.8 0.3
v -0.8 0.8 0.2
v -0.7 0.8 0.2
v -0.2 0.8 0.2
v -0.0999999 0.8 0.2
v 0.0999999 0.8 0.2
v 0.2 0.8 0.2
v 0.7 0.8 0.2
v 0.8 0.8 0.2
v -0.8 0.8 0
v -0.7 0.8 0
v -0.2 0.8 0
v -0.0999999 0.8 0
v 0.0999999 0.8 0
v 0.2 0.8 0
v 0.7 0.8 0
v 0.8 0.8 0
v -0.8 0.8 -0.1
v -0.7 0.8 -0.1
v -0.2 0.8 -0.1
v -0.0999999 0.8 -0.1
v 0.0999999 0.8 -0.1
v 0.2 0.8 -0.1
v 0.7 0.8 -0.1
v 0.8 0.8 -0.1
v -0.2 1.4 0.5
v -0.0999999 1.4 0.5
v 0.0999999 1.4 0.5
v 0.2 1.4 0.5
v -0.2 1.4 0.3
v 0.2 1.4 0.3
v -0.2 1.4 -0.1
v 0.2 1.4 -0.1
v -0.2 1.4 -0.3
v -0.0999999 1.4 -0.3
v 0.0999999 1.4 -0.3
v 0.2 1.4 -0.3
v -0.2 1.5 0.6
v -0.0999999 1.5 0.6
v 0.0999999 1.5 0.6
v 0.2 1.5 0.6
v -0.3 1.5 0.5
v -0.2 1.5 0.5
v -0.0999999 1.5 0.5
v 0.0999999 1.5 0.5
v 0.2 1.5 0.5
v 0.3 1.5 0.5
v -0.3 1.5 0.4
v -0.2 1.5 0.4
v 0.2 1.5 0.4
v 0.3 1.5 0.4
v -0.3 1.5 0.3
v -0.2 1.5 0.3
v 0.2 1.5 0.3
v 0.3 1.5 0.3
v -0.8 1.5 0.2
v -0.7 1.5 0.2
v 0.7 1.5 0.2
v 0.8 1.5 0.2
v -0.8 1.5 0
v -0.7 1.5 0
v 0.7 1.5 0
v 0.8 1.5 0
v -0.3 1.5 -0.1
v -0.2 1.5 -0.1
v 0.2 1.5 -0.1
v 0.3 1.5 -0.1
v -0.3 1.5 -0.2
v -0.2 1.5 -0.2
v 0.2 1.5 -0.2
v 0.3 1.5 -0.2
v -0.3 1.5 -0.3
v -0.2 1.5 -0.3
v -0.0999999 1.5 -0.3
v 0.0999999 1.5 -0.3
v 0.2 1.5 -0.3
v 0.3 1.5 -0.3
v -0.2 1.5 -0.4
v -0.0999999 1.5 -0.4
v 0.0999999 1.5 -0.4
v 0.2 1.5 -0.4
v -0.3 1.6 0.6
v -0.2 1.6 0.6
v 0.2 1.6 0.6
v 0.3 1.6 0.6
v -0.4 1.6 0.5
v -0.3 1.6 0.5
v -0.2 1.6 0.5
v 0.2 1.6 0.5
v 0.3 1.6 0.5
v 0.4 1.6 0.5
v -0.4 1.6 0.4
v -0.3 1.6 0.4
v 0.3 1.6 0.4
v 0.4 1.6 0.4
v -0.8 1.6 0.3
v -0.7 1.6 0.3
v 0.7 1.6 0.3
v 0.8 1.6 0.3
v -0.8 1.6 0.2
v -0.7 1.6 0.2
v 0.7 1.6 0.2
v 0.8 1.6 0.2
v -0.8 1.6 0
v -0.7 1.6 0
v 0.7 1.6 0
v 0.8 1.6 0
v -0.8 1.6 -0.1
v -0.7 1.6 -0.1
v 0.7 1.6 -0.1
v 0.8 1.6 -0.1
v -0.4 1.6 -0.2
v -0.3 1.6 -0.2
v 0.3 1.6 -0.2
v 0.4 1.6 -0.2
v -0.4 1.6 -0.3
v -0.3 1.6 -0.3
v -0.2 1.6 -0.3
v 0.2 1.6 -0.3
v 0.3 1.6 -0.3
v 0.4 1.6 -0.3
v -0.3 1.6 -0.4
v -0.2 1.6 -0.4
v 0.2 1.6 -0.4
v 0.3 1.6 -0.4
v -0.5 1.7 0.5
v -0.4 1.7 0.5
v 0.4 1.7 0.5
v 0.5 1.7 0.5
v -0.5 1.7 0.4
v -0.4 1.7 0.4
v 0.4 1.7 0.4
v 0.5 1.7 0.4
v -0.5 1.7 -0.2
v -0.4 1.7 -0.2
v 0.4 1.7 -0.2
v 0.5 1.7 -0.2
v -0.5 1.7 -0.3
v -0.4 1.7 -0.3
v 0.4 1.7 -0.3
v 0.5 1.7 -0.3
v -0.4 2 -0.1
v -0.3 2 -0.1
v 0.3 2 -0.1
v 0.4 2 -0.1
v -0.4 2 -0.2
v -0.3 2 -0.2
v -0.2 2 -0.2
v 0.2 2 -0.2
v 0.3 2 -0.2
v 0.4 2 -0.2
v -0.3 2 -0.3
v -0.2 2 -0.3
v 0.2 2 -0.3
v 0.3 2 -0.3
v -0.3 2.1 0.5
v -0.2 2.1 0.5
v 0.2 2.1 0.5
v 0.3 2.1 0.5
v -0.4 2.1 0.4
v -0.3 2.1 0.4
v -0.2 2.1 0.4
v 0.2 2.1 0.4
v 0.3 2.1 0.4
v 0.4 2.1 0.4
v -0.5 2.1 0.3
v -0.4 2.1 0.3
v -0.3 2.1 0.3
v 0.3 2.1 0.3
v 0.4 2.1 0.3
v 0.5 2.1 0.3
v -0.5 2.1 -0.1
v -0.4 2.1 -0.1
v 0.4 2.1 -0.1
v 0.5 2.1 -0.1
v -0.4 2.1 -0.2
v -0.3 2.1 -0.2
v 0.3 2.1 -0.2
v 0.4 2.1 -0.2
v -0.4 2.1 -0.3
v -0.3 2.1 -0.3
v -0.2 2.1 -0.3
v 0.2 2.1 -0.3
v 0.3 2.1 -0.3
v 0.4 2.1 -0.3
v -0.3 2.1 -0.4
v -0.2 2.1 -0.4
v 0.2 2.1 -0.4
v 0.3 2.1 -0.4
v -0.3 2.2 0.6
v -0.2 2.2 0.6
v 0.2 2.2 0.6
v 0.3 2.2 0.6
v -0.4 2.2 0.5
v -0.3 2.2 0.5
v -0.2 2.2 0.5
v 0.2 2.2 0.5
v 0.3 2.2 0.5
v 0.4 2.2 0.5
v -0.5 2.2 0.4
v -0.4 2.2 0.4
v -0.3 2.2 0.4
v 0.3 2.2 0.4
v 0.4 2.2 0.4
v 0.5 2.2 0.4
v -0.6 2.2 0.3
v -0.5 2.2 0.3
v -0.4 2.2 0.3
v 0.4 2.2 0.3
v 0.5 2.2 0.3
v 0.6 2.2 0.3
v -0.6 2.2 -0.1
v -0.5 2.2 -0.1
v -0.4 2.2 -0.1
v 0.4 2.2 -0.1
v 0.5 2.2 -0.1
v 0.6 2.2 -0.1
v -0.5 2.2 -0.2
v -0.4 2.2 -0.2
v 0.4 2.2 -0.2
v 0.5 2.2 -0.2
v -0.4 2.2 -0.3
v -0.3 2.2 -0.3
v 0.3 2.2 -0.3
v 0.4 2.2 -0.3
v -0.4 2.2 -0.4
v -0.3 2.2 -0.4
v 0.3 2.2 -0.4
v 0.4 2.2 -0.4
v -0.0999999 2.3 0.7
v 0.0999999 2.3 0.7
v -0.4 2.3 0.6
v -0.3 2.3 0.6
v -0.0999999 2.3 0.6
v 0.0999999 2.3 0.6
v 0.3 2.3 0.6
v 0.4 2.3 0.6
v -0.5 2.3 0.5
v -0.4 2.3 0.5
v -0.3 2.3 0.5
v 0.3 2.3 0.5
v 0.4 2.3 0.5
v 0.5 2.3 0.5
v -0.6 2.3 0.4
v -0.5 2.3 0.4
v -0.4 2.3 0.4
v 0.4 2.3 0.4
v 0.5 2.3 0.4
v 0.6 2.3 0.4
v -0.6 2.3 0.3
v -0.5 2.3 0.3
v 0.5 2.3 0.3
v 0.6 2.3 0.3
v -0.6 2.3 -0.1
v -0.5 2.3 -0.1
v 0.5 2.3 -0.1
v 0.6 2.3 -0.1
v -0.6 2.3 -0.2
v -0.5 2.3 -0.2
v -0.4 2.3 -0.2
v 0.4 2.3 -0.2
v 0.5 2.3 -0.2
v 0.6 2.3 -0.2
v -0.5 2.3 -0.3
v -0.4 2.3 -0.3
v 0.4 2.3 -0.3
v 0.5 2.3 -0.3
v -0.5 2.3 -0.4
v -0.4 2.3 -0.4
v 0.4 2.3 -0.4
v 0.5 2.3 -0.4
v -0.2 2.4 0.7
v -0.0999999 2.4 0.7
v 0.0999999 2.4 0.7
v 0.2 2.4 0.7
v -0.5 2.4 0.6
v -0.4 2.4 0.6
v -0.2 2.4 0.6
v -0.0999999 2.4 0.6
v 0.0999999 2.4 0.6
v 0.2 2.4 0.6
v 0.4 2.4 0.6
v 0.5 2.4 0.6
v -0.6 2.4 0.5
v -0.5 2.4 0.5
v -0.4 2.4 0.5
v 0.4 2.4 0.5
v 0.5 2.4 0.5
v 0.6 2.4 0.5
v -0.6 2.4 0.4
v -0.5 2.4 0.4
v 0.5 2.4 0.4
v 0.6 2.4 0.4
v -0.6 2.4 -0.2
v -0.5 2.4 -0.2
v 0.5 2.4 -0.2
v 0.6 2.4 -0.2
v -0.6 2.4 -0.3
v -0.5 2.4 -0.3
v 0.5 2.4 -0.3
v 0.6 2.4 -0.3
v -0.3 2.5 0.7
v -0.2 2.5 0.7
v 0.2 2.5 0.7
v 0.3 2.5 0.7
v -0.3 2.5 0.6
v -0.2 2.5 0.6
v 0.2 2.5 0.6
v 0.3 2.5 0.6
v -2.1 2.7 0.4
v -2 2.7 0.4
v -1 2.7 0.4
v -0.7 2.7 0.4
v 0.7 2.7 0.4
v 1 2.7 0.4
v 2 2.7 0.4
v 2.1 2.7 0.4
v -1.6 2.7 0.3
v -1.5 2.7 0.3
v -1.1 2.7 0.3
v -1 2.7 0.3
v -0.7 2.7 0.3
v -0.6 2.7 0.3
v 0.6 2.7 0.3
v 0.7 2.7 0.3
v 1 2.7 0.3
v 1.1 2.7 0.3
v 1.5 2.7 0.3
v 1.6 2.7 0.3
v -1.6 2.7 -0.1
v -1.5 2.7 -0.1
v -1.1 2.7 -0.1
v -1 2.7 -0.1
v -0.7 2.7 -0.1
v -0.6 2.7 -0.1
v 0.6 2.7 -0.1
v 0.7 2.7 -0.1
v 1 2.7 -0.1
v 1.1 2.7 -0.1
v 1.5 2.7 -0.1
v 1.6 2.7 -0.1
v -2.1 2.7 -0.2
v -2 2.7 -0.2
v -1 2.7 -0.2
v -0.7 2.7 -0.2
v 0.7 2.7 -0.2
v 1 2.7 -0.2
v 2 2.7 -0.2
v 2.1 2.7 -0.2
v -2.3 2.8 0.4
v -2.1 2.8 0.4
v -1.6 2.8 0.4
v -1.5 2.8 0.4
v -1.1 2.8 0.4
v -1 2.8 0.4
v -0.7 2.8 0.4
v -0.6 2.8 0.4
v 0.6 2.8 0.4
v 0.7 2.8 0.4
v 1 2.8 0.4
v 1.1 2.8 0.4
v 1.5 2.8 0.4
v 1.6 2.8 0.4
v 2.1 2.8 0.4
v 2.3 2.8 0.4
v -2 2.8 0.3
v -1.6 2.8 0.3
v -1.5 2.8 0.3
v -1.1 2.8 0.3
v -1 2.8 0.3
v -0.7 2.8 0.3
v -0.6 2.8 0.3
v 0.6 2.8 0.3
v 0.7 2.8 0.3
v 1 2.8 0.3
v 1.1 2.8 0.3
v 1.5 2.8 0.3
v 1.6 2.8 0.3
v 2 2.8 0.3
v -2.3 2.8 0.2
v -2.1 2.8 0.2
v 2.1 2.8 0.2
v 2.3 2.8 0.2
v -2 2.8 -0.1
v -1.6 2.8 -0.1
v -1.5 2.8 -0.1
v -1.1 2.8 -0.1
v -1 2.8 -0.1
v -0.7 2.8 -0.1
v -0.6 2.8 -0.1
v 0.6 2.8 -0.1
v 0.7 2.8 -0.1
v 1 2.8 -0.1
v 1.1 2.8 -0.1
v 1.5 2.8 -0.1
v 1.6 2.8 -0.1
v 2 2.8 -0.1
v -1.6 2.8 -0.2
v -1.5 2.8 -0.2
v -1.1 2.8 -0.2
v -1 2.8 -0.2
v -0.7 2.8 -0.2
v -0.6 2.8 -0.2
v 0.6 2.8 -0.2
v 0.7 2.8 -0.2
v 1 2.8 -0.2
v 1.1 2.8 -0.2
v 1.5 2.8 -0.2
v 1.6 2.8 -0.2
v -2.4 2.9 0.3
v -2.3 2.9 0.3
v 2.3 2.9 0.3
v 2.4 2.9 0.3
v -2.3 2.9 0.2
v -2.2 2.9 0.2
v -2.1 2.9 0.2
v 2.1 2.9 0.2
v 2.2 2.9 0.2
v 2.3 2.9 0.2
v -2.4 2.9 -0.1
v -2.2 2.9 -0.1
v -2.1 2.9 -0.1
v 2.1 2.9 -0.1
v 2.2 2.9 -0.1
v 2.4 2.9 -0.1
v -2.6 3 0.3
v -2.5 3 0.3
v -2.4 3 0.3
v 2.4 3 0.3
v 2.6 3 0.3
v 2.7 3 0.3
v -2.6 3 -0.1
v -2.5 3 -0.1
v -2.4 3 -0.1
v 2.4 3 -0.1
v 2.6 3 -0.1
v 2.7 3 -0.1
v -0.4 3.4 0.5
v 0.4 3.4 0.5
v -0.5 3.4 0.4
v -0.4 3.4 0.4
v -0.2 3.4 0.4
v 0.2 3.4 0.4
v 0.4 3.4 0.4
v 0.5 3.4 0.4
v 0.2 3.4 0.3
v 0.3 3.4 0.3
v -0.3 3.4 0.2
v -0.2 3.4 0.2
v 0.3 3.4 0.2
v 0.4 3.4 0.2
v -0.4 3.4 0.1
v -0.3 3.4 0.1
v 0 3.4 0.1
v 0.0999999 3.4 0.1
v 0 3.4 0
v 0.0999999 3.4 0
v 0.3 3.4 0
v 0.4 3.4 0
v -0.5 3.4 -0.1
v -0.4 3.4 -0.1
v -0.3 3.4 -0.1
v 0.2 3.4 -0.1
v 0.3 3.4 -0.1
v 0.4 3.4 -0.1
v 0.5 3.4 -0.1
v -0.4 3.4 -0.2
v -0.3 3.4 -0.2
v -0.2 3.4 -0.2
v 0.0999999 3.4 -0.2
v 0.2 3.4 -0.2
v 0.3 3.4 -0.2
v 0.4 3.4 -0.2
v -0.3 3.4 -0.3
v -0.2 3.4 -0.3
v 0.0999999 3.4 -0.3
v 0.3 3.4 -0.3
v -0.4 3.5 0.6
v 0.4 3.5 0.6
v -0.5 3.5 0.5
v -0.4 3.5 0.5
v 0.4 3.5 0.5
v 0.5 3.5 0.5
v -0.6 3.5 0.4
v -0.5 3.5 0.4
v -0.4 3.5 0.4
v 0.4 3.5 0.4
v 0.5 3.5 0.4
v 0.6 3.5 0.4
v -0.6 3.5 -0.1
v -0.5 3.5 -0.1
v -0.4 3.5 -0.1
v 0.4 3.5 -0.1
v 0.5 3.5 -0.1
v 0.6 3.5 -0.1
v -0.5 3.5 -0.2
v -0.4 3.5 -0.2
v -0.3 3.5 -0.2
v 0.3 3.5 -0.2
v 0.4 3.5 -0.2
v 0.5 3.5 -0.2
v -0.4 3.5 -0.3
v -0.3 3.5 -0.3
v 0.3 3.5 -0.3
v 0.4 3.5 -0.3
v -0.3 3.5 -0.4
v 0.3 3.5 -0.4
v -0.5 3.6 0.6
v -0.4 3.6 0.6
v 0.4 3.6 0.6
v 0.5 3.6 0.6
v -0.6 3.6 0.5
v -0.5 3.6 0.5
v -0.4 3.6 0.5
v 0.4 3.6 0.5
v 0.5 3.6 0.5
v 0.6 3.6 0.5
v -0.6 3.6 0.4
v -0.5 3.6 0.4
v 0.5 3.6 0.4
v 0.6 3.6 0.4
v -0.6 3.6 -0.1
v -0.5 3.6 -0.1
v 0.5 3.6 -0.1
v 0.6 3.6 -0.1
v -0.6 3.6 -0.2
v -0.5 3.6 -0.2
v -0.4 3.6 -0.2
v 0.4 3.6 -0.2
v 0.5 3.6 -0.2
v 0.6 3.6 -0.2
v -0.5 3.6 -0.3
v -0.4 3.6 -0.3
v -0.3 3.6 -0.3
v 0.3 3.6 -0.3
v 0.4 3.6 -0.3
v 0.5 3.6 -0.3
v -0.4 3.6 -0.4
v -0.3 3.6 -0.4
v 0.3 3.6 -0.4
v 0.4 3.6 -0.4
v -0.3 3.6 -0.5
v 0.3 3.6 -0.5
v -0.6 3.7 -0.2
v -0.5 3.7 -0.2
v 0.5 3.7 -0.2
v 0.6 3.7 -0.2
v -0.6 3.7 -0.3
v -0.5 3.7 -0.3
v -0.4 3.7 -0.3
v 0.4 3.7 -0.3
v 0.5 3.7 -0.3
v 0.6 3.7 -0.3
v -0.5 3.7 -0.4
v -0.4 3.7 -0.4
v -0.3 3.7 -0.4
v 0.3 3.7 -0.4
v 0.4 3.7 -0.4
v 0.5 3.7 -0.4
v -0.4 3.7 -0.5
v -0.3 3.7 -0.5
v 0.3 3.7 -0.5
v 0.4 3.7 -0.5
v -0.6 0.1 0.6
v -0.3 0.1 0.6
v 0.3 0.1 0.6
v 0.6 0.1 0.6
v -0.7 0.1 0.5
v -0.6 0.1 0.5
v -0.3 0.1 0.5
v -0.2 0.1 0.5
v 0.2 0.1 0.5
v 0.3 0.1 0.5
v 0.6 0.1 0.5
v 0.7 0.1 0.5
v -0.7 0.1 0.4
v -0.6 0.1 0.4
v -0.3 0.1 0.4
v -0.2 0.1 0.4
v 0.2 0.1 0.4
v 0.3 0.1 0.4
v 0.6 0.1 0.4
v 0.7 0.1 0.4
v -0.7 0.1 -0.1
v -0.6 0.1 -0.1
v -0.3 0.1 -0.1
v -0.2 0.1 -0.1
v 0.2 0.1 -0.1
v 0.3 0.1 -0.1
v 0.6 0.1 -0.1
v 0.7 0.1 -0.1
v -0.7 0.1 -0.2
v -0.6 0.1 -0.2
v -0.3 0.1 -0.2
v -0.2 0.1 -0.2
v 0.2 0.1 -0.2
v 0.3 0.1 -0.2
v 0.6 0.1 -0.2
v 0.7 0.1 -0.2
v -0.6 0.2 0.5
v -0.3 0.2 0.5
v 0.3 0.2 0.5
v 0.6 0.2 0.5
v -0.7 0.2 0.4
v -0.6 0.2 0.4
v -0.3 0.2 0.4
v -0.2 0.2 0.4
v 0.2 0.2 0.4
v 0.3 0.2 0.4
v 0.6 0.2 0.4
v 0.7 0.2 0.4
v -0.7 0.2 0.3
v -0.6 0.2 0.3
v -0.3 0.2 0.3
v -0.2 0.2 0.3
v 0.2 0.2 0.3
v 0.3 0.2 0.3
v 0.6 0.2 0.3
v 0.7 0.2 0.3
v -0.8 1 0.3
v -0.7 1 0.3
v -0.2 1 0.3
v -0.0999999 1 0.3
v 0.0999999 1 0.3
v 0.2 1 0.3
v 0.7 1 0.3
v 0.8 1 0.3
v -0.8 1 0.2
v -0.7 1 0.2
v -0.2 1 0.2
v -0.0999999 1 0.2
v 0.0999999 1 0.2
v 0.2 1 0.2
v 0.7 1 0.2
v 0.8 1 0.2
v -0.8 1 0
v -0.7 1 0
v -0.2 1 0
v -0.0999999 1 0
v 0.0999999 1 0
v 0.2 1 0
v 0.7 1 0
v 0.8 1 0
v -0.8 1 -0.1
v -0.7 1 -0.1
v -0.2 1 -0.1
v -0.0999999 1 -0.1
v 0.0999999 1 -0.1
v 0.2 1 -0.1
v 0.7 1 -0.1
v 0.8 1 -0.1
v -0.7 1.1 0.5
v -0.6 1.1 0.5
v -0.3 1.1 0.5
v -0.2 1.1 0.5
v 0.2 1.1 0.5
v 0.3 1.1 0.5
v 0.6 1.1 0.5
v 0.7 1.1 0.5
v -0.7 1.1 0.4
v -0.6 1.1 0.4
v -0.3 1.1 0.4
v -0.2 1.1 0.4
v 0.2 1.1 0.4
v 0.3 1.1 0.4
v 0.6 1.1 0.4
v 0.7 1.1 0.4
v -0.8 1.1 0.2
v -0.7 1.1 0.2
v -0.2 1.1 0.2
v -0.0999999 1.1 0.2
v 0.0999999 1.1 0.2
v 0.2 1.1 0.2
v 0.7 1.1 0.2
v 0.8 1.1 0.2
v -0.8 1.1 0
v -0.7 1.1 0
v -0.2 1.1 0
v -0.0999999 1.1 0
v 0.0999999 1.1 0
v 0.2 1.1 0
v 0.7 1.1 0
v 0.8 1.1 0
v -0.6 1.2 0.5
v -0.3 1.2 0.5
v 0.3 1.2 0.5
v 0.6 1.2 0.5
v -0.6 1.2 0.4
v -0.3 1.2 0.4
v 0.3 1.2 0.4
v 0.6 1.2 0.4
v -0.3 1.7 0.6
v -0.2 1.7 0.6
v 0.2 1.7 0.6
v 0.3 1.7 0.6
v -0.3 1.7 0.5
v -0.2 1.7 0.5
v 0.2 1.7 0.5
v 0.3 1.7 0.5
v -0.3 1.7 -0.3
v -0.2 1.7 -0.3
v 0.2 1.7 -0.3
v 0.3 1.7 -0.3
v -0.3 1.7 -0.4
v -0.2 1.7 -0.4
v 0.2 1.7 -0.4
v 0.3 1.7 -0.4
v -0.5 1.8 0.5
v -0.4 1.8 0.5
v -0.3 1.8 0.5
v 0.3 1.8 0.5
v 0.4 1.8 0.5
v 0.5 1.8 0.5
v -0.6 1.8 0.4
v -0.5 1.8 0.4
v -0.4 1.8 0.4
v -0.3 1.8 0.4
v 0.3 1.8 0.4
v 0.4 1.8 0.4
v 0.5 1.8 0.4
v 0.6 1.8 0.4
v -0.8 1.8 0.3
v -0.7 1.8 0.3
v -0.6 1.8 0.3
v -0.5 1.8 0.3
v 0.5 1.8 0.3
v 0.6 1.8 0.3
v 0.7 1.8 0.3
v 0.8 1.8 0.3
v -0.8 1.8 0.2
v -0.7 1.8 0.2
v 0.7 1.8 0.2
v 0.8 1.8 0.2
v -0.8 1.8 0
v -0.7 1.8 0
v 0.7 1.8 0
v 0.8 1.8 0
v -0.8 1.8 -0.1
v -0.7 1.8 -0.1
v -0.6 1.8 -0.1
v -0.5 1.8 -0.1
v 0.5 1.8 -0.1
v 0.6 1.8 -0.1
v 0.7 1.8 -0.1
v 0.8 1.8 -0.1
v -0.6 1.8 -0.2
v -0.5 1.8 -0.2
v -0.4 1.8 -0.2
v -0.3 1.8 -0.2
v 0.3 1.8 -0.2
v 0.4 1.8 -0.2
v 0.5 1.8 -0.2
v 0.6 1.8 -0.2
v -0.5 1.8 -0.3
v -0.4 1.8 -0.3
v -0.3 1.8 -0.3
v 0.3 1.8 -0.3
v 0.4 1.8 -0.3
v 0.5 1.8 -0.3
v -0.3 1.9 0.5
v -0.2 1.9 0.5
v 0.2 1.9 0.5
v 0.3 1.9 0.5
v -0.5 1.9 0.4
v -0.3 1.9 0.4
v -0.2 1.9 0.4
v 0.2 1.9 0.4
v 0.3 1.9 0.4
v 0.5 1.9 0.4
v -0.7 1.9 0.3
v -0.6 1.9 0.3
v -0.5 1.9 0.3
v -0.3 1.9 0.3
v 0.3 1.9 0.3
v 0.5 1.9 0.3
v 0.6 1.9 0.3
v 0.7 1.9 0.3
v -0.8 1.9 0.2
v -0.7 1.9 0.2
v -0.6 1.9 0.2
v -0.5 1.9 0.2
v 0.5 1.9 0.2
v 0.6 1.9 0.2
v 0.7 1.9 0.2
v 0.8 1.9 0.2
v -0.8 1.9 0
v -0.7 1.9 0
v -0.6 1.9 0
v -0.5 1.9 0
v 0.5 1.9 0
v 0.6 1.9 0
v 0.7 1.9 0
v 0.8 1.9 0
v -0.7 1.9 -0.1
v -0.6 1.9 -0.1
v -0.5 1.9 -0.1
v -0.3 1.9 -0.1
v 0.3 1.9 -0.1
v 0.5 1.9 -0.1
v 0.6 1.9 -0.1
v 0.7 1.9 -0.1
v -0.5 1.9 -0.2
v -0.3 1.9 -0.2
v -0.2 1.9 -0.2
v 0.2 1.9 -0.2
v 0.3 1.9 -0.2
v 0.5 1.9 -0.2
v -0.3 1.9 -0.3
v -0.2 1.9 -0.3
v 0.2 1.9 -0.3
v 0.3 1.9 -0.3
v -0.5 2 0.3
v -0.4 2 0.3
v 0.4 2 0.3
v 0.5 2 0.3
v -0.7 2 0.2
v -0.5 2 0.2
v 0.5 2 0.2
v 0.7 2 0.2
v -0.7 2 0
v -0.5 2 0
v 0.5 2 0
v 0.7 2 0
v -0.5 2 -0.1
v -0.4 2 -0.1
v 0.4 2 -0.1
v 0.5 2 -0.1
v -0.3 2.9 0.7
v -0.2 2.9 0.7
v 0.2 2.9 0.7
v 0.3 2.9 0.7
v -0.3 2.9 0.6
v -0.2 2.9 0.6
v 0.2 2.9 0.6
v 0.3 2.9 0.6
v -0.2 3 0.7
v -0.0999999 3 0.7
v 0.0999999 3 0.7
v 0.2 3 0.7
v -0.5 3 0.6
v -0.4 3 0.6
v -0.2 3 0.6
v -0.0999999 3 0.6
v 0.0999999 3 0.6
v 0.2 3 0.6
v 0.4 3 0.6
v 0.5 3 0.6
v -0.6 3 0.5
v -0.5 3 0.5
v -0.4 3 0.5
v 0.4 3 0.5
v 0.5 3 0.5
v 0.6 3 0.5
v -2.3 3 0.4
v -2.1 3 0.4
v -0.6 3 0.4
v -0.5 3 0.4
v 0.5 3 0.4
v 0.6 3 0.4
v 2.1 3 0.4
v 2.3 3 0.4
v -2.3 3 0.3
v -2.2 3 0.3
v -2.1 3 0.3
v 2.1 3 0.3
v 2.2 3 0.3
v 2.3 3 0.3
v -0.6 3 -0.2
v -0.5 3 -0.2
v 0.5 3 -0.2
v 0.6 3 -0.2
v -0.6 3 -0.3
v -0.5 3 -0.3
v -0.4 3 -0.3
v 0.4 3 -0.3
v 0.5 3 -0.3
v 0.6 3 -0.3
v -0.5 3 -0.4
v -0.4 3 -0.4
v 0.4 3 -0.4
v 0.5 3 -0.4
v -0.0999999 3.1 0.7
v 0.0999999 3.1 0.7
v -0.4 3.1 0.6
v -0.3 3.1 0.6
v -0.0999999 3.1 0.6
v 0.0999999 3.1 0.6
v 0.3 3.1 0.6
v 0.4 3.1 0.6
v -0.5 3.1 0.5
v -0.4 3.1 0.5
v -0.3 3.1 0.5
v 0.3 3.1 0.5
v 0.4 3.1 0.5
v 0.5 3.1 0.5
v -0.6 3.1 0.4
v -0.5 3.1 0.4
v -0.4 3.1 0.4
v 0.4 3.1 0.4
v 0.5 3.1 0.4
v 0.6 3.1 0.4
v -0.6 3.1 0.3
v -0.5 3.1 0.3
v 0.5 3.1 0.3
v 0.6 3.1 0.3
v -0.6 3.1 -0.1
v -0.5 3.1 -0.1
v 0.5 3.1 -0.1
v 0.6 3.1 -0.1
v -0.6 3.1 -0.2
v -0.5 3.1 -0.2
v -0.4 3.1 -0.2
v 0.4 3.1 -0.2
v 0.5 3.1 -0.2
v 0.6 3.1 -0.2
v -0.5 3.1 -0.3
v -0.4 3.1 -0.3
v -0.3 3.1 -0.3
v 0.3 3.1 -0.3
v 0.4 3.1 -0.3
v 0.5 3.1 -0.3
v -0.4 3.1 -0.4
v -0.3 3.1 -0.4
v 0.3 3.1 -0.4
v 0.4 3.1 -0.4
v -0.3 3.2 0.6
v -0.2 3.2 0.6
v 0.2 3.2 0.6
v 0.3 3.2 0.6
v -0.4 3.2 0.5
v -0.3 3.2 0.5
v -0.2 3.2 0.5
v 0.2 3.2 0.5
v 0.3 3.2 0.5
v 0.4 3.2 0.5
v -1.6 3.2 0.4
v -1.5 3.2 0.4
v -1.1 3.2 0.4
v -1 3.2 0.4
v -0.7 3.2 0.4
v -0.6 3.2 0.4
v -0.5 3.2 0.4
v -0.4 3.2 0.4
v -0.3 3.2 0.4
v 0.3 3.2 0.4
v 0.4 3.2 0.4
v 0.5 3.2 0.4
v 0.6 3.2 0.4
v 0.7 3.2 0.4
v 1 3.2 0.4
v 1.1 3.2 0.4
v 1.5 3.2 0.4
v 1.6 3.2 0.4
v -2.6 3.2 0.3
v -2.5 3.2 0.3
v -2.3 3.2 0.3
v -2.1 3.2 0.3
v -2 3.2 0.3
v -1.6 3.2 0.3
v -1.5 3.2 0.3
v -1.1 3.2 0.3
v -1 3.2 0.3
v -0.7 3.2 0.3
v -0.6 3.2 0.3
v -0.5 3.2 0.3
v -0.4 3.2 0.3
v 0.4 3.2 0.3
v 0.5 3.2 0.3
v 0.6 3.2 0.3
v 0.7 3.2 0.3
v 1 3.2 0.3
v 1.1 3.2 0.3
v 1.5 3.2 0.3
v 1.6 3.2 0.3
v 2 3.2 0.3
v 2.1 3.2 0.3
v 2.4 3.2 0.3
v 2.6 3.2 0.3
v 2.7 3.2 0.3
v -2.3 3.2 0.2
v -2.2 3.2 0.2
v 2.2 3.2 0.2
v 2.4 3.2 0.2
v -2.3 3.2 0
v -2.2 3.2 0
v 2.2 3.2 0
v 2.4 3.2 0
v -2.6 3.2 -0.1
v -2.5 3.2 -0.1
v -2.3 3.2 -0.1
v -2.1 3.2 -0.1
v -2 3.2 -0.1
v -1.6 3.2 -0.1
v -1.5 3.2 -0.1
v -1.1 3.2 -0.1
v -1 3.2 -0.1
v -0.7 3.2 -0.1
v -0.6 3.2 -0.1
v -0.5 3.2 -0.1
v -0.4 3.2 -0.1
v 0.4 3.2 -0.1
v 0.5 3.2 -0.1
v 0.6 3.2 -0.1
v 0.7 3.2 -0.1
v 1 3.2 -0.1
v 1.1 3.2 -0.1
v 1.5 3.2 -0.1
v 1.6 3.2 -0.1
v 2 3.2 -0.1
v 2.1 3.2 -0.1
v 2.4 3.2 -0.1
v 2.6 3.2 -0.1
v 2.7 3.2 -0.1
v -1.6 3.2 -0.2
v -1.5 3.2 -0.2
v -1.1 3.2 -0.2
v -1 3.2 -0.2
v -0.7 3.2 -0.2
v -0.6 3.2 -0.2
v -0.5 3.2 -0.2
v -0.4 3.2 -0.2
v -0.3 3.2 -0.2
v 0.3 3.2 -0.2
v 0.4 3.2 -0.2
v 0.5 3.2 -0.2
v 0.6 3.2 -0.2
v 0.7 3.2 -0.2
v 1 3.2 -0.2
v 1.1 3.2 -0.2
v 1.5 3.2 -0.2
v 1.6 3.2 -0.2
v -0.4 3.2 -0.3
v -0.3 3.2 -0.3
v -0.2 3.2 -0.3
v 0.2 3.2 -0.3
v 0.3 3.2 -0.3
v 0.4 3.2 -0.3
v -0.3 3.2 -0.4
v -0.2 3.2 -0.4
v 0.2 3.2 -0.4
v 0.3 3.2 -0.4
v -0.2 3.3 0.6
v 0.2 3.3 0.6
v -0.3 3.3 0.5
v -0.2 3.3 0.5
v 0.2 3.3 0.5
v 0.3 3.3 0.5
v -2.1 3.3 0.4
v -2 3.3 0.4
v -1 3.3 0.4
v -0.7 3.3 0.4
v -0.4 3.3 0.4
v -0.3 3.3 0.4
v -0.2 3.3 0.4
v 0.2 3.3 0.4
v 0.3 3.3 0.4
v 0.4 3.3 0.4
v 0.7 3.3 0.4
v 1 3.3 0.4
v 2 3.3 0.4
v 2.1 3.3 0.4
v -1.6 3.3 0.3
v -1.5 3.3 0.3
v -1.1 3.3 0.3
v -1 3.3 0.3
v -0.9 3.3 0.3
v -0.8 3.3 0.3
v -0.7 3.3 0.3
v -0.6 3.3 0.3
v -0.5 3.3 0.3
v -0.4 3.3 0.3
v -0.3 3.3 0.3
v 0.2 3.3 0.3
v 0.3 3.3 0.3
v 0.4 3.3 0.3
v 0.5 3.3 0.3
v 0.6 3.3 0.3
v 0.7 3.3 0.3
v 0.8 3.3 0.3
v 0.9 3.3 0.3
v 1 3.3 0.3
v 1.1 3.3 0.3
v 1.5 3.3 0.3
v 1.6 3.3 0.3
v -1 3.3 0.2
v -0.9 3.3 0.2
v -0.8 3.3 0.2
v -0.7 3.3 0.2
v -0.3 3.3 0.2
v -0.2 3.3 0.2
v 0.3 3.3 0.2
v 0.4 3.3 0.2
v 0.7 3.3 0.2
v 0.8 3.3 0.2
v 0.9 3.3 0.2
v 1 3.3 0.2
v -0.4 3.3 0.1
v -0.3 3.3 0.1
v 0 3.3 0.1
v 0.0999999 3.3 0.1
v -1 3.3 0
v -0.9 3.3 0
v -0.8 3.3 0
v -0.7 3.3 0
v 0 3.3 0
v 0.0999999 3.3 0
v 0.3 3.3 0
v 0.4 3.3 0
v 0.7 3.3 0
v 0.8 3.3 0
v 0.9 3.3 0
v 1 3.3 0
v -1.6 3.3 -0.1
v -1.5 3.3 -0.1
v -1.1 3.3 -0.1
v -1 3.3 -0.1
v -0.9 3.3 -0.1
v -0.8 3.3 -0.1
v -0.7 3.3 -0.1
v -0.6 3.3 -0.1
v -0.5 3.3 -0.1
v -0.4 3.3 -0.1
v -0.3 3.3 -0.1
v 0.2 3.3 -0.1
v 0.3 3.3 -0.1
v 0.4 3.3 -0.1
v 0.5 3.3 -0.1
v 0.6 3.3 -0.1
v 0.7 3.3 -0.1
v 0.8 3.3 -0.1
v 0.9 3.3 -0.1
v 1 3.3 -0.1
v 1.1 3.3 -0.1
v 1.5 3.3 -0.1
v 1.6 3.3 -0.1
v -2.1 3.3 -0.2
v -2 3.3 -0.2
v -1 3.3 -0.2
v -0.7 3.3 -0.2
v -0.4 3.3 -0.2
v -0.3 3.3 -0.2
v -0.2 3.3 -0.2
v 0.0999999 3.3 -0.2
v 0.2 3.3 -0.2
v 0.3 3.3 -0.2
v 0.4 3.3 -0.2
v 0.7 3.3 -0.2
v 1 3.3 -0.2
v 2 3.3 -0.2
v 2.1 3.3 -0.2
v -0.3 3.3 -0.3
v -0.2 3.3 -0.3
v 0.0999999 3.3 -0.3
v 0.2 3.3 -0.3
v 0.3 3.3 -0.3
v -0.2 3.3 -0.4
v 0.2 3.3 -0.4
v -0.6 4.3 -0.2
v -0.5 4.3 -0.2
v 0.5 4.3 -0.2
v 0.6 4.3 -0.2
v -0.6 4.3 -0.3
v -0.5 4.3 -0.3
v -0.4 4.3 -0.3
v 0.4 4.3 -0.3
v 0.5 4.3 -0.3
v 0.6 4.3 -0.3
v -0.5 4.3 -0.4
v -0.4 4.3 -0.4
v -0.3 4.3 -0.4
v 0.3 4.3 -0.4
v 0.4 4.3 -0.4
v 0.5 4.3 -0.4
v -0.4 4.3 -0.5
v -0.3 4.3 -0.5
v 0.3 4.3 -0.5
v 0.4 4.3 -0.5
v -0.5 4.4 0.6
v -0.4 4.4 0.6
v 0.4 4.4 0.6
v 0.5 4.4 0.6
v -0.6 4.4 0.5
v -0.5 4.4 0.5
v -0.4 4.4 0.5
v 0.4 4.4 0.5
v 0.5 4.4 0.5
v 0.6 4.4 0.5
v -0.6 4.4 0.4
v -0.5 4.4 0.4
v 0.5 4.4 0.4
v 0.6 4.4 0.4
v -0.6 4.4 -0.1
v -0.5 4.4 -0.1
v 0.5 4.4 -0.1
v 0.6 4.4 -0.1
v -0.6 4.4 -0.2
v -0.5 4.4 -0.2
v -0.4 4.4 -0.2
v 0.4 4.4 -0.2
v 0.5 4.4 -0.2
v 0.6 4.4 -0.2
v -0.5 4.4 -0.3
v -0.4 4.4 -0.3
v -0.3 4.4 -0.3
v 0.3 4.4 -0.3
v 0.4 4.4 -0.3
v 0.5 4.4 -0.3
v -0.4 4.4 -0.4
v -0.3 4.4 -0.4
v 0.3 4.4 -0.4
v 0.4 4.4 -0.4
v -0.3 4.4 -0.5
v 0.3 4.4 -0.5
v -0.4 4.5 0.6
v 0.4 4.5 0.6
v -0.5 4.5 0.5
v -0.4 4.5 0.5
v 0.4 4.5 0.5
v 0.5 4.5 0.5
v -0.6 4.5 0.4
v -0.5 4.5 0.4
v -0.4 4.5 0.4
v 0.4 4.5 0.4
v 0.5 4.5 0.4
v 0.6 4.5 0.4
v -0.6 4.5 -0.1
v -0.5 4.5 -0.1
v -0.4 4.5 -0.1
v 0.4 4.5 -0.1
v 0.5 4.5 -0.1
v 0.6 4.5 -0.1
v -0.5 4.5 -0.2
v -0.4 4.5 -0.2
v -0.3 4.5 -0.2
v 0.3 4.5 -0.2
v 0.4 4.5 -0.2
v 0.5 4.5 -0.2
v -0.4 4.5 -0.3
v -0.3 4.5 -0.3
v 0.3 4.5 -0.3
v 0.4 4.5 -0.3
v -0.3 4.5 -0.4
v 0.3 4.5 -0.4
v -0.4 4.6 0.5
v 0.4 4.6 0.5
v -0.5 4.6 0.4
v -0.4 4.6 0.4
v 0.4 4.6 0.4
v 0.5 4.6 0.4
v -0.5 4.6 -0.1
v -0.4 4.6 -0.1
v 0.4 4.6 -0.1
v 0.5 4.6 -0.1
v -0.4 4.6 -0.2
v -0.3 4.6 -0.2
v 0.3 4.6 -0.2
v 0.4 4.6 -0.2
v -0.3 4.6 -0.3
v 0.3 4.6 -0.3

# faces
f 3/2/1 2/2/1 1/2/1
f 4/2/1 2/2/1 3/2/1
f 7/6/1 6/6/1 5/6/1
f 8/6/1 6/6/1 7/6/1
f 11/3/1 10/3/1 9/3/1
f 12/3/1 10/3/1 11/3/1
f 13/3/1 11/3/1 9/3/1
f 14/3/1 11/3/1 13/3/1
f 17/2/1 16/2/1 15/2/1
f 18/2/1 16/2/1 17/2/1
f 19/2/1 16/2/1 18/2/1
f 20/2/1 16/2/1 19/2/1
f 23/2/1 22/2/1 21/2/1
f 24/2/1 16/2/1 20/2/1
f 25/2/1 23/2/1 21/2/1
f 25/2/1 24/2/1 23/2/1
f 26/2/1 16/2/1 24/2/1
f 26/2/1 24/2/1 25/2/1
f 30/2/1 28/2/1 27/2/1
f 31/2/1 28/2/1 30/2/1
f 33/2/1 30/2/1 29/2/1
f 34/2/1 30/2/1 33/2/1
f 35/2/1 32/2/1 31/2/1
f 36/2/1 32/2/1 35/2/1
f 37/2/1 35/2/1 34/2/1
f 38/2/1 35/2/1 37/2/1
f 42/2/1 40/2/1 39/2/1
f 43/2/1 40/2/1 42/2/1
f 45/2/1 42/2/1 41/2/1
f 46/2/1 42/2/1 45/2/1
f 47/2/1 44/2/1 43/2/1
f 48/2/1 44/2/1 47/2/1
f 49/2/1 47/2/1 46/2/1
f 50/2/1 47/2/1 49/2/1
f 55/2/1 52/2/1 51/2/1
f 56/2/1 52/2/1 55/2/1
f 57/2/1 54/2/1 53/2/1
f 58/2/1 54/2/1 57/2/1
f 63/2/1 60/2/1 59/2/1
f 64/2/1 60/2/1 63/2/1
f 65/2/1 62/2/1 61/2/1
f 66/2/1 62/2/1 65/2/1
f 70/2/1 68/2/1 67/2/1
f 71/2/1 68/2/1 70/2/1
f 72/2/1 68/2/1 71/2/1
f 74/2/1 70/2/1 69/2/1
f 74/6/1 71/6/1 70/6/1
f 75/1/1 72/1/1 71/1/1
f 75/6/1 71/6/1 74/6/1
f 76/2/1 73/2/1 72/2/1
f 76/1/1 72/1/1 75/1/1
f 77/2/1 74/2/1 69/2/1
f 78/1/1 75/1/1 74/1/1
f 78/2/1 74/2/1 77/2/1
f 79/6/1 76/6/1 75/6/1
f 79/1/1 75/1/1 78/1/1
f 80/2/1 73/2/1 76/2/1
f 80/6/1 76/6/1 79/6/1
f 81/2/1 73/2/1 80/2/1
f 82/2/1 79/2/1 78/2/1
f 82/2/1 80/2/1 79/2/1
f 83/2/1 80/2/1 82/2/1
f 87/2/1 85/2/1 84/2/1
f 88/2/1 85/2/1 87/2/1
f 89/2/1 85/2/1 88/2/1
f 91/2/1 87/2/1 86/2/1
f 91/1/1 88/1/1 87/1/1
f 92/6/1 89/6/1 88/6/1
f 92/1/1 88/1/1 91/1/1
f 93/2/1 90/2/1 89/2/1
f 93/6/1 89/6/1 92/6/1
f 94/2/1 91/2/1 86/2/1
f 95/6/1 92/6/1 91/6/1
f 95/2/1 91/2/1 94/2/1
f 96/1/1 93/1/1 92/1/1
f 96/6/1 92/6/1 95/6/1
f 97/2/1 90/2/1 93/2/1
f 97/1/1 93/1/1 96/1/1
f 98/2/1 90/2/1 97/2/1
f 99/2/1 96/2/1 95/2/1
f 99/2/1 97/2/1 96/2/1
f 100/2/1 97/2/1 99/2/1
f 103/2/1 102/2/1 101/2/1
f 104/2/1 102/2/1 103/2/1
f 105/2/1 102/2/1 104/2/1
f 106/2/1 102/2/1 105/2/1
f 107/2/1 102/2/1 106/2/1
f 108/6/1 105/6/1 104/6/1
f 109/3/1 106/3/1 105/3/1
f 109/6/1 105/6/1 108/6/1
f 110/3/1 106/3/1 109/3/1
f 111/3/1 106/3/1 110/3/1
f 114/3/1 110/3/1 109/3/1
f 115/3/1 110/3/1 114/3/1
f 116/3/1 106/3/1 111/3/1
f 117/3/1 106/3/1 116/3/1
f 122/2/1 113/2/1 112/2/1
f 123/2/1 113/2/1 122/2/1
f 124/3/1 119/3/1 118/3/1
f 125/3/1 121/3/1 120/3/1
f 126/3/1 124/3/1 118/3/1
f 126/3/1 125/3/1 124/3/1
f 127/3/1 121/3/1 125/3/1
f 127/3/1 125/3/1 126/3/1
f 128/3/1 126/3/1 118/3/1
f 129/3/1 126/3/1 128/3/1
f 130/3/1 121/3/1 127/3/1
f 131/3/1 121/3/1 130/3/1
f 136/2/1 133/2/1 132/2/1
f 137/2/1 133/2/1 136/2/1
f 138/2/1 135/2/1 134/2/1
f 139/2/1 135/2/1 138/2/1
f 140/3/1 138/3/1 137/3/1
f 141/3/1 138/3/1 140/3/1
f 144/2/1 143/2/1 142/2/1
f 145/2/1 143/2/1 144/2/1
f 149/1/1 146/1/1 145/1/1
f 150/1/1 146/1/1 149/1/1
f 153/3/1 151/3/1 150/3/1
f 154/2/1 153/2/1 152/2/1
f 155/3/1 151/3/1 153/3/1
f 155/2/1 153/2/1 154/2/1
f 157/3/1 151/3/1 155/3/1
f 158/2/1 157/2/1 156/2/1
f 159/3/1 151/3/1 157/3/1
f 159/2/1 157/2/1 158/2/1
f 160/3/1 151/3/1 159/3/1
f 161/3/1 151/3/1 160/3/1
f 162/3/1 148/3/1 147/3/1
f 163/3/1 148/3/1 162/3/1
f 164/2/1 161/2/1 160/2/1
f 165/2/1 161/2/1 164/2/1
f 166/2/1 163/2/1 162/2/1
f 167/2/1 163/2/1 166/2/1
f 171/3/1 169/3/1 168/3/1
f 172/3/1 169/3/1 171/3/1
f 175/3/1 171/3/1 170/3/1
f 175/3/1 173/3/1 172/3/1
f 175/3/1 172/3/1 171/3/1
f 176/3/1 173/3/1 175/3/1
f 178/3/1 176/3/1 175/3/1
f 178/3/1 177/3/1 176/3/1
f 178/3/1 175/3/1 174/3/1
f 179/3/1 177/3/1 178/3/1
f 180/3/1 178/3/1 174/3/1
f 181/3/1 178/3/1 180/3/1
f 182/3/1 177/3/1 179/3/1
f 183/3/1 177/3/1 182/3/1
f 184/3/1 180/3/1 174/3/1
f 185/3/1 180/3/1 184/3/1
f 186/3/1 177/3/1 183/3/1
f 187/3/1 177/3/1 186/3/1
f 191/3/1 189/3/1 188/3/1
f 192/3/1 189/3/1 191/3/1
f 194/3/1 191/3/1 190/3/1
f 194/3/1 193/3/1 192/3/1
f 194/3/1 192/3/1 191/3/1
f 196/3/1 194/3/1 190/3/1
f 196/3/1 195/3/1 194/3/1
f 197/3/1 195/3/1 196/3/1
f 198/3/1 196/3/1 190/3/1
f 199/3/1 196/3/1 198/3/1
f 200/3/1 196/3/1 199/3/1
f 201/3/1 196/3/1 200/3/1
f 202/3/1 200/3/1 199/3/1
f 203/3/1 200/3/1 202/3/1
f 208/2/1 205/2/1 204/2/1
f 209/2/1 205/2/1 208/2/1
f 212/2/1 207/2/1 206/2/1
f 213/2/1 207/2/1 212/2/1
f 214/3/1 210/3/1 209/3/1
f 215/3/1 210/3/1 214/3/1
f 218/3/1 212/3/1 211/3/1
f 219/3/1 212/3/1 218/3/1
f 220/3/1 216/3/1 215/3/1
f 221/3/1 216/3/1 220/3/1
f 222/3/1 218/3/1 217/3/1
f 223/3/1 218/3/1 222/3/1
f 227/2/1 225/2/1 224/2/1
f 228/2/1 225/2/1 227/2/1
f 231/2/1 227/2/1 226/2/1
f 232/2/1 227/2/1 231/2/1
f 233/2/1 229/2/1 228/2/1
f 234/2/1 229/2/1 233/2/1
f 238/2/1 231/2/1 230/2/1
f 239/2/1 231/2/1 238/2/1
f 240/2/1 235/2/1 234/2/1
f 241/3/1 236/3/1 235/3/1
f 241/2/1 235/2/1 240/2/1
f 242/3/1 238/3/1 237/3/1
f 243/3/1 238/3/1 242/3/1
f 246/3/1 236/3/1 241/3/1
f 247/3/1 236/3/1 246/3/1
f 248/3/1 244/3/1 243/3/1
f 249/3/1 244/3/1 248/3/1
f 252/3/1 246/3/1 245/3/1
f 253/3/1 246/3/1 252/3/1
f 254/3/1 250/3/1 249/3/1
f 255/3/1 250/3/1 254/3/1
f 256/3/1 252/3/1 251/3/1
f 257/3/1 252/3/1 256/3/1
f 258/3/1 256/3/1 255/3/1
f 259/3/1 256/3/1 258/3/1
f 263/3/1 261/3/1 260/3/1
f 264/3/1 261/3/1 263/3/1
f 267/3/1 263/3/1 262/3/1
f 268/3/1 263/3/1 267/3/1
f 269/3/1 265/3/1 264/3/1
f 270/3/1 265/3/1 269/3/1
f 272/3/1 271/3/1 270/3/1
f 273/3/1 271/3/1 272/3/1
f 276/3/1 274/3/1 273/3/1
f 277/3/1 274/3/1 276/3/1
f 278/3/1 267/3/1 266/3/1
f 279/3/1 267/3/1 278/3/1
f 282/3/1 276/3/1 275/3/1
f 283/3/1 276/3/1 282/3/1
f 284/3/1 280/3/1 279/3/1
f 285/3/1 280/3/1 284/3/1
f 286/3/1 282/3/1 281/3/1
f 287/3/1 282/3/1 286/3/1
f 288/3/1 286/3/1 285/3/1
f 289/3/1 286/3/1 288/3/1
f 294/2/1 291/2/1 290/2/1
f 295/2/1 291/2/1 294/2/1
f 296/2/1 293/2/1 292/2/1
f 297/2/1 293/2/1 296/2/1
f 302/2/1 299/2/1 298/2/1
f 302/2/1 300/2/1 299/2/1
f 303/2/1 300/2/1 302/2/1
f 304/2/1 300/2/1 303/2/1
f 307/2/1 302/2/1 301/2/1
f 308/2/1 302/2/1 307/2/1
f 309/2/1 304/2/1 303/2/1
f 309/2/1 305/2/1 304/2/1
f 310/2/1 305/2/1 309/2/1
f 311/2/1 305/2/1 310/2/1
f 314/2/1 307/2/1 306/2/1
f 315/2/1 307/2/1 314/2/1
f 316/2/1 311/2/1 310/2/1
f 317/3/1 312/3/1 311/3/1
f 317/2/1 311/2/1 316/2/1
f 318/3/1 312/3/1 317/3/1
f 319/3/1 314/3/1 313/3/1
f 320/3/1 314/3/1 319/3/1
f 325/3/1 322/3/1 321/3/1
f 326/3/1 322/3/1 325/3/1
f 329/3/1 324/3/1 323/3/1
f 330/3/1 324/3/1 329/3/1
f 331/3/1 327/3/1 326/3/1
f 332/3/1 327/3/1 331/3/1
f 335/3/1 329/3/1 328/3/1
f 336/3/1 329/3/1 335/3/1
f 337/3/1 333/3/1 332/3/1
f 338/3/1 333/3/1 337/3/1
f 340/3/1 335/3/1 334/3/1
f 341/3/1 335/3/1 340/3/1
f 344/2/1 340/2/1 339/2/1
f 345/2/1 340/2/1 344/2/1
f 348/3/1 343/3/1 342/3/1
f 349/3/1 343/3/1 348/3/1
f 350/3/1 346/3/1 345/3/1
f 351/3/1 346/3/1 350/3/1
f 353/3/1 348/3/1 347/3/1
f 354/3/1 348/3/1 353/3/1
f 355/3/1 352/3/1 351/3/1
f 356/3/1 352/3/1 355/3/1
f 358/3/1 357/3/1 356/3/1
f 359/3/1 357/3/1 358/3/1
f 362/3/1 360/3/1 359/3/1
f 363/3/1 360/3/1 362/3/1
f 367/3/1 362/3/1 361/3/1
f 368/3/1 362/3/1 367/3/1
f 369/3/1 365/3/1 364/3/1
f 370/3/1 365/3/1 369/3/1
f 373/3/1 367/3/1 366/3/1
f 374/3/1 367/3/1 373/3/1
f 375/3/1 371/3/1 370/3/1
f 376/3/1 371/3/1 375/3/1
f 377/3/1 373/3/1 372/3/1
f 378/3/1 373/3/1 377/3/1
f 384/2/1 380/2/1 379/2/1
f 385/2/1 380/2/1 384/2/1
f 386/2/1 382/2/1 381/2/1
f 387/2/1 382/2/1 386/2/1
f 389/2/1 384/2/1 383/2/1
f 390/2/1 384/2/1 389/2/1
f 391/2/1 388/2/1 387/2/1
f 392/2/1 388/2/1 391/2/1
f 397/3/1 394/3/1 393/3/1
f 398/3/1 394/3/1 397/3/1
f 401/3/1 396/3/1 395/3/1
f 402/3/1 396/3/1 401/3/1
f 403/2/1 399/2/1 398/2/1
f 404/2/1 401/2/1 400/2/1
f 405/2/1 401/2/1 404/2/1
f 408/2/1 403/2/1 398/2/1
f 409/2/1 403/2/1 408/2/1
f 410/2/1 406/2/1 405/2/1
f 411/2/1 406/2/1 410/2/1
f 414/2/1 408/2/1 407/2/1
f 415/2/1 408/2/1 414/2/1
f 416/3/1 412/3/1 411/3/1
f 417/3/1 412/3/1 416/3/1
f 418/3/1 414/3/1 413/3/1
f 419/3/1 414/3/1 418/3/1
f 422/2/1 421/2/1 420/2/1
f 423/2/1 421/2/1 422/2/1
f 428/3/1 425/3/1 424/3/1
f 429/3/1 425/3/1 428/3/1
f 432/3/1 427/3/1 426/3/1
f 433/3/1 427/3/1 432/3/1
f 434/3/1 430/3/1 429/3/1
f 435/3/1 430/3/1 434/3/1
f 439/3/1 432/3/1 431/3/1
f 440/3/1 432/3/1 439/3/1
f 441/2/1 437/2/1 436/2/1
f 442/2/1 437/2/1 441/2/1
f 443/2/1 439/2/1 438/2/1
f 444/2/1 439/2/1 443/2/1
f 446/3/1 445/3/1 444/3/1
f 447/3/1 445/3/1 446/3/1
f 449/3/1 448/3/1 447/3/1
f 450/3/1 448/3/1 449/3/1
f 452/3/1 451/3/1 450/3/1
f 453/3/1 451/3/1 452/3/1
f 457/3/1 455/3/1 454/3/1
f 458/3/1 455/3/1 457/3/1
f 460/3/1 457/3/1 456/3/1
f 461/3/1 457/3/1 460/3/1
f 462/3/1 460/3/1 459/3/1
f 463/3/1 460/3/1 462/3/1
f 469/2/1 465/2/1 464/2/1
f 470/2/1 465/2/1 469/2/1
f 471/2/1 465/2/1 470/2/1
f 472/2/1 467/2/1 466/2/1
f 473/2/1 467/2/1 472/2/1
f 474/2/1 467/2/1 473/2/1
f 476/2/1 469/2/1 468/2/1
f 477/2/1 469/2/1 476/2/1
f 478/2/1 475/2/1 474/2/1
f 479/2/1 475/2/1 478/2/1
f 484/3/1 481/3/1 480/3/1
f 487/3/1 483/3/1 482/3/1
f 488/2/1 487/2/1 486/2/1
f 489/3/1 483/3/1 487/3/1
f 489/2/1 487/2/1 488/2/1
f 490/2/1 485/2/1 484/2/1
f 490/3/1 484/3/1 480/3/1
f 491/2/1 485/2/1 490/2/1
f 492/3/1 483/3/1 489/3/1
f 493/3/1 483/3/1 492/3/1
f 494/3/1 490/3/1 480/3/1
f 495/3/1 490/3/1 494/3/1
f 498/2/1 497/2/1 496/2/1
f 499/2/1 497/2/1 498/2/1
f 502/2/1 501/2/1 500/2/1
f 503/2/1 501/2/1 502/2/1
f 508/3/1 505/3/1 504/3/1
f 509/3/1 505/3/1 508/3/1
f 513/3/1 507/3/1 506/3/1
f 514/3/1 507/3/1 513/3/1
f 515/2/1 511/2/1 510/2/1
f 516/2/1 511/2/1 515/2/1
f 517/2/1 513/2/1 512/2/1
f 518/2/1 513/2/1 517/2/1
f 521/2/1 520/2/1 519/2/1
f 522/2/1 520/2/1 521/2/1
f 525/2/1 524/2/1 523/2/1
f 526/2/1 524/2/1 525/2/1
f 530/2/1 528/2/1 527/2/1
f 531/2/1 528/2/1 530/2/1
f 532/2/1 528/2/1 531/2/1
f 534/2/1 530/2/1 529/2/1
f 534/6/1 531/6/1 530/6/1
f 535/1/1 532/1/1 531/1/1
f 535/6/1 531/6/1 534/6/1
f 536/2/1 533/2/1 532/2/1
f 536/1/1 532/1/1 535/1/1
f 537/2/1 534/2/1 529/2/1
f 538/1/1 535/1/1 534/1/1
f 538/2/1 534/2/1 537/2/1
f 539/6/1 536/6/1 535/6/1
f 539/1/1 535/1/1 538/1/1
f 540/2/1 533/2/1 536/2/1
f 540/6/1 536/6/1 539/6/1
f 541/2/1 533/2/1 540/2/1
f 542/2/1 539/2/1 538/2/1
f 542/2/1 540/2/1 539/2/1
f 543/2/1 540/2/1 542/2/1
f 546/2/1 545/2/1 544/2/1
f 547/2/1 545/2/1 546/2/1
f 550/2/1 549/2/1 548/2/1
f 551/2/1 549/2/1 550/2/1
f 552/2/1 549/2/1 551/2/1
f 553/2/1 549/2/1 552/2/1
f 554/2/1 549/2/1 553/2/1
f 555/6/1 552/6/1 551/6/1
f 556/3/1 553/3/1 552/3/1
f 556/6/1 552/6/1 555/6/1
f 557/3/1 553/3/1 556/3/1
f 558/3/1 553/3/1 557/3/1
f 561/3/1 557/3/1 556/3/1
f 562/3/1 557/3/1 561/3/1
f 563/3/1 553/3/1 558/3/1
f 564/3/1 553/3/1 563/3/1
f 569/2/1 560/2/1 559/2/1
f 570/2/1 560/2/1 569/2/1
f 571/3/1 566/3/1 565/3/1
f 572/3/1 568/3/1 567/3/1
f 573/3/1 571/3/1 565/3/1
f 573/3/1 572/3/1 571/3/1
f 574/3/1 568/3/1 572/3/1
f 574/3/1 572/3/1 573/3/1
f 577/2/1 576/2/1 575/2/1
f 578/2/1 576/2/1 577/2/1
f 582/1/1 579/1/1 578/1/1
f 583/1/1 579/1/1 582/1/1
f 586/3/1 584/3/1 583/3/1
f 587/2/1 586/2/1 585/2/1
f 588/3/1 584/3/1 586/3/1
f 588/2/1 586/2/1 587/2/1
f 590/3/1 584/3/1 588/3/1
f 591/2/1 590/2/1 589/2/1
f 592/3/1 584/3/1 590/3/1
f 592/2/1 590/2/1 591/2/1
f 593/3/1 584/3/1 592/3/1
f 594/3/1 584/3/1 593/3/1
f 595/3/1 581/3/1 580/3/1
f 596/3/1 581/3/1 595/3/1
f 601/2/1 598/2/1 597/2/1
f 602/2/1 598/2/1 601/2/1
f 603/2/1 600/2/1 599/2/1
f 604/2/1 600/2/1 603/2/1
f 605/2/1 603/2/1 602/2/1
f 606/2/1 603/2/1 605/2/1
f 611/2/1 608/2/1 607/2/1
f 612/2/1 608/2/1 611/2/1
f 613/2/1 610/2/1 609/2/1
f 614/2/1 610/2/1 613/2/1
f 619/2/1 616/2/1 615/2/1
f 620/2/1 616/2/1 619/2/1
f 621/2/1 618/2/1 617/2/1
f 622/2/1 618/2/1 621/2/1
f 626/2/1 624/2/1 623/2/1
f 627/2/1 624/2/1 626/2/1
f 629/2/1 626/2/1 625/2/1
f 630/2/1 626/2/1 629/2/1
f 631/2/1 628/2/1 627/2/1
f 632/2/1 628/2/1 631/2/1
f 633/2/1 631/2/1 630/2/1
f 634/2/1 631/2/1 633/2/1
f 637/2/1 636/2/1 635/2/1
f 638/2/1 636/2/1 637/2/1
f 639/2/1 637/2/1 635/2/1
f 640/2/1 636/2/1 638/2/1
f 641/2/1 639/2/1 635/2/1
f 641/2/1 640/2/1 639/2/1
f 642/2/1 636/2/1 640/2/1
f 642/2/1 640/2/1 641/2/1
f 643/2/2 644/2/2 645/2/2
f 645/2/2 644/2/2 646/2/2
f 643/2/2 645/2/2 647/2/2
f 646/2/2 644/2/2 648/2/2
f 643/2/2 647/2/2 649/2/2
f 647/2/2 648/2/2 649/2/2
f 648/2/2 644/2/2 650/2/2
f 649/2/2 648/2/2 650/2/2
f 651/2/2 652/2/2 654/2/2
f 654/2/2 652/2/2 655/2/2
f 653/2/2 654/2/2 657/2/2
f 657/2/2 654/2/2 658/2/2
f 655/2/2 656/2/2 659/2/2
f 659/2/2 656/2/2 660/2/2
f 658/2/2 659/2/2 661/2/2
f 661/2/2 659/2/2 662/2/2
f 663/2/2 664/2/2 667/2/2
f 667/2/2 664/2/2 668/2/2
f 665/2/2 666/2/2 669/2/2
f 669/2/2 666/2/2 670/2/2
f 671/2/2 672/2/2 675/2/2
f 675/2/2 672/2/2 676/2/2
f 673/2/2 674/2/2 677/2/2
f 677/2/2 674/2/2 678/2/2
f 679/2/2 680/2/2 683/2/2
f 683/2/2 680/2/2 684/2/2
f 681/2/2 682/2/2 685/2/2
f 685/2/2 682/2/2 686/2/2
f 684/2/2 685/2/2 687/2/2
f 687/2/2 685/2/2 688/2/2
f 689/2/2 690/2/2 691/2/2
f 691/2/2 690/2/2 692/2/2
f 692/1/2 693/1/2 696/1/2
f 696/1/2 693/1/2 697/1/2
f 697/3/2 698/3/2 700/3/2
f 699/2/2 700/2/2 701/2/2
f 700/3/2 698/3/2 702/3/2
f 701/2/2 700/2/2 702/2/2
f 702/3/2 698/3/2 704/3/2
f 703/2/2 704/2/2 705/2/2
f 704/3/2 698/3/2 706/3/2
f 705/2/2 704/2/2 706/2/2
f 706/3/2 698/3/2 707/3/2
f 707/3/2 698/3/2 708/3/2
f 694/3/2 695/3/2 709/3/2
f 709/3/2 695/3/2 710/3/2
f 711/2/2 712/2/2 713/2/2
f 713/2/2 712/2/2 714/2/2
f 714/2/2 712/2/2 715/2/2
f 715/2/2 712/2/2 716/2/2
f 716/2/2 712/2/2 717/2/2
f 714/6/2 715/6/2 718/6/2
f 715/3/2 716/3/2 719/3/2
f 718/6/2 715/6/2 719/6/2
f 719/3/2 716/3/2 720/3/2
f 720/3/2 716/3/2 721/3/2
f 719/3/2 720/3/2 724/3/2
f 724/3/2 720/3/2 725/3/2
f 721/3/2 716/3/2 726/3/2
f 726/3/2 716/3/2 727/3/2
f 722/2/2 723/2/2 732/2/2
f 732/2/2 723/2/2 733/2/2
f 728/3/2 729/3/2 734/3/2
f 730/3/2 731/3/2 735/3/2
f 728/3/2 734/3/2 736/3/2
f 734/3/2 735/3/2 736/3/2
f 735/3/2 731/3/2 737/3/2
f 736/3/2 735/3/2 737/3/2
f 738/2/2 739/2/2 741/2/2
f 741/2/2 739/2/2 742/2/2
f 742/2/2 739/2/2 743/2/2
f 740/2/2 741/2/2 745/2/2
f 741/6/2 742/6/2 745/6/2
f 742/1/2 743/1/2 746/1/2
f 745/6/2 742/6/2 746/6/2
f 743/2/2 744/2/2 747/2/2
f 746/1/2 743/1/2 747/1/2
f 740/2/2 745/2/2 748/2/2
f 745/1/2 746/1/2 749/1/2
f 748/2/2 745/2/2 749/2/2
f 746/6/2 747/6/2 750/6/2
f 749/1/2 746/1/2 750/1/2
f 747/2/2 744/2/2 751/2/2
f 750/6/2 747/6/2 751/6/2
f 751/2/2 744/2/2 752/2/2
f 749/2/2 750/2/2 753/2/2
f 750/2/2 751/2/2 753/2/2
f 753/2/2 751/2/2 754/2/2
f 755/2/2 756/2/2 757/2/2
f 757/2/2 756/2/2 758/2/2
f 759/2/2 760/2/2 761/2/2
f 761/2/2 760/2/2 762/2/2
f 763/2/2 764/2/2 765/2/2
f 765/2/2 764/2/2 766/2/2
f 767/2/2 768/2/2 769/2/2
f 769/2/2 768/2/2 770/2/2
f 771/2/2 772/2/2 776/2/2
f 776/2/2 772/2/2 777/2/2
f 777/2/2 772/2/2 778/2/2
f 773/2/2 774/2/2 779/2/2
f 779/2/2 774/2/2 780/2/2
f 780/2/2 774/2/2 781/2/2
f 775/2/2 776/2/2 783/2/2
f 783/2/2 776/2/2 784/2/2
f 781/2/2 782/2/2 785/2/2
f 785/2/2 782/2/2 786/2/2
f 787/3/2 788/3/2 791/3/2
f 789/3/2 790/3/2 794/3/2
f 793/2/2 794/2/2 795/2/2
f 794/3/2 790/3/2 796/3/2
f 795/2/2 794/2/2 796/2/2
f 791/2/2 792/2/2 797/2/2
f 787/3/2 791/3/2 797/3/2
f 797/2/2 792/2/2 798/2/2
f 796/3/2 790/3/2 799/3/2
f 799/3/2 790/3/2 800/3/2
f 787/3/2 797/3/2 801/3/2
f 801/3/2 797/3/2 802/3/2
f 803/2/2 804/2/2 805/2/2
f 805/2/2 804/2/2 806/2/2
f 807/2/2 808/2/2 809/2/2
f 809/2/2 808/2/2 810/2/2
f 811/3/2 812/3/2 815/3/2
f 815/3/2 812/3/2 816/3/2
f 813/3/2 814/3/2 821/3/2
f 821/3/2 814/3/2 822/3/2
f 817/2/2 818/2/2 823/2/2
f 823/2/2 818/2/2 824/2/2
f 819/2/2 820/2/2 825/2/2
f 825/2/2 820/2/2 826/2/2
f 827/2/2 828/2/2 832/2/2
f 832/2/2 828/2/2 833/2/2
f 829/2/2 830/2/2 834/2/2
f 834/2/2 830/2/2 835/2/2
f 831/2/2 832/2/2 837/2/2
f 837/2/2 832/2/2 838/2/2
f 835/2/2 836/2/2 839/2/2
f 839/2/2 836/2/2 840/2/2
f 841/3/2 842/3/2 845/3/2
f 845/3/2 842/3/2 846/3/2
f 843/3/2 844/3/2 849/3/2
f 849/3/2 844/3/2 850/3/2
f 846/2/2 847/2/2 851/2/2
f 848/2/2 849/2/2 852/2/2
f 852/2/2 849/2/2 853/2/2
f 846/2/2 851/2/2 856/2/2
f 856/2/2 851/2/2 857/2/2
f 853/2/2 854/2/2 858/2/2
f 858/2/2 854/2/2 859/2/2
f 855/2/2 856/2/2 862/2/2
f 862/2/2 856/2/2 863/2/2
f 859/3/2 860/3/2 864/3/2
f 864/3/2 860/3/2 865/3/2
f 861/3/2 862/3/2 866/3/2
f 866/3/2 862/3/2 867/3/2
f 868/2/2 869/2/2 870/2/2
f 870/2/2 869/2/2 871/2/2
f 872/3/2 873/3/2 876/3/2
f 876/3/2 873/3/2 877/3/2
f 874/3/2 875/3/2 880/3/2
f 880/3/2 875/3/2 881/3/2
f 877/3/2 878/3/2 882/3/2
f 882/3/2 878/3/2 883/3/2
f 879/3/2 880/3/2 888/3/2
f 888/3/2 880/3/2 889/3/2
f 884/2/2 885/2/2 890/2/2
f 890/2/2 885/2/2 891/2/2
f 886/2/2 887/2/2 892/2/2
f 892/2/2 887/2/2 893/2/2
f 894/3/2 895/3/2 896/3/2
f 896/3/2 895/3/2 897/3/2
f 897/3/2 898/3/2 899/3/2
f 899/3/2 898/3/2 900/3/2
f 900/3/2 901/3/2 902/3/2
f 902/3/2 901/3/2 903/3/2
f 904/3/2 905/3/2 907/3/2
f 907/3/2 905/3/2 908/3/2
f 906/3/2 907/3/2 910/3/2
f 910/3/2 907/3/2 911/3/2
f 909/3/2 910/3/2 912/3/2
f 912/3/2 910/3/2 913/3/2
f 914/2/2 915/2/2 918/2/2
f 918/2/2 915/2/2 919/2/2
f 916/2/2 917/2/2 920/2/2
f 920/2/2 917/2/2 921/2/2
f 922/2/2 923/2/2 926/2/2
f 923/2/2 924/2/2 926/2/2
f 926/2/2 924/2/2 927/2/2
f 927/2/2 924/2/2 928/2/2
f 925/2/2 926/2/2 931/2/2
f 931/2/2 926/2/2 932/2/2
f 927/2/2 928/2/2 933/2/2
f 928/2/2 929/2/2 933/2/2
f 933/2/2 929/2/2 934/2/2
f 934/2/2 929/2/2 935/2/2
f 930/2/2 931/2/2 938/2/2
f 938/2/2 931/2/2 939/2/2
f 934/2/2 935/2/2 940/2/2
f 935/3/2 936/3/2 941/3/2
f 940/2/2 935/2/2 941/2/2
f 941/3/2 936/3/2 942/3/2
f 937/3/2 938/3/2 943/3/2
f 943/3/2 938/3/2 944/3/2
f 945/3/2 946/3/2 949/3/2
f 949/3/2 946/3/2 950/3/2
f 947/3/2 948/3/2 953/3/2
f 953/3/2 948/3/2 954/3/2
f 950/3/2 951/3/2 955/3/2
f 955/3/2 951/3/2 956/3/2
f 952/3/2 953/3/2 959/3/2
f 959/3/2 953/3/2 960/3/2
f 956/3/2 957/3/2 961/3/2
f 961/3/2 957/3/2 962/3/2
f 958/3/2 959/3/2 965/3/2
f 965/3/2 959/3/2 966/3/2
f 963/2/2 964/2/2 969/2/2
f 969/2/2 964/2/2 970/2/2
f 967/3/2 968/3/2 974/3/2
f 974/3/2 968/3/2 975/3/2
f 971/3/2 972/3/2 976/3/2
f 976/3/2 972/3/2 977/3/2
f 973/3/2 974/3/2 979/3/2
f 979/3/2 974/3/2 980/3/2
f 977/3/2 978/3/2 981/3/2
f 981/3/2 978/3/2 982/3/2
f 982/3/2 983/3/2 984/3/2
f 984/3/2 983/3/2 985/3/2
f 985/3/2 986/3/2 988/3/2
f 988/3/2 986/3/2 989/3/2
f 987/3/2 988/3/2 993/3/2
f 993/3/2 988/3/2 994/3/2
f 990/3/2 991/3/2 995/3/2
f 995/3/2 991/3/2 996/3/2
f 992/3/2 993/3/2 999/3/2
f 999/3/2 993/3/2 1000/3/2
f 996/3/2 997/3/2 1001/3/2
f 1001/3/2 997/3/2 1002/3/2
f 998/3/2 999/3/2 1003/3/2
f 1003/3/2 999/3/2 1004/3/2
f 1005/2/2 1006/2/2 1009/2/2
f 1009/2/2 1006/2/2 1010/2/2
f 1007/2/2 1008/2/2 1013/2/2
f 1013/2/2 1008/2/2 1014/2/2
f 1010/3/2 1011/3/2 1015/3/2
f 1015/3/2 1011/3/2 1016/3/2
f 1012/3/2 1013/3/2 1019/3/2
f 1019/3/2 1013/3/2 1020/3/2
f 1016/3/2 1017/3/2 1021/3/2
f 1021/3/2 1017/3/2 1022/3/2
f 1018/3/2 1019/3/2 1023/3/2
f 1023/3/2 1019/3/2 1024/3/2
f 1025/2/2 1026/2/2 1028/2/2
f 1028/2/2 1026/2/2 1029/2/2
f 1027/2/2 1028/2/2 1032/2/2
f 1032/2/2 1028/2/2 1033/2/2
f 1029/2/2 1030/2/2 1034/2/2
f 1034/2/2 1030/2/2 1035/2/2
f 1031/2/2 1032/2/2 1039/2/2
f 1039/2/2 1032/2/2 1040/2/2
f 1035/2/2 1036/2/2 1041/2/2
f 1036/3/2 1037/3/2 1042/3/2
f 1041/2/2 1036/2/2 1042/2/2
f 1038/3/2 1039/3/2 1043/3/2
f 1043/3/2 1039/3/2 1044/3/2
f 1042/3/2 1037/3/2 1047/3/2
f 1047/3/2 1037/3/2 1048/3/2
f 1044/3/2 1045/3/2 1049/3/2
f 1049/3/2 1045/3/2 1050/3/2
f 1046/3/2 1047/3/2 1053/3/2
f 1053/3/2 1047/3/2 1054/3/2
f 1050/3/2 1051/3/2 1055/3/2
f 1055/3/2 1051/3/2 1056/3/2
f 1052/3/2 1053/3/2 1057/3/2
f 1057/3/2 1053/3/2 1058/3/2
f 1056/3/2 1057/3/2 1059/3/2
f 1059/3/2 1057/3/2 1060/3/2
f 1061/3/2 1062/3/2 1064/3/2
f 1064/3/2 1062/3/2 1065/3/2
f 1063/3/2 1064/3/2 1068/3/2
f 1068/3/2 1064/3/2 1069/3/2
f 1065/3/2 1066/3/2 1070/3/2
f 1070/3/2 1066/3/2 1071/3/2
f 1071/3/2 1072/3/2 1073/3/2
f 1073/3/2 1072/3/2 1074/3/2
f 1074/3/2 1075/3/2 1077/3/2
f 1077/3/2 1075/3/2 1078/3/2
f 1067/3/2 1068/3/2 1079/3/2
f 1079/3/2 1068/3/2 1080/3/2
f 1076/3/2 1077/3/2 1083/3/2
f 1083/3/2 1077/3/2 1084/3/2
f 1080/3/2 1081/3/2 1085/3/2
f 1085/3/2 1081/3/2 1086/3/2
f 1082/3/2 1083/3/2 1087/3/2
f 1087/3/2 1083/3/2 1088/3/2
f 1086/3/2 1087/3/2 1089/3/2
f 1089/3/2 1087/3/2 1090/3/2
f 1091/2/2 1092/2/2 1093/2/2
f 1093/2/2 1092/2/2 1094/2/2
f 1094/1/2 1095/1/2 1098/1/2
f 1098/1/2 1095/1/2 1099/1/2
f 1099/3/2 1100/3/2 1102/3/2
f 1101/2/2 1102/2/2 1103/2/2
f 1102/3/2 1100/3/2 1104/3/2
f 1103/2/2 1102/2/2 1104/2/2
f 1104/3/2 1100/3/2 1106/3/2
f 1105/2/2 1106/2/2 1107/2/2
f 1106/3/2 1100/3/2 1108/3/2
f 1107/2/2 1106/2/2 1108/2/2
f 1108/3/2 1100/3/2 1109/3/2
f 1109/3/2 1100/3/2 1110/3/2
f 1096/3/2 1097/3/2 1111/3/2
f 1111/3/2 1097/3/2 1112/3/2
f 1109/2/2 1110/2/2 1113/2/2
f 1113/2/2 1110/2/2 1114/2/2
f 1111/2/2 1112/2/2 1115/2/2
f 1115/2/2 1112/2/2 1116/2/2
f 1117/3/2 1118/3/2 1120/3/2
f 1120/3/2 1118/3/2 1121/3/2
f 1119/3/2 1120/3/2 1124/3/2
f 1121/3/2 1122/3/2 1124/3/2
f 1120/3/2 1121/3/2 1124/3/2
f 1124/3/2 1122/3/2 1125/3/2
f 1124/3/2 1125/3/2 1127/3/2
f 1125/3/2 1126/3/2 1127/3/2
f 1123/3/2 1124/3/2 1127/3/2
f 1127/3/2 1126/3/2 1128/3/2
f 1123/3/2 1127/3/2 1129/3/2
f 1129/3/2 1127/3/2 1130/3/2
f 1128/3/2 1126/3/2 1131/3/2
f 1131/3/2 1126/3/2 1132/3/2
f 1123/3/2 1129/3/2 1133/3/2
f 1133/3/2 1129/3/2 1134/3/2
f 1132/3/2 1126/3/2 1135/3/2
f 1135/3/2 1126/3/2 1136/3/2
f 1137/3/2 1138/3/2 1140/3/2
f 1140/3/2 1138/3/2 1141/3/2
f 1139/3/2 1140/3/2 1143/3/2
f 1141/3/2 1142/3/2 1143/3/2
f 1140/3/2 1141/3/2 1143/3/2
f 1139/3/2 1143/3/2 1145/3/2
f 1143/3/2 1144/3/2 1145/3/2
f 1145/3/2 1144/3/2 1146/3/2
f 1139/3/2 1145/3/2 1147/3/2
f 1147/3/2 1145/3/2 1148/3/2
f 1148/3/2 1145/3/2 1149/3/2
f 1149/3/2 1145/3/2 1150/3/2
f 1148/3/2 1149/3/2 1151/3/2
f 1151/3/2 1149/3/2 1152/3/2
f 1153/2/2 1154/2/2 1155/2/2
f 1155/2/2 1154/2/2 1156/2/2
f 1156/2/2 1154/2/2 1157/2/2
f 1157/2/2 1154/2/2 1158/2/2
f 1158/2/2 1154/2/2 1159/2/2
f 1156/6/2 1157/6/2 1160/6/2
f 1157/3/2 1158/3/2 1161/3/2
f 1160/6/2 1157/6/2 1161/6/2
f 1161/3/2 1158/3/2 1162/3/2
f 1162/3/2 1158/3/2 1163/3/2
f 1161/3/2 1162/3/2 1166/3/2
f 1166/3/2 1162/3/2 1167/3/2
f 1163/3/2 1158/3/2 1168/3/2
f 1168/3/2 1158/3/2 1169/3/2
f 1164/2/2 1165/2/2 1174/2/2
f 1174/2/2 1165/2/2 1175/2/2
f 1170/3/2 1171/3/2 1176/3/2
f 1172/3/2 1173/3/2 1177/3/2
f 1170/3/2 1176/3/2 1178/3/2
f 1176/3/2 1177/3/2 1178/3/2
f 1177/3/2 1173/3/2 1179/3/2
f 1178/3/2 1177/3/2 1179/3/2
f 1170/3/2 1178/3/2 1180/3/2
f 1180/3/2 1178/3/2 1181/3/2
f 1179/3/2 1173/3/2 1182/3/2
f 1182/3/2 1173/3/2 1183/3/2
f 1184/2/2 1185/2/2 1188/2/2
f 1188/2/2 1185/2/2 1189/2/2
f 1186/2/2 1187/2/2 1190/2/2
f 1190/2/2 1187/2/2 1191/2/2
f 1189/3/2 1190/3/2 1192/3/2
f 1192/3/2 1190/3/2 1193/3/2
f 1194/2/2 1195/2/2 1197/2/2
f 1197/2/2 1195/2/2 1198/2/2
f 1198/2/2 1195/2/2 1199/2/2
f 1196/2/2 1197/2/2 1201/2/2
f 1197/6/2 1198/6/2 1201/6/2
f 1198/1/2 1199/1/2 1202/1/2
f 1201/6/2 1198/6/2 1202/6/2
f 1199/2/2 1200/2/2 1203/2/2
f 1202/1/2 1199/1/2 1203/1/2
f 1196/2/2 1201/2/2 1204/2/2
f 1201/1/2 1202/1/2 1205/1/2
f 1204/2/2 1201/2/2 1205/2/2
f 1202/6/2 1203/6/2 1206/6/2
f 1205/1/2 1202/1/2 1206/1/2
f 1203/2/2 1200/2/2 1207/2/2
f 1206/6/2 1203/6/2 1207/6/2
f 1207/2/2 1200/2/2 1208/2/2
f 1205/2/2 1206/2/2 1209/2/2
f 1206/2/2 1207/2/2 1209/2/2
f 1209/2/2 1207/2/2 1210/2/2
f 1211/2/2 1212/2/2 1214/2/2
f 1214/2/2 1212/2/2 1215/2/2
f 1215/2/2 1212/2/2 1216/2/2
f 1213/2/2 1214/2/2 1218/2/2
f 1214/1/2 1215/1/2 1218/1/2
f 1215/6/2 1216/6/2 1219/6/2
f 1218/1/2 1215/1/2 1219/1/2
f 1216/2/2 1217/2/2 1220/2/2
f 1219/6/2 1216/6/2 1220/6/2
f 1213/2/2 1218/2/2 1221/2/2
f 1218/6/2 1219/6/2 1222/6/2
f 1221/2/2 1218/2/2 1222/2/2
f 1219/1/2 1220/1/2 1223/1/2
f 1222/6/2 1219/6/2 1223/6/2
f 1220/2/2 1217/2/2 1224/2/2
f 1223/1/2 1220/1/2 1224/1/2
f 1224/2/2 1217/2/2 1225/2/2
f 1222/2/2 1223/2/2 1226/2/2
f 1223/2/2 1224/2/2 1226/2/2
f 1226/2/2 1224/2/2 1227/2/2
f 1228/2/2 1229/2/2 1232/2/2
f 1232/2/2 1229/2/2 1233/2/2
f 1230/2/2 1231/2/2 1234/2/2
f 1234/2/2 1231/2/2 1235/2/2
f 1236/2/2 1237/2/2 1240/2/2
f 1240/2/2 1237/2/2 1241/2/2
f 1238/2/2 1239/2/2 1242/2/2
f 1242/2/2 1239/2/2 1243/2/2
f 1244/2/2 1245/2/2 1247/2/2
f 1247/2/2 1245/2/2 1248/2/2
f 1246/2/2 1247/2/2 1250/2/2
f 1250/2/2 1247/2/2 1251/2/2
f 1248/2/2 1249/2/2 1252/2/2
f 1252/2/2 1249/2/2 1253/2/2
f 1251/2/2 1252/2/2 1254/2/2
f 1254/2/2 1252/2/2 1255/2/2
f 1256/2/2 1257/2/2 1259/2/2
f 1259/2/2 1257/2/2 1260/2/2
f 1258/2/2 1259/2/2 1262/2/2
f 1262/2/2 1259/2/2 1263/2/2
f 1260/2/2 1261/2/2 1264/2/2
f 1264/2/2 1261/2/2 1265/2/2
f 1263/2/2 1264/2/2 1266/2/2
f 1266/2/2 1264/2/2 1267/2/2
f 1268/2/2 1269/2/2 1270/2/2
f 1270/2/2 1269/2/2 1271/2/2
f 1271/2/2 1269/2/2 1272/2/2
f 1272/2/2 1269/2/2 1273/2/2
f 1274/2/2 1275/2/2 1276/2/2
f 1273/2/2 1269/2/2 1277/2/2
f 1274/2/2 1276/2/2 1278/2/2
f 1276/2/2 1277/2/2 1278/2/2
f 1277/2/2 1269/2/2 1279/2/2
f 1278/2/2 1277/2/2 1279/2/2
f 1280/3/2 1281/3/2 1282/3/2
f 1282/3/2 1281/3/2 1283/3/2
f 1280/3/2 1282/3/2 1284/3/2
f 1284/3/2 1282/3/2 1285/3/2
f 1286/6/2 1287/6/2 1288/6/2
f 1288/6/2 1287/6/2 1289/6/2
f 1290/2/2 1291/2/2 1292/2/2
f 1292/2/2 1291/2/2 1293/2/2
f 1297/2/3 1295/2/3 1294/2/3
f 1298/2/3 1295/2/3 1297/2/3
f 1299/2/3 1295/2/3 1298/2/3
f 1300/2/3 1295/2/3 1299/2/3
f 1301/2/3 1295/2/3 1300/2/3
f 1304/2/3 1297/2/3 1296/2/3
f 1305/6/3 1298/6/3 1297/6/3
f 1305/2/3 1297/2/3 1304/2/3
f 1306/1/3 1299/1/3 1298/1/3
f 1306/6/3 1298/6/3 1305/6/3
f 1307/5/3 1300/5/3 1299/5/3
f 1307/1/3 1299/1/3 1306/1/3
f 1308/6/3 1301/6/3 1300/6/3
f 1308/5/3 1300/5/3 1307/5/3
f 1309/2/3 1302/2/3 1301/2/3
f 1309/6/3 1301/6/3 1308/6/3
f 1310/2/3 1302/2/3 1309/2/3
f 1312/2/3 1304/2/3 1303/2/3
f 1313/6/3 1305/6/3 1304/6/3
f 1313/2/3 1304/2/3 1312/2/3
f 1314/1/3 1306/1/3 1305/1/3
f 1314/6/3 1305/6/3 1313/6/3
f 1315/5/3 1307/5/3 1306/5/3
f 1315/1/3 1306/1/3 1314/1/3
f 1316/1/3 1308/1/3 1307/1/3
f 1316/5/3 1307/5/3 1315/5/3
f 1317/5/3 1309/5/3 1308/5/3
f 1317/1/3 1308/1/3 1316/1/3
f 1318/1/3 1310/1/3 1309/1/3
f 1318/5/3 1309/5/3 1317/5/3
f 1319/2/3 1311/2/3 1310/2/3
f 1319/1/3 1310/1/3 1318/1/3
f 1320/2/3 1311/2/3 1319/2/3
f 1321/2/3 1314/2/3 1313/2/3
f 1322/6/3 1315/6/3 1314/6/3
f 1322/2/3 1314/2/3 1321/2/3
f 1323/1/3 1316/1/3 1315/1/3
f 1323/6/3 1315/6/3 1322/6/3
f 1324/5/3 1317/5/3 1316/5/3
f 1324/1/3 1316/1/3 1323/1/3
f 1325/6/3 1318/6/3 1317/6/3
f 1325/5/3 1317/5/3 1324/5/3
f 1326/2/3 1319/2/3 1318/2/3
f 1326/6/3 1318/6/3 1325/6/3
f 1327/2/3 1319/2/3 1326/2/3
f 1328/2/3 1324/2/3 1323/2/3
f 1328/2/3 1325/2/3 1324/2/3
f 1328/2/3 1326/2/3 1325/2/3
f 1328/2/3 1323/2/3 1322/2/3
f 1329/2/3 1326/2/3 1328/2/3
f 1337/3/3 1333/3/3 1332/3/3
f 1338/3/3 1333/3/3 1337/3/3
f 1341/3/3 1335/3/3 1334/3/3
f 1342/3/3 1335/3/3 1341/3/3
f 1344/2/3 1331/2/3 1330/2/3
f 1345/2/3 1331/2/3 1344/2/3
f 1349/3/3 1339/3/3 1338/3/3
f 1349/3/3 1337/3/3 1336/3/3
f 1349/3/3 1338/3/3 1337/3/3
f 1350/3/3 1339/3/3 1349/3/3
f 1351/3/3 1339/3/3 1350/3/3
f 1352/3/3 1339/3/3 1351/3/3
f 1354/4/3 1342/4/3 1341/4/3
f 1355/4/3 1342/4/3 1354/4/3
f 1356/4/3 1342/4/3 1355/4/3
f 1358/2/3 1347/2/3 1346/2/3
f 1359/2/3 1347/2/3 1358/2/3
f 1360/3/3 1349/3/3 1348/3/3
f 1360/3/3 1350/3/3 1349/3/3
f 1361/3/3 1350/3/3 1360/3/3
f 1362/3/3 1350/3/3 1361/3/3
f 1363/3/3 1353/3/3 1352/3/3
f 1363/3/3 1352/3/3 1351/3/3
f 1364/3/3 1353/3/3 1363/3/3
f 1365/3/3 1353/3/3 1364/3/3
f 1367/1/3 1355/1/3 1354/1/3
f 1367/3/3 1356/3/3 1355/3/3
f 1368/4/3 1342/4/3 1356/4/3
f 1368/3/3 1356/3/3 1367/3/3
f 1369/2/3 1358/2/3 1357/2/3
f 1370/3/3 1359/3/3 1358/3/3
f 1370/2/3 1358/2/3 1369/2/3
f 1370/3/3 1361/3/3 1360/3/3
f 1370/3/3 1360/3/3 1359/3/3
f 1371/3/3 1361/3/3 1370/3/3
f 1372/3/3 1361/3/3 1371/3/3
f 1373/3/3 1366/3/3 1365/3/3
f 1373/3/3 1365/3/3 1364/3/3
f 1374/3/3 1366/3/3 1373/3/3
f 1375/1/3 1367/1/3 1354/1/3
f 1375/1/3 1368/1/3 1367/1/3
f 1375/4/3 1354/4/3 1341/4/3
f 1376/4/3 1342/4/3 1368/4/3
f 1376/1/3 1368/1/3 1375/1/3
f 1377/3/3 1371/3/3 1370/3/3
f 1377/3/3 1370/3/3 1369/3/3
f 1378/3/3 1371/3/3 1377/3/3
f 1379/3/3 1371/3/3 1378/3/3
f 1382/3/3 1366/3/3 1374/3/3
f 1383/4/3 1375/4/3 1341/4/3
f 1383/4/3 1376/4/3 1375/4/3
f 1384/4/3 1376/4/3 1383/4/3
f 1385/4/3 1342/4/3 1376/4/3
f 1385/4/3 1376/4/3 1384/4/3
f 1386/2/3 1378/2/3 1377/2/3
f 1387/3/3 1380/3/3 1379/3/3
f 1387/2/3 1378/2/3 1386/2/3
f 1387/3/3 1379/3/3 1378/3/3
f 1388/3/3 1380/3/3 1387/3/3
f 1389/3/3 1380/3/3 1388/3/3
f 1390/3/3 1380/3/3 1389/3/3
f 1393/3/3 1382/3/3 1381/3/3
f 1394/3/3 1366/3/3 1382/3/3
f 1394/3/3 1382/3/3 1393/3/3
f 1395/3/3 1366/3/3 1394/3/3
f 1396/1/3 1384/1/3 1383/1/3
f 1396/3/3 1385/3/3 1384/3/3
f 1397/4/3 1342/4/3 1385/4/3
f 1397/3/3 1385/3/3 1396/3/3
f 1400/2/3 1388/2/3 1387/2/3
f 1401/2/3 1388/2/3 1400/2/3
f 1402/3/3 1391/3/3 1390/3/3
f 1402/3/3 1390/3/3 1389/3/3
f 1403/3/3 1391/3/3 1402/3/3
f 1404/3/3 1391/3/3 1403/3/3
f 1405/3/3 1393/3/3 1392/3/3
f 1405/3/3 1394/3/3 1393/3/3
f 1406/3/3 1394/3/3 1405/3/3
f 1407/3/3 1394/3/3 1406/3/3
f 1408/1/3 1396/1/3 1383/1/3
f 1408/4/3 1383/4/3 1341/4/3
f 1408/1/3 1397/1/3 1396/1/3
f 1409/4/3 1342/4/3 1397/4/3
f 1409/1/3 1397/1/3 1408/1/3
f 1410/3/3 1404/3/3 1403/3/3
f 1410/3/3 1406/3/3 1405/3/3
f 1410/3/3 1405/3/3 1404/3/3
f 1411/3/3 1406/3/3 1410/3/3
f 1412/3/3 1406/3/3 1411/3/3
f 1413/3/3 1406/3/3 1412/3/3
f 1414/3/3 1341/3/3 1340/3/3
f 1415/4/3 1408/4/3 1341/4/3
f 1415/3/3 1341/3/3 1414/3/3
f 1415/4/3 1409/4/3 1408/4/3
f 1416/3/3 1343/3/3 1342/3/3
f 1416/4/3 1409/4/3 1415/4/3
f 1416/4/3 1342/4/3 1409/4/3
f 1417/3/3 1343/3/3 1416/3/3
f 1418/3/3 1412/3/3 1411/3/3
f 1419/3/3 1412/3/3 1418/3/3
f 1420/3/3 1416/3/3 1415/3/3
f 1421/3/3 1416/3/3 1420/3/3
f 1422/2/3 1399/2/3 1398/2/3
f 1423/2/3 1399/2/3 1422/2/3
f 1428/2/3 1425/2/3 1424/2/3
f 1429/2/3 1425/2/3 1428/2/3
f 1432/2/3 1427/2/3 1426/2/3
f 1433/2/3 1427/2/3 1432/2/3
f 1434/2/3 1427/2/3 1433/2/3
f 1435/2/3 1427/2/3 1434/2/3
f 1441/2/3 1432/2/3 1431/2/3
f 1441/6/3 1433/6/3 1432/6/3
f 1442/1/3 1434/1/3 1433/1/3
f 1442/6/3 1433/6/3 1441/6/3
f 1443/6/3 1435/6/3 1434/6/3
f 1443/1/3 1434/1/3 1442/1/3
f 1444/2/3 1436/2/3 1435/2/3
f 1444/6/3 1435/6/3 1443/6/3
f 1448/3/3 1438/3/3 1437/3/3
f 1449/3/3 1438/3/3 1448/3/3
f 1452/3/3 1440/3/3 1439/3/3
f 1453/3/3 1440/3/3 1452/3/3
f 1455/1/3 1443/1/3 1442/1/3
f 1455/2/3 1441/2/3 1431/2/3
f 1455/1/3 1442/1/3 1441/1/3
f 1455/1/3 1444/1/3 1443/1/3
f 1456/1/3 1444/1/3 1455/1/3
f 1457/1/3 1444/1/3 1456/1/3
f 1458/2/3 1436/2/3 1444/2/3
f 1458/1/3 1444/1/3 1457/1/3
f 1460/2/3 1446/2/3 1445/2/3
f 1461/2/3 1446/2/3 1460/2/3
f 1463/2/3 1448/2/3 1447/2/3
f 1464/2/3 1448/2/3 1463/2/3
f 1465/3/3 1450/3/3 1449/3/3
f 1466/3/3 1450/3/3 1465/3/3
f 1469/3/3 1452/3/3 1451/3/3
f 1470/3/3 1452/3/3 1469/3/3
f 1471/3/3 1454/3/3 1453/3/3
f 1472/3/3 1454/3/3 1471/3/3
f 1475/1/3 1430/1/3 1429/1/3
f 1476/1/3 1430/1/3 1475/1/3
f 1477/2/3 1455/2/3 1431/2/3
f 1478/6/3 1456/6/3 1455/6/3
f 1478/2/3 1455/2/3 1477/2/3
f 1479/1/3 1457/1/3 1456/1/3
f 1479/6/3 1456/6/3 1478/6/3
f 1480/6/3 1458/6/3 1457/6/3
f 1480/1/3 1457/1/3 1479/1/3
f 1481/2/3 1436/2/3 1458/2/3
f 1481/6/3 1458/6/3 1480/6/3
f 1482/2/3 1436/2/3 1481/2/3
f 1484/2/3 1460/2/3 1459/2/3
f 1485/3/3 1461/3/3 1460/3/3
f 1485/2/3 1460/2/3 1484/2/3
f 1486/3/3 1461/3/3 1485/3/3
f 1489/2/3 1463/2/3 1462/2/3
f 1490/2/3 1463/2/3 1489/2/3
f 1491/3/3 1467/3/3 1466/3/3
f 1492/3/3 1467/3/3 1491/3/3
f 1494/2/3 1475/2/3 1474/2/3
f 1495/2/3 1475/2/3 1494/2/3
f 1496/2/3 1480/2/3 1479/2/3
f 1496/2/3 1479/2/3 1478/2/3
f 1496/2/3 1481/2/3 1480/2/3
f 1497/2/3 1481/2/3 1496/2/3
f 1499/2/3 1484/2/3 1483/2/3
f 1500/2/3 1484/2/3 1499/2/3
f 1501/3/3 1487/3/3 1486/3/3
f 1501/3/3 1486/3/3 1485/3/3
f 1502/3/3 1487/3/3 1501/3/3
f 1503/2/3 1489/2/3 1488/2/3
f 1504/2/3 1489/2/3 1503/2/3
f 1505/3/3 1493/3/3 1492/3/3
f 1506/3/3 1493/3/3 1505/3/3
f 1507/2/3 1499/2/3 1498/2/3
f 1508/2/3 1499/2/3 1507/2/3
f 1509/3/3 1508/3/3 1507/3/3
f 1510/3/3 1508/3/3 1509/3/3
f 1515/2/3 1510/2/3 1509/2/3
f 1516/2/3 1510/2/3 1515/2/3
f 1524/2/3 1512/2/3 1511/2/3
f 1525/2/3 1512/2/3 1524/2/3
f 1528/2/3 1514/2/3 1513/2/3
f 1529/2/3 1514/2/3 1528/2/3
f 1530/2/3 1514/2/3 1529/2/3
f 1531/2/3 1514/2/3 1530/2/3
f 1533/2/3 1517/2/3 1516/2/3
f 1534/2/3 1517/2/3 1533/2/3
f 1535/3/3 1519/3/3 1518/3/3
f 1536/3/3 1519/3/3 1535/3/3
f 1537/3/3 1519/3/3 1536/3/3
f 1538/2/3 1521/2/3 1520/2/3
f 1539/2/3 1521/2/3 1538/2/3
f 1542/3/3 1523/3/3 1522/3/3
f 1543/3/3 1523/3/3 1542/3/3
f 1544/2/3 1528/2/3 1527/2/3
f 1544/6/3 1529/6/3 1528/6/3
f 1545/1/3 1530/1/3 1529/1/3
f 1545/6/3 1529/6/3 1544/6/3
f 1546/6/3 1531/6/3 1530/6/3
f 1546/1/3 1530/1/3 1545/1/3
f 1547/2/3 1532/2/3 1531/2/3
f 1547/6/3 1531/6/3 1546/6/3
f 1548/2/3 1535/2/3 1534/2/3
f 1549/3/3 1536/3/3 1535/3/3
f 1549/2/3 1535/2/3 1548/2/3
f 1550/3/3 1536/3/3 1549/3/3
f 1551/2/3 1540/2/3 1539/2/3
f 1552/2/3 1540/2/3 1551/2/3
f 1555/3/3 1542/3/3 1541/3/3
f 1556/3/3 1542/3/3 1555/3/3
f 1557/3/3 1469/3/3 1468/3/3
f 1558/3/3 1469/3/3 1557/3/3
f 1561/3/3 1473/3/3 1472/3/3
f 1562/3/3 1473/3/3 1561/3/3
f 1563/1/3 1546/1/3 1545/1/3
f 1563/2/3 1544/2/3 1527/2/3
f 1563/1/3 1545/1/3 1544/1/3
f 1563/1/3 1547/1/3 1546/1/3
f 1564/1/3 1547/1/3 1563/1/3
f 1565/1/3 1547/1/3 1564/1/3
f 1566/2/3 1532/2/3 1547/2/3
f 1566/1/3 1547/1/3 1565/1/3
f 1567/2/3 1550/2/3 1549/2/3
f 1568/2/3 1550/2/3 1567/2/3
f 1569/2/3 1553/2/3 1552/2/3
f 1570/2/3 1553/2/3 1569/2/3
f 1571/3/3 1555/3/3 1554/3/3
f 1572/3/3 1555/3/3 1571/3/3
f 1573/3/3 1559/3/3 1558/3/3
f 1574/3/3 1559/3/3 1573/3/3
f 1575/3/3 1561/3/3 1560/3/3
f 1576/3/3 1561/3/3 1575/3/3
f 1578/1/3 1526/1/3 1525/1/3
f 1579/1/3 1526/1/3 1578/1/3
f 1580/2/3 1563/2/3 1527/2/3
f 1581/6/3 1564/6/3 1563/6/3
f 1581/2/3 1563/2/3 1580/2/3
f 1582/1/3 1565/1/3 1564/1/3
f 1582/6/3 1564/6/3 1581/6/3
f 1583/6/3 1566/6/3 1565/6/3
f 1583/1/3 1565/1/3 1582/1/3
f 1584/2/3 1532/2/3 1566/2/3
f 1584/6/3 1566/6/3 1583/6/3
f 1585/2/3 1532/2/3 1584/2/3
f 1586/3/3 1571/3/3 1570/3/3
f 1587/3/3 1571/3/3 1586/3/3
f 1588/3/3 1575/3/3 1574/3/3
f 1589/3/3 1575/3/3 1588/3/3
f 1590/2/3 1578/2/3 1577/2/3
f 1591/2/3 1578/2/3 1590/2/3
f 1592/2/3 1583/2/3 1582/2/3
f 1592/2/3 1584/2/3 1583/2/3
f 1592/2/3 1582/2/3 1581/2/3
f 1593/2/3 1584/2/3 1592/2/3
f 1597/3/3 1595/3/3 1594/3/3
f 1598/3/3 1595/3/3 1597/3/3
f 1600/2/3 1597/2/3 1596/2/3
f 1600/2/3 1599/2/3 1598/2/3
f 1600/2/3 1598/2/3 1597/2/3
f 1601/2/3 1599/2/3 1600/2/3
f 1604/2/3 1603/2/3 1602/2/3
f 1605/2/3 1603/2/3 1604/2/3
f 1609/2/3 1607/2/3 1606/2/3
f 1610/2/3 1607/2/3 1609/2/3
f 1611/2/3 1607/2/3 1610/2/3
f 1612/2/3 1607/2/3 1611/2/3
f 1614/2/3 1609/2/3 1608/2/3
f 1614/6/3 1610/6/3 1609/6/3
f 1615/1/3 1611/1/3 1610/1/3
f 1615/6/3 1610/6/3 1614/6/3
f 1616/6/3 1612/6/3 1611/6/3
f 1616/1/3 1611/1/3 1615/1/3
f 1617/2/3 1613/2/3 1612/2/3
f 1617/6/3 1612/6/3 1616/6/3
f 1618/1/3 1615/1/3 1614/1/3
f 1618/2/3 1614/2/3 1608/2/3
f 1619/5/3 1616/5/3 1615/5/3
f 1619/1/3 1615/1/3 1618/1/3
f 1620/1/3 1617/1/3 1616/1/3
f 1620/5/3 1616/5/3 1619/5/3
f 1621/2/3 1613/2/3 1617/2/3
f 1621/1/3 1617/1/3 1620/1/3
f 1624/2/3 1618/2/3 1608/2/3
f 1625/6/3 1619/6/3 1618/6/3
f 1625/2/3 1618/2/3 1624/2/3
f 1626/1/3 1620/1/3 1619/1/3
f 1626/6/3 1619/6/3 1625/6/3
f 1627/6/3 1621/6/3 1620/6/3
f 1627/1/3 1620/1/3 1626/1/3
f 1628/2/3 1613/2/3 1621/2/3
f 1628/6/3 1621/6/3 1627/6/3
f 1629/2/3 1613/2/3 1628/2/3
f 1630/6/3 1623/6/3 1622/6/3
f 1631/6/3 1623/6/3 1630/6/3
f 1638/2/3 1628/2/3 1627/2/3
f 1638/2/3 1626/2/3 1625/2/3
f 1638/2/3 1627/2/3 1626/2/3
f 1639/2/3 1628/2/3 1638/2/3
f 1640/2/3 1628/2/3 1639/2/3
f 1641/2/3 1628/2/3 1640/2/3
f 1646/2/3 1635/2/3 1634/2/3
f 1646/3/3 1634/3/3 1633/3/3
f 1647/2/3 1635/2/3 1646/2/3
f 1650/3/3 1637/3/3 1636/3/3
f 1651/3/3 1637/3/3 1650/3/3
f 1652/3/3 1640/3/3 1639/3/3
f 1653/3/3 1640/3/3 1652/3/3
f 1656/3/3 1643/3/3 1642/3/3
f 1657/3/3 1643/3/3 1656/3/3
f 1658/3/3 1645/3/3 1644/3/3
f 1659/3/3 1645/3/3 1658/3/3
f 1661/3/3 1646/3/3 1633/3/3
f 1662/3/3 1646/3/3 1661/3/3
f 1663/3/3 1648/3/3 1647/3/3
f 1665/2/3 1650/2/3 1649/2/3
f 1666/2/3 1650/2/3 1665/2/3
f 1667/3/3 1654/3/3 1653/3/3
f 1668/3/3 1654/3/3 1667/3/3
f 1670/3/3 1656/3/3 1655/3/3
f 1671/3/3 1656/3/3 1670/3/3
f 1672/3/3 1660/3/3 1659/3/3
f 1673/3/3 1660/3/3 1672/3/3
f 1675/3/3 1632/3/3 1631/3/3
f 1676/3/3 1632/3/3 1675/3/3
f 1677/3/3 1661/3/3 1633/3/3
f 1678/3/3 1661/3/3 1677/3/3
f 1679/3/3 1661/3/3 1678/3/3
f 1680/3/3 1648/3/3 1663/3/3
f 1681/3/3 1648/3/3 1680/3/3
f 1682/2/3 1665/2/3 1664/2/3
f 1683/2/3 1665/2/3 1682/2/3
f 1684/3/3 1669/3/3 1668/3/3
f 1685/3/3 1669/3/3 1684/3/3
f 1686/6/3 1675/6/3 1674/6/3
f 1687/6/3 1675/6/3 1686/6/3
f 1688/2/3 1682/2/3 1681/2/3
f 1689/2/3 1682/2/3 1688/2/3
f 1696/2/3 1691/2/3 1690/2/3
f 1697/2/3 1691/2/3 1696/2/3
f 1698/6/3 1693/6/3 1692/6/3
f 1699/6/3 1693/6/3 1698/6/3
f 1705/2/3 1695/2/3 1694/2/3
f 1706/2/3 1695/2/3 1705/2/3
f 1710/3/3 1703/3/3 1702/3/3
f 1710/3/3 1702/3/3 1701/3/3
f 1712/3/3 1705/3/3 1704/3/3
f 1713/2/3 1707/2/3 1706/2/3
f 1714/2/3 1707/2/3 1713/2/3
f 1717/3/3 1709/3/3 1708/3/3
f 1718/3/3 1709/3/3 1717/3/3
f 1723/3/3 1711/3/3 1710/3/3
f 1724/3/3 1705/3/3 1712/3/3
f 1725/3/3 1705/3/3 1724/3/3
f 1726/2/3 1715/2/3 1714/2/3
f 1727/2/3 1715/2/3 1726/2/3
f 1730/3/3 1717/3/3 1716/3/3
f 1731/3/3 1717/3/3 1730/3/3
f 1732/3/3 1720/3/3 1719/3/3
f 1733/3/3 1720/3/3 1732/3/3
f 1736/3/3 1722/3/3 1721/3/3
f 1737/3/3 1722/3/3 1736/3/3
f 1739/3/3 1700/3/3 1699/3/3
f 1740/3/3 1700/3/3 1739/3/3
f 1741/3/3 1723/3/3 1710/3/3
f 1741/3/3 1710/3/3 1701/3/3
f 1742/2/3 1724/2/3 1723/2/3
f 1742/3/3 1723/3/3 1741/3/3
f 1743/2/3 1724/2/3 1742/2/3
f 1744/3/3 1728/3/3 1727/3/3
f 1745/3/3 1728/3/3 1744/3/3
f 1747/3/3 1730/3/3 1729/3/3
f 1748/3/3 1730/3/3 1747/3/3
f 1750/3/3 1734/3/3 1733/3/3
f 1751/3/3 1734/3/3 1750/3/3
f 1752/3/3 1736/3/3 1735/3/3
f 1753/3/3 1736/3/3 1752/3/3
f 1754/6/3 1739/6/3 1738/6/3
f 1755/6/3 1739/6/3 1754/6/3
f 1757/2/3 1749/2/3 1748/2/3
f 1757/2/3 1748/2/3 1747/2/3
f 1757/2/3 1747/2/3 1746/2/3
f 1758/2/3 1749/2/3 1757/2/3
f 1759/2/3 1749/2/3 1758/2/3
f 1760/2/3 1749/2/3 1759/2/3
f 1762/2/3 1757/2/3 1756/2/3
f 1762/6/3 1758/6/3 1757/6/3
f 1763/1/3 1759/1/3 1758/1/3
f 1763/6/3 1758/6/3 1762/6/3
f 1764/6/3 1760/6/3 1759/6/3
f 1764/1/3 1759/1/3 1763/1/3
f 1765/2/3 1761/2/3 1760/2/3
f 1765/6/3 1760/6/3 1764/6/3
f 1766/1/3 1763/1/3 1762/1/3
f 1766/2/3 1762/2/3 1756/2/3
f 1767/5/3 1764/5/3 1763/5/3
f 1767/1/3 1763/1/3 1766/1/3
f 1768/1/3 1765/1/3 1764/1/3
f 1768/5/3 1764/5/3 1767/5/3
f 1769/2/3 1761/2/3 1765/2/3
f 1769/1/3 1765/1/3 1768/1/3
f 1770/2/3 1766/2/3 1756/2/3
f 1771/6/3 1767/6/3 1766/6/3
f 1771/2/3 1766/2/3 1770/2/3
f 1772/1/3 1768/1/3 1767/1/3
f 1772/6/3 1767/6/3 1771/6/3
f 1773/6/3 1769/6/3 1768/6/3
f 1773/1/3 1768/1/3 1772/1/3
f 1774/2/3 1761/2/3 1769/2/3
f 1774/6/3 1769/6/3 1773/6/3
f 1775/2/3 1761/2/3 1774/2/3
f 1776/2/3 1773/2/3 1772/2/3
f 1776/2/3 1774/2/3 1773/2/3
f 1776/2/3 1772/2/3 1771/2/3
f 1777/2/3 1774/2/3 1776/2/3
f 1780/2/3 1779/2/3 1778/2/3
f 1781/2/3 1779/2/3 1780/2/3
f 1784/2/3 1783/2/3 1782/2/3
f 1785/2/3 1783/2/3 1784/2/3
f 1786/2/3 1783/2/3 1785/2/3
f 1787/2/3 1783/2/3 1786/2/3
f 1788/3/3 1786/3/3 1785/3/3
f 1789/3/3 1786/3/3 1788/3/3
f 1792/2/3 1791/2/3 1790/2/3
f 1793/2/3 1791/2/3 1792/2/3
f 1795/3/3 1793/3/3 1792/3/3
f 1796/6/3 1795/6/3 1794/6/3
f 1797/3/3 1793/3/3 1795/3/3
f 1797/6/3 1795/6/3 1796/6/3
f 1798/3/3 1793/3/3 1797/3/3
f 1799/3/3 1793/3/3 1798/3/3
f 1800/6/3 1798/6/3 1797/6/3
f 1801/2/3 1799/2/3 1798/2/3
f 1801/6/3 1798/6/3 1800/6/3
f 1802/2/3 1801/2/3 1800/2/3
f 1803/2/3 1799/2/3 1801/2/3
f 1803/2/3 1801/2/3 1802/2/3
f 1807/3/3 1805/3/3 1804/3/3
f 1808/3/3 1805/3/3 1807/3/3
f 1810/2/3 1807/2/3 1806/2/3
f 1811/2/3 1807/2/3 1810/2/3
f 1812/2/3 1809/2/3 1808/2/3
f 1813/2/3 1809/2/3 1812/2/3
f 1815/3/3 1812/3/3 1811/3/3
f 1816/3/3 1812/3/3 1815/3/3
f 1818/2/3 1815/2/3 1814/2/3
f 1819/2/3 1815/2/3 1818/2/3
f 1820/2/3 1817/2/3 1816/2/3
f 1821/2/3 1817/2/3 1820/2/3
f 1827/2/3 1823/2/3 1822/2/3
f 1828/2/3 1823/2/3 1827/2/3
f 1829/2/3 1825/2/3 1824/2/3
f 1830/2/3 1825/2/3 1829/2/3
f 1836/3/3 1828/3/3 1827/3/3
f 1836/3/3 1827/3/3 1826/3/3
f 1836/3/3 1829/3/3 1828/3/3
f 1836/3/3 1830/3/3 1829/3/3
f 1837/3/3 1830/3/3 1836/3/3
f 1838/2/3 1831/2/3 1830/2/3
f 1838/3/3 1830/3/3 1837/3/3
f 1839/2/3 1831/2/3 1838/2/3
f 1842/2/3 1833/2/3 1832/2/3
f 1843/2/3 1833/2/3 1842/2/3
f 1845/2/3 1835/2/3 1834/2/3
f 1846/2/3 1835/2/3 1845/2/3
f 1847/3/3 1839/3/3 1838/3/3
f 1848/3/3 1839/3/3 1847/3/3
f 1851/3/3 1841/3/3 1840/3/3
f 1852/3/3 1841/3/3 1851/3/3
f 1853/3/3 1845/3/3 1844/3/3
f 1854/3/3 1845/3/3 1853/3/3
f 1856/3/3 1849/3/3 1848/3/3
f 1857/2/3 1851/2/3 1850/2/3
f 1858/2/3 1851/2/3 1857/2/3
f 1859/3/3 1855/3/3 1854/3/3
f 1860/3/3 1855/3/3 1859/3/3
f 1863/3/3 1856/3/3 1848/3/3
f 1864/2/3 1857/2/3 1856/2/3
f 1864/3/3 1856/3/3 1863/3/3
f 1865/2/3 1857/2/3 1864/2/3
f 1866/3/3 1862/3/3 1861/3/3
f 1867/3/3 1862/3/3 1866/3/3
f 1868/3/3 1862/3/3 1867/3/3
f 1869/3/3 1862/3/3 1868/3/3
f 1870/3/3 1862/3/3 1869/3/3
f 1871/2/3 1868/2/3 1867/2/3
f 1872/2/3 1868/2/3 1871/2/3
f 1876/2/3 1874/2/3 1873/2/3
f 1877/2/3 1874/2/3 1876/2/3
f 1882/3/3 1876/3/3 1875/3/3
f 1882/3/3 1877/3/3 1876/3/3
f 1882/3/3 1878/3/3 1877/3/3
f 1882/3/3 1879/3/3 1878/3/3
f 1883/3/3 1879/3/3 1882/3/3
f 1887/2/3 1881/2/3 1880/2/3
f 1888/2/3 1881/2/3 1887/2/3
f 1889/2/3 1886/2/3 1885/2/3
f 1889/3/3 1885/3/3 1884/3/3
f 1890/2/3 1886/2/3 1889/2/3
f 1895/3/3 1889/3/3 1884/3/3
f 1896/3/3 1889/3/3 1895/3/3
f 1897/2/3 1891/2/3 1890/2/3
f 1898/2/3 1891/2/3 1897/2/3
f 1901/3/3 1893/3/3 1892/3/3
f 1902/3/3 1893/3/3 1901/3/3
f 1905/3/3 1895/3/3 1894/3/3
f 1906/3/3 1895/3/3 1905/3/3
f 1907/3/3 1899/3/3 1898/3/3
f 1908/3/3 1899/3/3 1907/3/3
f 1911/3/3 1901/3/3 1900/3/3
f 1912/3/3 1901/3/3 1911/3/3
f 1914/3/3 1904/3/3 1903/3/3
f 1914/3/3 1905/3/3 1904/3/3
f 1915/3/3 1905/3/3 1914/3/3
f 1916/3/3 1905/3/3 1915/3/3
f 1917/3/3 1905/3/3 1916/3/3
f 1918/2/3 1906/2/3 1905/2/3
f 1918/3/3 1905/3/3 1917/3/3
f 1919/2/3 1906/2/3 1918/2/3
f 1920/2/3 1910/2/3 1909/2/3
f 1921/2/3 1910/2/3 1920/2/3
f 1922/2/3 1913/2/3 1912/2/3
f 1923/2/3 1913/2/3 1922/2/3
f 1924/2/3 1916/2/3 1915/2/3
f 1925/2/3 1916/2/3 1924/2/3
f 1926/2/3 1918/2/3 1917/2/3
f 1927/2/3 1918/2/3 1926/2/3
f 1932/2/3 1929/2/3 1928/2/3
f 1933/2/3 1929/2/3 1932/2/3
f 1934/2/3 1931/2/3 1930/2/3
f 1935/2/3 1931/2/3 1934/2/3
f 1937/3/3 1934/3/3 1933/3/3
f 1938/3/3 1934/3/3 1937/3/3
f 1940/2/3 1937/2/3 1936/2/3
f 1941/2/3 1937/2/3 1940/2/3
f 1942/2/3 1939/2/3 1938/2/3
f 1943/2/3 1939/2/3 1942/2/3
f 1944/3/3 1942/3/3 1941/3/3
f 1945/3/3 1942/3/3 1944/3/3
f 1948/2/3 1947/2/3 1946/2/3
f 1949/2/3 1947/2/3 1948/2/3
f 1951/6/3 1949/6/3 1948/6/3
f 1952/6/3 1951/6/3 1950/6/3
f 1953/6/3 1949/6/3 1951/6/3
f 1953/6/3 1951/6/3 1952/6/3
f 1954/2/3 1947/2/3 1949/2/3
f 1954/6/3 1949/6/3 1953/6/3
f 1955/2/3 1947/2/3 1954/2/3
f 1956/3/3 1954/3/3 1953/3/3
f 1956/3/3 1955/3/3 1954/3/3
f 1957/3/3 1955/3/3 1956/3/3
f 1958/2/3 1957/2/3 1956/2/3
f 1959/2/3 1957/2/3 1958/2/3
f 1968/2/3 1961/2/3 1960/2/3
f 1969/2/3 1961/2/3 1968/2/3
f 1970/2/3 1963/2/3 1962/2/3
f 1971/2/3 1963/2/3 1970/2/3
f 1972/2/3 1965/2/3 1964/2/3
f 1973/2/3 1965/2/3 1972/2/3
f 1974/2/3 1967/2/3 1966/2/3
f 1975/2/3 1967/2/3 1974/2/3
f 1977/3/3 1976/3/3 1975/3/3
f 1978/3/3 1976/3/3 1977/3/3
f 1979/3/3 1976/3/3 1978/3/3
f 1986/2/3 1981/2/3 1980/2/3
f 1987/2/3 1981/2/3 1986/2/3
f 1988/2/3 1983/2/3 1982/2/3
f 1989/2/3 1983/2/3 1988/2/3
f 1990/2/3 1985/2/3 1984/2/3
f 1991/2/3 1985/2/3 1990/2/3
f 1996/2/3 1993/2/3 1992/2/3
f 1997/2/3 1993/2/3 1996/2/3
f 1998/2/3 1995/2/3 1994/2/3
f 1999/2/3 1995/2/3 1998/2/3
f 2002/2/3 2001/2/3 2000/2/3
f 2003/2/3 2001/2/3 2002/2/3
f 2006/3/3 2005/3/3 2004/3/3
f 2014/3/3 2005/3/3 2006/3/3
f 2015/3/3 2005/3/3 2014/3/3
f 2016/2/3 2008/2/3 2007/2/3
f 2017/2/3 2008/2/3 2016/2/3
f 2018/2/3 2010/2/3 2009/2/3
f 2019/2/3 2010/2/3 2018/2/3
f 2020/2/3 2012/2/3 2011/2/3
f 2021/2/3 2012/2/3 2020/2/3
f 2022/2/3 2014/2/3 2013/2/3
f 2023/2/3 2014/2/3 2022/2/3
f 2026/2/3 2025/2/3 2024/2/3
f 2027/2/3 2025/2/3 2026/2/3
f 2030/2/3 2029/2/3 2028/2/3
f 2031/2/3 2029/2/3 2030/2/3
f 2032/2/4 2033/2/4 2034/2/4
f 2034/2/4 2033/2/4 2035/2/4
f 2036/2/4 2037/2/4 2038/2/4
f 2038/2/4 2037/2/4 2039/2/4
f 2040/2/4 2041/2/4 2042/2/4
f 2042/2/4 2041/2/4 2043/2/4
f 2044/2/4 2045/2/4 2046/2/4
f 2046/2/4 2045/2/4 2047/2/4
f 2048/3/4 2049/3/4 2050/3/4
f 2048/3/4 2050/3/4 2051/3/4
f 2051/3/4 2050/3/4 2052/3/4
f 2053/3/4 2054/3/4 2055/3/4
f 2053/3/4 2055/3/4 2056/3/4
f 2056/3/4 2055/3/4 2057/3/4
f 2058/2/4 2059/2/4 2060/2/4
f 2060/2/4 2059/2/4 2061/2/4
f 2062/2/4 2063/2/4 2070/2/4
f 2070/2/4 2063/2/4 2071/2/4
f 2064/2/4 2065/2/4 2072/2/4
f 2072/2/4 2065/2/4 2073/2/4
f 2066/2/4 2067/2/4 2074/2/4
f 2074/2/4 2067/2/4 2075/2/4
f 2068/2/4 2069/2/4 2076/2/4
f 2076/2/4 2069/2/4 2077/2/4
f 2077/3/4 2078/3/4 2079/3/4
f 2079/3/4 2078/3/4 2080/3/4
f 2080/3/4 2078/3/4 2081/3/4
f 2082/2/4 2083/2/4 2086/2/4
f 2086/2/4 2083/2/4 2087/2/4
f 2084/2/4 2085/2/4 2088/2/4
f 2088/2/4 2085/2/4 2089/2/4
f 2090/2/4 2091/2/4 2094/2/4
f 2094/2/4 2091/2/4 2095/2/4
f 2092/2/4 2093/2/4 2096/2/4
f 2096/2/4 2093/2/4 2097/2/4
f 2098/2/4 2099/2/4 2100/2/4
f 2100/2/4 2099/2/4 2101/2/4
f 2102/3/4 2103/3/4 2104/3/4
f 2104/3/4 2103/3/4 2112/3/4
f 2112/3/4 2103/3/4 2113/3/4
f 2105/2/4 2106/2/4 2114/2/4
f 2114/2/4 2106/2/4 2115/2/4
f 2107/2/4 2108/2/4 2116/2/4
f 2116/2/4 2108/2/4 2117/2/4
f 2109/2/4 2110/2/4 2118/2/4
f 2118/2/4 2110/2/4 2119/2/4
f 2111/2/4 2112/2/4 2120/2/4
f 2120/2/4 2112/2/4 2121/2/4
f 2122/2/4 2123/2/4 2124/2/4
f 2124/2/4 2123/2/4 2125/2/4
f 2124/3/4 2125/3/4 2127/3/4
f 2127/3/4 2125/3/4 2128/3/4
f 2126/6/4 2127/6/4 2128/6/4
f 2128/3/4 2125/3/4 2129/3/4
f 2129/3/4 2125/3/4 2130/3/4
f 2126/6/4 2128/6/4 2131/6/4
f 2128/6/4 2129/6/4 2131/6/4
f 2129/2/4 2130/2/4 2132/2/4
f 2131/6/4 2129/6/4 2132/6/4
f 2131/2/4 2132/2/4 2133/2/4
f 2132/2/4 2130/2/4 2134/2/4
f 2133/2/4 2132/2/4 2134/2/4
f 2135/3/4 2136/3/4 2138/3/4
f 2138/3/4 2136/3/4 2139/3/4
f 2137/2/4 2138/2/4 2141/2/4
f 2141/2/4 2138/2/4 2142/2/4
f 2139/2/4 2140/2/4 2143/2/4
f 2143/2/4 2140/2/4 2144/2/4
f 2142/3/4 2143/3/4 2146/3/4
f 2146/3/4 2143/3/4 2147/3/4
f 2145/2/4 2146/2/4 2149/2/4
f 2149/2/4 2146/2/4 2150/2/4
f 2147/2/4 2148/2/4 2151/2/4
f 2151/2/4 2148/2/4 2152/2/4
f 2153/2/4 2154/2/4 2158/2/4
f 2158/2/4 2154/2/4 2159/2/4
f 2155/2/4 2156/2/4 2160/2/4
f 2160/2/4 2156/2/4 2161/2/4
f 2158/3/4 2159/3/4 2167/3/4
f 2157/3/4 2158/3/4 2167/3/4
f 2159/3/4 2160/3/4 2167/3/4
f 2160/3/4 2161/3/4 2167/3/4
f 2167/3/4 2161/3/4 2168/3/4
f 2161/2/4 2162/2/4 2169/2/4
f 2168/3/4 2161/3/4 2169/3/4
f 2169/2/4 2162/2/4 2170/2/4
f 2163/2/4 2164/2/4 2173/2/4
f 2173/2/4 2164/2/4 2174/2/4
f 2165/2/4 2166/2/4 2176/2/4
f 2176/2/4 2166/2/4 2177/2/4
f 2169/3/4 2170/3/4 2182/3/4
f 2182/3/4 2170/3/4 2183/3/4
f 2171/3/4 2172/3/4 2186/3/4
f 2186/3/4 2172/3/4 2187/3/4
f 2175/3/4 2176/3/4 2188/3/4
f 2188/3/4 2176/3/4 2189/3/4
f 2178/3/4 2179/3/4 2192/3/4
f 2192/3/4 2179/3/4 2193/3/4
f 2180/3/4 2181/3/4 2194/3/4
f 2194/3/4 2181/3/4 2195/3/4
f 2183/3/4 2184/3/4 2197/3/4
f 2185/2/4 2186/2/4 2198/2/4
f 2198/2/4 2186/2/4 2199/2/4
f 2189/3/4 2190/3/4 2200/3/4
f 2200/3/4 2190/3/4 2201/3/4
f 2191/3/4 2192/3/4 2202/3/4
f 2202/3/4 2192/3/4 2203/3/4
f 2195/3/4 2196/3/4 2204/3/4
f 2204/3/4 2196/3/4 2205/3/4
f 2183/3/4 2197/3/4 2208/3/4
f 2208/3/4 2197/3/4 2209/3/4
f 2201/2/4 2202/2/4 2210/2/4
f 2210/2/4 2202/2/4 2211/2/4
f 2206/3/4 2207/3/4 2212/3/4
f 2212/3/4 2207/3/4 2213/3/4
f 2213/3/4 2207/3/4 2214/3/4
f 2214/3/4 2207/3/4 2215/3/4
f 2215/3/4 2207/3/4 2216/3/4
f 2213/2/4 2214/2/4 2217/2/4
f 2217/2/4 2214/2/4 2218/2/4
f 2219/2/4 2220/2/4 2222/2/4
f 2222/2/4 2220/2/4 2223/2/4
f 2224/3/4 2225/3/4 2228/3/4
f 2222/3/4 2223/3/4 2228/3/4
f 2223/3/4 2224/3/4 2228/3/4
f 2221/3/4 2222/3/4 2228/3/4
f 2228/3/4 2225/3/4 2229/3/4
f 2226/2/4 2227/2/4 2232/2/4
f 2232/2/4 2227/2/4 2233/2/4
f 2230/3/4 2231/3/4 2234/3/4
f 2230/3/4 2234/3/4 2244/3/4
f 2244/3/4 2234/3/4 2245/3/4
f 2235/2/4 2236/2/4 2246/2/4
f 2246/2/4 2236/2/4 2247/2/4
f 2237/3/4 2238/3/4 2250/3/4
f 2250/3/4 2238/3/4 2251/3/4
f 2239/3/4 2240/3/4 2252/3/4
f 2252/3/4 2240/3/4 2253/3/4
f 2241/3/4 2242/3/4 2256/3/4
f 2256/3/4 2242/3/4 2257/3/4
f 2243/3/4 2244/3/4 2260/3/4
f 2260/3/4 2244/3/4 2261/3/4
f 2247/3/4 2248/3/4 2262/3/4
f 2262/3/4 2248/3/4 2263/3/4
f 2249/3/4 2250/3/4 2266/3/4
f 2266/3/4 2250/3/4 2267/3/4
f 2253/3/4 2254/3/4 2269/3/4
f 2269/3/4 2254/3/4 2270/3/4
f 2255/3/4 2256/3/4 2271/3/4
f 2271/3/4 2256/3/4 2272/3/4
f 2258/3/4 2259/3/4 2273/3/4
f 2259/3/4 2260/3/4 2273/3/4
f 2273/3/4 2260/3/4 2274/3/4
f 2274/3/4 2260/3/4 2275/3/4
f 2275/3/4 2260/3/4 2276/3/4
f 2260/2/4 2261/2/4 2277/2/4
f 2276/3/4 2260/3/4 2277/3/4
f 2277/2/4 2261/2/4 2278/2/4
f 2264/2/4 2265/2/4 2279/2/4
f 2279/2/4 2265/2/4 2280/2/4
f 2267/2/4 2268/2/4 2281/2/4
f 2281/2/4 2268/2/4 2282/2/4
f 2274/2/4 2275/2/4 2283/2/4
f 2283/2/4 2275/2/4 2284/2/4
f 2276/2/4 2277/2/4 2285/2/4
f 2285/2/4 2277/2/4 2286/2/4
f 2287/2/4 2288/2/4 2291/2/4
f 2291/2/4 2288/2/4 2292/2/4
f 2289/2/4 2290/2/4 2293/2/4
f 2293/2/4 2290/2/4 2294/2/4
f 2292/3/4 2293/3/4 2296/3/4
f 2296/3/4 2293/3/4 2297/3/4
f 2295/2/4 2296/2/4 2299/2/4
f 2299/2/4 2296/2/4 2300/2/4
f 2297/2/4 2298/2/4 2301/2/4
f 2301/2/4 2298/2/4 2302/2/4
f 2300/3/4 2301/3/4 2303/3/4
f 2303/3/4 2301/3/4 2304/3/4
f 2305/2/4 2306/2/4 2307/2/4
f 2307/2/4 2306/2/4 2308/2/4
f 2307/6/4 2308/6/4 2309/6/4
f 2309/6/4 2308/6/4 2310/6/4
f 2308/2/4 2306/2/4 2311/2/4
f 2310/6/4 2308/6/4 2311/6/4
f 2311/2/4 2306/2/4 2312/2/4
f 2310/3/4 2311/3/4 2313/3/4
f 2311/3/4 2312/3/4 2313/3/4
f 2313/3/4 2312/3/4 2314/3/4
f 2313/2/4 2314/2/4 2315/2/4
f 2315/2/4 2314/2/4 2316/2/4
f 2317/2/4 2318/2/4 2319/2/4
f 2319/2/4 2318/2/4 2320/2/4
f 2321/2/4 2322/2/4 2323/2/4
f 2323/2/4 2322/2/4 2324/2/4
f 2325/2/4 2326/2/4 2328/2/4
f 2328/2/4 2326/2/4 2329/2/4
f 2329/2/4 2326/2/4 2330/2/4
f 2330/2/4 2326/2/4 2331/2/4
f 2327/2/4 2328/2/4 2333/2/4
f 2328/6/4 2329/6/4 2333/6/4
f 2329/1/4 2330/1/4 2334/1/4
f 2333/6/4 2329/6/4 2334/6/4
f 2330/6/4 2331/6/4 2335/6/4
f 2334/1/4 2330/1/4 2335/1/4
f 2331/2/4 2332/2/4 2336/2/4
f 2335/6/4 2331/6/4 2336/6/4
f 2333/1/4 2334/1/4 2337/1/4
f 2327/2/4 2333/2/4 2337/2/4
f 2334/5/4 2335/5/4 2338/5/4
f 2337/1/4 2334/1/4 2338/1/4
f 2335/1/4 2336/1/4 2339/1/4
f 2338/5/4 2335/5/4 2339/5/4
f 2336/2/4 2332/2/4 2340/2/4
f 2339/1/4 2336/1/4 2340/1/4
f 2327/2/4 2337/2/4 2343/2/4
f 2337/6/4 2338/6/4 2344/6/4
f 2343/2/4 2337/2/4 2344/2/4
f 2338/1/4 2339/1/4 2345/1/4
f 2344/6/4 2338/6/4 2345/6/4
f 2339/6/4 2340/6/4 2346/6/4
f 2345/1/4 2339/1/4 2346/1/4
f 2340/2/4 2332/2/4 2347/2/4
f 2346/6/4 2340/6/4 2347/6/4
f 2347/2/4 2332/2/4 2348/2/4
f 2341/2/4 2342/2/4 2349/2/4
f 2346/2/4 2347/2/4 2354/2/4
f 2344/2/4 2345/2/4 2354/2/4
f 2345/2/4 2346/2/4 2354/2/4
f 2354/2/4 2347/2/4 2355/2/4
f 2355/2/4 2347/2/4 2356/2/4
f 2356/2/4 2347/2/4 2357/2/4
f 2350/2/4 2351/2/4 2362/2/4
f 2349/3/4 2350/3/4 2362/3/4
f 2362/2/4 2351/2/4 2363/2/4
f 2352/3/4 2353/3/4 2366/3/4
f 2366/3/4 2353/3/4 2367/3/4
f 2355/3/4 2356/3/4 2368/3/4
f 2368/3/4 2356/3/4 2369/3/4
f 2358/3/4 2359/3/4 2372/3/4
f 2372/3/4 2359/3/4 2373/3/4
f 2360/3/4 2361/3/4 2374/3/4
f 2374/3/4 2361/3/4 2375/3/4
f 2349/3/4 2362/3/4 2377/3/4
f 2377/3/4 2362/3/4 2378/3/4
f 2363/3/4 2364/3/4 2379/3/4
f 2365/2/4 2366/2/4 2382/2/4
f 2382/2/4 2366/2/4 2383/2/4
f 2369/3/4 2370/3/4 2384/3/4
f 2384/3/4 2370/3/4 2385/3/4
f 2371/3/4 2372/3/4 2388/3/4
f 2388/3/4 2372/3/4 2389/3/4
f 2375/3/4 2376/3/4 2390/3/4
f 2390/3/4 2376/3/4 2391/3/4
f 2341/2/4 2349/2/4 2393/2/4
f 2349/3/4 2377/3/4 2393/3/4
f 2393/3/4 2377/3/4 2394/3/4
f 2394/3/4 2377/3/4 2395/3/4
f 2379/3/4 2364/3/4 2396/3/4
f 2396/3/4 2364/3/4 2397/3/4
f 2380/2/4 2381/2/4 2398/2/4
f 2398/2/4 2381/2/4 2399/2/4
f 2385/3/4 2386/3/4 2400/3/4
f 2400/3/4 2386/3/4 2401/3/4
f 2387/3/4 2388/3/4 2402/3/4
f 2402/3/4 2388/3/4 2403/3/4
f 2391/3/4 2392/3/4 2404/3/4
f 2404/3/4 2392/3/4 2405/3/4
f 2341/2/4 2393/2/4 2406/2/4
f 2406/2/4 2393/2/4 2407/2/4
f 2397/2/4 2398/2/4 2408/2/4
f 2408/2/4 2398/2/4 2409/2/4
f 2401/2/4 2402/2/4 2410/2/4
f 2410/2/4 2402/2/4 2411/2/4
f 2412/2/4 2413/2/4 2418/2/4
f 2418/2/4 2413/2/4 2419/2/4
f 2414/2/4 2415/2/4 2420/2/4
f 2416/2/4 2417/2/4 2424/2/4
f 2424/2/4 2417/2/4 2425/2/4
f 2421/3/4 2422/3/4 2433/3/4
f 2420/3/4 2421/3/4 2433/3/4
f 2423/3/4 2424/3/4 2435/3/4
f 2425/2/4 2426/2/4 2436/2/4
f 2436/2/4 2426/2/4 2437/2/4
f 2427/3/4 2428/3/4 2441/3/4
f 2441/3/4 2428/3/4 2442/3/4
f 2429/3/4 2430/3/4 2443/3/4
f 2443/3/4 2430/3/4 2444/3/4
f 2431/3/4 2432/3/4 2447/3/4
f 2447/3/4 2432/3/4 2448/3/4
f 2433/3/4 2434/3/4 2449/3/4
f 2435/3/4 2424/3/4 2450/3/4
f 2450/3/4 2424/3/4 2451/3/4
f 2438/2/4 2439/2/4 2452/2/4
f 2452/2/4 2439/2/4 2453/2/4
f 2440/3/4 2441/3/4 2456/3/4
f 2456/3/4 2441/3/4 2457/3/4
f 2444/3/4 2445/3/4 2458/3/4
f 2458/3/4 2445/3/4 2459/3/4
f 2446/3/4 2447/3/4 2462/3/4
f 2462/3/4 2447/3/4 2463/3/4
f 2433/3/4 2449/3/4 2464/3/4
f 2414/2/4 2420/2/4 2464/2/4
f 2420/3/4 2433/3/4 2464/3/4
f 2449/2/4 2450/2/4 2465/2/4
f 2464/3/4 2449/3/4 2465/3/4
f 2465/2/4 2450/2/4 2466/2/4
f 2453/3/4 2454/3/4 2467/3/4
f 2467/3/4 2454/3/4 2468/3/4
f 2455/3/4 2456/3/4 2470/3/4
f 2470/3/4 2456/3/4 2471/3/4
f 2459/3/4 2460/3/4 2473/3/4
f 2473/3/4 2460/3/4 2474/3/4
f 2461/3/4 2462/3/4 2475/3/4
f 2475/3/4 2462/3/4 2476/3/4
f 2414/2/4 2464/2/4 2477/2/4
f 2477/2/4 2464/2/4 2478/2/4
f 2471/2/4 2472/2/4 2480/2/4
f 2470/2/4 2471/2/4 2480/2/4
f 2469/2/4 2470/2/4 2480/2/4
f 2480/2/4 2472/2/4 2481/2/4
f 2481/2/4 2472/2/4 2482/2/4
f 2482/2/4 2472/2/4 2483/2/4
f 2479/2/4 2480/2/4 2485/2/4
f 2480/6/4 2481/6/4 2485/6/4
f 2481/1/4 2482/1/4 2486/1/4
f 2485/6/4 2481/6/4 2486/6/4
f 2482/6/4 2483/6/4 2487/6/4
f 2486/1/4 2482/1/4 2487/1/4
f 2483/2/4 2484/2/4 2488/2/4
f 2487/6/4 2483/6/4 2488/6/4
f 2485/1/4 2486/1/4 2489/1/4
f 2479/2/4 2485/2/4 2489/2/4
f 2486/5/4 2487/5/4 2490/5/4
f 2489/1/4 2486/1/4 2490/1/4
f 2487/1/4 2488/1/4 2491/1/4
f 2490/5/4 2487/5/4 2491/5/4
f 2488/2/4 2484/2/4 2492/2/4
f 2491/1/4 2488/1/4 2492/1/4
f 2479/2/4 2489/2/4 2493/2/4
f 2489/6/4 2490/6/4 2494/6/4
f 2493/2/4 2489/2/4 2494/2/4
f 2490/1/4 2491/1/4 2495/1/4
f 2494/6/4 2490/6/4 2495/6/4
f 2491/6/4 2492/6/4 2496/6/4
f 2495/1/4 2491/1/4 2496/1/4
f 2492/2/4 2484/2/4 2497/2/4
f 2496/6/4 2492/6/4 2497/6/4
f 2497/2/4 2484/2/4 2498/2/4
f 2495/2/4 2496/2/4 2499/2/4
f 2496/2/4 2497/2/4 2499/2/4
f 2494/2/4 2495/2/4 2499/2/4
f 2499/2/4 2497/2/4 2500/2/4
f 2501/2/4 2502/2/4 2503/2/4
f 2503/2/4 2502/2/4 2504/2/4
f 2505/2/4 2506/2/4 2507/2/4
f 2507/2/4 2506/2/4 2508/2/4
f 2509/3/4 2510/3/4 2515/3/4
f 2515/3/4 2510/3/4 2516/3/4
f 2511/3/4 2512/3/4 2519/3/4
f 2519/3/4 2512/3/4 2520/3/4
f 2513/2/4 2514/2/4 2523/2/4
f 2523/2/4 2514/2/4 2524/2/4
f 2516/3/4 2517/3/4 2527/3/4
f 2527/3/4 2517/3/4 2528/3/4
f 2518/3/4 2519/3/4 2531/3/4
f 2531/3/4 2519/3/4 2532/3/4
f 2520/3/4 2521/3/4 2533/3/4
f 2533/3/4 2521/3/4 2534/3/4
f 2522/2/4 2523/2/4 2537/2/4
f 2523/3/4 2524/3/4 2538/3/4
f 2537/2/4 2523/2/4 2538/2/4
f 2538/3/4 2524/3/4 2539/3/4
f 2525/2/4 2526/2/4 2542/2/4
f 2542/2/4 2526/2/4 2543/2/4
f 2528/3/4 2529/3/4 2544/3/4
f 2544/3/4 2529/3/4 2545/3/4
f 2530/3/4 2531/3/4 2548/3/4
f 2548/3/4 2531/3/4 2549/3/4
f 2534/3/4 2535/3/4 2550/3/4
f 2550/3/4 2535/3/4 2551/3/4
f 2536/2/4 2537/2/4 2554/2/4
f 2554/2/4 2537/2/4 2555/2/4
f 2539/3/4 2540/3/4 2556/3/4
f 2538/3/4 2539/3/4 2556/3/4
f 2556/3/4 2540/3/4 2557/3/4
f 2541/2/4 2542/2/4 2558/2/4
f 2558/2/4 2542/2/4 2559/2/4
f 2545/3/4 2546/3/4 2560/3/4
f 2560/3/4 2546/3/4 2561/3/4
f 2547/3/4 2548/3/4 2562/3/4
f 2553/2/4 2554/2/4 2563/2/4
f 2563/2/4 2554/2/4 2564/2/4
f 2563/3/4 2564/3/4 2565/3/4
f 2565/3/4 2564/3/4 2566/3/4
f 2561/2/4 2562/2/4 2567/2/4
f 2562/3/4 2548/3/4 2568/3/4
f 2567/2/4 2562/2/4 2568/2/4
f 2565/2/4 2566/2/4 2569/2/4
f 2569/2/4 2566/2/4 2570/2/4
f 2570/2/4 2571/2/4 2578/2/4
f 2578/2/4 2571/2/4 2579/2/4
f 2572/3/4 2573/3/4 2580/3/4
f 2580/3/4 2573/3/4 2581/3/4
f 2581/3/4 2573/3/4 2582/3/4
f 2574/2/4 2575/2/4 2583/2/4
f 2583/2/4 2575/2/4 2584/2/4
f 2576/3/4 2577/3/4 2587/3/4
f 2587/3/4 2577/3/4 2588/3/4
f 2568/3/4 2548/3/4 2589/3/4
f 2589/3/4 2548/3/4 2590/3/4
f 2551/3/4 2552/3/4 2593/3/4
f 2593/3/4 2552/3/4 2594/3/4
f 2579/2/4 2580/2/4 2595/2/4
f 2580/3/4 2581/3/4 2596/3/4
f 2595/2/4 2580/2/4 2596/2/4
f 2596/3/4 2581/3/4 2597/3/4
f 2584/2/4 2585/2/4 2598/2/4
f 2598/2/4 2585/2/4 2599/2/4
f 2586/3/4 2587/3/4 2601/3/4
f 2601/3/4 2587/3/4 2602/3/4
f 2590/3/4 2591/3/4 2603/3/4
f 2603/3/4 2591/3/4 2604/3/4
f 2592/3/4 2593/3/4 2607/3/4
f 2607/3/4 2593/3/4 2608/3/4
f 2596/2/4 2597/2/4 2609/2/4
f 2609/2/4 2597/2/4 2610/2/4
f 2600/3/4 2601/3/4 2612/3/4
f 2612/3/4 2601/3/4 2613/3/4
f 2604/3/4 2605/3/4 2614/3/4
f 2614/3/4 2605/3/4 2615/3/4
f 2606/3/4 2607/3/4 2616/3/4
f 2616/3/4 2607/3/4 2617/3/4
f 2611/3/4 2612/3/4 2618/3/4
f 2618/3/4 2612/3/4 2619/3/4
f 2615/3/4 2616/3/4 2620/3/4
f 2620/3/4 2616/3/4 2621/3/4
f 2622/3/4 2623/3/4 2627/3/4
f 2627/3/4 2623/3/4 2628/3/4
f 2624/3/4 2625/3/4 2631/3/4
f 2631/3/4 2625/3/4 2632/3/4
f 2628/3/4 2629/3/4 2637/3/4
f 2626/3/4 2627/3/4 2637/3/4
f 2627/3/4 2628/3/4 2637/3/4
f 2637/3/4 2629/3/4 2638/3/4
f 2630/3/4 2631/3/4 2641/3/4
f 2641/3/4 2631/3/4 2642/3/4
f 2632/3/4 2633/3/4 2643/3/4
f 2643/3/4 2633/3/4 2644/3/4
f 2634/2/4 2635/2/4 2647/2/4
f 2647/2/4 2635/2/4 2648/2/4
f 2638/3/4 2639/3/4 2649/3/4
f 2636/3/4 2637/3/4 2649/3/4
f 2637/3/4 2638/3/4 2649/3/4
f 2649/3/4 2639/3/4 2650/3/4
f 2646/2/4 2647/2/4 2652/2/4
f 2647/3/4 2648/3/4 2653/3/4
f 2652/2/4 2647/2/4 2653/2/4
f 2650/3/4 2651/3/4 2653/3/4
f 2649/3/4 2650/3/4 2653/3/4
f 2648/3/4 2649/3/4 2653/3/4
f 2652/3/4 2653/3/4 2654/3/4
f 2653/3/4 2651/3/4 2655/3/4
f 2654/3/4 2653/3/4 2655/3/4
f 2654/2/4 2655/2/4 2656/2/4
f 2655/3/4 2651/3/4 2657/3/4
f 2656/2/4 2655/2/4 2657/2/4
f 2657/3/4 2651/3/4 2658/3/4
f 2658/3/4 2651/3/4 2659/3/4
f 2659/3/4 2651/3/4 2660/3/4
f 2660/3/4 2651/3/4 2661/3/4
f 2657/2/4 2658/2/4 2662/2/4
f 2662/2/4 2658/2/4 2663/2/4
f 2659/3/4 2660/3/4 2664/3/4
f 2664/3/4 2660/3/4 2665/3/4
f 2665/3/4 2660/3/4 2666/3/4
f 2666/3/4 2660/3/4 2667/3/4
f 2640/3/4 2641/3/4 2668/3/4
f 2668/3/4 2641/3/4 2669/3/4
f 2644/3/4 2645/3/4 2672/3/4
f 2672/3/4 2645/3/4 2673/3/4
f 2665/3/4 2666/3/4 2674/3/4
f 2674/3/4 2666/3/4 2675/3/4
f 2675/3/4 2666/3/4 2676/3/4
f 2676/3/4 2666/3/4 2677/3/4
f 2669/3/4 2670/3/4 2678/3/4
f 2678/3/4 2670/3/4 2679/3/4
f 2671/3/4 2672/3/4 2680/3/4
f 2680/3/4 2672/3/4 2681/3/4
f 2675/3/4 2676/3/4 2682/3/4
f 2682/3/4 2676/3/4 2683/3/4
f 2679/3/4 2680/3/4 2684/3/4
f 2684/3/4 2680/3/4 2685/3/4
f 2686/3/4 2687/3/4 2689/3/4
f 2689/3/4 2687/3/4 2690/3/4
f 2688/3/4 2689/3/4 2692/3/4
f 2690/3/4 2691/3/4 2692/3/4
f 2689/3/4 2690/3/4 2692/3/4
f 2692/3/4 2691/3/4 2693/3/4
f 2693/3/4 2691/3/4 2694/3/4
f 2694/3/4 2691/3/4 2695/3/4
f 2693/3/4 2694/3/4 2696/3/4
f 2696/3/4 2694/3/4 2697/3/4
f 2703/2/5 2699/2/5 2698/2/5
f 2704/2/5 2699/2/5 2703/2/5
f 2707/2/5 2701/2/5 2700/2/5
f 2708/2/5 2701/2/5 2707/2/5
f 2710/2/5 2705/2/5 2704/2/5
f 2710/2/5 2703/2/5 2702/2/5
f 2710/2/5 2704/2/5 2703/2/5
f 2711/2/5 2705/2/5 2710/2/5
f 2712/2/5 2709/2/5 2708/2/5
f 2712/2/5 2708/2/5 2707/2/5
f 2712/2/5 2707/2/5 2706/2/5
f 2713/2/5 2709/2/5 2712/2/5
f 2718/2/5 2715/2/5 2714/2/5
f 2719/2/5 2715/2/5 2718/2/5
f 2720/2/5 2717/2/5 2716/2/5
f 2721/2/5 2717/2/5 2720/2/5
f 2730/2/5 2723/2/5 2722/2/5
f 2731/2/5 2723/2/5 2730/2/5
f 2732/2/5 2725/2/5 2724/2/5
f 2733/2/5 2725/2/5 2732/2/5
f 2734/2/5 2727/2/5 2726/2/5
f 2735/2/5 2727/2/5 2734/2/5
f 2736/2/5 2729/2/5 2728/2/5
f 2737/2/5 2729/2/5 2736/2/5
f 2746/2/5 2739/2/5 2738/2/5
f 2747/2/5 2739/2/5 2746/2/5
f 2748/2/5 2741/2/5 2740/2/5
f 2749/2/5 2741/2/5 2748/2/5
f 2750/2/5 2743/2/5 2742/2/5
f 2751/2/5 2743/2/5 2750/2/5
f 2752/2/5 2745/2/5 2744/2/5
f 2753/2/5 2745/2/5 2752/2/5
f 2762/2/5 2755/2/5 2754/2/5
f 2763/2/5 2755/2/5 2762/2/5
f 2764/2/5 2757/2/5 2756/2/5
f 2765/2/5 2757/2/5 2764/2/5
f 2766/2/5 2759/2/5 2758/2/5
f 2767/2/5 2759/2/5 2766/2/5
f 2768/2/5 2761/2/5 2760/2/5
f 2769/2/5 2761/2/5 2768/2/5
f 2778/2/5 2771/2/5 2770/2/5
f 2779/2/5 2771/2/5 2778/2/5
f 2780/2/5 2773/2/5 2772/2/5
f 2781/2/5 2773/2/5 2780/2/5
f 2782/2/5 2775/2/5 2774/2/5
f 2783/2/5 2775/2/5 2782/2/5
f 2784/2/5 2777/2/5 2776/2/5
f 2785/2/5 2777/2/5 2784/2/5
f 2790/2/5 2787/2/5 2786/2/5
f 2791/2/5 2789/2/5 2788/2/5
f 2792/2/5 2787/2/5 2790/2/5
f 2793/2/5 2791/2/5 2788/2/5
f 2794/2/5 2787/2/5 2792/2/5
f 2795/3/5 2788/3/5 2787/3/5
f 2795/2/5 2787/2/5 2794/2/5
f 2796/2/5 2793/2/5 2788/2/5
f 2796/3/5 2788/3/5 2795/3/5
f 2797/2/5 2793/2/5 2796/2/5
f 2803/2/5 2799/2/5 2798/2/5
f 2804/3/5 2800/3/5 2799/3/5
f 2804/2/5 2799/2/5 2803/2/5
f 2805/2/5 2801/2/5 2800/2/5
f 2805/3/5 2800/3/5 2804/3/5
f 2806/2/5 2801/2/5 2805/2/5
f 2808/2/5 2803/2/5 2802/2/5
f 2809/2/5 2803/2/5 2808/2/5
f 2810/2/5 2807/2/5 2806/2/5
f 2811/2/5 2807/2/5 2810/2/5
f 2812/3/5 2809/3/5 2808/3/5
f 2813/3/5 2809/3/5 2812/3/5
f 2814/3/5 2811/3/5 2810/3/5
f 2815/3/5 2811/3/5 2814/3/5
f 2820/2/5 2817/2/5 2816/2/5
f 2821/2/5 2817/2/5 2820/2/5
f 2822/2/5 2819/2/5 2818/2/5
f 2823/2/5 2819/2/5 2822/2/5
f 2828/3/5 2825/3/5 2824/3/5
f 2829/3/5 2825/3/5 2828/3/5
f 2830/3/5 2827/3/5 2826/3/5
f 2831/3/5 2827/3/5 2830/3/5
f 2832/2/5 2829/2/5 2828/2/5
f 2833/2/5 2829/2/5 2832/2/5
f 2836/2/5 2831/2/5 2830/2/5
f 2837/2/5 2831/2/5 2836/2/5
f 2838/2/5 2834/2/5 2833/2/5
f 2839/3/5 2835/3/5 2834/3/5
f 2839/2/5 2834/2/5 2838/2/5
f 2840/2/5 2836/2/5 2835/2/5
f 2840/3/5 2835/3/5 2839/3/5
f 2841/2/5 2836/2/5 2840/2/5
f 2847/2/5 2843/2/5 2842/2/5
f 2848/2/5 2843/2/5 2847/2/5
f 2849/2/5 2845/2/5 2844/2/5
f 2850/2/5 2845/2/5 2849/2/5
f 2852/2/5 2847/2/5 2846/2/5
f 2853/2/5 2847/2/5 2852/2/5
f 2854/2/5 2851/2/5 2850/2/5
f 2855/2/5 2851/2/5 2854/2/5
f 2860/2/5 2857/2/5 2856/2/5
f 2861/2/5 2857/2/5 2860/2/5
f 2862/2/5 2859/2/5 2858/2/5
f 2863/2/5 2859/2/5 2862/2/5
f 2868/2/5 2865/2/5 2864/2/5
f 2869/2/5 2865/2/5 2868/2/5
f 2870/2/5 2867/2/5 2866/2/5
f 2871/2/5 2867/2/5 2870/2/5
f 2876/2/5 2873/2/5 2872/2/5
f 2877/2/5 2873/2/5 2876/2/5
f 2880/2/5 2875/2/5 2874/2/5
f 2881/2/5 2875/2/5 2880/2/5
f 2882/2/5 2878/2/5 2877/2/5
f 2883/2/5 2878/2/5 2882/2/5
f 2884/2/5 2880/2/5 2879/2/5
f 2885/2/5 2880/2/5 2884/2/5
f 2890/2/5 2887/2/5 2886/2/5
f 2891/2/5 2887/2/5 2890/2/5
f 2892/2/5 2889/2/5 2888/2/5
f 2893/2/5 2889/2/5 2892/2/5
f 2898/2/5 2895/2/5 2894/2/5
f 2899/2/5 2895/2/5 2898/2/5
f 2900/2/5 2897/2/5 2896/2/5
f 2901/2/5 2897/2/5 2900/2/5
f 2906/2/5 2903/2/5 2902/2/5
f 2907/2/5 2903/2/5 2906/2/5
f 2910/2/5 2905/2/5 2904/2/5
f 2911/2/5 2905/2/5 2910/2/5
f 2912/2/5 2908/2/5 2907/2/5
f 2913/2/5 2908/2/5 2912/2/5
f 2914/2/5 2910/2/5 2909/2/5
f 2915/2/5 2910/2/5 2914/2/5
f 2921/2/5 2917/2/5 2916/2/5
f 2922/2/5 2917/2/5 2921/2/5
f 2923/2/5 2919/2/5 2918/2/5
f 2924/2/5 2919/2/5 2923/2/5
f 2927/2/5 2921/2/5 2920/2/5
f 2928/2/5 2921/2/5 2927/2/5
f 2929/2/5 2925/2/5 2924/2/5
f 2930/2/5 2925/2/5 2929/2/5
f 2932/2/5 2927/2/5 2926/2/5
f 2933/2/5 2927/2/5 2932/2/5
f 2934/2/5 2931/2/5 2930/2/5
f 2935/2/5 2931/2/5 2934/2/5
f 2940/2/5 2937/2/5 2936/2/5
f 2941/2/5 2937/2/5 2940/2/5
f 2944/2/5 2939/2/5 2938/2/5
f 2945/2/5 2939/2/5 2944/2/5
f 2946/3/5 2942/3/5 2941/3/5
f 2947/3/5 2942/3/5 2946/3/5
f 2948/3/5 2944/3/5 2943/3/5
f 2949/3/5 2944/3/5 2948/3/5
f 2955/3/5 2951/3/5 2950/3/5
f 2956/3/5 2951/3/5 2955/3/5
f 2957/3/5 2953/3/5 2952/3/5
f 2958/3/5 2953/3/5 2957/3/5
f 2961/2/5 2955/2/5 2954/2/5
f 2962/2/5 2955/2/5 2961/2/5
f 2963/2/5 2959/2/5 2958/2/5
f 2964/2/5 2959/2/5 2963/2/5
f 2967/2/5 2961/2/5 2960/2/5
f 2968/2/5 2961/2/5 2967/2/5
f 2969/2/5 2965/2/5 2964/2/5
f 2970/2/5 2965/2/5 2969/2/5
f 2972/3/5 2967/3/5 2966/3/5
f 2973/3/5 2967/3/5 2972/3/5
f 2976/3/5 2971/3/5 2970/3/5
f 2977/3/5 2971/3/5 2976/3/5
f 2978/2/5 2974/2/5 2973/2/5
f 2979/2/5 2974/2/5 2978/2/5
f 2980/2/5 2976/2/5 2975/2/5
f 2981/2/5 2976/2/5 2980/2/5
f 2986/3/5 2983/3/5 2982/3/5
f 2987/3/5 2983/3/5 2986/3/5
f 2988/3/5 2985/3/5 2984/3/5
f 2989/3/5 2985/3/5 2988/3/5
f 2994/2/5 2991/2/5 2990/2/5
f 2995/2/5 2991/2/5 2994/2/5
f 2999/3/5 2993/3/5 2992/3/5
f 3000/3/5 2993/3/5 2999/3/5
f 3001/3/5 2997/3/5 2996/3/5
f 3002/3/5 2997/3/5 3001/3/5
f 3005/2/5 2999/2/5 2998/2/5
f 3006/2/5 2999/2/5 3005/2/5
f 3007/2/5 3003/2/5 3002/2/5
f 3008/2/5 3003/2/5 3007/2/5
f 3010/3/5 3005/3/5 3004/3/5
f 3011/3/5 3005/3/5 3010/3/5
f 3012/3/5 3009/3/5 3008/3/5
f 3013/3/5 3009/3/5 3012/3/5
f 3018/3/5 3015/3/5 3014/3/5
f 3019/3/5 3015/3/5 3018/3/5
f 3022/3/5 3017/3/5 3016/3/5
f 3023/3/5 3017/3/5 3022/3/5
f 3024/2/5 3020/2/5 3019/2/5
f 3025/2/5 3020/2/5 3024/2/5
f 3026/2/5 3022/2/5 3021/2/5
f 3027/2/5 3022/2/5 3026/2/5
f 3028/3/5 3025/3/5 3024/3/5
f 3029/3/5 3025/3/5 3028/3/5
f 3030/3/5 3027/3/5 3026/3/5
f 3031/3/5 3027/3/5 3030/3/5
f 3038/2/5 3033/2/5 3032/2/5
f 3039/2/5 3033/2/5 3038/2/5
f 3040/2/5 3035/2/5 3034/2/5
f 3041/2/5 3035/2/5 3040/2/5
f 3045/3/5 3037/3/5 3036/3/5
f 3046/3/5 3037/3/5 3045/3/5
f 3047/3/5 3043/3/5 3042/3/5
f 3048/3/5 3043/3/5 3047/3/5
f 3050/3/5 3045/3/5 3044/3/5
f 3051/3/5 3045/3/5 3050/3/5
f 3052/3/5 3049/3/5 3048/3/5
f 3053/3/5 3049/3/5 3052/3/5
f 3058/3/5 3055/3/5 3054/3/5
f 3059/3/5 3055/3/5 3058/3/5
f 3060/3/5 3057/3/5 3056/3/5
f 3061/3/5 3057/3/5 3060/3/5
f 3066/2/5 3063/2/5 3062/2/5
f 3067/2/5 3063/2/5 3066/2/5
f 3068/2/5 3065/2/5 3064/2/5
f 3069/2/5 3065/2/5 3068/2/5
f 3081/2/5 3073/2/5 3072/2/5
f 3082/2/5 3073/2/5 3081/2/5
f 3085/2/5 3075/2/5 3074/2/5
f 3086/2/5 3075/2/5 3085/2/5
f 3090/2/5 3079/2/5 3078/2/5
f 3091/2/5 3079/2/5 3090/2/5
f 3092/2/5 3081/2/5 3080/2/5
f 3093/1/5 3082/1/5 3081/1/5
f 3093/2/5 3081/2/5 3092/2/5
f 3094/2/5 3083/2/5 3082/2/5
f 3094/1/5 3082/1/5 3093/1/5
f 3095/2/5 3083/2/5 3094/2/5
f 3096/2/5 3085/2/5 3084/2/5
f 3097/1/5 3086/1/5 3085/1/5
f 3097/2/5 3085/2/5 3096/2/5
f 3098/2/5 3087/2/5 3086/2/5
f 3098/1/5 3086/1/5 3097/1/5
f 3099/2/5 3087/2/5 3098/2/5
f 3100/2/5 3089/2/5 3088/2/5
f 3101/2/5 3089/2/5 3100/2/5
f 3102/2/5 3071/2/5 3070/2/5
f 3103/2/5 3071/2/5 3102/2/5
f 3104/2/5 3094/2/5 3093/2/5
f 3105/2/5 3094/2/5 3104/2/5
f 3106/2/5 3098/2/5 3097/2/5
f 3107/2/5 3098/2/5 3106/2/5
f 3108/2/5 3077/2/5 3076/2/5
f 3109/2/5 3077/2/5 3108/2/5
f 3127/2/5 3113/2/5 3112/2/5
f 3128/2/5 3113/2/5 3127/2/5
f 3129/2/5 3115/2/5 3114/2/5
f 3130/2/5 3115/2/5 3129/2/5
f 3131/2/5 3117/2/5 3116/2/5
f 3132/2/5 3117/2/5 3131/2/5
f 3133/2/5 3119/2/5 3118/2/5
f 3134/2/5 3119/2/5 3133/2/5
f 3135/2/5 3121/2/5 3120/2/5
f 3136/2/5 3121/2/5 3135/2/5
f 3137/2/5 3123/2/5 3122/2/5
f 3138/2/5 3123/2/5 3137/2/5
f 3140/3/5 3111/3/5 3110/3/5
f 3141/3/5 3111/3/5 3140/3/5
f 3142/3/5 3125/3/5 3124/3/5
f 3143/3/5 3125/3/5 3142/3/5
f 3144/3/5 3127/3/5 3126/3/5
f 3145/3/5 3127/3/5 3144/3/5
f 3146/3/5 3129/3/5 3128/3/5
f 3147/3/5 3129/3/5 3146/3/5
f 3154/3/5 3137/3/5 3136/3/5
f 3155/3/5 3137/3/5 3154/3/5
f 3156/3/5 3139/3/5 3138/3/5
f 3157/3/5 3139/3/5 3156/3/5
f 3158/2/5 3146/2/5 3145/2/5
f 3159/2/5 3146/2/5 3158/2/5
f 3160/2/5 3148/2/5 3147/2/5
f 3161/2/5 3148/2/5 3160/2/5
f 3162/2/5 3150/2/5 3149/2/5
f 3163/2/5 3150/2/5 3162/2/5
f 3164/2/5 3152/2/5 3151/2/5
f 3165/2/5 3152/2/5 3164/2/5
f 3166/2/5 3154/2/5 3153/2/5
f 3167/2/5 3154/2/5 3166/2/5
f 3168/2/5 3156/2/5 3155/2/5
f 3169/2/5 3156/2/5 3168/2/5
f 3174/6/5 3171/6/5 3170/6/5
f 3179/6/5 3173/6/5 3172/6/5
f 3180/6/5 3174/6/5 3170/6/5
f 3180/6/5 3175/6/5 3174/6/5
f 3181/2/5 3176/2/5 3175/2/5
f 3181/6/5 3175/6/5 3180/6/5
f 3182/2/5 3176/2/5 3181/2/5
f 3183/2/5 3178/2/5 3177/2/5
f 3184/6/5 3179/6/5 3178/6/5
f 3184/2/5 3178/2/5 3183/2/5
f 3185/6/5 3173/6/5 3179/6/5
f 3185/6/5 3179/6/5 3184/6/5
f 3192/2/5 3187/2/5 3186/2/5
f 3193/3/5 3188/3/5 3187/3/5
f 3193/2/5 3187/2/5 3192/2/5
f 3194/3/5 3188/3/5 3193/3/5
f 3195/3/5 3190/3/5 3189/3/5
f 3196/2/5 3191/2/5 3190/2/5
f 3196/3/5 3190/3/5 3195/3/5
f 3197/2/5 3191/2/5 3196/2/5
f 3201/3/5 3199/3/5 3198/3/5
f 3202/3/5 3199/3/5 3201/3/5
f 3203/3/5 3199/3/5 3202/3/5
f 3204/3/5 3199/3/5 3203/3/5
f 3206/3/5 3205/3/5 3204/3/5
f 3206/3/5 3204/3/5 3203/3/5
f 3207/3/5 3205/3/5 3206/3/5
f 3208/3/5 3201/3/5 3200/3/5
f 3208/3/5 3202/3/5 3201/3/5
f 3209/3/5 3202/3/5 3208/3/5
f 3210/3/5 3205/3/5 3207/3/5
f 3211/3/5 3205/3/5 3210/3/5
f 3212/3/5 3208/3/5 3200/3/5
f 3213/3/5 3208/3/5 3212/3/5
f 3216/3/5 3215/3/5 3214/3/5
f 3217/3/5 3215/3/5 3216/3/5
f 3219/3/5 3205/3/5 3211/3/5
f 3220/3/5 3212/3/5 3200/3/5
f 3221/3/5 3212/3/5 3220/3/5
f 3224/3/5 3219/3/5 3218/3/5
f 3225/3/5 3205/3/5 3219/3/5
f 3225/3/5 3219/3/5 3224/3/5
f 3226/3/5 3205/3/5 3225/3/5
f 3227/3/5 3222/3/5 3221/3/5
f 3228/3/5 3222/3/5 3227/3/5
f 3231/3/5 3224/3/5 3223/3/5
f 3231/3/5 3225/3/5 3224/3/5
f 3232/3/5 3225/3/5 3231/3/5
f 3233/3/5 3225/3/5 3232/3/5
f 3234/3/5 3229/3/5 3228/3/5
f 3235/3/5 3229/3/5 3234/3/5
f 3236/3/5 3232/3/5 3231/3/5
f 3236/3/5 3231/3/5 3230/3/5
f 3237/3/5 3232/3/5 3236/3/5
f 3241/3/5 3239/3/5 3238/3/5
f 3242/3/5 3239/3/5 3241/3/5
f 3245/3/5 3241/3/5 3240/3/5
f 3246/3/5 3241/3/5 3245/3/5
f 3247/3/5 3243/3/5 3242/3/5
f 3248/3/5 3243/3/5 3247/3/5
f 3250/3/5 3245/3/5 3244/3/5
f 3251/3/5 3245/3/5 3250/3/5
f 3254/3/5 3249/3/5 3248/3/5
f 3255/3/5 3249/3/5 3254/3/5
f 3256/3/5 3252/3/5 3251/3/5
f 3257/3/5 3252/3/5 3256/3/5
f 3260/3/5 3254/3/5 3253/3/5
f 3261/3/5 3254/3/5 3260/3/5
f 3262/3/5 3258/3/5 3257/3/5
f 3263/3/5 3258/3/5 3262/3/5
f 3264/3/5 3260/3/5 3259/3/5
f 3265/3/5 3260/3/5 3264/3/5
f 3266/3/5 3264/3/5 3263/3/5
f 3267/3/5 3264/3/5 3266/3/5
f 3273/3/5 3269/3/5 3268/3/5
f 3274/3/5 3269/3/5 3273/3/5
f 3275/3/5 3271/3/5 3270/3/5
f 3276/3/5 3271/3/5 3275/3/5
f 3278/3/5 3273/3/5 3272/3/5
f 3279/3/5 3273/3/5 3278/3/5
f 3280/3/5 3277/3/5 3276/3/5
f 3281/3/5 3277/3/5 3280/3/5
f 3286/3/5 3283/3/5 3282/3/5
f 3287/3/5 3283/3/5 3286/3/5
f 3290/3/5 3285/3/5 3284/3/5
f 3291/3/5 3285/3/5 3290/3/5
f 3292/3/5 3288/3/5 3287/3/5
f 3293/3/5 3288/3/5 3292/3/5
f 3296/3/5 3290/3/5 3289/3/5
f 3297/3/5 3290/3/5 3296/3/5
f 3298/3/5 3294/3/5 3293/3/5
f 3299/3/5 3294/3/5 3298/3/5
f 3300/3/5 3296/3/5 3295/3/5
f 3301/3/5 3296/3/5 3300/3/5
f 3302/3/5 3300/3/5 3299/3/5
f 3303/3/5 3300/3/5 3302/3/5
f 3308/3/5 3305/3/5 3304/3/5
f 3309/3/5 3305/3/5 3308/3/5
f 3312/3/5 3307/3/5 3306/3/5
f 3313/3/5 3307/3/5 3312/3/5
f 3314/3/5 3310/3/5 3309/3/5
f 3315/3/5 3310/3/5 3314/3/5
f 3318/3/5 3312/3/5 3311/3/5
f 3319/3/5 3312/3/5 3318/3/5
f 3320/3/5 3316/3/5 3315/3/5
f 3321/3/5 3316/3/5 3320/3/5
f 3322/3/5 3318/3/5 3317/3/5
f 3323/3/5 3318/3/5 3322/3/5
f 3324/2/6 3325/2/6 3329/2/6
f 3329/2/6 3325/2/6 3330/2/6
f 3326/2/6 3327/2/6 3333/2/6
f 3333/2/6 3327/2/6 3334/2/6
f 3328/2/6 3329/2/6 3336/2/6
f 3336/2/6 3329/2/6 3337/2/6
f 3330/2/6 3331/2/6 3338/2/6
f 3338/2/6 3331/2/6 3339/2/6
f 3332/2/6 3333/2/6 3340/2/6
f 3340/2/6 3333/2/6 3341/2/6
f 3334/2/6 3335/2/6 3342/2/6
f 3342/2/6 3335/2/6 3343/2/6
f 3344/2/6 3345/2/6 3352/2/6
f 3352/2/6 3345/2/6 3353/2/6
f 3346/2/6 3347/2/6 3354/2/6
f 3354/2/6 3347/2/6 3355/2/6
f 3348/2/6 3349/2/6 3356/2/6
f 3356/2/6 3349/2/6 3357/2/6
f 3350/2/6 3351/2/6 3358/2/6
f 3358/2/6 3351/2/6 3359/2/6
f 3360/1/6 3361/1/6 3365/1/6
f 3365/1/6 3361/1/6 3366/1/6
f 3362/1/6 3363/1/6 3369/1/6
f 3369/1/6 3363/1/6 3370/1/6
f 3364/6/6 3365/6/6 3372/6/6
f 3372/6/6 3365/6/6 3373/6/6
f 3366/6/6 3367/6/6 3374/6/6
f 3374/6/6 3367/6/6 3375/6/6
f 3368/6/6 3369/6/6 3376/6/6
f 3376/6/6 3369/6/6 3377/6/6
f 3370/6/6 3371/6/6 3378/6/6
f 3378/6/6 3371/6/6 3379/6/6
f 3380/2/6 3381/2/6 3388/2/6
f 3388/2/6 3381/2/6 3389/2/6
f 3382/2/6 3383/2/6 3390/2/6
f 3390/2/6 3383/2/6 3391/2/6
f 3384/2/6 3385/2/6 3392/2/6
f 3392/2/6 3385/2/6 3393/2/6
f 3386/2/6 3387/2/6 3394/2/6
f 3394/2/6 3387/2/6 3395/2/6
f 3396/2/6 3397/2/6 3404/2/6
f 3404/2/6 3397/2/6 3405/2/6
f 3398/2/6 3399/2/6 3406/2/6
f 3406/2/6 3399/2/6 3407/2/6
f 3400/2/6 3401/2/6 3408/2/6
f 3408/2/6 3401/2/6 3409/2/6
f 3402/2/6 3403/2/6 3410/2/6
f 3410/2/6 3403/2/6 3411/2/6
f 3412/2/6 3413/2/6 3420/2/6
f 3420/2/6 3413/2/6 3421/2/6
f 3414/2/6 3415/2/6 3422/2/6
f 3422/2/6 3415/2/6 3423/2/6
f 3416/2/6 3417/2/6 3424/2/6
f 3424/2/6 3417/2/6 3425/2/6
f 3418/2/6 3419/2/6 3426/2/6
f 3426/2/6 3419/2/6 3427/2/6
f 3428/2/6 3429/2/6 3436/2/6
f 3436/2/6 3429/2/6 3437/2/6
f 3430/2/6 3431/2/6 3438/2/6
f 3438/2/6 3431/2/6 3439/2/6
f 3432/2/6 3433/2/6 3440/2/6
f 3440/2/6 3433/2/6 3441/2/6
f 3434/2/6 3435/2/6 3442/2/6
f 3442/2/6 3435/2/6 3443/2/6
f 3444/2/6 3445/2/6 3448/2/6
f 3448/2/6 3445/2/6 3449/2/6
f 3446/2/6 3447/2/6 3450/2/6
f 3450/2/6 3447/2/6 3451/2/6
f 3452/2/6 3453/2/6 3456/2/6
f 3456/2/6 3453/2/6 3457/2/6
f 3454/2/6 3455/2/6 3458/2/6
f 3458/2/6 3455/2/6 3459/2/6
f 3460/2/6 3461/2/6 3464/2/6
f 3464/2/6 3461/2/6 3465/2/6
f 3462/2/6 3463/2/6 3466/2/6
f 3466/2/6 3463/2/6 3467/2/6
f 3468/2/6 3469/2/6 3475/2/6
f 3469/3/6 3470/3/6 3476/3/6
f 3475/2/6 3469/2/6 3476/2/6
f 3476/3/6 3470/3/6 3477/3/6
f 3471/3/6 3472/3/6 3478/3/6
f 3472/2/6 3473/2/6 3479/2/6
f 3478/3/6 3472/3/6 3479/3/6
f 3479/2/6 3473/2/6 3480/2/6
f 3474/2/6 3475/2/6 3484/2/6
f 3484/2/6 3475/2/6 3485/2/6
f 3480/2/6 3481/2/6 3486/2/6
f 3486/2/6 3481/2/6 3487/2/6
f 3482/2/6 3483/2/6 3490/2/6
f 3490/2/6 3483/2/6 3491/2/6
f 3488/2/6 3489/2/6 3492/2/6
f 3492/2/6 3489/2/6 3493/2/6
f 3494/2/6 3495/2/6 3498/2/6
f 3498/2/6 3495/2/6 3499/2/6
f 3496/2/6 3497/2/6 3504/2/6
f 3504/2/6 3497/2/6 3505/2/6
f 3500/2/6 3501/2/6 3506/2/6
f 3506/2/6 3501/2/6 3507/2/6
f 3502/2/6 3503/2/6 3512/2/6
f 3512/2/6 3503/2/6 3513/2/6
f 3507/2/6 3508/2/6 3514/2/6
f 3508/3/6 3509/3/6 3515/3/6
f 3514/2/6 3508/2/6 3515/2/6
f 3515/3/6 3509/3/6 3516/3/6
f 3510/3/6 3511/3/6 3517/3/6
f 3511/2/6 3512/2/6 3518/2/6
f 3517/3/6 3511/3/6 3518/3/6
f 3518/2/6 3512/2/6 3519/2/6
f 3520/3/6 3521/3/6 3525/3/6
f 3525/3/6 3521/3/6 3526/3/6
f 3522/3/6 3523/3/6 3527/3/6
f 3527/3/6 3523/3/6 3528/3/6
f 3524/3/6 3525/3/6 3532/3/6
f 3532/3/6 3525/3/6 3533/3/6
f 3528/3/6 3529/3/6 3534/3/6
f 3534/3/6 3529/3/6 3535/3/6
f 3530/2/6 3531/2/6 3539/2/6
f 3531/3/6 3532/3/6 3540/3/6
f 3539/2/6 3531/2/6 3540/2/6
f 3540/3/6 3532/3/6 3541/3/6
f 3535/3/6 3536/3/6 3542/3/6
f 3536/2/6 3537/2/6 3543/2/6
f 3542/3/6 3536/3/6 3543/3/6
f 3543/2/6 3537/2/6 3544/2/6
f 3538/2/6 3539/2/6 3546/2/6
f 3546/2/6 3539/2/6 3547/2/6
f 3544/2/6 3545/2/6 3552/2/6
f 3552/2/6 3545/2/6 3553/2/6
f 3547/2/6 3548/2/6 3554/2/6
f 3548/3/6 3549/3/6 3555/3/6
f 3554/2/6 3548/2/6 3555/2/6
f 3555/3/6 3549/3/6 3556/3/6
f 3550/3/6 3551/3/6 3559/3/6
f 3551/2/6 3552/2/6 3560/2/6
f 3559/3/6 3551/3/6 3560/3/6
f 3560/2/6 3552/2/6 3561/2/6
f 3556/3/6 3557/3/6 3562/3/6
f 3562/3/6 3557/3/6 3563/3/6
f 3558/3/6 3559/3/6 3566/3/6
f 3566/3/6 3559/3/6 3567/3/6
f 3563/3/6 3564/3/6 3568/3/6
f 3568/3/6 3564/3/6 3569/3/6
f 3565/3/6 3566/3/6 3570/3/6
f 3570/3/6 3566/3/6 3571/3/6
f 3572/3/6 3573/3/6 3577/3/6
f 3574/3/6 3575/3/6 3578/3/6
f 3576/3/6 3577/3/6 3580/3/6
f 3577/3/6 3573/3/6 3581/3/6
f 3580/3/6 3577/3/6 3581/3/6
f 3578/3/6 3579/3/6 3582/3/6
f 3574/3/6 3578/3/6 3582/3/6
f 3582/3/6 3579/3/6 3583/3/6
f 3581/3/6 3573/3/6 3584/3/6
f 3584/3/6 3573/3/6 3585/3/6
f 3574/3/6 3582/3/6 3586/3/6
f 3586/3/6 3582/3/6 3587/3/6
f 3588/2/6 3589/2/6 3592/2/6
f 3592/2/6 3589/2/6 3593/2/6
f 3590/2/6 3591/2/6 3594/2/6
f 3594/2/6 3591/2/6 3595/2/6
f 3596/2/6 3597/2/6 3602/2/6
f 3602/2/6 3597/2/6 3603/2/6
f 3598/2/6 3599/2/6 3604/2/6
f 3604/2/6 3599/2/6 3605/2/6
f 3600/3/6 3601/3/6 3609/3/6
f 3609/3/6 3601/3/6 3610/3/6
f 3606/3/6 3607/3/6 3611/3/6
f 3611/3/6 3607/3/6 3612/3/6
f 3608/3/6 3609/3/6 3616/3/6
f 3616/3/6 3609/3/6 3617/3/6
f 3612/3/6 3613/3/6 3618/3/6
f 3618/3/6 3613/3/6 3619/3/6
f 3614/3/6 3615/3/6 3622/3/6
f 3622/3/6 3615/3/6 3623/3/6
f 3623/3/6 3615/3/6 3624/3/6
f 3620/3/6 3621/3/6 3625/3/6
f 3625/3/6 3621/3/6 3626/3/6
f 3626/3/6 3621/3/6 3627/3/6
f 3628/3/6 3629/3/6 3632/3/6
f 3632/3/6 3629/3/6 3633/3/6
f 3630/3/6 3631/3/6 3636/3/6
f 3636/3/6 3631/3/6 3637/3/6
f 3633/3/6 3634/3/6 3638/3/6
f 3638/3/6 3634/3/6 3639/3/6
f 3635/3/6 3636/3/6 3640/3/6
f 3640/3/6 3636/3/6 3641/3/6
f 3642/2/6 3643/2/6 3646/2/6
f 3646/2/6 3643/2/6 3647/2/6
f 3644/3/6 3645/3/6 3651/3/6
f 3651/3/6 3645/3/6 3652/3/6
f 3648/3/6 3649/3/6 3653/3/6
f 3653/3/6 3649/3/6 3654/3/6
f 3650/3/6 3651/3/6 3657/3/6
f 3657/3/6 3651/3/6 3658/3/6
f 3654/3/6 3655/3/6 3659/3/6
f 3659/3/6 3655/3/6 3660/3/6
f 3656/3/6 3657/3/6 3662/3/6
f 3662/3/6 3657/3/6 3663/3/6
f 3660/3/6 3661/3/6 3664/3/6
f 3664/3/6 3661/3/6 3665/3/6
f 3666/3/6 3667/3/6 3670/3/6
f 3670/3/6 3667/3/6 3671/3/6
f 3668/3/6 3669/3/6 3674/3/6
f 3674/3/6 3669/3/6 3675/3/6
f 3671/3/6 3672/3/6 3676/3/6
f 3676/3/6 3672/3/6 3677/3/6
f 3673/3/6 3674/3/6 3680/3/6
f 3680/3/6 3674/3/6 3681/3/6
f 3677/3/6 3678/3/6 3682/3/6
f 3682/3/6 3678/3/6 3683/3/6
f 3679/3/6 3680/3/6 3684/3/6
f 3684/3/6 3680/3/6 3685/3/6
f 3686/3/6 3687/3/6 3691/3/6
f 3691/3/6 3687/3/6 3692/3/6
f 3688/3/6 3689/3/6 3693/3/6
f 3693/3/6 3689/3/6 3694/3/6
f 3690/3/6 3691/3/6 3703/3/6
f 3703/3/6 3691/3/6 3704/3/6
f 3694/3/6 3695/3/6 3705/3/6
f 3705/3/6 3695/3/6 3706/3/6
f 3696/2/6 3697/2/6 3719/2/6
f 3719/2/6 3697/2/6 3720/2/6
f 3698/2/6 3699/2/6 3721/2/6
f 3721/2/6 3699/2/6 3722/2/6
f 3700/2/6 3701/2/6 3723/2/6
f 3723/2/6 3701/2/6 3724/2/6
f 3702/3/6 3703/3/6 3725/3/6
f 3725/3/6 3703/3/6 3726/3/6
f 3706/3/6 3707/3/6 3727/3/6
f 3727/3/6 3707/3/6 3728/3/6
f 3708/2/6 3709/2/6 3729/2/6
f 3729/2/6 3709/2/6 3730/2/6
f 3710/2/6 3711/2/6 3731/2/6
f 3731/2/6 3711/2/6 3732/2/6
f 3712/2/6 3713/2/6 3733/2/6
f 3733/2/6 3713/2/6 3734/2/6
f 3716/2/6 3717/2/6 3740/2/6
f 3715/3/6 3716/3/6 3740/3/6
f 3740/2/6 3717/2/6 3741/2/6
f 3736/2/6 3737/2/6 3742/2/6
f 3737/3/6 3738/3/6 3743/3/6
f 3742/2/6 3737/2/6 3743/2/6
f 3715/3/6 3740/3/6 3744/3/6
f 3740/1/6 3741/1/6 3744/1/6
f 3741/2/6 3717/2/6 3745/2/6
f 3744/1/6 3741/1/6 3745/1/6
f 3736/2/6 3742/2/6 3746/2/6
f 3742/1/6 3743/1/6 3746/1/6
f 3743/3/6 3738/3/6 3747/3/6
f 3746/1/6 3743/1/6 3747/1/6
f 3714/2/6 3715/2/6 3748/2/6
f 3715/3/6 3744/3/6 3749/3/6
f 3748/2/6 3715/2/6 3749/2/6
f 3744/2/6 3745/2/6 3750/2/6
f 3749/3/6 3744/3/6 3750/3/6
f 3745/2/6 3717/2/6 3751/2/6
f 3750/2/6 3745/2/6 3751/2/6
f 3718/3/6 3719/3/6 3752/3/6
f 3752/3/6 3719/3/6 3753/3/6
f 3720/3/6 3721/3/6 3754/3/6
f 3754/3/6 3721/3/6 3755/3/6
f 3724/3/6 3725/3/6 3758/3/6
f 3758/3/6 3725/3/6 3759/3/6
f 3728/3/6 3729/3/6 3762/3/6
f 3762/3/6 3729/3/6 3763/3/6
f 3732/3/6 3733/3/6 3766/3/6
f 3766/3/6 3733/3/6 3767/3/6
f 3734/3/6 3735/3/6 3768/3/6
f 3768/3/6 3735/3/6 3769/3/6
f 3736/2/6 3746/2/6 3770/2/6
f 3746/2/6 3747/2/6 3770/2/6
f 3747/3/6 3738/3/6 3771/3/6
f 3770/2/6 3747/2/6 3771/2/6
f 3738/2/6 3739/2/6 3772/2/6
f 3771/3/6 3738/3/6 3772/3/6
f 3772/2/6 3739/2/6 3773/2/6
f 3753/2/6 3754/2/6 3774/2/6
f 3774/2/6 3754/2/6 3775/2/6
f 3755/2/6 3756/2/6 3776/2/6
f 3776/2/6 3756/2/6 3777/2/6
f 3757/2/6 3758/2/6 3778/2/6
f 3778/2/6 3758/2/6 3779/2/6
f 3759/3/6 3760/3/6 3780/3/6
f 3780/3/6 3760/3/6 3781/3/6
f 3761/3/6 3762/3/6 3784/3/6
f 3784/3/6 3762/3/6 3785/3/6
f 3763/2/6 3764/2/6 3786/2/6
f 3786/2/6 3764/2/6 3787/2/6
f 3765/2/6 3766/2/6 3788/2/6
f 3788/2/6 3766/2/6 3789/2/6
f 3767/2/6 3768/2/6 3790/2/6
f 3790/2/6 3768/2/6 3791/2/6
f 3781/3/6 3782/3/6 3792/3/6
f 3792/3/6 3782/3/6 3793/3/6
f 3783/3/6 3784/3/6 3796/3/6
f 3796/3/6 3784/3/6 3797/3/6
f 3793/3/6 3794/3/6 3798/3/6
f 3798/3/6 3794/3/6 3799/3/6
f 3795/3/6 3796/3/6 3800/3/6
f 3800/3/6 3796/3/6 3801/3/6
f 3802/3/6 3803/3/6 3805/3/6
f 3805/3/6 3803/3/6 3806/3/6
f 3804/3/6 3805/3/6 3813/3/6
f 3805/2/6 3806/2/6 3814/2/6
f 3813/3/6 3805/3/6 3814/3/6
f 3806/3/6 3807/3/6 3815/3/6
f 3814/2/6 3806/2/6 3815/2/6
f 3815/3/6 3807/3/6 3816/3/6
f 3810/2/6 3811/2/6 3825/2/6
f 3825/2/6 3811/2/6 3826/2/6
f 3826/2/6 3811/2/6 3827/2/6
f 3827/2/6 3811/2/6 3828/2/6
f 3812/3/6 3813/3/6 3831/3/6
f 3813/2/6 3814/2/6 3832/2/6
f 3831/3/6 3813/3/6 3832/3/6
f 3815/2/6 3816/2/6 3833/2/6
f 3816/3/6 3817/3/6 3834/3/6
f 3833/2/6 3816/2/6 3834/2/6
f 3834/3/6 3817/3/6 3835/3/6
f 3818/2/6 3819/2/6 3838/2/6
f 3838/2/6 3819/2/6 3839/2/6
f 3839/2/6 3819/2/6 3840/2/6
f 3840/2/6 3819/2/6 3841/2/6
f 3824/2/6 3825/2/6 3845/2/6
f 3825/6/6 3826/6/6 3845/6/6
f 3826/1/6 3827/1/6 3846/1/6
f 3845/6/6 3826/6/6 3846/6/6
f 3827/6/6 3828/6/6 3847/6/6
f 3846/1/6 3827/1/6 3847/1/6
f 3828/2/6 3829/2/6 3848/2/6
f 3847/6/6 3828/6/6 3848/6/6
f 3832/2/6 3814/2/6 3849/2/6
f 3831/2/6 3832/2/6 3849/2/6
f 3849/2/6 3814/2/6 3850/2/6
f 3834/2/6 3835/2/6 3851/2/6
f 3835/3/6 3836/3/6 3852/3/6
f 3851/2/6 3835/2/6 3852/2/6
f 3837/2/6 3838/2/6 3853/2/6
f 3838/6/6 3839/6/6 3853/6/6
f 3839/1/6 3840/1/6 3854/1/6
f 3853/6/6 3839/6/6 3854/6/6
f 3840/6/6 3841/6/6 3855/6/6
f 3854/1/6 3840/1/6 3855/1/6
f 3841/2/6 3842/2/6 3856/2/6
f 3855/6/6 3841/6/6 3856/6/6
f 3830/3/6 3831/3/6 3857/3/6
f 3831/2/6 3849/2/6 3857/2/6
f 3857/2/6 3849/2/6 3858/2/6
f 3824/2/6 3845/2/6 3861/2/6
f 3845/1/6 3846/1/6 3861/1/6
f 3846/5/6 3847/5/6 3862/5/6
f 3861/1/6 3846/1/6 3862/1/6
f 3847/1/6 3848/1/6 3863/1/6
f 3862/5/6 3847/5/6 3863/5/6
f 3848/2/6 3829/2/6 3864/2/6
f 3863/1/6 3848/1/6 3864/1/6
f 3859/2/6 3860/2/6 3865/2/6
f 3865/2/6 3860/2/6 3866/2/6
f 3852/3/6 3836/3/6 3868/3/6
f 3853/1/6 3854/1/6 3869/1/6
f 3837/2/6 3853/2/6 3869/2/6
f 3854/5/6 3855/5/6 3870/5/6
f 3869/1/6 3854/1/6 3870/1/6
f 3855/1/6 3856/1/6 3871/1/6
f 3870/5/6 3855/5/6 3871/5/6
f 3856/2/6 3842/2/6 3872/2/6
f 3871/1/6 3856/1/6 3872/1/6
f 3822/2/6 3823/2/6 3873/2/6
f 3873/2/6 3823/2/6 3874/2/6
f 3824/2/6 3861/2/6 3875/2/6
f 3861/6/6 3862/6/6 3876/6/6
f 3875/2/6 3861/2/6 3876/2/6
f 3862/1/6 3863/1/6 3877/1/6
f 3876/6/6 3862/6/6 3877/6/6
f 3863/6/6 3864/6/6 3878/6/6
f 3877/1/6 3863/1/6 3878/1/6
f 3864/2/6 3829/2/6 3879/2/6
f 3878/6/6 3864/6/6 3879/6/6
f 3879/2/6 3829/2/6 3880/2/6
f 3830/3/6 3857/3/6 3881/3/6
f 3881/3/6 3857/3/6 3882/3/6
f 3867/2/6 3868/2/6 3885/2/6
f 3868/3/6 3836/3/6 3886/3/6
f 3885/2/6 3868/2/6 3886/2/6
f 3886/3/6 3836/3/6 3887/3/6
f 3837/2/6 3869/2/6 3888/2/6
f 3869/6/6 3870/6/6 3889/6/6
f 3888/2/6 3869/2/6 3889/2/6
f 3870/1/6 3871/1/6 3890/1/6
f 3889/6/6 3870/6/6 3890/6/6
f 3871/6/6 3872/6/6 3891/6/6
f 3890/1/6 3871/1/6 3891/1/6
f 3872/2/6 3842/2/6 3892/2/6
f 3891/6/6 3872/6/6 3892/6/6
f 3892/2/6 3842/2/6 3893/2/6
f 3843/2/6 3844/2/6 3894/2/6
f 3894/2/6 3844/2/6 3895/2/6
f 3808/2/6 3809/2/6 3896/2/6
f 3896/2/6 3809/2/6 3897/2/6
f 3877/2/6 3878/2/6 3898/2/6
f 3878/2/6 3879/2/6 3898/2/6
f 3876/2/6 3877/2/6 3898/2/6
f 3898/2/6 3879/2/6 3899/2/6
f 3882/3/6 3883/3/6 3900/3/6
f 3900/3/6 3883/3/6 3901/3/6
f 3884/2/6 3885/2/6 3904/2/6
f 3885/3/6 3886/3/6 3905/3/6
f 3904/2/6 3885/2/6 3905/2/6
f 3905/3/6 3886/3/6 3906/3/6
f 3890/2/6 3891/2/6 3907/2/6
f 3891/2/6 3892/2/6 3907/2/6
f 3889/2/6 3890/2/6 3907/2/6
f 3907/2/6 3892/2/6 3908/2/6
f 3820/2/6 3821/2/6 3909/2/6
f 3909/2/6 3821/2/6 3910/2/6
f 3901/3/6 3902/3/6 3911/3/6
f 3911/3/6 3902/3/6 3912/3/6
f 3903/2/6 3904/2/6 3913/2/6
f 3904/3/6 3905/3/6 3914/3/6
f 3913/2/6 3904/2/6 3914/2/6
f 3914/3/6 3905/3/6 3915/3/6
f 3912/3/6 3913/3/6 3916/3/6
f 3913/3/6 3914/3/6 3916/3/6
f 3916/3/6 3914/3/6 3917/3/6
f 3918/3/6 3919/3/6 3922/3/6
f 3922/3/6 3919/3/6 3923/3/6
f 3920/3/6 3921/3/6 3926/3/6
f 3926/3/6 3921/3/6 3927/3/6
f 3923/3/6 3924/3/6 3928/3/6
f 3928/3/6 3924/3/6 3929/3/6
f 3925/3/6 3926/3/6 3932/3/6
f 3932/3/6 3926/3/6 3933/3/6
f 3929/3/6 3930/3/6 3934/3/6
f 3934/3/6 3930/3/6 3935/3/6
f 3931/3/6 3932/3/6 3936/3/6
f 3936/3/6 3932/3/6 3937/3/6
f 3938/3/6 3939/3/6 3943/3/6
f 3943/3/6 3939/3/6 3944/3/6
f 3940/3/6 3941/3/6 3945/3/6
f 3945/3/6 3941/3/6 3946/3/6
f 3942/3/6 3943/3/6 3948/3/6
f 3948/3/6 3943/3/6 3949/3/6
f 3946/3/6 3947/3/6 3950/3/6
f 3950/3/6 3947/3/6 3951/3/6
f 3952/3/6 3953/3/6 3956/3/6
f 3956/3/6 3953/3/6 3957/3/6
f 3954/3/6 3955/3/6 3960/3/6
f 3960/3/6 3955/3/6 3961/3/6
f 3957/3/6 3958/3/6 3962/3/6
f 3962/3/6 3958/3/6 3963/3/6
f 3959/3/6 3960/3/6 3966/3/6
f 3966/3/6 3960/3/6 3967/3/6
f 3963/3/6 3964/3/6 3968/3/6
f 3968/3/6 3964/3/6 3969/3/6
f 3965/3/6 3966/3/6 3970/3/6
f 3970/3/6 3966/3/6 3971/3/6
f 3969/3/6 3970/3/6 3972/3/6
f 3972/3/6 3970/3/6 3973/3/6
f 3974/3/6 3975/3/6 3977/3/6
f 3977/3/6 3975/3/6 3978/3/6
f 3976/3/6 3977/3/6 3981/3/6
f 3981/3/6 3977/3/6 3982/3/6
f 3978/3/6 3979/3/6 3983/3/6
f 3983/3/6 3979/3/6 3984/3/6
f 3980/3/6 3981/3/6 3986/3/6
f 3986/3/6 3981/3/6 3987/3/6
f 3984/3/6 3985/3/6 3990/3/6
f 3990/3/6 3985/3/6 3991/3/6
f 3987/3/6 3988/3/6 3992/3/6
f 3992/3/6 3988/3/6 3993/3/6
f 3989/3/6 3990/3/6 3996/3/6
f 3996/3/6 3990/3/6 3997/3/6
f 3993/3/6 3994/3/6 3998/3/6
f 3998/3/6 3994/3/6 3999/3/6
f 3995/3/6 3996/3/6 4000/3/6
f 4000/3/6 3996/3/6 4001/3/6
f 3999/3/6 4000/3/6 4002/3/6
f 4002/3/6 4000/3/6 4003/3/6
f 4004/3/6 4005/3/6 4007/3/6
f 4007/3/6 4005/3/6 4008/3/6
f 4006/3/6 4007/3/6 4010/3/6
f 4008/3/6 4009/3/6 4010/3/6
f 4007/3/6 4008/3/6 4010/3/6
f 4010/3/6 4009/3/6 4011/3/6
f 4011/3/6 4009/3/6 4012/3/6
f 4012/3/6 4009/3/6 4013/3/6
f 4011/3/6 4012/3/6 4014/3/6
f 4014/3/6 4012/3/6 4015/3/6
f 4015/3/6 4012/3/6 4016/3/6
f 4016/3/6 4012/3/6 4017/3/6
f 4015/3/6 4016/3/6 4018/3/6
f 4018/3/6 4016/3/6 4019/3/6
